[{"elapsed_time":19470,"segment":0,"interval":1,"start_time":1612602332000},{"elapsed_time":20470,"segment":0,"interval":1,"start_time":1612602333000},{"elapsed_time":22470,"segment":0,"interval":1,"start_time":1612602335000},{"elapsed_time":24470,"segment":0,"interval":1,"start_time":1612602337000},{"elapsed_time":28470,"segment":0,"interval":1,"start_time":1612602341000},{"elapsed_time":30470,"segment":0,"interval":1,"start_time":1612602343000},{"elapsed_time":33470,"segment":0,"interval":1,"start_time":1612602346000},{"elapsed_time":36470,"segment":0,"interval":1,"start_time":1612602349000},{"elapsed_time":38470,"segment":0,"interval":1,"start_time":1612602351000},{"elapsed_time":40470,"segment":0,"interval":1,"start_time":1612602353000},{"elapsed_time":42470,"segment":0,"interval":1,"start_time":1612602355000},{"elapsed_time":44470,"segment":0,"interval":1,"start_time":1612602357000},{"elapsed_time":46470,"segment":0,"interval":1,"start_time":1612602359000},{"elapsed_time":48470,"segment":0,"interval":1,"start_time":1612602361000},{"elapsed_time":50470,"segment":0,"interval":1,"start_time":1612602363000},{"elapsed_time":52470,"segment":0,"interval":1,"start_time":1612602365000},{"elapsed_time":54470,"segment":0,"interval":1,"start_time":1612602367000},{"elapsed_time":56470,"segment":0,"interval":1,"start_time":1612602369000},{"elapsed_time":58470,"segment":0,"interval":1,"start_time":1612602371000},{"elapsed_time":60470,"segment":0,"interval":1,"start_time":1612602373000},{"elapsed_time":62470,"segment":0,"interval":1,"start_time":1612602375000},{"elapsed_time":64470,"segment":0,"interval":1,"start_time":1612602377000},{"elapsed_time":66470,"segment":0,"interval":1,"start_time":1612602379000},{"elapsed_time":76470,"segment":0,"interval":1,"start_time":1612602389000},{"elapsed_time":86470,"segment":0,"interval":1,"start_time":1612602431600},{"elapsed_time":90870,"segment":1,"interval":1,"start_time":1612602436000},{"elapsed_time":92870,"segment":1,"interval":1,"start_time":1612602438000},{"elapsed_time":94870,"segment":1,"interval":1,"start_time":1612602440000},{"elapsed_time":97870,"segment":1,"interval":1,"start_time":1612602443000},{"elapsed_time":99870,"segment":1,"interval":1,"start_time":1612602445000},{"elapsed_time":101870,"segment":1,"interval":1,"start_time":1612602447000},{"elapsed_time":103870,"segment":1,"interval":1,"start_time":1612602449000},{"elapsed_time":105870,"segment":1,"interval":1,"start_time":1612602451000},{"elapsed_time":107870,"segment":1,"interval":1,"start_time":1612602453000},{"elapsed_time":109870,"segment":1,"interval":1,"start_time":1612602455000},{"elapsed_time":111870,"segment":1,"interval":1,"start_time":1612602457000},{"elapsed_time":113870,"segment":1,"interval":1,"start_time":1612602459000},{"elapsed_time":115870,"segment":1,"interval":1,"start_time":1612602461000},{"elapsed_time":117870,"segment":1,"interval":1,"start_time":1612602463000},{"elapsed_time":119870,"segment":1,"interval":1,"start_time":1612602465000},{"elapsed_time":121870,"segment":1,"interval":1,"start_time":1612602467000},{"elapsed_time":123870,"segment":1,"interval":1,"start_time":1612602469000},{"elapsed_time":125870,"segment":1,"interval":1,"start_time":1612602471000},{"elapsed_time":127870,"segment":1,"interval":1,"start_time":1612602473000},{"elapsed_time":129870,"segment":1,"interval":1,"start_time":1612602475000},{"elapsed_time":131870,"segment":1,"interval":1,"start_time":1612602477000},{"elapsed_time":133870,"segment":1,"interval":1,"start_time":1612602479000},{"elapsed_time":135870,"segment":1,"interval":1,"start_time":1612602481000},{"elapsed_time":137870,"segment":1,"interval":1,"start_time":1612602483000},{"elapsed_time":139870,"segment":1,"interval":1,"start_time":1612602485000},{"elapsed_time":141870,"segment":1,"interval":1,"start_time":1612602487000},{"elapsed_time":143870,"segment":1,"interval":1,"start_time":1612602489000},{"elapsed_time":145870,"segment":1,"interval":1,"start_time":1612602491000},{"elapsed_time":147870,"segment":1,"interval":1,"start_time":1612602493000},{"elapsed_time":149870,"segment":1,"interval":1,"start_time":1612602495000},{"elapsed_time":151870,"segment":1,"interval":1,"start_time":1612602497000},{"elapsed_time":153870,"segment":1,"interval":1,"start_time":1612602499000},{"elapsed_time":155870,"segment":1,"interval":1,"start_time":1612602501000},{"elapsed_time":157870,"segment":1,"interval":1,"start_time":1612602503000},{"elapsed_time":159870,"segment":1,"interval":1,"start_time":1612602505000},{"elapsed_time":161870,"segment":1,"interval":1,"start_time":1612602507000},{"elapsed_time":163870,"segment":1,"interval":1,"start_time":1612602509000},{"elapsed_time":165870,"segment":1,"interval":1,"start_time":1612602511000},{"elapsed_time":167870,"segment":1,"interval":1,"start_time":1612602513000},{"elapsed_time":169870,"segment":1,"interval":1,"start_time":1612602515000},{"elapsed_time":171870,"segment":1,"interval":1,"start_time":1612602517000},{"elapsed_time":173870,"segment":1,"interval":1,"start_time":1612602519000},{"elapsed_time":175870,"segment":1,"interval":1,"start_time":1612602521000},{"elapsed_time":177870,"segment":1,"interval":1,"start_time":1612602523000},{"elapsed_time":179870,"segment":1,"interval":1,"start_time":1612602525000},{"elapsed_time":181870,"segment":1,"interval":1,"start_time":1612602527000},{"elapsed_time":183870,"segment":1,"interval":1,"start_time":1612602529000},{"elapsed_time":185870,"segment":1,"interval":1,"start_time":1612602531000},{"elapsed_time":187870,"segment":1,"interval":1,"start_time":1612602533000},{"elapsed_time":189870,"segment":1,"interval":1,"start_time":1612602535000},{"elapsed_time":191870,"segment":1,"interval":1,"start_time":1612602537000},{"elapsed_time":193870,"segment":1,"interval":1,"start_time":1612602539000},{"elapsed_time":196870,"segment":1,"interval":1,"start_time":1612602542000},{"elapsed_time":200870,"segment":1,"interval":1,"start_time":1612602546000},{"elapsed_time":202870,"segment":1,"interval":1,"start_time":1612602548000},{"elapsed_time":204870,"segment":1,"interval":1,"start_time":1612602550000},{"elapsed_time":206870,"segment":1,"interval":1,"start_time":1612602552000},{"elapsed_time":208870,"segment":1,"interval":1,"start_time":1612602554000},{"elapsed_time":210870,"segment":1,"interval":1,"start_time":1612602556000},{"elapsed_time":212870,"segment":1,"interval":1,"start_time":1612602558000},{"elapsed_time":214870,"segment":1,"interval":1,"start_time":1612602560000},{"elapsed_time":215870,"segment":1,"interval":1,"start_time":1612602561000},{"elapsed_time":216870,"segment":1,"interval":1,"start_time":1612602562000},{"elapsed_time":218870,"segment":1,"interval":1,"start_time":1612602564000},{"elapsed_time":220870,"segment":1,"interval":1,"start_time":1612602566000},{"elapsed_time":222870,"segment":1,"interval":1,"start_time":1612602568000},{"elapsed_time":224870,"segment":1,"interval":1,"start_time":1612602570000},{"elapsed_time":226870,"segment":1,"interval":1,"start_time":1612602572000},{"elapsed_time":228870,"segment":1,"interval":1,"start_time":1612602574000},{"elapsed_time":230870,"segment":1,"interval":1,"start_time":1612602576000},{"elapsed_time":231870,"segment":1,"interval":1,"start_time":1612602577000},{"elapsed_time":233870,"segment":1,"interval":1,"start_time":1612602579000},{"elapsed_time":236870,"segment":1,"interval":1,"start_time":1612602582000},{"elapsed_time":238870,"segment":1,"interval":1,"start_time":1612602584000},{"elapsed_time":240870,"segment":1,"interval":1,"start_time":1612602586000},{"elapsed_time":242870,"segment":1,"interval":1,"start_time":1612602588000},{"elapsed_time":244870,"segment":1,"interval":1,"start_time":1612602590000},{"elapsed_time":246870,"segment":1,"interval":1,"start_time":1612602592000},{"elapsed_time":248870,"segment":1,"interval":1,"start_time":1612602594000},{"elapsed_time":250870,"segment":1,"interval":1,"start_time":1612602596000},{"elapsed_time":252870,"segment":1,"interval":1,"start_time":1612602598000},{"elapsed_time":254870,"segment":1,"interval":1,"start_time":1612602600000},{"elapsed_time":256870,"segment":1,"interval":1,"start_time":1612602602000},{"elapsed_time":258870,"segment":1,"interval":1,"start_time":1612602604000},{"elapsed_time":260870,"segment":1,"interval":1,"start_time":1612602606000},{"elapsed_time":262870,"segment":1,"interval":1,"start_time":1612602608000},{"elapsed_time":265870,"segment":1,"interval":1,"start_time":1612602611000},{"elapsed_time":267870,"segment":1,"interval":1,"start_time":1612602613000},{"elapsed_time":269870,"segment":1,"interval":1,"start_time":1612602615000},{"elapsed_time":271870,"segment":1,"interval":1,"start_time":1612602617000},{"elapsed_time":273870,"segment":1,"interval":1,"start_time":1612602619000},{"elapsed_time":275870,"segment":1,"interval":1,"start_time":1612602621000},{"elapsed_time":277870,"segment":1,"interval":1,"start_time":1612602623000},{"elapsed_time":279870,"segment":1,"interval":1,"start_time":1612602625000},{"elapsed_time":281870,"segment":1,"interval":1,"start_time":1612602627000},{"elapsed_time":283870,"segment":1,"interval":1,"start_time":1612602629000},{"elapsed_time":285870,"segment":1,"interval":1,"start_time":1612602631000},{"elapsed_time":288870,"segment":1,"interval":1,"start_time":1612602634000},{"elapsed_time":290870,"segment":1,"interval":1,"start_time":1612602636000},{"elapsed_time":292870,"segment":1,"interval":1,"start_time":1612602638000},{"elapsed_time":294870,"segment":1,"interval":1,"start_time":1612602640000},{"elapsed_time":296870,"segment":1,"interval":1,"start_time":1612602642000},{"elapsed_time":298870,"segment":1,"interval":1,"start_time":1612602644000},{"elapsed_time":300870,"segment":1,"interval":1,"start_time":1612602646000},{"elapsed_time":302870,"segment":1,"interval":1,"start_time":1612602648000},{"elapsed_time":304870,"segment":1,"interval":1,"start_time":1612602650000},{"elapsed_time":306870,"segment":1,"interval":1,"start_time":1612602652000},{"elapsed_time":308870,"segment":1,"interval":1,"start_time":1612602654000},{"elapsed_time":310870,"segment":1,"interval":1,"start_time":1612602656000},{"elapsed_time":312870,"segment":1,"interval":1,"start_time":1612602658000},{"elapsed_time":314870,"segment":1,"interval":1,"start_time":1612602660000},{"elapsed_time":316870,"segment":1,"interval":1,"start_time":1612602662000},{"elapsed_time":318870,"segment":1,"interval":1,"start_time":1612602664000},{"elapsed_time":320870,"segment":1,"interval":1,"start_time":1612602666000},{"elapsed_time":322870,"segment":1,"interval":1,"start_time":1612602668000},{"elapsed_time":324870,"segment":1,"interval":1,"start_time":1612602670000},{"elapsed_time":326870,"segment":1,"interval":1,"start_time":1612602672000},{"elapsed_time":328870,"segment":1,"interval":1,"start_time":1612602674000},{"elapsed_time":330870,"segment":1,"interval":1,"start_time":1612602676000},{"elapsed_time":332870,"segment":1,"interval":1,"start_time":1612602678000},{"elapsed_time":334870,"segment":1,"interval":1,"start_time":1612602680000},{"elapsed_time":336870,"segment":1,"interval":1,"start_time":1612602682000},{"elapsed_time":344870,"segment":1,"interval":1,"start_time":1612602690000},{"elapsed_time":346870,"segment":1,"interval":1,"start_time":1612602692000},{"elapsed_time":348870,"segment":1,"interval":1,"start_time":1612602694000},{"elapsed_time":350870,"segment":1,"interval":1,"start_time":1612602696000},{"elapsed_time":352870,"segment":1,"interval":1,"start_time":1612602698000},{"elapsed_time":354870,"segment":1,"interval":1,"start_time":1612602700000},{"elapsed_time":356870,"segment":1,"interval":1,"start_time":1612602702000},{"elapsed_time":358870,"segment":1,"interval":1,"start_time":1612602704000},{"elapsed_time":360870,"segment":1,"interval":1,"start_time":1612602706000},{"elapsed_time":362870,"segment":1,"interval":1,"start_time":1612602708000},{"elapsed_time":364870,"segment":1,"interval":1,"start_time":1612602710000},{"elapsed_time":366870,"segment":1,"interval":1,"start_time":1612602712000},{"elapsed_time":368870,"segment":1,"interval":1,"start_time":1612602714000},{"elapsed_time":370870,"segment":1,"interval":1,"start_time":1612602716000},{"elapsed_time":372870,"segment":1,"interval":1,"start_time":1612602718000},{"elapsed_time":374870,"segment":1,"interval":1,"start_time":1612602720000},{"elapsed_time":376870,"segment":1,"interval":1,"start_time":1612602722000},{"elapsed_time":378870,"segment":1,"interval":1,"start_time":1612602724000},{"elapsed_time":380870,"segment":1,"interval":1,"start_time":1612602726000},{"elapsed_time":382870,"segment":1,"interval":1,"start_time":1612602728000},{"elapsed_time":384870,"segment":1,"interval":1,"start_time":1612602730000},{"elapsed_time":386870,"segment":1,"interval":1,"start_time":1612602732000},{"elapsed_time":388870,"segment":1,"interval":1,"start_time":1612602734000},{"elapsed_time":390870,"segment":1,"interval":1,"start_time":1612602736000},{"elapsed_time":392870,"segment":1,"interval":1,"start_time":1612602738000},{"elapsed_time":394870,"segment":1,"interval":1,"start_time":1612602740000},{"elapsed_time":397870,"segment":1,"interval":1,"start_time":1612602743000},{"elapsed_time":399870,"segment":1,"interval":1,"start_time":1612602745000},{"elapsed_time":401870,"segment":1,"interval":1,"start_time":1612602747000},{"elapsed_time":403870,"segment":1,"interval":1,"start_time":1612602749000},{"elapsed_time":405870,"segment":1,"interval":1,"start_time":1612602751000},{"elapsed_time":408870,"segment":1,"interval":1,"start_time":1612602754000},{"elapsed_time":411870,"segment":1,"interval":1,"start_time":1612602757000},{"elapsed_time":421870,"segment":1,"interval":1,"start_time":1612602767000},{"elapsed_time":431870,"segment":1,"interval":1,"start_time":1612602777000},{"elapsed_time":438870,"segment":1,"interval":1,"start_time":1612602784000},{"elapsed_time":440870,"segment":1,"interval":1,"start_time":1612602786000},{"elapsed_time":443870,"segment":1,"interval":1,"start_time":1612602789000},{"elapsed_time":445870,"segment":1,"interval":1,"start_time":1612602791000},{"elapsed_time":447870,"segment":1,"interval":1,"start_time":1612602793000},{"elapsed_time":449870,"segment":1,"interval":1,"start_time":1612602795000},{"elapsed_time":451870,"segment":1,"interval":1,"start_time":1612602797000},{"elapsed_time":453870,"segment":1,"interval":1,"start_time":1612602799000},{"elapsed_time":455870,"segment":1,"interval":1,"start_time":1612602801000},{"elapsed_time":457870,"segment":1,"interval":1,"start_time":1612602803000},{"elapsed_time":459870,"segment":1,"interval":1,"start_time":1612602805000},{"elapsed_time":461870,"segment":1,"interval":1,"start_time":1612602807000},{"elapsed_time":463870,"segment":1,"interval":1,"start_time":1612602809000},{"elapsed_time":465870,"segment":1,"interval":1,"start_time":1612602811000},{"elapsed_time":467870,"segment":1,"interval":1,"start_time":1612602813000},{"elapsed_time":469870,"segment":1,"interval":1,"start_time":1612602815000},{"elapsed_time":471870,"segment":1,"interval":1,"start_time":1612602817000},{"elapsed_time":473870,"segment":1,"interval":1,"start_time":1612602819000},{"elapsed_time":475870,"segment":1,"interval":1,"start_time":1612602821000},{"elapsed_time":477870,"segment":1,"interval":1,"start_time":1612602823000},{"elapsed_time":479870,"segment":1,"interval":1,"start_time":1612602825000},{"elapsed_time":481870,"segment":1,"interval":1,"start_time":1612602827000},{"elapsed_time":483870,"segment":1,"interval":1,"start_time":1612602829000},{"elapsed_time":485870,"segment":1,"interval":1,"start_time":1612602831000},{"elapsed_time":487870,"segment":1,"interval":1,"start_time":1612602833000},{"elapsed_time":490870,"segment":1,"interval":1,"start_time":1612602836000},{"elapsed_time":492870,"segment":1,"interval":1,"start_time":1612602838000},{"elapsed_time":494870,"segment":1,"interval":1,"start_time":1612602840000},{"elapsed_time":496870,"segment":1,"interval":1,"start_time":1612602842000},{"elapsed_time":498870,"segment":1,"interval":1,"start_time":1612602844000},{"elapsed_time":500870,"segment":1,"interval":1,"start_time":1612602846000},{"elapsed_time":502870,"segment":1,"interval":1,"start_time":1612602848000},{"elapsed_time":504870,"segment":1,"interval":1,"start_time":1612602850000},{"elapsed_time":506870,"segment":1,"interval":1,"start_time":1612602852000},{"elapsed_time":508870,"segment":1,"interval":1,"start_time":1612602854000},{"elapsed_time":510870,"segment":1,"interval":1,"start_time":1612602856000},{"elapsed_time":513870,"segment":1,"interval":1,"start_time":1612602859000},{"elapsed_time":515870,"segment":1,"interval":1,"start_time":1612602861000},{"elapsed_time":517870,"segment":1,"interval":1,"start_time":1612602863000},{"elapsed_time":519870,"segment":1,"interval":1,"start_time":1612602865000},{"elapsed_time":521870,"segment":1,"interval":1,"start_time":1612602867000},{"elapsed_time":523870,"segment":1,"interval":1,"start_time":1612602869000},{"elapsed_time":525870,"segment":1,"interval":1,"start_time":1612602871000},{"elapsed_time":527870,"segment":1,"interval":1,"start_time":1612602873000},{"elapsed_time":529870,"segment":1,"interval":1,"start_time":1612602875000},{"elapsed_time":531870,"segment":1,"interval":1,"start_time":1612602877000},{"elapsed_time":533870,"segment":1,"interval":1,"start_time":1612602879000},{"elapsed_time":536870,"segment":1,"interval":1,"start_time":1612602882000},{"elapsed_time":539870,"segment":1,"interval":1,"start_time":1612602885000},{"elapsed_time":542870,"segment":1,"interval":1,"start_time":1612602888000},{"elapsed_time":545870,"segment":1,"interval":1,"start_time":1612602891000},{"elapsed_time":548870,"segment":1,"interval":1,"start_time":1612602894000},{"elapsed_time":551870,"segment":1,"interval":1,"start_time":1612602897000},{"elapsed_time":554870,"segment":1,"interval":1,"start_time":1612602900000},{"elapsed_time":557870,"segment":1,"interval":1,"start_time":1612602903000},{"elapsed_time":560870,"segment":1,"interval":1,"start_time":1612602906000},{"elapsed_time":563870,"segment":1,"interval":1,"start_time":1612602909000},{"elapsed_time":566870,"segment":1,"interval":1,"start_time":1612602912000},{"elapsed_time":569870,"segment":1,"interval":1,"start_time":1612602915000},{"elapsed_time":571870,"segment":1,"interval":1,"start_time":1612602917000},{"elapsed_time":573870,"segment":1,"interval":1,"start_time":1612602919000},{"elapsed_time":576870,"segment":1,"interval":1,"start_time":1612602922000},{"elapsed_time":579870,"segment":1,"interval":1,"start_time":1612602925000},{"elapsed_time":581870,"segment":1,"interval":1,"start_time":1612602927000},{"elapsed_time":583870,"segment":1,"interval":1,"start_time":1612602929000},{"elapsed_time":585870,"segment":1,"interval":1,"start_time":1612602931000},{"elapsed_time":587870,"segment":1,"interval":1,"start_time":1612602933000},{"elapsed_time":589870,"segment":1,"interval":1,"start_time":1612602935000},{"elapsed_time":591870,"segment":1,"interval":1,"start_time":1612602937000},{"elapsed_time":593870,"segment":1,"interval":1,"start_time":1612602939000},{"elapsed_time":595870,"segment":1,"interval":1,"start_time":1612602941000},{"elapsed_time":597870,"segment":1,"interval":1,"start_time":1612602943000},{"elapsed_time":600870,"segment":1,"interval":1,"start_time":1612602946000},{"elapsed_time":603870,"segment":1,"interval":1,"start_time":1612602949000},{"elapsed_time":605870,"segment":1,"interval":1,"start_time":1612602951000},{"elapsed_time":607870,"segment":1,"interval":1,"start_time":1612602953000},{"elapsed_time":610870,"segment":1,"interval":1,"start_time":1612602956000},{"elapsed_time":612870,"segment":1,"interval":1,"start_time":1612602958000},{"elapsed_time":615870,"segment":1,"interval":1,"start_time":1612602961000},{"elapsed_time":617870,"segment":1,"interval":1,"start_time":1612602963000},{"elapsed_time":619870,"segment":1,"interval":1,"start_time":1612602965000},{"elapsed_time":622870,"segment":1,"interval":1,"start_time":1612602968000},{"elapsed_time":624870,"segment":1,"interval":1,"start_time":1612602970000},{"elapsed_time":626870,"segment":1,"interval":1,"start_time":1612602972000},{"elapsed_time":628870,"segment":1,"interval":1,"start_time":1612602974000},{"elapsed_time":630870,"segment":1,"interval":1,"start_time":1612602976000},{"elapsed_time":633870,"segment":1,"interval":1,"start_time":1612602979000},{"elapsed_time":636870,"segment":1,"interval":1,"start_time":1612602982000},{"elapsed_time":638870,"segment":1,"interval":1,"start_time":1612602984000},{"elapsed_time":640870,"segment":1,"interval":1,"start_time":1612602986000},{"elapsed_time":642870,"segment":1,"interval":1,"start_time":1612602988000},{"elapsed_time":645870,"segment":1,"interval":1,"start_time":1612602991000},{"elapsed_time":648870,"segment":1,"interval":1,"start_time":1612602994000},{"elapsed_time":652870,"segment":1,"interval":1,"start_time":1612602998000},{"elapsed_time":656870,"segment":1,"interval":1,"start_time":1612603002000},{"elapsed_time":658870,"segment":1,"interval":1,"start_time":1612603004000},{"elapsed_time":661870,"segment":1,"interval":1,"start_time":1612603007000},{"elapsed_time":671870,"segment":1,"interval":1,"start_time":1612603017000},{"elapsed_time":681870,"segment":1,"interval":1,"start_time":1612603027000},{"elapsed_time":691870,"segment":1,"interval":1,"start_time":1612603037000},{"elapsed_time":699870,"segment":1,"interval":1,"start_time":1612603045000},{"elapsed_time":701870,"segment":1,"interval":1,"start_time":1612603047000},{"elapsed_time":703870,"segment":1,"interval":1,"start_time":1612603049000},{"elapsed_time":705870,"segment":1,"interval":1,"start_time":1612603051000},{"elapsed_time":707870,"segment":1,"interval":1,"start_time":1612603053000},{"elapsed_time":709870,"segment":1,"interval":1,"start_time":1612603055000},{"elapsed_time":711870,"segment":1,"interval":1,"start_time":1612603057000},{"elapsed_time":713870,"segment":1,"interval":1,"start_time":1612603059000},{"elapsed_time":715870,"segment":1,"interval":1,"start_time":1612603061000},{"elapsed_time":717870,"segment":1,"interval":1,"start_time":1612603063000},{"elapsed_time":719870,"segment":1,"interval":1,"start_time":1612603065000},{"elapsed_time":721870,"segment":1,"interval":1,"start_time":1612603067000},{"elapsed_time":723870,"segment":1,"interval":1,"start_time":1612603069000},{"elapsed_time":725870,"segment":1,"interval":1,"start_time":1612603071000},{"elapsed_time":727870,"segment":1,"interval":1,"start_time":1612603073000},{"elapsed_time":729870,"segment":1,"interval":1,"start_time":1612603075000},{"elapsed_time":731870,"segment":1,"interval":1,"start_time":1612603077000},{"elapsed_time":733870,"segment":1,"interval":1,"start_time":1612603079000},{"elapsed_time":735870,"segment":1,"interval":1,"start_time":1612603081000},{"elapsed_time":737870,"segment":1,"interval":1,"start_time":1612603083000},{"elapsed_time":739870,"segment":1,"interval":1,"start_time":1612603085000},{"elapsed_time":741870,"segment":1,"interval":1,"start_time":1612603087000},{"elapsed_time":743870,"segment":1,"interval":1,"start_time":1612603089000},{"elapsed_time":745870,"segment":1,"interval":1,"start_time":1612603091000},{"elapsed_time":747870,"segment":1,"interval":1,"start_time":1612603093000},{"elapsed_time":749870,"segment":1,"interval":1,"start_time":1612603095000},{"elapsed_time":751870,"segment":1,"interval":1,"start_time":1612603097000},{"elapsed_time":753870,"segment":1,"interval":1,"start_time":1612603099000},{"elapsed_time":755870,"segment":1,"interval":1,"start_time":1612603101000},{"elapsed_time":757870,"segment":1,"interval":1,"start_time":1612603103000},{"elapsed_time":759870,"segment":1,"interval":1,"start_time":1612603105000},{"elapsed_time":761870,"segment":1,"interval":1,"start_time":1612603107000},{"elapsed_time":763870,"segment":1,"interval":1,"start_time":1612603109000},{"elapsed_time":765870,"segment":1,"interval":1,"start_time":1612603111000},{"elapsed_time":767870,"segment":1,"interval":1,"start_time":1612603113000},{"elapsed_time":769870,"segment":1,"interval":1,"start_time":1612603115000},{"elapsed_time":771870,"segment":1,"interval":1,"start_time":1612603117000},{"elapsed_time":773870,"segment":1,"interval":1,"start_time":1612603119000},{"elapsed_time":775870,"segment":1,"interval":1,"start_time":1612603121000},{"elapsed_time":777870,"segment":1,"interval":1,"start_time":1612603123000},{"elapsed_time":779870,"segment":1,"interval":1,"start_time":1612603125000},{"elapsed_time":781870,"segment":1,"interval":1,"start_time":1612603127000},{"elapsed_time":783870,"segment":1,"interval":1,"start_time":1612603129000},{"elapsed_time":785870,"segment":1,"interval":1,"start_time":1612603131000},{"elapsed_time":787870,"segment":1,"interval":1,"start_time":1612603133000},{"elapsed_time":789870,"segment":1,"interval":1,"start_time":1612603135000},{"elapsed_time":791870,"segment":1,"interval":1,"start_time":1612603137000},{"elapsed_time":793870,"segment":1,"interval":1,"start_time":1612603139000},{"elapsed_time":795870,"segment":1,"interval":1,"start_time":1612603141000},{"elapsed_time":797870,"segment":1,"interval":1,"start_time":1612603143000},{"elapsed_time":799870,"segment":1,"interval":1,"start_time":1612603145000},{"elapsed_time":801870,"segment":1,"interval":1,"start_time":1612603147000},{"elapsed_time":803870,"segment":1,"interval":1,"start_time":1612603149000},{"elapsed_time":805870,"segment":1,"interval":1,"start_time":1612603151000},{"elapsed_time":807870,"segment":1,"interval":1,"start_time":1612603153000},{"elapsed_time":809870,"segment":1,"interval":1,"start_time":1612603155000},{"elapsed_time":811870,"segment":1,"interval":1,"start_time":1612603157000},{"elapsed_time":814870,"segment":1,"interval":1,"start_time":1612603160000},{"elapsed_time":816870,"segment":1,"interval":1,"start_time":1612603162000},{"elapsed_time":818870,"segment":1,"interval":1,"start_time":1612603164000},{"elapsed_time":820870,"segment":1,"interval":1,"start_time":1612603166000},{"elapsed_time":822870,"segment":1,"interval":1,"start_time":1612603168000},{"elapsed_time":824870,"segment":1,"interval":1,"start_time":1612603170000},{"elapsed_time":826870,"segment":1,"interval":1,"start_time":1612603172000},{"elapsed_time":828870,"segment":1,"interval":1,"start_time":1612603174000},{"elapsed_time":831870,"segment":1,"interval":1,"start_time":1612603177000},{"elapsed_time":834870,"segment":1,"interval":1,"start_time":1612603180000},{"elapsed_time":836870,"segment":1,"interval":1,"start_time":1612603182000},{"elapsed_time":837870,"segment":1,"interval":1,"start_time":1612603183000},{"elapsed_time":838870,"segment":1,"interval":1,"start_time":1612603184000},{"elapsed_time":839870,"segment":1,"interval":1,"start_time":1612603185000},{"elapsed_time":840870,"segment":1,"interval":1,"start_time":1612603186000},{"elapsed_time":841870,"segment":1,"interval":1,"start_time":1612603187000},{"elapsed_time":842870,"segment":1,"interval":1,"start_time":1612603188000},{"elapsed_time":843870,"segment":1,"interval":1,"start_time":1612603189000},{"elapsed_time":845870,"segment":1,"interval":1,"start_time":1612603191000},{"elapsed_time":846870,"segment":1,"interval":1,"start_time":1612603192000},{"elapsed_time":847870,"segment":1,"interval":1,"start_time":1612603193000},{"elapsed_time":848870,"segment":1,"interval":1,"start_time":1612603194000},{"elapsed_time":849870,"segment":1,"interval":1,"start_time":1612603195000},{"elapsed_time":850870,"segment":1,"interval":1,"start_time":1612603196000},{"elapsed_time":851870,"segment":1,"interval":1,"start_time":1612603197000},{"elapsed_time":852870,"segment":1,"interval":1,"start_time":1612603198000},{"elapsed_time":853870,"segment":1,"interval":1,"start_time":1612603199000},{"elapsed_time":854870,"segment":1,"interval":1,"start_time":1612603200000},{"elapsed_time":855870,"segment":1,"interval":1,"start_time":1612603201000},{"elapsed_time":856870,"segment":1,"interval":1,"start_time":1612603202000},{"elapsed_time":857870,"segment":1,"interval":1,"start_time":1612603203000},{"elapsed_time":858870,"segment":1,"interval":1,"start_time":1612603204000},{"elapsed_time":859870,"segment":1,"interval":1,"start_time":1612603205000},{"elapsed_time":860870,"segment":1,"interval":1,"start_time":1612603206000},{"elapsed_time":861870,"segment":1,"interval":1,"start_time":1612603207000},{"elapsed_time":862870,"segment":1,"interval":1,"start_time":1612603208000},{"elapsed_time":863870,"segment":1,"interval":1,"start_time":1612603209000},{"elapsed_time":864870,"segment":1,"interval":1,"start_time":1612603210000},{"elapsed_time":865870,"segment":1,"interval":1,"start_time":1612603211000},{"elapsed_time":866870,"segment":1,"interval":1,"start_time":1612603212000},{"elapsed_time":867870,"segment":1,"interval":1,"start_time":1612603213000},{"elapsed_time":869870,"segment":1,"interval":1,"start_time":1612603215000},{"elapsed_time":877870,"segment":1,"interval":1,"start_time":1612603223000},{"elapsed_time":892169,"segment":2,"interval":1,"start_time":1612605978999},{"elapsed_time":894169,"segment":2,"interval":1,"start_time":1612605980999},{"elapsed_time":895169,"segment":2,"interval":1,"start_time":1612605981999},{"elapsed_time":896169,"segment":2,"interval":1,"start_time":1612605982999},{"elapsed_time":897169,"segment":2,"interval":1,"start_time":1612605983999},{"elapsed_time":898169,"segment":2,"interval":1,"start_time":1612605984999},{"elapsed_time":900169,"segment":2,"interval":1,"start_time":1612605986999},{"elapsed_time":902169,"segment":2,"interval":1,"start_time":1612605988999},{"elapsed_time":905169,"segment":2,"interval":1,"start_time":1612605991999},{"elapsed_time":908169,"segment":2,"interval":1,"start_time":1612605994999},{"elapsed_time":911169,"segment":2,"interval":1,"start_time":1612605997999},{"elapsed_time":915169,"segment":2,"interval":1,"start_time":1612606001999},{"elapsed_time":919169,"segment":2,"interval":1,"start_time":1612606005999},{"elapsed_time":923169,"segment":2,"interval":1,"start_time":1612606009999},{"elapsed_time":927169,"segment":2,"interval":1,"start_time":1612606013999},{"elapsed_time":930169,"segment":2,"interval":1,"start_time":1612606016999},{"elapsed_time":934169,"segment":2,"interval":1,"start_time":1612606020999},{"elapsed_time":938169,"segment":2,"interval":1,"start_time":1612606024999},{"elapsed_time":942169,"segment":2,"interval":1,"start_time":1612606028999},{"elapsed_time":946169,"segment":2,"interval":1,"start_time":1612606032999},{"elapsed_time":950169,"segment":2,"interval":1,"start_time":1612606036999},{"elapsed_time":954169,"segment":2,"interval":1,"start_time":1612606040999},{"elapsed_time":957169,"segment":2,"interval":1,"start_time":1612606043999},{"elapsed_time":959169,"segment":2,"interval":1,"start_time":1612606045999},{"elapsed_time":961169,"segment":2,"interval":1,"start_time":1612606047999},{"elapsed_time":963169,"segment":2,"interval":1,"start_time":1612606049999},{"elapsed_time":965169,"segment":2,"interval":1,"start_time":1612606051999},{"elapsed_time":967169,"segment":2,"interval":1,"start_time":1612606053999},{"elapsed_time":969169,"segment":2,"interval":1,"start_time":1612606055999},{"elapsed_time":971169,"segment":2,"interval":1,"start_time":1612606057999},{"elapsed_time":973169,"segment":2,"interval":1,"start_time":1612606059999},{"elapsed_time":975169,"segment":2,"interval":1,"start_time":1612606061999},{"elapsed_time":977169,"segment":2,"interval":1,"start_time":1612606063999},{"elapsed_time":979169,"segment":2,"interval":1,"start_time":1612606065999},{"elapsed_time":982169,"segment":2,"interval":1,"start_time":1612606068999},{"elapsed_time":984169,"segment":2,"interval":1,"start_time":1612606070999},{"elapsed_time":988169,"segment":2,"interval":1,"start_time":1612606074999},{"elapsed_time":992169,"segment":2,"interval":1,"start_time":1612606078999},{"elapsed_time":997169,"segment":2,"interval":1,"start_time":1612606083999},{"elapsed_time":1003169,"segment":2,"interval":1,"start_time":1612606089999},{"elapsed_time":1010169,"segment":2,"interval":1,"start_time":1612606096999},{"elapsed_time":1014169,"segment":2,"interval":1,"start_time":1612606100999},{"elapsed_time":1018169,"segment":2,"interval":1,"start_time":1612606104999},{"elapsed_time":1022169,"segment":2,"interval":1,"start_time":1612606108999},{"elapsed_time":1027169,"segment":2,"interval":1,"start_time":1612606113999},{"elapsed_time":1031169,"segment":2,"interval":1,"start_time":1612606117999},{"elapsed_time":1035169,"segment":2,"interval":1,"start_time":1612606121999},{"elapsed_time":1037169,"segment":2,"interval":1,"start_time":1612606123999},{"elapsed_time":1039169,"segment":2,"interval":1,"start_time":1612606125999},{"elapsed_time":1041169,"segment":2,"interval":1,"start_time":1612606127999},{"elapsed_time":1042169,"segment":2,"interval":1,"start_time":1612606128999},{"elapsed_time":1043169,"segment":2,"interval":1,"start_time":1612606129999},{"elapsed_time":1044169,"segment":2,"interval":1,"start_time":1612606130999},{"elapsed_time":1046169,"segment":2,"interval":1,"start_time":1612606132999},{"elapsed_time":1047169,"segment":2,"interval":1,"start_time":1612606133999},{"elapsed_time":1048169,"segment":2,"interval":1,"start_time":1612606134999},{"elapsed_time":1049169,"segment":2,"interval":1,"start_time":1612606135999},{"elapsed_time":1050169,"segment":2,"interval":1,"start_time":1612606136999},{"elapsed_time":1051169,"segment":2,"interval":1,"start_time":1612606137999},{"elapsed_time":1052169,"segment":2,"interval":1,"start_time":1612606138999},{"elapsed_time":1053169,"segment":2,"interval":1,"start_time":1612606139999},{"elapsed_time":1054169,"segment":2,"interval":1,"start_time":1612606140999},{"elapsed_time":1055169,"segment":2,"interval":1,"start_time":1612606141999},{"elapsed_time":1056169,"segment":2,"interval":1,"start_time":1612606142999},{"elapsed_time":1057169,"segment":2,"interval":1,"start_time":1612606143999},{"elapsed_time":1058169,"segment":2,"interval":1,"start_time":1612606144999},{"elapsed_time":1059169,"segment":2,"interval":1,"start_time":1612606145999},{"elapsed_time":1060169,"segment":2,"interval":1,"start_time":1612606146999},{"elapsed_time":1061169,"segment":2,"interval":1,"start_time":1612606147999},{"elapsed_time":1062169,"segment":2,"interval":1,"start_time":1612606148999},{"elapsed_time":1063169,"segment":2,"interval":1,"start_time":1612606149999},{"elapsed_time":1064169,"segment":2,"interval":1,"start_time":1612606150999},{"elapsed_time":1065169,"segment":2,"interval":1,"start_time":1612606151999},{"elapsed_time":1066169,"segment":2,"interval":1,"start_time":1612606152999},{"elapsed_time":1067169,"segment":2,"interval":1,"start_time":1612606153999},{"elapsed_time":1068169,"segment":2,"interval":1,"start_time":1612606154999},{"elapsed_time":1069169,"segment":2,"interval":1,"start_time":1612606155999},{"elapsed_time":1070169,"segment":2,"interval":1,"start_time":1612606156999},{"elapsed_time":1071169,"segment":2,"interval":1,"start_time":1612606157999},{"elapsed_time":1072169,"segment":2,"interval":1,"start_time":1612606158999},{"elapsed_time":1073169,"segment":2,"interval":1,"start_time":1612606159999},{"elapsed_time":1074169,"segment":2,"interval":1,"start_time":1612606160999},{"elapsed_time":1075169,"segment":2,"interval":1,"start_time":1612606161999},{"elapsed_time":1076169,"segment":2,"interval":1,"start_time":1612606162999},{"elapsed_time":1077169,"segment":2,"interval":1,"start_time":1612606163999},{"elapsed_time":1078169,"segment":2,"interval":1,"start_time":1612606164999},{"elapsed_time":1080169,"segment":2,"interval":1,"start_time":1612606166999},{"elapsed_time":1082169,"segment":2,"interval":1,"start_time":1612606168999},{"elapsed_time":1084169,"segment":2,"interval":1,"start_time":1612606170999},{"elapsed_time":1087169,"segment":2,"interval":1,"start_time":1612606173999},{"elapsed_time":1093169,"segment":2,"interval":1,"start_time":1612606179999},{"elapsed_time":1103169,"segment":2,"interval":1,"start_time":1612606189999},{"elapsed_time":1113169,"segment":2,"interval":1,"start_time":1612606199999},{"elapsed_time":1123169,"segment":2,"interval":1,"start_time":1612606209999},{"elapsed_time":1125169,"segment":2,"interval":1,"start_time":1612606211999},{"elapsed_time":1127169,"segment":2,"interval":1,"start_time":1612606213999},{"elapsed_time":1129169,"segment":2,"interval":1,"start_time":1612606215999},{"elapsed_time":1131169,"segment":2,"interval":1,"start_time":1612606217999},{"elapsed_time":1132169,"segment":2,"interval":1,"start_time":1612606218999},{"elapsed_time":1133169,"segment":2,"interval":1,"start_time":1612606219999},{"elapsed_time":1134169,"segment":2,"interval":1,"start_time":1612606220999},{"elapsed_time":1136169,"segment":2,"interval":1,"start_time":1612606222999},{"elapsed_time":1139169,"segment":2,"interval":1,"start_time":1612606225999},{"elapsed_time":1141169,"segment":2,"interval":1,"start_time":1612606227999},{"elapsed_time":1143169,"segment":2,"interval":1,"start_time":1612606229999},{"elapsed_time":1145169,"segment":2,"interval":1,"start_time":1612606231999},{"elapsed_time":1146169,"segment":2,"interval":1,"start_time":1612606232999},{"elapsed_time":1147169,"segment":2,"interval":1,"start_time":1612606233999},{"elapsed_time":1148169,"segment":2,"interval":1,"start_time":1612606234999},{"elapsed_time":1149169,"segment":2,"interval":1,"start_time":1612606235999},{"elapsed_time":1151169,"segment":2,"interval":1,"start_time":1612606237999},{"elapsed_time":1161169,"segment":2,"interval":1,"start_time":1612606247999},{"elapsed_time":1164169,"segment":2,"interval":1,"start_time":1612606250999},{"elapsed_time":1166169,"segment":2,"interval":1,"start_time":1612606252999},{"elapsed_time":1168169,"segment":2,"interval":1,"start_time":1612606254999},{"elapsed_time":1169169,"segment":2,"interval":1,"start_time":1612606255999},{"elapsed_time":1170169,"segment":2,"interval":1,"start_time":1612606256999},{"elapsed_time":1171169,"segment":2,"interval":1,"start_time":1612606257999},{"elapsed_time":1172169,"segment":2,"interval":1,"start_time":1612606258999},{"elapsed_time":1173169,"segment":2,"interval":1,"start_time":1612606259999},{"elapsed_time":1174169,"segment":2,"interval":1,"start_time":1612606260999},{"elapsed_time":1175169,"segment":2,"interval":1,"start_time":1612606261999},{"elapsed_time":1176169,"segment":2,"interval":1,"start_time":1612606262999},{"elapsed_time":1177169,"segment":2,"interval":1,"start_time":1612606263999},{"elapsed_time":1178169,"segment":2,"interval":1,"start_time":1612606264999},{"elapsed_time":1179169,"segment":2,"interval":1,"start_time":1612606265999},{"elapsed_time":1180169,"segment":2,"interval":1,"start_time":1612606266999},{"elapsed_time":1181169,"segment":2,"interval":1,"start_time":1612606267999},{"elapsed_time":1182169,"segment":2,"interval":1,"start_time":1612606268999},{"elapsed_time":1183169,"segment":2,"interval":1,"start_time":1612606269999},{"elapsed_time":1184169,"segment":2,"interval":1,"start_time":1612606270999},{"elapsed_time":1185169,"segment":2,"interval":1,"start_time":1612606271999},{"elapsed_time":1186169,"segment":2,"interval":1,"start_time":1612606272999},{"elapsed_time":1187169,"segment":2,"interval":1,"start_time":1612606273999},{"elapsed_time":1188169,"segment":2,"interval":1,"start_time":1612606274999},{"elapsed_time":1189169,"segment":2,"interval":1,"start_time":1612606275999},{"elapsed_time":1190169,"segment":2,"interval":1,"start_time":1612606276999},{"elapsed_time":1191169,"segment":2,"interval":1,"start_time":1612606277999},{"elapsed_time":1192169,"segment":2,"interval":1,"start_time":1612606278999},{"elapsed_time":1193169,"segment":2,"interval":1,"start_time":1612606279999},{"elapsed_time":1194169,"segment":2,"interval":1,"start_time":1612606280999},{"elapsed_time":1195169,"segment":2,"interval":1,"start_time":1612606281999},{"elapsed_time":1196169,"segment":2,"interval":1,"start_time":1612606282999},{"elapsed_time":1197169,"segment":2,"interval":1,"start_time":1612606283999},{"elapsed_time":1198169,"segment":2,"interval":1,"start_time":1612606284999},{"elapsed_time":1199169,"segment":2,"interval":1,"start_time":1612606285999},{"elapsed_time":1200169,"segment":2,"interval":1,"start_time":1612606286999},{"elapsed_time":1201169,"segment":2,"interval":1,"start_time":1612606287999},{"elapsed_time":1202169,"segment":2,"interval":1,"start_time":1612606288999},{"elapsed_time":1203169,"segment":2,"interval":1,"start_time":1612606289999},{"elapsed_time":1204169,"segment":2,"interval":1,"start_time":1612606290999},{"elapsed_time":1205169,"segment":2,"interval":1,"start_time":1612606291999},{"elapsed_time":1206169,"segment":2,"interval":1,"start_time":1612606292999},{"elapsed_time":1207169,"segment":2,"interval":1,"start_time":1612606293999},{"elapsed_time":1208169,"segment":2,"interval":1,"start_time":1612606294999},{"elapsed_time":1209169,"segment":2,"interval":1,"start_time":1612606295999},{"elapsed_time":1210169,"segment":2,"interval":1,"start_time":1612606296999},{"elapsed_time":1211169,"segment":2,"interval":1,"start_time":1612606297999},{"elapsed_time":1212169,"segment":2,"interval":1,"start_time":1612606298999},{"elapsed_time":1213169,"segment":2,"interval":1,"start_time":1612606299999},{"elapsed_time":1214169,"segment":2,"interval":1,"start_time":1612606300999},{"elapsed_time":1215169,"segment":2,"interval":1,"start_time":1612606301999},{"elapsed_time":1216169,"segment":2,"interval":1,"start_time":1612606302999},{"elapsed_time":1217169,"segment":2,"interval":1,"start_time":1612606303999},{"elapsed_time":1218169,"segment":2,"interval":1,"start_time":1612606304999},{"elapsed_time":1219169,"segment":2,"interval":1,"start_time":1612606305999},{"elapsed_time":1220169,"segment":2,"interval":1,"start_time":1612606306999},{"elapsed_time":1221169,"segment":2,"interval":1,"start_time":1612606307999},{"elapsed_time":1222169,"segment":2,"interval":1,"start_time":1612606308999},{"elapsed_time":1223169,"segment":2,"interval":1,"start_time":1612606309999},{"elapsed_time":1224169,"segment":2,"interval":1,"start_time":1612606310999},{"elapsed_time":1225169,"segment":2,"interval":1,"start_time":1612606311999},{"elapsed_time":1226169,"segment":2,"interval":1,"start_time":1612606312999},{"elapsed_time":1227169,"segment":2,"interval":1,"start_time":1612606313999},{"elapsed_time":1228169,"segment":2,"interval":1,"start_time":1612606314999},{"elapsed_time":1229169,"segment":2,"interval":1,"start_time":1612606315999},{"elapsed_time":1230169,"segment":2,"interval":1,"start_time":1612606316999},{"elapsed_time":1231169,"segment":2,"interval":1,"start_time":1612606317999},{"elapsed_time":1232169,"segment":2,"interval":1,"start_time":1612606318999},{"elapsed_time":1233169,"segment":2,"interval":1,"start_time":1612606319999},{"elapsed_time":1234169,"segment":2,"interval":1,"start_time":1612606320999},{"elapsed_time":1235169,"segment":2,"interval":1,"start_time":1612606321999},{"elapsed_time":1236169,"segment":2,"interval":1,"start_time":1612606322999},{"elapsed_time":1237169,"segment":2,"interval":1,"start_time":1612606323999},{"elapsed_time":1238169,"segment":2,"interval":1,"start_time":1612606324999},{"elapsed_time":1239169,"segment":2,"interval":1,"start_time":1612606325999},{"elapsed_time":1240169,"segment":2,"interval":1,"start_time":1612606326999},{"elapsed_time":1241169,"segment":2,"interval":1,"start_time":1612606327999},{"elapsed_time":1242169,"segment":2,"interval":1,"start_time":1612606328999},{"elapsed_time":1243169,"segment":2,"interval":1,"start_time":1612606329999},{"elapsed_time":1244169,"segment":2,"interval":1,"start_time":1612606330999},{"elapsed_time":1245169,"segment":2,"interval":1,"start_time":1612606331999},{"elapsed_time":1246169,"segment":2,"interval":1,"start_time":1612606332999},{"elapsed_time":1247169,"segment":2,"interval":1,"start_time":1612606333999},{"elapsed_time":1248169,"segment":2,"interval":1,"start_time":1612606334999},{"elapsed_time":1249169,"segment":2,"interval":1,"start_time":1612606335999},{"elapsed_time":1250169,"segment":2,"interval":1,"start_time":1612606336999},{"elapsed_time":1251169,"segment":2,"interval":1,"start_time":1612606337999},{"elapsed_time":1252169,"segment":2,"interval":1,"start_time":1612606338999},{"elapsed_time":1253169,"segment":2,"interval":1,"start_time":1612606339999},{"elapsed_time":1254169,"segment":2,"interval":1,"start_time":1612606340999},{"elapsed_time":1255169,"segment":2,"interval":1,"start_time":1612606341999},{"elapsed_time":1256169,"segment":2,"interval":1,"start_time":1612606342999},{"elapsed_time":1257169,"segment":2,"interval":1,"start_time":1612606343999},{"elapsed_time":1258169,"segment":2,"interval":1,"start_time":1612606344999},{"elapsed_time":1259169,"segment":2,"interval":1,"start_time":1612606345999},{"elapsed_time":1260169,"segment":2,"interval":1,"start_time":1612606346999},{"elapsed_time":1261169,"segment":2,"interval":1,"start_time":1612606347999},{"elapsed_time":1262169,"segment":2,"interval":1,"start_time":1612606348999},{"elapsed_time":1263169,"segment":2,"interval":1,"start_time":1612606349999},{"elapsed_time":1264169,"segment":2,"interval":1,"start_time":1612606350999},{"elapsed_time":1265169,"segment":2,"interval":1,"start_time":1612606351999},{"elapsed_time":1266169,"segment":2,"interval":1,"start_time":1612606352999},{"elapsed_time":1267169,"segment":2,"interval":1,"start_time":1612606353999},{"elapsed_time":1268169,"segment":2,"interval":1,"start_time":1612606354999},{"elapsed_time":1269169,"segment":2,"interval":1,"start_time":1612606355999},{"elapsed_time":1270169,"segment":2,"interval":1,"start_time":1612606356999},{"elapsed_time":1271169,"segment":2,"interval":1,"start_time":1612606357999},{"elapsed_time":1272169,"segment":2,"interval":1,"start_time":1612606358999},{"elapsed_time":1273169,"segment":2,"interval":1,"start_time":1612606359999},{"elapsed_time":1274169,"segment":2,"interval":1,"start_time":1612606360999},{"elapsed_time":1275169,"segment":2,"interval":1,"start_time":1612606361999},{"elapsed_time":1276169,"segment":2,"interval":1,"start_time":1612606362999},{"elapsed_time":1277169,"segment":2,"interval":1,"start_time":1612606363999},{"elapsed_time":1278169,"segment":2,"interval":1,"start_time":1612606364999},{"elapsed_time":1279169,"segment":2,"interval":1,"start_time":1612606365999},{"elapsed_time":1280169,"segment":2,"interval":1,"start_time":1612606366999},{"elapsed_time":1281169,"segment":2,"interval":1,"start_time":1612606367999},{"elapsed_time":1282169,"segment":2,"interval":1,"start_time":1612606368999},{"elapsed_time":1283169,"segment":2,"interval":1,"start_time":1612606369999},{"elapsed_time":1284169,"segment":2,"interval":1,"start_time":1612606370999},{"elapsed_time":1285169,"segment":2,"interval":1,"start_time":1612606371999},{"elapsed_time":1286169,"segment":2,"interval":1,"start_time":1612606372999},{"elapsed_time":1287169,"segment":2,"interval":1,"start_time":1612606373999},{"elapsed_time":1288169,"segment":2,"interval":1,"start_time":1612606374999},{"elapsed_time":1289169,"segment":2,"interval":1,"start_time":1612606375999},{"elapsed_time":1290169,"segment":2,"interval":1,"start_time":1612606376999},{"elapsed_time":1291169,"segment":2,"interval":1,"start_time":1612606377999},{"elapsed_time":1292169,"segment":2,"interval":1,"start_time":1612606378999},{"elapsed_time":1293169,"segment":2,"interval":1,"start_time":1612606379999},{"elapsed_time":1294169,"segment":2,"interval":1,"start_time":1612606380999},{"elapsed_time":1295169,"segment":2,"interval":1,"start_time":1612606381999},{"elapsed_time":1296169,"segment":2,"interval":1,"start_time":1612606382999},{"elapsed_time":1297169,"segment":2,"interval":1,"start_time":1612606383999},{"elapsed_time":1298169,"segment":2,"interval":1,"start_time":1612606384999},{"elapsed_time":1299169,"segment":2,"interval":1,"start_time":1612606385999},{"elapsed_time":1300169,"segment":2,"interval":1,"start_time":1612606386999},{"elapsed_time":1301169,"segment":2,"interval":1,"start_time":1612606387999},{"elapsed_time":1302169,"segment":2,"interval":1,"start_time":1612606388999},{"elapsed_time":1303169,"segment":2,"interval":1,"start_time":1612606389999},{"elapsed_time":1304169,"segment":2,"interval":1,"start_time":1612606390999},{"elapsed_time":1305169,"segment":2,"interval":1,"start_time":1612606391999},{"elapsed_time":1306169,"segment":2,"interval":1,"start_time":1612606392999},{"elapsed_time":1307169,"segment":2,"interval":1,"start_time":1612606393999},{"elapsed_time":1308169,"segment":2,"interval":1,"start_time":1612606394999},{"elapsed_time":1309169,"segment":2,"interval":1,"start_time":1612606395999},{"elapsed_time":1310169,"segment":2,"interval":1,"start_time":1612606396999},{"elapsed_time":1311169,"segment":2,"interval":1,"start_time":1612606397999},{"elapsed_time":1312169,"segment":2,"interval":1,"start_time":1612606398999},{"elapsed_time":1320169,"segment":2,"interval":1,"start_time":1612606406999},{"elapsed_time":1323169,"segment":2,"interval":1,"start_time":1612606409999},{"elapsed_time":1326169,"segment":2,"interval":1,"start_time":1612606412999},{"elapsed_time":1334169,"segment":2,"interval":1,"start_time":1612606420999},{"elapsed_time":1336169,"segment":2,"interval":1,"start_time":1612606422999},{"elapsed_time":1338169,"segment":2,"interval":1,"start_time":1612606424999},{"elapsed_time":1340169,"segment":2,"interval":1,"start_time":1612606426999},{"elapsed_time":1342169,"segment":2,"interval":1,"start_time":1612606428999},{"elapsed_time":1343169,"segment":2,"interval":1,"start_time":1612606429999},{"elapsed_time":1344169,"segment":2,"interval":1,"start_time":1612606430999},{"elapsed_time":1345169,"segment":2,"interval":1,"start_time":1612606431999},{"elapsed_time":1346169,"segment":2,"interval":1,"start_time":1612606432999},{"elapsed_time":1347169,"segment":2,"interval":1,"start_time":1612606433999},{"elapsed_time":1348169,"segment":2,"interval":1,"start_time":1612606434999},{"elapsed_time":1349169,"segment":2,"interval":1,"start_time":1612606435999},{"elapsed_time":1350169,"segment":2,"interval":1,"start_time":1612606436999},{"elapsed_time":1351169,"segment":2,"interval":1,"start_time":1612606437999},{"elapsed_time":1352169,"segment":2,"interval":1,"start_time":1612606438999},{"elapsed_time":1353169,"segment":2,"interval":1,"start_time":1612606439999},{"elapsed_time":1354169,"segment":2,"interval":1,"start_time":1612606440999},{"elapsed_time":1355169,"segment":2,"interval":1,"start_time":1612606441999},{"elapsed_time":1356169,"segment":2,"interval":1,"start_time":1612606442999},{"elapsed_time":1357169,"segment":2,"interval":1,"start_time":1612606443999},{"elapsed_time":1358169,"segment":2,"interval":1,"start_time":1612606444999},{"elapsed_time":1359169,"segment":2,"interval":1,"start_time":1612606445999},{"elapsed_time":1361169,"segment":2,"interval":1,"start_time":1612606447999},{"elapsed_time":1363169,"segment":2,"interval":1,"start_time":1612606449999},{"elapsed_time":1364169,"segment":2,"interval":1,"start_time":1612606450999},{"elapsed_time":1365169,"segment":2,"interval":1,"start_time":1612606451999},{"elapsed_time":1366169,"segment":2,"interval":1,"start_time":1612606452999},{"elapsed_time":1367169,"segment":2,"interval":1,"start_time":1612606453999},{"elapsed_time":1368169,"segment":2,"interval":1,"start_time":1612606454999},{"elapsed_time":1369169,"segment":2,"interval":1,"start_time":1612606455999},{"elapsed_time":1370169,"segment":2,"interval":1,"start_time":1612606456999},{"elapsed_time":1371169,"segment":2,"interval":1,"start_time":1612606457999},{"elapsed_time":1372169,"segment":2,"interval":1,"start_time":1612606458999},{"elapsed_time":1373169,"segment":2,"interval":1,"start_time":1612606459999},{"elapsed_time":1374169,"segment":2,"interval":1,"start_time":1612606460999},{"elapsed_time":1375169,"segment":2,"interval":1,"start_time":1612606461999},{"elapsed_time":1377169,"segment":2,"interval":1,"start_time":1612606463999},{"elapsed_time":1379169,"segment":2,"interval":1,"start_time":1612606465999},{"elapsed_time":1380169,"segment":2,"interval":1,"start_time":1612606466999},{"elapsed_time":1382169,"segment":2,"interval":1,"start_time":1612606468999},{"elapsed_time":1384169,"segment":2,"interval":1,"start_time":1612606470999},{"elapsed_time":1386169,"segment":2,"interval":1,"start_time":1612606472999},{"elapsed_time":1389169,"segment":2,"interval":1,"start_time":1612606475999},{"elapsed_time":1399169,"segment":2,"interval":1,"start_time":1612606485999},{"elapsed_time":1405169,"segment":2,"interval":1,"start_time":1612606493629}]