[{"elapsed_time":0,"segment":0,"interval":1,"start_time":1612602312530},{"elapsed_time":9423,"segment":0,"interval":1,"start_time":1612602321953},{"elapsed_time":10425,"segment":0,"interval":1,"start_time":1612602322955},{"elapsed_time":20174,"segment":0,"interval":1,"start_time":1612602332704},{"elapsed_time":20437,"segment":0,"interval":1,"start_time":1612602332967},{"elapsed_time":30172,"segment":0,"interval":1,"start_time":1612602342702},{"elapsed_time":30471,"segment":0,"interval":1,"start_time":1612602343001},{"elapsed_time":40163,"segment":0,"interval":1,"start_time":1612602352693},{"elapsed_time":40472,"segment":0,"interval":1,"start_time":1612602353002},{"elapsed_time":50171,"segment":0,"interval":1,"start_time":1612602362701},{"elapsed_time":50474,"segment":0,"interval":1,"start_time":1612602363004},{"elapsed_time":53325,"segment":0,"interval":1,"start_time":1612602365855},{"elapsed_time":60497,"segment":0,"interval":1,"start_time":1612602373027},{"elapsed_time":61182,"segment":0,"interval":1,"start_time":1612602373712},{"elapsed_time":70177,"segment":0,"interval":1,"start_time":1612602382707},{"elapsed_time":77498,"segment":0,"interval":1,"start_time":1612602390028},{"elapsed_time":80176,"segment":0,"interval":1,"start_time":1612602392706},{"elapsed_time":80499,"segment":0,"interval":1,"start_time":1612602393029},{"elapsed_time":92522,"segment":1,"interval":1,"start_time":1612602437652},{"elapsed_time":93962,"segment":1,"interval":1,"start_time":1612602439092},{"elapsed_time":100964,"segment":1,"interval":1,"start_time":1612602446094},{"elapsed_time":102557,"segment":1,"interval":1,"start_time":1612602447687},{"elapsed_time":106264,"segment":1,"interval":1,"start_time":1612602451394},{"elapsed_time":110967,"segment":1,"interval":1,"start_time":1612602456097},{"elapsed_time":112559,"segment":1,"interval":1,"start_time":1612602457689},{"elapsed_time":120991,"segment":1,"interval":1,"start_time":1612602466121},{"elapsed_time":122559,"segment":1,"interval":1,"start_time":1612602467689},{"elapsed_time":130994,"segment":1,"interval":1,"start_time":1612602476124},{"elapsed_time":132562,"segment":1,"interval":1,"start_time":1612602477692},{"elapsed_time":135996,"segment":1,"interval":1,"start_time":1612602481126},{"elapsed_time":138276,"segment":1,"interval":1,"start_time":1612602483406},{"elapsed_time":142566,"segment":1,"interval":1,"start_time":1612602487696},{"elapsed_time":153559,"segment":1,"interval":1,"start_time":1612602498689},{"elapsed_time":163569,"segment":1,"interval":1,"start_time":1612602508699},{"elapsed_time":170760,"segment":1,"interval":1,"start_time":1612602515890},{"elapsed_time":172560,"segment":1,"interval":1,"start_time":1612602517690},{"elapsed_time":182565,"segment":1,"interval":1,"start_time":1612602527695},{"elapsed_time":192566,"segment":1,"interval":1,"start_time":1612602537696},{"elapsed_time":202557,"segment":1,"interval":1,"start_time":1612602547687},{"elapsed_time":205451,"segment":1,"interval":1,"start_time":1612602550581},{"elapsed_time":212563,"segment":1,"interval":1,"start_time":1612602557693},{"elapsed_time":222564,"segment":1,"interval":1,"start_time":1612602567694},{"elapsed_time":232560,"segment":1,"interval":1,"start_time":1612602577690},{"elapsed_time":234131,"segment":1,"interval":1,"start_time":1612602579261},{"elapsed_time":242566,"segment":1,"interval":1,"start_time":1612602587696},{"elapsed_time":253559,"segment":1,"interval":1,"start_time":1612602598689},{"elapsed_time":263558,"segment":1,"interval":1,"start_time":1612602608688},{"elapsed_time":268477,"segment":1,"interval":1,"start_time":1612602613607},{"elapsed_time":272566,"segment":1,"interval":1,"start_time":1612602617696},{"elapsed_time":282588,"segment":1,"interval":1,"start_time":1612602627718},{"elapsed_time":292560,"segment":1,"interval":1,"start_time":1612602637690},{"elapsed_time":299467,"segment":1,"interval":1,"start_time":1612602644597},{"elapsed_time":302560,"segment":1,"interval":1,"start_time":1612602647690},{"elapsed_time":312568,"segment":1,"interval":1,"start_time":1612602657698},{"elapsed_time":322564,"segment":1,"interval":1,"start_time":1612602667694},{"elapsed_time":326184,"segment":1,"interval":1,"start_time":1612602671314},{"elapsed_time":332560,"segment":1,"interval":1,"start_time":1612602677690},{"elapsed_time":342561,"segment":1,"interval":1,"start_time":1612602687691},{"elapsed_time":353559,"segment":1,"interval":1,"start_time":1612602698689},{"elapsed_time":362996,"segment":1,"interval":1,"start_time":1612602708126},{"elapsed_time":363564,"segment":1,"interval":1,"start_time":1612602708694},{"elapsed_time":372558,"segment":1,"interval":1,"start_time":1612602717688},{"elapsed_time":382545,"segment":1,"interval":1,"start_time":1612602727675},{"elapsed_time":392578,"segment":1,"interval":1,"start_time":1612602737708},{"elapsed_time":398815,"segment":1,"interval":1,"start_time":1612602743945},{"elapsed_time":402563,"segment":1,"interval":1,"start_time":1612602747693},{"elapsed_time":412558,"segment":1,"interval":1,"start_time":1612602757688},{"elapsed_time":422559,"segment":1,"interval":1,"start_time":1612602767689},{"elapsed_time":432556,"segment":1,"interval":1,"start_time":1612602777686},{"elapsed_time":442562,"segment":1,"interval":1,"start_time":1612602787692},{"elapsed_time":453559,"segment":1,"interval":1,"start_time":1612602798689},{"elapsed_time":460779,"segment":1,"interval":1,"start_time":1612602805909},{"elapsed_time":463560,"segment":1,"interval":1,"start_time":1612602808690},{"elapsed_time":472574,"segment":1,"interval":1,"start_time":1612602817704},{"elapsed_time":482582,"segment":1,"interval":1,"start_time":1612602827712},{"elapsed_time":492547,"segment":1,"interval":1,"start_time":1612602837677},{"elapsed_time":497915,"segment":1,"interval":1,"start_time":1612602843045},{"elapsed_time":502563,"segment":1,"interval":1,"start_time":1612602847693},{"elapsed_time":512560,"segment":1,"interval":1,"start_time":1612602857690},{"elapsed_time":522578,"segment":1,"interval":1,"start_time":1612602867708},{"elapsed_time":532584,"segment":1,"interval":1,"start_time":1612602877714},{"elapsed_time":536810,"segment":1,"interval":1,"start_time":1612602881940},{"elapsed_time":542564,"segment":1,"interval":1,"start_time":1612602887694},{"elapsed_time":553565,"segment":1,"interval":1,"start_time":1612602898695},{"elapsed_time":563569,"segment":1,"interval":1,"start_time":1612602908699},{"elapsed_time":572572,"segment":1,"interval":1,"start_time":1612602917702},{"elapsed_time":578203,"segment":1,"interval":1,"start_time":1612602923333},{"elapsed_time":582561,"segment":1,"interval":1,"start_time":1612602927691},{"elapsed_time":592545,"segment":1,"interval":1,"start_time":1612602937675},{"elapsed_time":602574,"segment":1,"interval":1,"start_time":1612602947704},{"elapsed_time":612554,"segment":1,"interval":1,"start_time":1612602957684},{"elapsed_time":617543,"segment":1,"interval":1,"start_time":1612602962673},{"elapsed_time":621533,"segment":1,"interval":1,"start_time":1612602966663},{"elapsed_time":622536,"segment":1,"interval":1,"start_time":1612602967666},{"elapsed_time":632561,"segment":1,"interval":1,"start_time":1612602977691},{"elapsed_time":642563,"segment":1,"interval":1,"start_time":1612602987693},{"elapsed_time":653567,"segment":1,"interval":1,"start_time":1612602998697},{"elapsed_time":663554,"segment":1,"interval":1,"start_time":1612603008684},{"elapsed_time":672552,"segment":1,"interval":1,"start_time":1612603017682},{"elapsed_time":682576,"segment":1,"interval":1,"start_time":1612603027706},{"elapsed_time":692550,"segment":1,"interval":1,"start_time":1612603037680},{"elapsed_time":694841,"segment":1,"interval":1,"start_time":1612603039971},{"elapsed_time":702558,"segment":1,"interval":1,"start_time":1612603047688},{"elapsed_time":712561,"segment":1,"interval":1,"start_time":1612603057691},{"elapsed_time":722562,"segment":1,"interval":1,"start_time":1612603067692},{"elapsed_time":731116,"segment":1,"interval":1,"start_time":1612603076246},{"elapsed_time":732563,"segment":1,"interval":1,"start_time":1612603077693},{"elapsed_time":742561,"segment":1,"interval":1,"start_time":1612603087691},{"elapsed_time":753569,"segment":1,"interval":1,"start_time":1612603098699},{"elapsed_time":760657,"segment":1,"interval":1,"start_time":1612603105787},{"elapsed_time":763563,"segment":1,"interval":1,"start_time":1612603108693},{"elapsed_time":772563,"segment":1,"interval":1,"start_time":1612603117693},{"elapsed_time":782562,"segment":1,"interval":1,"start_time":1612603127692},{"elapsed_time":790729,"segment":1,"interval":1,"start_time":1612603135859},{"elapsed_time":792560,"segment":1,"interval":1,"start_time":1612603137690},{"elapsed_time":802559,"segment":1,"interval":1,"start_time":1612603147689},{"elapsed_time":812550,"segment":1,"interval":1,"start_time":1612603157680},{"elapsed_time":816729,"segment":1,"interval":1,"start_time":1612603161859},{"elapsed_time":822553,"segment":1,"interval":1,"start_time":1612603167683},{"elapsed_time":832557,"segment":1,"interval":1,"start_time":1612603177687},{"elapsed_time":842554,"segment":1,"interval":1,"start_time":1612603187684},{"elapsed_time":842649,"segment":1,"interval":1,"start_time":1612603187779},{"elapsed_time":853557,"segment":1,"interval":1,"start_time":1612603198687},{"elapsed_time":859720,"segment":1,"interval":1,"start_time":1612603204850},{"elapsed_time":863554,"segment":1,"interval":1,"start_time":1612603208684},{"elapsed_time":872551,"segment":1,"interval":1,"start_time":1612603217681},{"elapsed_time":881545,"segment":1,"interval":1,"start_time":1612603226675},{"elapsed_time":883243,"segment":2,"interval":1,"start_time":1612605970073},{"elapsed_time":890274,"segment":2,"interval":1,"start_time":1612605977104},{"elapsed_time":896159,"segment":2,"interval":1,"start_time":1612605982989},{"elapsed_time":900276,"segment":2,"interval":1,"start_time":1612605987106},{"elapsed_time":900837,"segment":2,"interval":1,"start_time":1612605987667},{"elapsed_time":910278,"segment":2,"interval":1,"start_time":1612605997108},{"elapsed_time":910850,"segment":2,"interval":1,"start_time":1612605997680},{"elapsed_time":917987,"segment":2,"interval":1,"start_time":1612606004817},{"elapsed_time":920311,"segment":2,"interval":1,"start_time":1612606007141},{"elapsed_time":920856,"segment":2,"interval":1,"start_time":1612606007686},{"elapsed_time":922311,"segment":2,"interval":1,"start_time":1612606009141},{"elapsed_time":930314,"segment":2,"interval":1,"start_time":1612606017144},{"elapsed_time":931862,"segment":2,"interval":1,"start_time":1612606018692},{"elapsed_time":940317,"segment":2,"interval":1,"start_time":1612606027147},{"elapsed_time":940858,"segment":2,"interval":1,"start_time":1612606027688},{"elapsed_time":950333,"segment":2,"interval":1,"start_time":1612606037163},{"elapsed_time":950856,"segment":2,"interval":1,"start_time":1612606037686},{"elapsed_time":960334,"segment":2,"interval":1,"start_time":1612606047164},{"elapsed_time":960852,"segment":2,"interval":1,"start_time":1612606047682},{"elapsed_time":969541,"segment":2,"interval":1,"start_time":1612606056371},{"elapsed_time":970336,"segment":2,"interval":1,"start_time":1612606057166},{"elapsed_time":970855,"segment":2,"interval":1,"start_time":1612606057685},{"elapsed_time":980365,"segment":2,"interval":1,"start_time":1612606067195},{"elapsed_time":980862,"segment":2,"interval":1,"start_time":1612606067692},{"elapsed_time":990370,"segment":2,"interval":1,"start_time":1612606077200},{"elapsed_time":990857,"segment":2,"interval":1,"start_time":1612606077687},{"elapsed_time":1000374,"segment":2,"interval":1,"start_time":1612606087204},{"elapsed_time":1000861,"segment":2,"interval":1,"start_time":1612606087691},{"elapsed_time":1010390,"segment":2,"interval":1,"start_time":1612606097220},{"elapsed_time":1010869,"segment":2,"interval":1,"start_time":1612606097699},{"elapsed_time":1020406,"segment":2,"interval":1,"start_time":1612606107236},{"elapsed_time":1021866,"segment":2,"interval":1,"start_time":1612606108696},{"elapsed_time":1030412,"segment":2,"interval":1,"start_time":1612606117242},{"elapsed_time":1031091,"segment":2,"interval":1,"start_time":1612606117921},{"elapsed_time":1031863,"segment":2,"interval":1,"start_time":1612606118693},{"elapsed_time":1040868,"segment":2,"interval":1,"start_time":1612606127698},{"elapsed_time":1043397,"segment":2,"interval":1,"start_time":1612606130227},{"elapsed_time":1050433,"segment":2,"interval":1,"start_time":1612606137263},{"elapsed_time":1050877,"segment":2,"interval":1,"start_time":1612606137707},{"elapsed_time":1051232,"segment":2,"interval":1,"start_time":1612606138062},{"elapsed_time":1060434,"segment":2,"interval":1,"start_time":1612606147264},{"elapsed_time":1060873,"segment":2,"interval":1,"start_time":1612606147703},{"elapsed_time":1069355,"segment":2,"interval":1,"start_time":1612606156185},{"elapsed_time":1070436,"segment":2,"interval":1,"start_time":1612606157266},{"elapsed_time":1070871,"segment":2,"interval":1,"start_time":1612606157701},{"elapsed_time":1080462,"segment":2,"interval":1,"start_time":1612606167292},{"elapsed_time":1080869,"segment":2,"interval":1,"start_time":1612606167699},{"elapsed_time":1090464,"segment":2,"interval":1,"start_time":1612606177294},{"elapsed_time":1090870,"segment":2,"interval":1,"start_time":1612606177700},{"elapsed_time":1100468,"segment":2,"interval":1,"start_time":1612606187298},{"elapsed_time":1100863,"segment":2,"interval":1,"start_time":1612606187693},{"elapsed_time":1110536,"segment":2,"interval":1,"start_time":1612606197366},{"elapsed_time":1110869,"segment":2,"interval":1,"start_time":1612606197699},{"elapsed_time":1120537,"segment":2,"interval":1,"start_time":1612606207367},{"elapsed_time":1121874,"segment":2,"interval":1,"start_time":1612606208704},{"elapsed_time":1126926,"segment":2,"interval":1,"start_time":1612606213756},{"elapsed_time":1130539,"segment":2,"interval":1,"start_time":1612606217369},{"elapsed_time":1131867,"segment":2,"interval":1,"start_time":1612606218697},{"elapsed_time":1140519,"segment":2,"interval":1,"start_time":1612606227349},{"elapsed_time":1140862,"segment":2,"interval":1,"start_time":1612606227692},{"elapsed_time":1150520,"segment":2,"interval":1,"start_time":1612606237350},{"elapsed_time":1150864,"segment":2,"interval":1,"start_time":1612606237694},{"elapsed_time":1160525,"segment":2,"interval":1,"start_time":1612606247355},{"elapsed_time":1160865,"segment":2,"interval":1,"start_time":1612606247695},{"elapsed_time":1161043,"segment":2,"interval":1,"start_time":1612606247873},{"elapsed_time":1170551,"segment":2,"interval":1,"start_time":1612606257381},{"elapsed_time":1170866,"segment":2,"interval":1,"start_time":1612606257696},{"elapsed_time":1176044,"segment":2,"interval":1,"start_time":1612606262874},{"elapsed_time":1180553,"segment":2,"interval":1,"start_time":1612606267383},{"elapsed_time":1180860,"segment":2,"interval":1,"start_time":1612606267690},{"elapsed_time":1185217,"segment":2,"interval":1,"start_time":1612606272047},{"elapsed_time":1187011,"segment":2,"interval":1,"start_time":1612606273841},{"elapsed_time":1190555,"segment":2,"interval":1,"start_time":1612606277385},{"elapsed_time":1190866,"segment":2,"interval":1,"start_time":1612606277696},{"elapsed_time":1196687,"segment":2,"interval":1,"start_time":1612606283517},{"elapsed_time":1200577,"segment":2,"interval":1,"start_time":1612606287407},{"elapsed_time":1200872,"segment":2,"interval":1,"start_time":1612606287702},{"elapsed_time":1207551,"segment":2,"interval":1,"start_time":1612606294381},{"elapsed_time":1210580,"segment":2,"interval":1,"start_time":1612606297410},{"elapsed_time":1210863,"segment":2,"interval":1,"start_time":1612606297693},{"elapsed_time":1217157,"segment":2,"interval":1,"start_time":1612606303987},{"elapsed_time":1220583,"segment":2,"interval":1,"start_time":1612606307413},{"elapsed_time":1221857,"segment":2,"interval":1,"start_time":1612606308687},{"elapsed_time":1226931,"segment":2,"interval":1,"start_time":1612606313761},{"elapsed_time":1230605,"segment":2,"interval":1,"start_time":1612606317435},{"elapsed_time":1231858,"segment":2,"interval":1,"start_time":1612606318688},{"elapsed_time":1236327,"segment":2,"interval":1,"start_time":1612606323157},{"elapsed_time":1240609,"segment":2,"interval":1,"start_time":1612606327439},{"elapsed_time":1240863,"segment":2,"interval":1,"start_time":1612606327693},{"elapsed_time":1247359,"segment":2,"interval":1,"start_time":1612606334189},{"elapsed_time":1250612,"segment":2,"interval":1,"start_time":1612606337442},{"elapsed_time":1250862,"segment":2,"interval":1,"start_time":1612606337692},{"elapsed_time":1259941,"segment":2,"interval":1,"start_time":1612606346771},{"elapsed_time":1260637,"segment":2,"interval":1,"start_time":1612606347467},{"elapsed_time":1260872,"segment":2,"interval":1,"start_time":1612606347702},{"elapsed_time":1270638,"segment":2,"interval":1,"start_time":1612606357468},{"elapsed_time":1270865,"segment":2,"interval":1,"start_time":1612606357695},{"elapsed_time":1272564,"segment":2,"interval":1,"start_time":1612606359394},{"elapsed_time":1280639,"segment":2,"interval":1,"start_time":1612606367469},{"elapsed_time":1280861,"segment":2,"interval":1,"start_time":1612606367691},{"elapsed_time":1283513,"segment":2,"interval":1,"start_time":1612606370343},{"elapsed_time":1290664,"segment":2,"interval":1,"start_time":1612606377494},{"elapsed_time":1290867,"segment":2,"interval":1,"start_time":1612606377697},{"elapsed_time":1292985,"segment":2,"interval":1,"start_time":1612606379815},{"elapsed_time":1300666,"segment":2,"interval":1,"start_time":1612606387496},{"elapsed_time":1300894,"segment":2,"interval":1,"start_time":1612606387724},{"elapsed_time":1302752,"segment":2,"interval":1,"start_time":1612606389582},{"elapsed_time":1310670,"segment":2,"interval":1,"start_time":1612606397500},{"elapsed_time":1310864,"segment":2,"interval":1,"start_time":1612606397694},{"elapsed_time":1320693,"segment":2,"interval":1,"start_time":1612606407523},{"elapsed_time":1321862,"segment":2,"interval":1,"start_time":1612606408692},{"elapsed_time":1330695,"segment":2,"interval":1,"start_time":1612606417525},{"elapsed_time":1331866,"segment":2,"interval":1,"start_time":1612606418696},{"elapsed_time":1338279,"segment":2,"interval":1,"start_time":1612606425109},{"elapsed_time":1340696,"segment":2,"interval":1,"start_time":1612606427526},{"elapsed_time":1340861,"segment":2,"interval":1,"start_time":1612606427691},{"elapsed_time":1350723,"segment":2,"interval":1,"start_time":1612606437553},{"elapsed_time":1350863,"segment":2,"interval":1,"start_time":1612606437693},{"elapsed_time":1354010,"segment":2,"interval":1,"start_time":1612606440840},{"elapsed_time":1360725,"segment":2,"interval":1,"start_time":1612606447555},{"elapsed_time":1360860,"segment":2,"interval":1,"start_time":1612606447690},{"elapsed_time":1370726,"segment":2,"interval":1,"start_time":1612606457556},{"elapsed_time":1370856,"segment":2,"interval":1,"start_time":1612606457686},{"elapsed_time":1371135,"segment":2,"interval":1,"start_time":1612606457965},{"elapsed_time":1380748,"segment":2,"interval":1,"start_time":1612606467578},{"elapsed_time":1380857,"segment":2,"interval":1,"start_time":1612606467687},{"elapsed_time":1390748,"segment":2,"interval":1,"start_time":1612606477578},{"elapsed_time":1390857,"segment":2,"interval":1,"start_time":1612606477687},{"elapsed_time":1400867,"segment":2,"interval":1,"start_time":1612606487697},{"elapsed_time":1402799,"segment":2,"interval":1,"start_time":1612606489629}]