[{"elapsed_time":4290,"segment":0,"interval":1,"start_time":1611575978000},{"elapsed_time":5290,"segment":0,"interval":1,"start_time":1611575979000},{"elapsed_time":6290,"segment":0,"interval":1,"start_time":1611575980000},{"elapsed_time":8290,"segment":0,"interval":1,"start_time":1611575982000},{"elapsed_time":10290,"segment":0,"interval":1,"start_time":1611575984000},{"elapsed_time":12290,"segment":0,"interval":1,"start_time":1611575986000},{"elapsed_time":14290,"segment":0,"interval":1,"start_time":1611575988000},{"elapsed_time":16290,"segment":0,"interval":1,"start_time":1611575990000},{"elapsed_time":18290,"segment":0,"interval":1,"start_time":1611575992000},{"elapsed_time":20290,"segment":0,"interval":1,"start_time":1611575994000},{"elapsed_time":22290,"segment":0,"interval":1,"start_time":1611575996000},{"elapsed_time":24290,"segment":0,"interval":1,"start_time":1611575998000},{"elapsed_time":26290,"segment":0,"interval":1,"start_time":1611576000000},{"elapsed_time":28290,"segment":0,"interval":1,"start_time":1611576002000},{"elapsed_time":30290,"segment":0,"interval":1,"start_time":1611576004000},{"elapsed_time":32290,"segment":0,"interval":1,"start_time":1611576006000},{"elapsed_time":34290,"segment":0,"interval":1,"start_time":1611576008000},{"elapsed_time":36290,"segment":0,"interval":1,"start_time":1611576010000},{"elapsed_time":38290,"segment":0,"interval":1,"start_time":1611576012000},{"elapsed_time":40290,"segment":0,"interval":1,"start_time":1611576014000},{"elapsed_time":42290,"segment":0,"interval":1,"start_time":1611576016000},{"elapsed_time":44290,"segment":0,"interval":1,"start_time":1611576018000},{"elapsed_time":46290,"segment":0,"interval":1,"start_time":1611576020000},{"elapsed_time":48290,"segment":0,"interval":1,"start_time":1611576022000},{"elapsed_time":50290,"segment":0,"interval":1,"start_time":1611576024000},{"elapsed_time":52290,"segment":0,"interval":1,"start_time":1611576026000},{"elapsed_time":54290,"segment":0,"interval":1,"start_time":1611576028000},{"elapsed_time":56290,"segment":0,"interval":1,"start_time":1611576030000},{"elapsed_time":58290,"segment":0,"interval":1,"start_time":1611576032000},{"elapsed_time":60290,"segment":0,"interval":1,"start_time":1611576034000},{"elapsed_time":62290,"segment":0,"interval":1,"start_time":1611576036000},{"elapsed_time":64290,"segment":0,"interval":1,"start_time":1611576038000},{"elapsed_time":66290,"segment":0,"interval":1,"start_time":1611576040000},{"elapsed_time":68290,"segment":0,"interval":1,"start_time":1611576042000},{"elapsed_time":70290,"segment":0,"interval":1,"start_time":1611576044000},{"elapsed_time":72290,"segment":0,"interval":1,"start_time":1611576046000},{"elapsed_time":74290,"segment":0,"interval":1,"start_time":1611576048000},{"elapsed_time":76290,"segment":0,"interval":1,"start_time":1611576050000},{"elapsed_time":78290,"segment":0,"interval":1,"start_time":1611576052000},{"elapsed_time":80290,"segment":0,"interval":1,"start_time":1611576054000},{"elapsed_time":82290,"segment":0,"interval":1,"start_time":1611576056000},{"elapsed_time":84290,"segment":0,"interval":1,"start_time":1611576058000},{"elapsed_time":86290,"segment":0,"interval":1,"start_time":1611576060000},{"elapsed_time":88290,"segment":0,"interval":1,"start_time":1611576062000},{"elapsed_time":90290,"segment":0,"interval":1,"start_time":1611576064000},{"elapsed_time":92290,"segment":0,"interval":1,"start_time":1611576066000},{"elapsed_time":94290,"segment":0,"interval":1,"start_time":1611576068000},{"elapsed_time":97290,"segment":0,"interval":1,"start_time":1611576071000},{"elapsed_time":99290,"segment":0,"interval":1,"start_time":1611576073000},{"elapsed_time":102290,"segment":0,"interval":1,"start_time":1611576076000},{"elapsed_time":104290,"segment":0,"interval":1,"start_time":1611576078000},{"elapsed_time":106290,"segment":0,"interval":1,"start_time":1611576080000},{"elapsed_time":108290,"segment":0,"interval":1,"start_time":1611576082000},{"elapsed_time":111290,"segment":0,"interval":1,"start_time":1611576085000},{"elapsed_time":113290,"segment":0,"interval":1,"start_time":1611576087000},{"elapsed_time":115290,"segment":0,"interval":1,"start_time":1611576089000},{"elapsed_time":117290,"segment":0,"interval":1,"start_time":1611576091000},{"elapsed_time":119290,"segment":0,"interval":1,"start_time":1611576093000},{"elapsed_time":121290,"segment":0,"interval":1,"start_time":1611576095000},{"elapsed_time":123290,"segment":0,"interval":1,"start_time":1611576097000},{"elapsed_time":125290,"segment":0,"interval":1,"start_time":1611576099000},{"elapsed_time":127290,"segment":0,"interval":1,"start_time":1611576101000},{"elapsed_time":129290,"segment":0,"interval":1,"start_time":1611576103000},{"elapsed_time":131290,"segment":0,"interval":1,"start_time":1611576105000},{"elapsed_time":133290,"segment":0,"interval":1,"start_time":1611576107000},{"elapsed_time":135290,"segment":0,"interval":1,"start_time":1611576109000},{"elapsed_time":137290,"segment":0,"interval":1,"start_time":1611576111000},{"elapsed_time":139290,"segment":0,"interval":1,"start_time":1611576113000},{"elapsed_time":141290,"segment":0,"interval":1,"start_time":1611576115000},{"elapsed_time":143290,"segment":0,"interval":1,"start_time":1611576117000},{"elapsed_time":145290,"segment":0,"interval":1,"start_time":1611576119000},{"elapsed_time":147290,"segment":0,"interval":1,"start_time":1611576121000},{"elapsed_time":149290,"segment":0,"interval":1,"start_time":1611576123000},{"elapsed_time":151290,"segment":0,"interval":1,"start_time":1611576125000},{"elapsed_time":153290,"segment":0,"interval":1,"start_time":1611576127000},{"elapsed_time":155290,"segment":0,"interval":1,"start_time":1611576129000},{"elapsed_time":157290,"segment":0,"interval":1,"start_time":1611576131000},{"elapsed_time":159290,"segment":0,"interval":1,"start_time":1611576133000},{"elapsed_time":161290,"segment":0,"interval":1,"start_time":1611576135000},{"elapsed_time":163290,"segment":0,"interval":1,"start_time":1611576137000},{"elapsed_time":165290,"segment":0,"interval":1,"start_time":1611576139000},{"elapsed_time":167290,"segment":0,"interval":1,"start_time":1611576141000},{"elapsed_time":169290,"segment":0,"interval":1,"start_time":1611576143000},{"elapsed_time":171290,"segment":0,"interval":1,"start_time":1611576145000},{"elapsed_time":173290,"segment":0,"interval":1,"start_time":1611576147000},{"elapsed_time":175290,"segment":0,"interval":1,"start_time":1611576149000},{"elapsed_time":177290,"segment":0,"interval":1,"start_time":1611576151000},{"elapsed_time":179290,"segment":0,"interval":1,"start_time":1611576153000},{"elapsed_time":181290,"segment":0,"interval":1,"start_time":1611576155000},{"elapsed_time":183290,"segment":0,"interval":1,"start_time":1611576157000},{"elapsed_time":185290,"segment":0,"interval":1,"start_time":1611576159000},{"elapsed_time":187290,"segment":0,"interval":1,"start_time":1611576161000},{"elapsed_time":191290,"segment":0,"interval":1,"start_time":1611576165000},{"elapsed_time":194290,"segment":0,"interval":1,"start_time":1611576168000},{"elapsed_time":196290,"segment":0,"interval":1,"start_time":1611576170000},{"elapsed_time":199290,"segment":0,"interval":1,"start_time":1611576173000},{"elapsed_time":201290,"segment":0,"interval":1,"start_time":1611576175000},{"elapsed_time":203290,"segment":0,"interval":1,"start_time":1611576177000},{"elapsed_time":206290,"segment":0,"interval":1,"start_time":1611576180000},{"elapsed_time":208290,"segment":0,"interval":1,"start_time":1611576182000},{"elapsed_time":210290,"segment":0,"interval":1,"start_time":1611576184000},{"elapsed_time":212290,"segment":0,"interval":1,"start_time":1611576186000},{"elapsed_time":214290,"segment":0,"interval":1,"start_time":1611576188000},{"elapsed_time":216290,"segment":0,"interval":1,"start_time":1611576190000},{"elapsed_time":218290,"segment":0,"interval":1,"start_time":1611576192000},{"elapsed_time":220290,"segment":0,"interval":1,"start_time":1611576209580},{"elapsed_time":224710,"segment":1,"interval":1,"start_time":1611576214000},{"elapsed_time":227710,"segment":1,"interval":1,"start_time":1611576217000},{"elapsed_time":229710,"segment":1,"interval":1,"start_time":1611576219000},{"elapsed_time":231710,"segment":1,"interval":1,"start_time":1611576221000},{"elapsed_time":233710,"segment":1,"interval":1,"start_time":1611576223000},{"elapsed_time":235710,"segment":1,"interval":1,"start_time":1611576225000},{"elapsed_time":237710,"segment":1,"interval":1,"start_time":1611576227000},{"elapsed_time":239710,"segment":1,"interval":1,"start_time":1611576229000},{"elapsed_time":241710,"segment":1,"interval":1,"start_time":1611576231000},{"elapsed_time":243710,"segment":1,"interval":1,"start_time":1611576233000},{"elapsed_time":245710,"segment":1,"interval":1,"start_time":1611576235000},{"elapsed_time":247710,"segment":1,"interval":1,"start_time":1611576237000},{"elapsed_time":249710,"segment":1,"interval":1,"start_time":1611576239000},{"elapsed_time":251710,"segment":1,"interval":1,"start_time":1611576241000},{"elapsed_time":253710,"segment":1,"interval":1,"start_time":1611576243000},{"elapsed_time":255710,"segment":1,"interval":1,"start_time":1611576245000},{"elapsed_time":257710,"segment":1,"interval":1,"start_time":1611576247000},{"elapsed_time":259710,"segment":1,"interval":1,"start_time":1611576249000},{"elapsed_time":261710,"segment":1,"interval":1,"start_time":1611576251000},{"elapsed_time":263710,"segment":1,"interval":1,"start_time":1611576253000},{"elapsed_time":265710,"segment":1,"interval":1,"start_time":1611576255000},{"elapsed_time":267710,"segment":1,"interval":1,"start_time":1611576257000},{"elapsed_time":268710,"segment":1,"interval":1,"start_time":1611576258000},{"elapsed_time":270710,"segment":1,"interval":1,"start_time":1611576260000},{"elapsed_time":272710,"segment":1,"interval":1,"start_time":1611576262000},{"elapsed_time":274710,"segment":1,"interval":1,"start_time":1611576264000},{"elapsed_time":276710,"segment":1,"interval":1,"start_time":1611576266000},{"elapsed_time":278710,"segment":1,"interval":1,"start_time":1611576268000},{"elapsed_time":280710,"segment":1,"interval":1,"start_time":1611576270000},{"elapsed_time":282710,"segment":1,"interval":1,"start_time":1611576272000},{"elapsed_time":284710,"segment":1,"interval":1,"start_time":1611576274000},{"elapsed_time":286710,"segment":1,"interval":1,"start_time":1611576276000},{"elapsed_time":288710,"segment":1,"interval":1,"start_time":1611576278000},{"elapsed_time":290710,"segment":1,"interval":1,"start_time":1611576280000},{"elapsed_time":292710,"segment":1,"interval":1,"start_time":1611576282000},{"elapsed_time":295710,"segment":1,"interval":1,"start_time":1611576285000},{"elapsed_time":300710,"segment":1,"interval":1,"start_time":1611576290000},{"elapsed_time":303710,"segment":1,"interval":1,"start_time":1611576293000},{"elapsed_time":305710,"segment":1,"interval":1,"start_time":1611576295000},{"elapsed_time":307710,"segment":1,"interval":1,"start_time":1611576297000},{"elapsed_time":309710,"segment":1,"interval":1,"start_time":1611576299000},{"elapsed_time":311710,"segment":1,"interval":1,"start_time":1611576301000},{"elapsed_time":313710,"segment":1,"interval":1,"start_time":1611576303000},{"elapsed_time":315710,"segment":1,"interval":1,"start_time":1611576305000},{"elapsed_time":317710,"segment":1,"interval":1,"start_time":1611576307000},{"elapsed_time":319710,"segment":1,"interval":1,"start_time":1611576309000},{"elapsed_time":322710,"segment":1,"interval":1,"start_time":1611576312000},{"elapsed_time":325710,"segment":1,"interval":1,"start_time":1611576315000},{"elapsed_time":327710,"segment":1,"interval":1,"start_time":1611576317000},{"elapsed_time":329710,"segment":1,"interval":1,"start_time":1611576319000},{"elapsed_time":331710,"segment":1,"interval":1,"start_time":1611576321000},{"elapsed_time":333710,"segment":1,"interval":1,"start_time":1611576323000},{"elapsed_time":335710,"segment":1,"interval":1,"start_time":1611576325000},{"elapsed_time":337710,"segment":1,"interval":1,"start_time":1611576327000},{"elapsed_time":339710,"segment":1,"interval":1,"start_time":1611576329000},{"elapsed_time":341710,"segment":1,"interval":1,"start_time":1611576331000},{"elapsed_time":343710,"segment":1,"interval":1,"start_time":1611576333000},{"elapsed_time":345710,"segment":1,"interval":1,"start_time":1611576335000},{"elapsed_time":347710,"segment":1,"interval":1,"start_time":1611576337000},{"elapsed_time":349710,"segment":1,"interval":1,"start_time":1611576339000},{"elapsed_time":351710,"segment":1,"interval":1,"start_time":1611576341000},{"elapsed_time":353710,"segment":1,"interval":1,"start_time":1611576343000},{"elapsed_time":355710,"segment":1,"interval":1,"start_time":1611576345000},{"elapsed_time":357710,"segment":1,"interval":1,"start_time":1611576347000},{"elapsed_time":359710,"segment":1,"interval":1,"start_time":1611576349000},{"elapsed_time":361710,"segment":1,"interval":1,"start_time":1611576351000},{"elapsed_time":363710,"segment":1,"interval":1,"start_time":1611576353000},{"elapsed_time":365710,"segment":1,"interval":1,"start_time":1611576355000},{"elapsed_time":368710,"segment":1,"interval":1,"start_time":1611576358000},{"elapsed_time":371710,"segment":1,"interval":1,"start_time":1611576361000},{"elapsed_time":374710,"segment":1,"interval":1,"start_time":1611576364000},{"elapsed_time":376710,"segment":1,"interval":1,"start_time":1611576366000},{"elapsed_time":378710,"segment":1,"interval":1,"start_time":1611576368000},{"elapsed_time":380710,"segment":1,"interval":1,"start_time":1611576370000},{"elapsed_time":382710,"segment":1,"interval":1,"start_time":1611576372000},{"elapsed_time":384710,"segment":1,"interval":1,"start_time":1611576374000},{"elapsed_time":386710,"segment":1,"interval":1,"start_time":1611576376000},{"elapsed_time":388710,"segment":1,"interval":1,"start_time":1611576378000},{"elapsed_time":390710,"segment":1,"interval":1,"start_time":1611576380000},{"elapsed_time":392710,"segment":1,"interval":1,"start_time":1611576382000},{"elapsed_time":394710,"segment":1,"interval":1,"start_time":1611576384000},{"elapsed_time":396710,"segment":1,"interval":1,"start_time":1611576386000},{"elapsed_time":398710,"segment":1,"interval":1,"start_time":1611576388000},{"elapsed_time":400710,"segment":1,"interval":1,"start_time":1611576390000},{"elapsed_time":402710,"segment":1,"interval":1,"start_time":1611576392000},{"elapsed_time":404710,"segment":1,"interval":1,"start_time":1611576394000},{"elapsed_time":406710,"segment":1,"interval":1,"start_time":1611576396000},{"elapsed_time":411280,"segment":2,"interval":1,"start_time":1611576418000},{"elapsed_time":414280,"segment":2,"interval":1,"start_time":1611576421000},{"elapsed_time":416280,"segment":2,"interval":1,"start_time":1611576423000},{"elapsed_time":418280,"segment":2,"interval":1,"start_time":1611576425000},{"elapsed_time":420280,"segment":2,"interval":1,"start_time":1611576427000},{"elapsed_time":422280,"segment":2,"interval":1,"start_time":1611576429000},{"elapsed_time":424280,"segment":2,"interval":1,"start_time":1611576431000},{"elapsed_time":426280,"segment":2,"interval":1,"start_time":1611576433000},{"elapsed_time":428280,"segment":2,"interval":1,"start_time":1611576435000},{"elapsed_time":430280,"segment":2,"interval":1,"start_time":1611576437000},{"elapsed_time":432280,"segment":2,"interval":1,"start_time":1611576439000},{"elapsed_time":434280,"segment":2,"interval":1,"start_time":1611576441000},{"elapsed_time":436280,"segment":2,"interval":1,"start_time":1611576443000},{"elapsed_time":438280,"segment":2,"interval":1,"start_time":1611576445000},{"elapsed_time":440280,"segment":2,"interval":1,"start_time":1611576447000},{"elapsed_time":442280,"segment":2,"interval":1,"start_time":1611576449000},{"elapsed_time":444280,"segment":2,"interval":1,"start_time":1611576451000},{"elapsed_time":446280,"segment":2,"interval":1,"start_time":1611576453000},{"elapsed_time":448280,"segment":2,"interval":1,"start_time":1611576455000},{"elapsed_time":450280,"segment":2,"interval":1,"start_time":1611576457000},{"elapsed_time":452280,"segment":2,"interval":1,"start_time":1611576459000},{"elapsed_time":454280,"segment":2,"interval":1,"start_time":1611576461000},{"elapsed_time":456280,"segment":2,"interval":1,"start_time":1611576463000},{"elapsed_time":458280,"segment":2,"interval":1,"start_time":1611576465000},{"elapsed_time":460280,"segment":2,"interval":1,"start_time":1611576467000},{"elapsed_time":462280,"segment":2,"interval":1,"start_time":1611576469000},{"elapsed_time":464280,"segment":2,"interval":1,"start_time":1611576471000},{"elapsed_time":466280,"segment":2,"interval":1,"start_time":1611576473000},{"elapsed_time":468280,"segment":2,"interval":1,"start_time":1611576475000},{"elapsed_time":470280,"segment":2,"interval":1,"start_time":1611576477000},{"elapsed_time":472280,"segment":2,"interval":1,"start_time":1611576479000},{"elapsed_time":474280,"segment":2,"interval":1,"start_time":1611576481000},{"elapsed_time":476280,"segment":2,"interval":1,"start_time":1611576483000},{"elapsed_time":478280,"segment":2,"interval":1,"start_time":1611576485000},{"elapsed_time":480280,"segment":2,"interval":1,"start_time":1611576487000},{"elapsed_time":482280,"segment":2,"interval":1,"start_time":1611576489000},{"elapsed_time":484280,"segment":2,"interval":1,"start_time":1611576491000},{"elapsed_time":486280,"segment":2,"interval":1,"start_time":1611576493000},{"elapsed_time":488280,"segment":2,"interval":1,"start_time":1611576495000},{"elapsed_time":490280,"segment":2,"interval":1,"start_time":1611576497000},{"elapsed_time":492280,"segment":2,"interval":1,"start_time":1611576499000},{"elapsed_time":494280,"segment":2,"interval":1,"start_time":1611576501000},{"elapsed_time":496280,"segment":2,"interval":1,"start_time":1611576503000},{"elapsed_time":498280,"segment":2,"interval":1,"start_time":1611576505000},{"elapsed_time":500280,"segment":2,"interval":1,"start_time":1611576507000},{"elapsed_time":502280,"segment":2,"interval":1,"start_time":1611576509000},{"elapsed_time":504280,"segment":2,"interval":1,"start_time":1611576511000},{"elapsed_time":506280,"segment":2,"interval":1,"start_time":1611576513000},{"elapsed_time":508280,"segment":2,"interval":1,"start_time":1611576515000},{"elapsed_time":510280,"segment":2,"interval":1,"start_time":1611576517000},{"elapsed_time":512280,"segment":2,"interval":1,"start_time":1611576519000},{"elapsed_time":514280,"segment":2,"interval":1,"start_time":1611576521000},{"elapsed_time":516280,"segment":2,"interval":1,"start_time":1611576523000},{"elapsed_time":518280,"segment":2,"interval":1,"start_time":1611576525000},{"elapsed_time":520280,"segment":2,"interval":1,"start_time":1611576527000},{"elapsed_time":522280,"segment":2,"interval":1,"start_time":1611576529000},{"elapsed_time":524280,"segment":2,"interval":1,"start_time":1611576531000},{"elapsed_time":526280,"segment":2,"interval":1,"start_time":1611576533000},{"elapsed_time":528280,"segment":2,"interval":1,"start_time":1611576535000},{"elapsed_time":530280,"segment":2,"interval":1,"start_time":1611576537000},{"elapsed_time":532280,"segment":2,"interval":1,"start_time":1611576539000},{"elapsed_time":535280,"segment":2,"interval":1,"start_time":1611576542000},{"elapsed_time":538280,"segment":2,"interval":1,"start_time":1611576545000},{"elapsed_time":541280,"segment":2,"interval":1,"start_time":1611576548000},{"elapsed_time":543280,"segment":2,"interval":1,"start_time":1611576550000},{"elapsed_time":545280,"segment":2,"interval":1,"start_time":1611576552000},{"elapsed_time":547280,"segment":2,"interval":1,"start_time":1611576554000},{"elapsed_time":549280,"segment":2,"interval":1,"start_time":1611576556000},{"elapsed_time":551280,"segment":2,"interval":1,"start_time":1611576558000},{"elapsed_time":553280,"segment":2,"interval":1,"start_time":1611576560000},{"elapsed_time":555280,"segment":2,"interval":1,"start_time":1611576562000},{"elapsed_time":557280,"segment":2,"interval":1,"start_time":1611576564000},{"elapsed_time":559280,"segment":2,"interval":1,"start_time":1611576566000},{"elapsed_time":561280,"segment":2,"interval":1,"start_time":1611576568000},{"elapsed_time":563280,"segment":2,"interval":1,"start_time":1611576570000},{"elapsed_time":565280,"segment":2,"interval":1,"start_time":1611576572000},{"elapsed_time":567280,"segment":2,"interval":1,"start_time":1611576574000},{"elapsed_time":569280,"segment":2,"interval":1,"start_time":1611576576000},{"elapsed_time":571280,"segment":2,"interval":1,"start_time":1611576578000},{"elapsed_time":573280,"segment":2,"interval":1,"start_time":1611576580000},{"elapsed_time":575280,"segment":2,"interval":1,"start_time":1611576582000},{"elapsed_time":577280,"segment":2,"interval":1,"start_time":1611576584000},{"elapsed_time":579280,"segment":2,"interval":1,"start_time":1611576586000},{"elapsed_time":581280,"segment":2,"interval":1,"start_time":1611576588000},{"elapsed_time":583280,"segment":2,"interval":1,"start_time":1611576590000},{"elapsed_time":585280,"segment":2,"interval":1,"start_time":1611576592000},{"elapsed_time":587280,"segment":2,"interval":1,"start_time":1611576594000},{"elapsed_time":589280,"segment":2,"interval":1,"start_time":1611576596000},{"elapsed_time":591280,"segment":2,"interval":1,"start_time":1611576598000},{"elapsed_time":593280,"segment":2,"interval":1,"start_time":1611576600000},{"elapsed_time":595280,"segment":2,"interval":1,"start_time":1611576602000},{"elapsed_time":597280,"segment":2,"interval":1,"start_time":1611576604000},{"elapsed_time":599280,"segment":2,"interval":1,"start_time":1611576606000},{"elapsed_time":601280,"segment":2,"interval":1,"start_time":1611576608000},{"elapsed_time":603280,"segment":2,"interval":1,"start_time":1611576610000},{"elapsed_time":605280,"segment":2,"interval":1,"start_time":1611576612000},{"elapsed_time":607280,"segment":2,"interval":1,"start_time":1611576614000},{"elapsed_time":609280,"segment":2,"interval":1,"start_time":1611576616000},{"elapsed_time":611280,"segment":2,"interval":1,"start_time":1611576618000},{"elapsed_time":613280,"segment":2,"interval":1,"start_time":1611576620000},{"elapsed_time":615280,"segment":2,"interval":1,"start_time":1611576622000},{"elapsed_time":617280,"segment":2,"interval":1,"start_time":1611576624000},{"elapsed_time":619280,"segment":2,"interval":1,"start_time":1611576626000},{"elapsed_time":621280,"segment":2,"interval":1,"start_time":1611576628000},{"elapsed_time":623280,"segment":2,"interval":1,"start_time":1611576630000},{"elapsed_time":625280,"segment":2,"interval":1,"start_time":1611576632000},{"elapsed_time":627280,"segment":2,"interval":1,"start_time":1611576634000},{"elapsed_time":629280,"segment":2,"interval":1,"start_time":1611576636000},{"elapsed_time":631280,"segment":2,"interval":1,"start_time":1611576638000},{"elapsed_time":633280,"segment":2,"interval":1,"start_time":1611576640000},{"elapsed_time":635280,"segment":2,"interval":1,"start_time":1611576642000},{"elapsed_time":637280,"segment":2,"interval":1,"start_time":1611576644000},{"elapsed_time":640280,"segment":2,"interval":1,"start_time":1611576647000},{"elapsed_time":642280,"segment":2,"interval":1,"start_time":1611576649000},{"elapsed_time":645280,"segment":2,"interval":1,"start_time":1611576652000},{"elapsed_time":647280,"segment":2,"interval":1,"start_time":1611576654000},{"elapsed_time":649280,"segment":2,"interval":1,"start_time":1611576656000},{"elapsed_time":651280,"segment":2,"interval":1,"start_time":1611576658000},{"elapsed_time":653280,"segment":2,"interval":1,"start_time":1611576660000},{"elapsed_time":656280,"segment":2,"interval":1,"start_time":1611576663000},{"elapsed_time":658280,"segment":2,"interval":1,"start_time":1611576665000},{"elapsed_time":660280,"segment":2,"interval":1,"start_time":1611576667000},{"elapsed_time":662280,"segment":2,"interval":1,"start_time":1611576669000},{"elapsed_time":664280,"segment":2,"interval":1,"start_time":1611576671000},{"elapsed_time":666280,"segment":2,"interval":1,"start_time":1611576673000},{"elapsed_time":668280,"segment":2,"interval":1,"start_time":1611576675000},{"elapsed_time":670280,"segment":2,"interval":1,"start_time":1611576677000},{"elapsed_time":672280,"segment":2,"interval":1,"start_time":1611576679000},{"elapsed_time":674280,"segment":2,"interval":1,"start_time":1611576681000},{"elapsed_time":676280,"segment":2,"interval":1,"start_time":1611576683000},{"elapsed_time":678280,"segment":2,"interval":1,"start_time":1611576685000},{"elapsed_time":680280,"segment":2,"interval":1,"start_time":1611576687000},{"elapsed_time":682280,"segment":2,"interval":1,"start_time":1611576689000},{"elapsed_time":684280,"segment":2,"interval":1,"start_time":1611576691000},{"elapsed_time":686280,"segment":2,"interval":1,"start_time":1611576693000},{"elapsed_time":688280,"segment":2,"interval":1,"start_time":1611576695000},{"elapsed_time":690280,"segment":2,"interval":1,"start_time":1611576697000},{"elapsed_time":693280,"segment":2,"interval":1,"start_time":1611576700000},{"elapsed_time":695280,"segment":2,"interval":1,"start_time":1611576702000},{"elapsed_time":697280,"segment":2,"interval":1,"start_time":1611576704000},{"elapsed_time":699280,"segment":2,"interval":1,"start_time":1611576706000},{"elapsed_time":701280,"segment":2,"interval":1,"start_time":1611576708000},{"elapsed_time":703280,"segment":2,"interval":1,"start_time":1611576710000},{"elapsed_time":705280,"segment":2,"interval":1,"start_time":1611576712000},{"elapsed_time":707280,"segment":2,"interval":1,"start_time":1611576714000},{"elapsed_time":709280,"segment":2,"interval":1,"start_time":1611576716000},{"elapsed_time":711280,"segment":2,"interval":1,"start_time":1611576718000},{"elapsed_time":713280,"segment":2,"interval":1,"start_time":1611576720000},{"elapsed_time":715280,"segment":2,"interval":1,"start_time":1611576722000},{"elapsed_time":717280,"segment":2,"interval":1,"start_time":1611576724000},{"elapsed_time":719280,"segment":2,"interval":1,"start_time":1611576726000},{"elapsed_time":721280,"segment":2,"interval":1,"start_time":1611576728000},{"elapsed_time":724280,"segment":2,"interval":1,"start_time":1611576731000},{"elapsed_time":727280,"segment":2,"interval":1,"start_time":1611576734000},{"elapsed_time":729280,"segment":2,"interval":1,"start_time":1611576736000},{"elapsed_time":731280,"segment":2,"interval":1,"start_time":1611576738000},{"elapsed_time":733280,"segment":2,"interval":1,"start_time":1611576740000},{"elapsed_time":735280,"segment":2,"interval":1,"start_time":1611576742000},{"elapsed_time":737280,"segment":2,"interval":1,"start_time":1611576744000},{"elapsed_time":739280,"segment":2,"interval":1,"start_time":1611576746000},{"elapsed_time":741280,"segment":2,"interval":1,"start_time":1611576748000},{"elapsed_time":743280,"segment":2,"interval":1,"start_time":1611576750000},{"elapsed_time":745280,"segment":2,"interval":1,"start_time":1611576752000},{"elapsed_time":747280,"segment":2,"interval":1,"start_time":1611576754000},{"elapsed_time":749280,"segment":2,"interval":1,"start_time":1611576756000},{"elapsed_time":751280,"segment":2,"interval":1,"start_time":1611576758000},{"elapsed_time":753280,"segment":2,"interval":1,"start_time":1611576760000},{"elapsed_time":756280,"segment":2,"interval":1,"start_time":1611576763000},{"elapsed_time":758280,"segment":2,"interval":1,"start_time":1611576765000},{"elapsed_time":760280,"segment":2,"interval":1,"start_time":1611576767000},{"elapsed_time":762280,"segment":2,"interval":1,"start_time":1611576769000},{"elapsed_time":764280,"segment":2,"interval":1,"start_time":1611576771000},{"elapsed_time":766280,"segment":2,"interval":1,"start_time":1611576773000},{"elapsed_time":768280,"segment":2,"interval":1,"start_time":1611576775000},{"elapsed_time":770280,"segment":2,"interval":1,"start_time":1611576777000},{"elapsed_time":772280,"segment":2,"interval":1,"start_time":1611576779000},{"elapsed_time":774280,"segment":2,"interval":1,"start_time":1611576781000},{"elapsed_time":776280,"segment":2,"interval":1,"start_time":1611576783000},{"elapsed_time":778280,"segment":2,"interval":1,"start_time":1611576785000},{"elapsed_time":780280,"segment":2,"interval":1,"start_time":1611576787000},{"elapsed_time":782280,"segment":2,"interval":1,"start_time":1611576789000},{"elapsed_time":784280,"segment":2,"interval":1,"start_time":1611576791000},{"elapsed_time":786280,"segment":2,"interval":1,"start_time":1611576793000},{"elapsed_time":788280,"segment":2,"interval":1,"start_time":1611576795000},{"elapsed_time":790280,"segment":2,"interval":1,"start_time":1611576797000},{"elapsed_time":792280,"segment":2,"interval":1,"start_time":1611576799000},{"elapsed_time":794280,"segment":2,"interval":1,"start_time":1611576801000},{"elapsed_time":796280,"segment":2,"interval":1,"start_time":1611576803000},{"elapsed_time":798280,"segment":2,"interval":1,"start_time":1611576805000},{"elapsed_time":800280,"segment":2,"interval":1,"start_time":1611576807000},{"elapsed_time":802280,"segment":2,"interval":1,"start_time":1611576809000},{"elapsed_time":804280,"segment":2,"interval":1,"start_time":1611576811000},{"elapsed_time":806280,"segment":2,"interval":1,"start_time":1611576813000},{"elapsed_time":808280,"segment":2,"interval":1,"start_time":1611576815000},{"elapsed_time":810280,"segment":2,"interval":1,"start_time":1611576817000},{"elapsed_time":813280,"segment":2,"interval":1,"start_time":1611576820000},{"elapsed_time":815280,"segment":2,"interval":1,"start_time":1611576822000},{"elapsed_time":817280,"segment":2,"interval":1,"start_time":1611576824000},{"elapsed_time":819280,"segment":2,"interval":1,"start_time":1611576826000},{"elapsed_time":821280,"segment":2,"interval":1,"start_time":1611576828000},{"elapsed_time":823280,"segment":2,"interval":1,"start_time":1611576830000},{"elapsed_time":825280,"segment":2,"interval":1,"start_time":1611576832000},{"elapsed_time":828280,"segment":2,"interval":1,"start_time":1611576835000},{"elapsed_time":830280,"segment":2,"interval":1,"start_time":1611576837000},{"elapsed_time":832280,"segment":2,"interval":1,"start_time":1611576839000},{"elapsed_time":835280,"segment":2,"interval":1,"start_time":1611576842000},{"elapsed_time":837280,"segment":2,"interval":1,"start_time":1611576844000},{"elapsed_time":839280,"segment":2,"interval":1,"start_time":1611576846000},{"elapsed_time":841280,"segment":2,"interval":1,"start_time":1611576848000},{"elapsed_time":844280,"segment":2,"interval":1,"start_time":1611576851000},{"elapsed_time":846280,"segment":2,"interval":1,"start_time":1611576853000},{"elapsed_time":848280,"segment":2,"interval":1,"start_time":1611576855000},{"elapsed_time":850280,"segment":2,"interval":1,"start_time":1611576857000},{"elapsed_time":852280,"segment":2,"interval":1,"start_time":1611576859000},{"elapsed_time":854280,"segment":2,"interval":1,"start_time":1611576861000},{"elapsed_time":856280,"segment":2,"interval":1,"start_time":1611576863000},{"elapsed_time":858280,"segment":2,"interval":1,"start_time":1611576865000},{"elapsed_time":860280,"segment":2,"interval":1,"start_time":1611576867000},{"elapsed_time":862280,"segment":2,"interval":1,"start_time":1611576869000},{"elapsed_time":864280,"segment":2,"interval":1,"start_time":1611576871000},{"elapsed_time":867280,"segment":2,"interval":1,"start_time":1611576874000},{"elapsed_time":869280,"segment":2,"interval":1,"start_time":1611576876000},{"elapsed_time":871280,"segment":2,"interval":1,"start_time":1611576878000},{"elapsed_time":874280,"segment":2,"interval":1,"start_time":1611576881000},{"elapsed_time":876280,"segment":2,"interval":1,"start_time":1611576883000},{"elapsed_time":878280,"segment":2,"interval":1,"start_time":1611576885000},{"elapsed_time":880280,"segment":2,"interval":1,"start_time":1611576887000},{"elapsed_time":882280,"segment":2,"interval":1,"start_time":1611576889000},{"elapsed_time":885280,"segment":2,"interval":1,"start_time":1611576892000},{"elapsed_time":887280,"segment":2,"interval":1,"start_time":1611576894000},{"elapsed_time":889280,"segment":2,"interval":1,"start_time":1611576896000},{"elapsed_time":892280,"segment":2,"interval":1,"start_time":1611576899000},{"elapsed_time":894280,"segment":2,"interval":1,"start_time":1611576901000},{"elapsed_time":896280,"segment":2,"interval":1,"start_time":1611576903000},{"elapsed_time":898280,"segment":2,"interval":1,"start_time":1611576905000},{"elapsed_time":900280,"segment":2,"interval":1,"start_time":1611576907000},{"elapsed_time":902280,"segment":2,"interval":1,"start_time":1611576909000},{"elapsed_time":904280,"segment":2,"interval":1,"start_time":1611576911000},{"elapsed_time":907280,"segment":2,"interval":1,"start_time":1611576914000},{"elapsed_time":909280,"segment":2,"interval":1,"start_time":1611576916000},{"elapsed_time":911280,"segment":2,"interval":1,"start_time":1611576918000},{"elapsed_time":913280,"segment":2,"interval":1,"start_time":1611576920000},{"elapsed_time":915280,"segment":2,"interval":1,"start_time":1611576922000},{"elapsed_time":917280,"segment":2,"interval":1,"start_time":1611576924000},{"elapsed_time":919280,"segment":2,"interval":1,"start_time":1611576926000},{"elapsed_time":921280,"segment":2,"interval":1,"start_time":1611576928000},{"elapsed_time":924280,"segment":2,"interval":1,"start_time":1611576931000},{"elapsed_time":926280,"segment":2,"interval":1,"start_time":1611576933000},{"elapsed_time":928280,"segment":2,"interval":1,"start_time":1611576935000},{"elapsed_time":930280,"segment":2,"interval":1,"start_time":1611576937000},{"elapsed_time":932280,"segment":2,"interval":1,"start_time":1611576939000},{"elapsed_time":934280,"segment":2,"interval":1,"start_time":1611576941000},{"elapsed_time":936280,"segment":2,"interval":1,"start_time":1611576943000},{"elapsed_time":938280,"segment":2,"interval":1,"start_time":1611576945000},{"elapsed_time":940280,"segment":2,"interval":1,"start_time":1611576947000},{"elapsed_time":942280,"segment":2,"interval":1,"start_time":1611576949000},{"elapsed_time":944280,"segment":2,"interval":1,"start_time":1611576951000},{"elapsed_time":946280,"segment":2,"interval":1,"start_time":1611576953000},{"elapsed_time":948280,"segment":2,"interval":1,"start_time":1611576955000},{"elapsed_time":950280,"segment":2,"interval":1,"start_time":1611576957000},{"elapsed_time":952280,"segment":2,"interval":1,"start_time":1611576959000},{"elapsed_time":954280,"segment":2,"interval":1,"start_time":1611576961000},{"elapsed_time":956280,"segment":2,"interval":1,"start_time":1611576963000},{"elapsed_time":958280,"segment":2,"interval":1,"start_time":1611576965000},{"elapsed_time":960280,"segment":2,"interval":1,"start_time":1611576967000},{"elapsed_time":962280,"segment":2,"interval":1,"start_time":1611576969000},{"elapsed_time":965280,"segment":2,"interval":1,"start_time":1611576972000},{"elapsed_time":968280,"segment":2,"interval":1,"start_time":1611576975000},{"elapsed_time":970280,"segment":2,"interval":1,"start_time":1611576977000},{"elapsed_time":972280,"segment":2,"interval":1,"start_time":1611576979000},{"elapsed_time":974280,"segment":2,"interval":1,"start_time":1611576981000},{"elapsed_time":976280,"segment":2,"interval":1,"start_time":1611576983000},{"elapsed_time":978280,"segment":2,"interval":1,"start_time":1611576985000},{"elapsed_time":980280,"segment":2,"interval":1,"start_time":1611576987000},{"elapsed_time":982280,"segment":2,"interval":1,"start_time":1611576989000},{"elapsed_time":984280,"segment":2,"interval":1,"start_time":1611576991000},{"elapsed_time":986280,"segment":2,"interval":1,"start_time":1611576993000},{"elapsed_time":988280,"segment":2,"interval":1,"start_time":1611576995000},{"elapsed_time":990280,"segment":2,"interval":1,"start_time":1611576997000},{"elapsed_time":992280,"segment":2,"interval":1,"start_time":1611576999000},{"elapsed_time":995280,"segment":2,"interval":1,"start_time":1611577002000},{"elapsed_time":997280,"segment":2,"interval":1,"start_time":1611577004000},{"elapsed_time":999280,"segment":2,"interval":1,"start_time":1611577006000},{"elapsed_time":1001280,"segment":2,"interval":1,"start_time":1611577008000},{"elapsed_time":1003280,"segment":2,"interval":1,"start_time":1611577010000},{"elapsed_time":1005280,"segment":2,"interval":1,"start_time":1611577012000},{"elapsed_time":1007280,"segment":2,"interval":1,"start_time":1611577014000},{"elapsed_time":1009280,"segment":2,"interval":1,"start_time":1611577016000},{"elapsed_time":1011280,"segment":2,"interval":1,"start_time":1611577018000},{"elapsed_time":1014280,"segment":2,"interval":1,"start_time":1611577021000},{"elapsed_time":1016280,"segment":2,"interval":1,"start_time":1611577023000},{"elapsed_time":1018280,"segment":2,"interval":1,"start_time":1611577025000},{"elapsed_time":1020280,"segment":2,"interval":1,"start_time":1611577027000},{"elapsed_time":1022280,"segment":2,"interval":1,"start_time":1611577029000},{"elapsed_time":1024280,"segment":2,"interval":1,"start_time":1611577031000},{"elapsed_time":1026280,"segment":2,"interval":1,"start_time":1611577033000},{"elapsed_time":1028280,"segment":2,"interval":1,"start_time":1611577035000},{"elapsed_time":1030280,"segment":2,"interval":1,"start_time":1611577037000},{"elapsed_time":1032280,"segment":2,"interval":1,"start_time":1611577039000},{"elapsed_time":1034280,"segment":2,"interval":1,"start_time":1611577041000},{"elapsed_time":1036280,"segment":2,"interval":1,"start_time":1611577043000},{"elapsed_time":1038280,"segment":2,"interval":1,"start_time":1611577045000},{"elapsed_time":1040280,"segment":2,"interval":1,"start_time":1611577047000},{"elapsed_time":1042280,"segment":2,"interval":1,"start_time":1611577049000},{"elapsed_time":1044280,"segment":2,"interval":1,"start_time":1611577051000},{"elapsed_time":1046280,"segment":2,"interval":1,"start_time":1611577053000},{"elapsed_time":1048280,"segment":2,"interval":1,"start_time":1611577055000},{"elapsed_time":1050280,"segment":2,"interval":1,"start_time":1611577057000},{"elapsed_time":1052280,"segment":2,"interval":1,"start_time":1611577059000},{"elapsed_time":1054280,"segment":2,"interval":1,"start_time":1611577061000},{"elapsed_time":1056280,"segment":2,"interval":1,"start_time":1611577063000},{"elapsed_time":1058280,"segment":2,"interval":1,"start_time":1611577065000},{"elapsed_time":1060280,"segment":2,"interval":1,"start_time":1611577067000},{"elapsed_time":1062280,"segment":2,"interval":1,"start_time":1611577069000},{"elapsed_time":1064280,"segment":2,"interval":1,"start_time":1611577071000},{"elapsed_time":1066280,"segment":2,"interval":1,"start_time":1611577073000},{"elapsed_time":1068280,"segment":2,"interval":1,"start_time":1611577075000},{"elapsed_time":1070280,"segment":2,"interval":1,"start_time":1611577077000},{"elapsed_time":1072280,"segment":2,"interval":1,"start_time":1611577079000},{"elapsed_time":1074280,"segment":2,"interval":1,"start_time":1611577081000},{"elapsed_time":1076280,"segment":2,"interval":1,"start_time":1611577083000},{"elapsed_time":1078280,"segment":2,"interval":1,"start_time":1611577085000},{"elapsed_time":1080280,"segment":2,"interval":1,"start_time":1611577087000},{"elapsed_time":1082280,"segment":2,"interval":1,"start_time":1611577089000},{"elapsed_time":1084280,"segment":2,"interval":1,"start_time":1611577091000},{"elapsed_time":1086280,"segment":2,"interval":1,"start_time":1611577093000},{"elapsed_time":1088280,"segment":2,"interval":1,"start_time":1611577095000},{"elapsed_time":1090280,"segment":2,"interval":1,"start_time":1611577097000},{"elapsed_time":1092280,"segment":2,"interval":1,"start_time":1611577099000},{"elapsed_time":1094280,"segment":2,"interval":1,"start_time":1611577101000},{"elapsed_time":1096280,"segment":2,"interval":1,"start_time":1611577103000},{"elapsed_time":1098280,"segment":2,"interval":1,"start_time":1611577105000},{"elapsed_time":1100280,"segment":2,"interval":1,"start_time":1611577107000},{"elapsed_time":1102280,"segment":2,"interval":1,"start_time":1611577109000},{"elapsed_time":1104280,"segment":2,"interval":1,"start_time":1611577111000},{"elapsed_time":1106280,"segment":2,"interval":1,"start_time":1611577113000},{"elapsed_time":1108280,"segment":2,"interval":1,"start_time":1611577115000},{"elapsed_time":1110280,"segment":2,"interval":1,"start_time":1611577117000},{"elapsed_time":1112280,"segment":2,"interval":1,"start_time":1611577119000},{"elapsed_time":1114280,"segment":2,"interval":1,"start_time":1611577121000},{"elapsed_time":1116280,"segment":2,"interval":1,"start_time":1611577123000},{"elapsed_time":1118280,"segment":2,"interval":1,"start_time":1611577125000},{"elapsed_time":1120280,"segment":2,"interval":1,"start_time":1611577127000},{"elapsed_time":1122280,"segment":2,"interval":1,"start_time":1611577129000},{"elapsed_time":1124280,"segment":2,"interval":1,"start_time":1611577131000},{"elapsed_time":1126280,"segment":2,"interval":1,"start_time":1611577133000},{"elapsed_time":1128280,"segment":2,"interval":1,"start_time":1611577135000},{"elapsed_time":1130280,"segment":2,"interval":1,"start_time":1611577137000},{"elapsed_time":1132280,"segment":2,"interval":1,"start_time":1611577139000},{"elapsed_time":1134280,"segment":2,"interval":1,"start_time":1611577141000},{"elapsed_time":1137280,"segment":2,"interval":1,"start_time":1611577144000},{"elapsed_time":1139280,"segment":2,"interval":1,"start_time":1611577146000},{"elapsed_time":1142280,"segment":2,"interval":1,"start_time":1611577149000},{"elapsed_time":1144280,"segment":2,"interval":1,"start_time":1611577151000},{"elapsed_time":1146280,"segment":2,"interval":1,"start_time":1611577153000},{"elapsed_time":1148280,"segment":2,"interval":1,"start_time":1611577155000},{"elapsed_time":1150280,"segment":2,"interval":1,"start_time":1611577157000},{"elapsed_time":1152280,"segment":2,"interval":1,"start_time":1611577159000},{"elapsed_time":1154280,"segment":2,"interval":1,"start_time":1611577161000},{"elapsed_time":1156280,"segment":2,"interval":1,"start_time":1611577163000},{"elapsed_time":1158280,"segment":2,"interval":1,"start_time":1611577165000},{"elapsed_time":1160280,"segment":2,"interval":1,"start_time":1611577167000},{"elapsed_time":1162280,"segment":2,"interval":1,"start_time":1611577169000},{"elapsed_time":1164280,"segment":2,"interval":1,"start_time":1611577171000},{"elapsed_time":1166280,"segment":2,"interval":1,"start_time":1611577173000},{"elapsed_time":1168280,"segment":2,"interval":1,"start_time":1611577175000},{"elapsed_time":1170280,"segment":2,"interval":1,"start_time":1611577177000},{"elapsed_time":1172280,"segment":2,"interval":1,"start_time":1611577179000},{"elapsed_time":1174280,"segment":2,"interval":1,"start_time":1611577181000},{"elapsed_time":1176280,"segment":2,"interval":1,"start_time":1611577183000},{"elapsed_time":1178280,"segment":2,"interval":1,"start_time":1611577185000},{"elapsed_time":1180280,"segment":2,"interval":1,"start_time":1611577187000},{"elapsed_time":1182280,"segment":2,"interval":1,"start_time":1611577189000},{"elapsed_time":1184280,"segment":2,"interval":1,"start_time":1611577191000},{"elapsed_time":1186280,"segment":2,"interval":1,"start_time":1611577193000},{"elapsed_time":1188280,"segment":2,"interval":1,"start_time":1611577195000},{"elapsed_time":1190280,"segment":2,"interval":1,"start_time":1611577197000},{"elapsed_time":1192280,"segment":2,"interval":1,"start_time":1611577199000},{"elapsed_time":1194280,"segment":2,"interval":1,"start_time":1611577201000},{"elapsed_time":1196280,"segment":2,"interval":1,"start_time":1611577203000},{"elapsed_time":1198280,"segment":2,"interval":1,"start_time":1611577205000},{"elapsed_time":1200280,"segment":2,"interval":1,"start_time":1611577207000},{"elapsed_time":1202280,"segment":2,"interval":1,"start_time":1611577209000},{"elapsed_time":1204280,"segment":2,"interval":1,"start_time":1611577211000},{"elapsed_time":1206280,"segment":2,"interval":1,"start_time":1611577213000},{"elapsed_time":1208280,"segment":2,"interval":1,"start_time":1611577215000},{"elapsed_time":1210280,"segment":2,"interval":1,"start_time":1611577217000},{"elapsed_time":1212280,"segment":2,"interval":1,"start_time":1611577219000},{"elapsed_time":1214280,"segment":2,"interval":1,"start_time":1611577221000},{"elapsed_time":1217280,"segment":2,"interval":1,"start_time":1611577224000},{"elapsed_time":1219280,"segment":2,"interval":1,"start_time":1611577226000},{"elapsed_time":1221280,"segment":2,"interval":1,"start_time":1611577228000},{"elapsed_time":1223280,"segment":2,"interval":1,"start_time":1611577230000},{"elapsed_time":1225280,"segment":2,"interval":1,"start_time":1611577232000},{"elapsed_time":1227280,"segment":2,"interval":1,"start_time":1611577234000},{"elapsed_time":1229280,"segment":2,"interval":1,"start_time":1611577236000},{"elapsed_time":1231280,"segment":2,"interval":1,"start_time":1611577238000},{"elapsed_time":1233280,"segment":2,"interval":1,"start_time":1611577240000},{"elapsed_time":1235280,"segment":2,"interval":1,"start_time":1611577242000},{"elapsed_time":1237280,"segment":2,"interval":1,"start_time":1611577244000},{"elapsed_time":1239280,"segment":2,"interval":1,"start_time":1611577246000},{"elapsed_time":1241280,"segment":2,"interval":1,"start_time":1611577248000},{"elapsed_time":1243280,"segment":2,"interval":1,"start_time":1611577250000},{"elapsed_time":1245280,"segment":2,"interval":1,"start_time":1611577252000},{"elapsed_time":1247280,"segment":2,"interval":1,"start_time":1611577254000},{"elapsed_time":1249280,"segment":2,"interval":1,"start_time":1611577256000},{"elapsed_time":1251280,"segment":2,"interval":1,"start_time":1611577258000},{"elapsed_time":1253280,"segment":2,"interval":1,"start_time":1611577260000},{"elapsed_time":1255280,"segment":2,"interval":1,"start_time":1611577262000},{"elapsed_time":1257280,"segment":2,"interval":1,"start_time":1611577264000},{"elapsed_time":1259280,"segment":2,"interval":1,"start_time":1611577266000},{"elapsed_time":1261280,"segment":2,"interval":1,"start_time":1611577268000},{"elapsed_time":1263280,"segment":2,"interval":1,"start_time":1611577270000},{"elapsed_time":1265280,"segment":2,"interval":1,"start_time":1611577272000},{"elapsed_time":1267280,"segment":2,"interval":1,"start_time":1611577274000},{"elapsed_time":1269280,"segment":2,"interval":1,"start_time":1611577276000},{"elapsed_time":1271280,"segment":2,"interval":1,"start_time":1611577278000},{"elapsed_time":1273280,"segment":2,"interval":1,"start_time":1611577280000},{"elapsed_time":1275280,"segment":2,"interval":1,"start_time":1611577282000},{"elapsed_time":1277280,"segment":2,"interval":1,"start_time":1611577284000},{"elapsed_time":1279280,"segment":2,"interval":1,"start_time":1611577286000},{"elapsed_time":1281280,"segment":2,"interval":1,"start_time":1611577288000},{"elapsed_time":1283280,"segment":2,"interval":1,"start_time":1611577290000},{"elapsed_time":1285280,"segment":2,"interval":1,"start_time":1611577292000},{"elapsed_time":1287280,"segment":2,"interval":1,"start_time":1611577294000},{"elapsed_time":1289280,"segment":2,"interval":1,"start_time":1611577296000},{"elapsed_time":1291280,"segment":2,"interval":1,"start_time":1611577298000},{"elapsed_time":1293280,"segment":2,"interval":1,"start_time":1611577300000},{"elapsed_time":1295280,"segment":2,"interval":1,"start_time":1611577302000},{"elapsed_time":1297280,"segment":2,"interval":1,"start_time":1611577304000},{"elapsed_time":1299280,"segment":2,"interval":1,"start_time":1611577306000},{"elapsed_time":1301280,"segment":2,"interval":1,"start_time":1611577308000},{"elapsed_time":1303280,"segment":2,"interval":1,"start_time":1611577310000},{"elapsed_time":1305280,"segment":2,"interval":1,"start_time":1611577312000},{"elapsed_time":1307280,"segment":2,"interval":1,"start_time":1611577314000},{"elapsed_time":1309280,"segment":2,"interval":1,"start_time":1611577316000},{"elapsed_time":1311280,"segment":2,"interval":1,"start_time":1611577318000},{"elapsed_time":1313280,"segment":2,"interval":1,"start_time":1611577320000},{"elapsed_time":1315280,"segment":2,"interval":1,"start_time":1611577322000},{"elapsed_time":1317280,"segment":2,"interval":1,"start_time":1611577324000},{"elapsed_time":1319280,"segment":2,"interval":1,"start_time":1611577326000},{"elapsed_time":1321280,"segment":2,"interval":1,"start_time":1611577328000},{"elapsed_time":1323280,"segment":2,"interval":1,"start_time":1611577330000},{"elapsed_time":1325280,"segment":2,"interval":1,"start_time":1611577332000},{"elapsed_time":1327280,"segment":2,"interval":1,"start_time":1611577334000},{"elapsed_time":1329280,"segment":2,"interval":1,"start_time":1611577336000},{"elapsed_time":1331280,"segment":2,"interval":1,"start_time":1611577338000},{"elapsed_time":1333280,"segment":2,"interval":1,"start_time":1611577340000},{"elapsed_time":1335280,"segment":2,"interval":1,"start_time":1611577342000},{"elapsed_time":1337280,"segment":2,"interval":1,"start_time":1611577344000},{"elapsed_time":1339280,"segment":2,"interval":1,"start_time":1611577346000},{"elapsed_time":1341280,"segment":2,"interval":1,"start_time":1611577348000},{"elapsed_time":1343280,"segment":2,"interval":1,"start_time":1611577350000},{"elapsed_time":1345280,"segment":2,"interval":1,"start_time":1611577352000},{"elapsed_time":1347280,"segment":2,"interval":1,"start_time":1611577354000},{"elapsed_time":1349280,"segment":2,"interval":1,"start_time":1611577356000},{"elapsed_time":1351280,"segment":2,"interval":1,"start_time":1611577358000},{"elapsed_time":1353280,"segment":2,"interval":1,"start_time":1611577360000},{"elapsed_time":1355280,"segment":2,"interval":1,"start_time":1611577362000},{"elapsed_time":1357280,"segment":2,"interval":1,"start_time":1611577364000},{"elapsed_time":1359280,"segment":2,"interval":1,"start_time":1611577366000},{"elapsed_time":1361280,"segment":2,"interval":1,"start_time":1611577368000},{"elapsed_time":1363280,"segment":2,"interval":1,"start_time":1611577370000},{"elapsed_time":1365280,"segment":2,"interval":1,"start_time":1611577372000},{"elapsed_time":1367280,"segment":2,"interval":1,"start_time":1611577374000},{"elapsed_time":1369280,"segment":2,"interval":1,"start_time":1611577376000},{"elapsed_time":1371280,"segment":2,"interval":1,"start_time":1611577378000},{"elapsed_time":1373280,"segment":2,"interval":1,"start_time":1611577380000},{"elapsed_time":1375280,"segment":2,"interval":1,"start_time":1611577382000},{"elapsed_time":1378280,"segment":2,"interval":1,"start_time":1611577385000},{"elapsed_time":1380280,"segment":2,"interval":1,"start_time":1611577387000},{"elapsed_time":1382280,"segment":2,"interval":1,"start_time":1611577389000},{"elapsed_time":1384280,"segment":2,"interval":1,"start_time":1611577391000},{"elapsed_time":1386280,"segment":2,"interval":1,"start_time":1611577393000},{"elapsed_time":1388280,"segment":2,"interval":1,"start_time":1611577395000},{"elapsed_time":1390280,"segment":2,"interval":1,"start_time":1611577397000},{"elapsed_time":1392280,"segment":2,"interval":1,"start_time":1611577399000},{"elapsed_time":1394280,"segment":2,"interval":1,"start_time":1611577401000},{"elapsed_time":1396280,"segment":2,"interval":1,"start_time":1611577403000},{"elapsed_time":1398280,"segment":2,"interval":1,"start_time":1611577405000},{"elapsed_time":1400280,"segment":2,"interval":1,"start_time":1611577407000},{"elapsed_time":1402280,"segment":2,"interval":1,"start_time":1611577409000},{"elapsed_time":1404280,"segment":2,"interval":1,"start_time":1611577411000},{"elapsed_time":1406280,"segment":2,"interval":1,"start_time":1611577413000},{"elapsed_time":1408280,"segment":2,"interval":1,"start_time":1611577415000},{"elapsed_time":1411280,"segment":2,"interval":1,"start_time":1611577418000},{"elapsed_time":1413280,"segment":2,"interval":1,"start_time":1611577420000},{"elapsed_time":1415280,"segment":2,"interval":1,"start_time":1611577422000},{"elapsed_time":1417280,"segment":2,"interval":1,"start_time":1611577424000},{"elapsed_time":1419280,"segment":2,"interval":1,"start_time":1611577426000},{"elapsed_time":1422280,"segment":2,"interval":1,"start_time":1611577429000},{"elapsed_time":1424280,"segment":2,"interval":1,"start_time":1611577431000},{"elapsed_time":1426280,"segment":2,"interval":1,"start_time":1611577433000},{"elapsed_time":1428280,"segment":2,"interval":1,"start_time":1611577435000},{"elapsed_time":1430280,"segment":2,"interval":1,"start_time":1611577437000},{"elapsed_time":1432280,"segment":2,"interval":1,"start_time":1611577439000},{"elapsed_time":1434280,"segment":2,"interval":1,"start_time":1611577441000},{"elapsed_time":1436280,"segment":2,"interval":1,"start_time":1611577443000},{"elapsed_time":1438280,"segment":2,"interval":1,"start_time":1611577445000},{"elapsed_time":1440280,"segment":2,"interval":1,"start_time":1611577447000},{"elapsed_time":1442280,"segment":2,"interval":1,"start_time":1611577449000},{"elapsed_time":1444280,"segment":2,"interval":1,"start_time":1611577451000},{"elapsed_time":1446280,"segment":2,"interval":1,"start_time":1611577453000},{"elapsed_time":1448280,"segment":2,"interval":1,"start_time":1611577455000},{"elapsed_time":1450280,"segment":2,"interval":1,"start_time":1611577457000},{"elapsed_time":1452280,"segment":2,"interval":1,"start_time":1611577459000},{"elapsed_time":1454280,"segment":2,"interval":1,"start_time":1611577461000},{"elapsed_time":1456280,"segment":2,"interval":1,"start_time":1611577463000},{"elapsed_time":1458280,"segment":2,"interval":1,"start_time":1611577465000},{"elapsed_time":1460280,"segment":2,"interval":1,"start_time":1611577467000},{"elapsed_time":1462280,"segment":2,"interval":1,"start_time":1611577469000},{"elapsed_time":1464280,"segment":2,"interval":1,"start_time":1611577471000},{"elapsed_time":1466280,"segment":2,"interval":1,"start_time":1611577473000},{"elapsed_time":1468280,"segment":2,"interval":1,"start_time":1611577475000},{"elapsed_time":1470280,"segment":2,"interval":1,"start_time":1611577477000},{"elapsed_time":1472280,"segment":2,"interval":1,"start_time":1611577479000},{"elapsed_time":1474280,"segment":2,"interval":1,"start_time":1611577481000},{"elapsed_time":1476280,"segment":2,"interval":1,"start_time":1611577483000},{"elapsed_time":1478280,"segment":2,"interval":1,"start_time":1611577485000},{"elapsed_time":1480280,"segment":2,"interval":1,"start_time":1611577487000},{"elapsed_time":1482280,"segment":2,"interval":1,"start_time":1611577489000},{"elapsed_time":1484280,"segment":2,"interval":1,"start_time":1611577491000},{"elapsed_time":1486280,"segment":2,"interval":1,"start_time":1611577493000},{"elapsed_time":1488280,"segment":2,"interval":1,"start_time":1611577495000},{"elapsed_time":1490280,"segment":2,"interval":1,"start_time":1611577497000},{"elapsed_time":1492280,"segment":2,"interval":1,"start_time":1611577499000},{"elapsed_time":1494280,"segment":2,"interval":1,"start_time":1611577501000},{"elapsed_time":1496280,"segment":2,"interval":1,"start_time":1611577503000},{"elapsed_time":1498280,"segment":2,"interval":1,"start_time":1611577505000},{"elapsed_time":1500280,"segment":2,"interval":1,"start_time":1611577507000},{"elapsed_time":1502280,"segment":2,"interval":1,"start_time":1611577509000},{"elapsed_time":1504280,"segment":2,"interval":1,"start_time":1611577511000},{"elapsed_time":1506280,"segment":2,"interval":1,"start_time":1611577513000},{"elapsed_time":1508280,"segment":2,"interval":1,"start_time":1611577515000},{"elapsed_time":1510280,"segment":2,"interval":1,"start_time":1611577517000},{"elapsed_time":1512280,"segment":2,"interval":1,"start_time":1611577519000},{"elapsed_time":1514280,"segment":2,"interval":1,"start_time":1611577521000},{"elapsed_time":1516280,"segment":2,"interval":1,"start_time":1611577523000},{"elapsed_time":1518280,"segment":2,"interval":1,"start_time":1611577525000},{"elapsed_time":1520280,"segment":2,"interval":1,"start_time":1611577527000},{"elapsed_time":1522280,"segment":2,"interval":1,"start_time":1611577529000},{"elapsed_time":1524280,"segment":2,"interval":1,"start_time":1611577531000},{"elapsed_time":1526280,"segment":2,"interval":1,"start_time":1611577533000},{"elapsed_time":1528280,"segment":2,"interval":1,"start_time":1611577535000},{"elapsed_time":1530280,"segment":2,"interval":1,"start_time":1611577537000},{"elapsed_time":1532280,"segment":2,"interval":1,"start_time":1611577539000},{"elapsed_time":1534280,"segment":2,"interval":1,"start_time":1611577541000},{"elapsed_time":1536280,"segment":2,"interval":1,"start_time":1611577543000},{"elapsed_time":1538280,"segment":2,"interval":1,"start_time":1611577545000},{"elapsed_time":1540280,"segment":2,"interval":1,"start_time":1611577547000},{"elapsed_time":1542280,"segment":2,"interval":1,"start_time":1611577549000},{"elapsed_time":1545280,"segment":2,"interval":1,"start_time":1611577552000},{"elapsed_time":1547280,"segment":2,"interval":1,"start_time":1611577554000},{"elapsed_time":1549280,"segment":2,"interval":1,"start_time":1611577556000},{"elapsed_time":1551280,"segment":2,"interval":1,"start_time":1611577558000},{"elapsed_time":1553280,"segment":2,"interval":1,"start_time":1611577560000},{"elapsed_time":1555280,"segment":2,"interval":1,"start_time":1611577562000},{"elapsed_time":1557280,"segment":2,"interval":1,"start_time":1611577564000},{"elapsed_time":1559280,"segment":2,"interval":1,"start_time":1611577566000},{"elapsed_time":1561280,"segment":2,"interval":1,"start_time":1611577568000},{"elapsed_time":1563280,"segment":2,"interval":1,"start_time":1611577570000},{"elapsed_time":1565280,"segment":2,"interval":1,"start_time":1611577572000},{"elapsed_time":1567280,"segment":2,"interval":1,"start_time":1611577574000},{"elapsed_time":1569280,"segment":2,"interval":1,"start_time":1611577576000},{"elapsed_time":1571280,"segment":2,"interval":1,"start_time":1611577578000},{"elapsed_time":1573280,"segment":2,"interval":1,"start_time":1611577580000},{"elapsed_time":1575280,"segment":2,"interval":1,"start_time":1611577582000},{"elapsed_time":1577280,"segment":2,"interval":1,"start_time":1611577584000},{"elapsed_time":1579280,"segment":2,"interval":1,"start_time":1611577586000},{"elapsed_time":1582280,"segment":2,"interval":1,"start_time":1611577589000},{"elapsed_time":1584280,"segment":2,"interval":1,"start_time":1611577591000},{"elapsed_time":1586280,"segment":2,"interval":1,"start_time":1611577593000},{"elapsed_time":1588280,"segment":2,"interval":1,"start_time":1611577595000},{"elapsed_time":1590280,"segment":2,"interval":1,"start_time":1611577597000},{"elapsed_time":1592280,"segment":2,"interval":1,"start_time":1611577599000},{"elapsed_time":1594280,"segment":2,"interval":1,"start_time":1611577601000},{"elapsed_time":1596280,"segment":2,"interval":1,"start_time":1611577603000},{"elapsed_time":1598280,"segment":2,"interval":1,"start_time":1611577605000},{"elapsed_time":1600280,"segment":2,"interval":1,"start_time":1611577607000},{"elapsed_time":1602280,"segment":2,"interval":1,"start_time":1611577609000},{"elapsed_time":1604280,"segment":2,"interval":1,"start_time":1611577611000},{"elapsed_time":1606280,"segment":2,"interval":1,"start_time":1611577613000},{"elapsed_time":1608280,"segment":2,"interval":1,"start_time":1611577615000},{"elapsed_time":1610280,"segment":2,"interval":1,"start_time":1611577617000},{"elapsed_time":1612280,"segment":2,"interval":1,"start_time":1611577619000},{"elapsed_time":1614280,"segment":2,"interval":1,"start_time":1611577621000},{"elapsed_time":1616280,"segment":2,"interval":1,"start_time":1611577623000},{"elapsed_time":1618280,"segment":2,"interval":1,"start_time":1611577625000},{"elapsed_time":1621280,"segment":2,"interval":1,"start_time":1611577628000},{"elapsed_time":1623280,"segment":2,"interval":1,"start_time":1611577630000},{"elapsed_time":1625280,"segment":2,"interval":1,"start_time":1611577632000},{"elapsed_time":1627280,"segment":2,"interval":1,"start_time":1611577634000},{"elapsed_time":1629280,"segment":2,"interval":1,"start_time":1611577636000},{"elapsed_time":1631280,"segment":2,"interval":1,"start_time":1611577638000},{"elapsed_time":1633280,"segment":2,"interval":1,"start_time":1611577640000},{"elapsed_time":1635280,"segment":2,"interval":1,"start_time":1611577642000},{"elapsed_time":1637280,"segment":2,"interval":1,"start_time":1611577644000},{"elapsed_time":1639280,"segment":2,"interval":1,"start_time":1611577646000},{"elapsed_time":1641280,"segment":2,"interval":1,"start_time":1611577648000},{"elapsed_time":1643280,"segment":2,"interval":1,"start_time":1611577650000},{"elapsed_time":1645280,"segment":2,"interval":1,"start_time":1611577652000},{"elapsed_time":1647280,"segment":2,"interval":1,"start_time":1611577654000},{"elapsed_time":1649280,"segment":2,"interval":1,"start_time":1611577656000},{"elapsed_time":1651280,"segment":2,"interval":1,"start_time":1611577658000},{"elapsed_time":1653280,"segment":2,"interval":1,"start_time":1611577660000},{"elapsed_time":1655280,"segment":2,"interval":1,"start_time":1611577662000},{"elapsed_time":1657280,"segment":2,"interval":1,"start_time":1611577664000},{"elapsed_time":1659280,"segment":2,"interval":1,"start_time":1611577666000},{"elapsed_time":1661280,"segment":2,"interval":1,"start_time":1611577668000},{"elapsed_time":1663280,"segment":2,"interval":1,"start_time":1611577670000},{"elapsed_time":1665280,"segment":2,"interval":1,"start_time":1611577672000},{"elapsed_time":1668280,"segment":2,"interval":1,"start_time":1611577675000},{"elapsed_time":1670280,"segment":2,"interval":1,"start_time":1611577677000},{"elapsed_time":1672280,"segment":2,"interval":1,"start_time":1611577679000},{"elapsed_time":1674280,"segment":2,"interval":1,"start_time":1611577681000},{"elapsed_time":1676280,"segment":2,"interval":1,"start_time":1611577683000},{"elapsed_time":1678280,"segment":2,"interval":1,"start_time":1611577685000},{"elapsed_time":1680280,"segment":2,"interval":1,"start_time":1611577687000},{"elapsed_time":1682280,"segment":2,"interval":1,"start_time":1611577689000},{"elapsed_time":1684280,"segment":2,"interval":1,"start_time":1611577691000},{"elapsed_time":1686280,"segment":2,"interval":1,"start_time":1611577693000},{"elapsed_time":1689280,"segment":2,"interval":1,"start_time":1611577696000},{"elapsed_time":1691280,"segment":2,"interval":1,"start_time":1611577698000},{"elapsed_time":1693280,"segment":2,"interval":1,"start_time":1611577700000},{"elapsed_time":1695280,"segment":2,"interval":1,"start_time":1611577702000},{"elapsed_time":1697280,"segment":2,"interval":1,"start_time":1611577704000},{"elapsed_time":1699280,"segment":2,"interval":1,"start_time":1611577706000},{"elapsed_time":1701280,"segment":2,"interval":1,"start_time":1611577708000},{"elapsed_time":1703280,"segment":2,"interval":1,"start_time":1611577710000},{"elapsed_time":1705280,"segment":2,"interval":1,"start_time":1611577712000},{"elapsed_time":1707280,"segment":2,"interval":1,"start_time":1611577714000},{"elapsed_time":1709280,"segment":2,"interval":1,"start_time":1611577716000},{"elapsed_time":1711280,"segment":2,"interval":1,"start_time":1611577718000},{"elapsed_time":1713280,"segment":2,"interval":1,"start_time":1611577720000},{"elapsed_time":1715280,"segment":2,"interval":1,"start_time":1611577722000},{"elapsed_time":1717280,"segment":2,"interval":1,"start_time":1611577724000},{"elapsed_time":1719280,"segment":2,"interval":1,"start_time":1611577726000},{"elapsed_time":1721280,"segment":2,"interval":1,"start_time":1611577728000},{"elapsed_time":1723280,"segment":2,"interval":1,"start_time":1611577730000},{"elapsed_time":1725280,"segment":2,"interval":1,"start_time":1611577732000},{"elapsed_time":1727280,"segment":2,"interval":1,"start_time":1611577734000},{"elapsed_time":1729280,"segment":2,"interval":1,"start_time":1611577736000},{"elapsed_time":1731280,"segment":2,"interval":1,"start_time":1611577738000},{"elapsed_time":1733280,"segment":2,"interval":1,"start_time":1611577740000},{"elapsed_time":1735280,"segment":2,"interval":1,"start_time":1611577742000},{"elapsed_time":1737280,"segment":2,"interval":1,"start_time":1611577744000},{"elapsed_time":1739280,"segment":2,"interval":1,"start_time":1611577746000},{"elapsed_time":1741280,"segment":2,"interval":1,"start_time":1611577748000},{"elapsed_time":1743280,"segment":2,"interval":1,"start_time":1611577750000},{"elapsed_time":1745280,"segment":2,"interval":1,"start_time":1611577752000},{"elapsed_time":1747280,"segment":2,"interval":1,"start_time":1611577754000},{"elapsed_time":1749280,"segment":2,"interval":1,"start_time":1611577756000},{"elapsed_time":1751280,"segment":2,"interval":1,"start_time":1611577758000},{"elapsed_time":1754280,"segment":2,"interval":1,"start_time":1611577761000},{"elapsed_time":1756280,"segment":2,"interval":1,"start_time":1611577763000},{"elapsed_time":1758280,"segment":2,"interval":1,"start_time":1611577765000},{"elapsed_time":1760280,"segment":2,"interval":1,"start_time":1611577767000},{"elapsed_time":1762280,"segment":2,"interval":1,"start_time":1611577769000},{"elapsed_time":1764280,"segment":2,"interval":1,"start_time":1611577771000},{"elapsed_time":1766280,"segment":2,"interval":1,"start_time":1611577775140}]