[{"elapsed_time":0,"segment":0,"interval":1,"start_time":1611575973710},{"elapsed_time":1100,"segment":0,"interval":1,"start_time":1611575974810},{"elapsed_time":10853,"segment":0,"interval":1,"start_time":1611575984563},{"elapsed_time":20846,"segment":0,"interval":1,"start_time":1611575994556},{"elapsed_time":35853,"segment":0,"interval":1,"start_time":1611576009563},{"elapsed_time":39166,"segment":0,"interval":1,"start_time":1611576012876},{"elapsed_time":40866,"segment":0,"interval":1,"start_time":1611576014576},{"elapsed_time":50871,"segment":0,"interval":1,"start_time":1611576024581},{"elapsed_time":60854,"segment":0,"interval":1,"start_time":1611576034564},{"elapsed_time":70391,"segment":0,"interval":1,"start_time":1611576044101},{"elapsed_time":70873,"segment":0,"interval":1,"start_time":1611576044583},{"elapsed_time":80874,"segment":0,"interval":1,"start_time":1611576054584},{"elapsed_time":90866,"segment":0,"interval":1,"start_time":1611576064576},{"elapsed_time":100875,"segment":0,"interval":1,"start_time":1611576074585},{"elapsed_time":105038,"segment":0,"interval":1,"start_time":1611576078748},{"elapsed_time":110857,"segment":0,"interval":1,"start_time":1611576084567},{"elapsed_time":125892,"segment":0,"interval":1,"start_time":1611576099602},{"elapsed_time":135871,"segment":0,"interval":1,"start_time":1611576109581},{"elapsed_time":140355,"segment":0,"interval":1,"start_time":1611576114065},{"elapsed_time":140874,"segment":0,"interval":1,"start_time":1611576114584},{"elapsed_time":150872,"segment":0,"interval":1,"start_time":1611576124582},{"elapsed_time":160873,"segment":0,"interval":1,"start_time":1611576134583},{"elapsed_time":170874,"segment":0,"interval":1,"start_time":1611576144584},{"elapsed_time":175395,"segment":0,"interval":1,"start_time":1611576149105},{"elapsed_time":180870,"segment":0,"interval":1,"start_time":1611576154580},{"elapsed_time":190858,"segment":0,"interval":1,"start_time":1611576164568},{"elapsed_time":200865,"segment":0,"interval":1,"start_time":1611576174575},{"elapsed_time":210863,"segment":0,"interval":1,"start_time":1611576184573},{"elapsed_time":215270,"segment":0,"interval":1,"start_time":1611576188980},{"elapsed_time":219785,"segment":1,"interval":1,"start_time":1611576209075},{"elapsed_time":220949,"segment":1,"interval":1,"start_time":1611576210239},{"elapsed_time":230269,"segment":1,"interval":1,"start_time":1611576219559},{"elapsed_time":240287,"segment":1,"interval":1,"start_time":1611576229577},{"elapsed_time":250285,"segment":1,"interval":1,"start_time":1611576239575},{"elapsed_time":258707,"segment":1,"interval":1,"start_time":1611576247997},{"elapsed_time":260288,"segment":1,"interval":1,"start_time":1611576249578},{"elapsed_time":270284,"segment":1,"interval":1,"start_time":1611576259574},{"elapsed_time":285276,"segment":1,"interval":1,"start_time":1611576274566},{"elapsed_time":290224,"segment":1,"interval":1,"start_time":1611576279514},{"elapsed_time":295278,"segment":1,"interval":1,"start_time":1611576284568},{"elapsed_time":300294,"segment":1,"interval":1,"start_time":1611576289584},{"elapsed_time":310276,"segment":1,"interval":1,"start_time":1611576299566},{"elapsed_time":320262,"segment":1,"interval":1,"start_time":1611576309552},{"elapsed_time":329425,"segment":1,"interval":1,"start_time":1611576318715},{"elapsed_time":330291,"segment":1,"interval":1,"start_time":1611576319581},{"elapsed_time":340277,"segment":1,"interval":1,"start_time":1611576329567},{"elapsed_time":350277,"segment":1,"interval":1,"start_time":1611576339567},{"elapsed_time":360286,"segment":1,"interval":1,"start_time":1611576349576},{"elapsed_time":361593,"segment":1,"interval":1,"start_time":1611576350883},{"elapsed_time":370297,"segment":1,"interval":1,"start_time":1611576359587},{"elapsed_time":385272,"segment":1,"interval":1,"start_time":1611576374562},{"elapsed_time":395280,"segment":1,"interval":1,"start_time":1611576384570},{"elapsed_time":398900,"segment":1,"interval":1,"start_time":1611576388190},{"elapsed_time":400262,"segment":1,"interval":1,"start_time":1611576389552},{"elapsed_time":410719,"segment":2,"interval":1,"start_time":1611576417439},{"elapsed_time":412848,"segment":2,"interval":1,"start_time":1611576419568},{"elapsed_time":422863,"segment":2,"interval":1,"start_time":1611576429583},{"elapsed_time":432862,"segment":2,"interval":1,"start_time":1611576439582},{"elapsed_time":437243,"segment":2,"interval":1,"start_time":1611576443963},{"elapsed_time":442858,"segment":2,"interval":1,"start_time":1611576449578},{"elapsed_time":452853,"segment":2,"interval":1,"start_time":1611576459573},{"elapsed_time":461834,"segment":2,"interval":1,"start_time":1611576468554},{"elapsed_time":470719,"segment":2,"interval":1,"start_time":1611576477439},{"elapsed_time":471884,"segment":2,"interval":1,"start_time":1611576478604},{"elapsed_time":481858,"segment":2,"interval":1,"start_time":1611576488578},{"elapsed_time":492858,"segment":2,"interval":1,"start_time":1611576499578},{"elapsed_time":502854,"segment":2,"interval":1,"start_time":1611576509574},{"elapsed_time":503963,"segment":2,"interval":1,"start_time":1611576510683},{"elapsed_time":512842,"segment":2,"interval":1,"start_time":1611576519562},{"elapsed_time":522860,"segment":2,"interval":1,"start_time":1611576529580},{"elapsed_time":532852,"segment":2,"interval":1,"start_time":1611576539572},{"elapsed_time":540684,"segment":2,"interval":1,"start_time":1611576547404},{"elapsed_time":542853,"segment":2,"interval":1,"start_time":1611576549573},{"elapsed_time":552859,"segment":2,"interval":1,"start_time":1611576559579},{"elapsed_time":561846,"segment":2,"interval":1,"start_time":1611576568566},{"elapsed_time":571852,"segment":2,"interval":1,"start_time":1611576578572},{"elapsed_time":575335,"segment":2,"interval":1,"start_time":1611576582055},{"elapsed_time":578721,"segment":2,"interval":1,"start_time":1611576585441},{"elapsed_time":581847,"segment":2,"interval":1,"start_time":1611576588567},{"elapsed_time":592848,"segment":2,"interval":1,"start_time":1611576599568},{"elapsed_time":602849,"segment":2,"interval":1,"start_time":1611576609569},{"elapsed_time":608775,"segment":2,"interval":1,"start_time":1611576615495},{"elapsed_time":612870,"segment":2,"interval":1,"start_time":1611576619590},{"elapsed_time":622847,"segment":2,"interval":1,"start_time":1611576629567},{"elapsed_time":632855,"segment":2,"interval":1,"start_time":1611576639575},{"elapsed_time":642515,"segment":2,"interval":1,"start_time":1611576649235},{"elapsed_time":642855,"segment":2,"interval":1,"start_time":1611576649575},{"elapsed_time":652854,"segment":2,"interval":1,"start_time":1611576659574},{"elapsed_time":661850,"segment":2,"interval":1,"start_time":1611576668570},{"elapsed_time":671829,"segment":2,"interval":1,"start_time":1611576678549},{"elapsed_time":675259,"segment":2,"interval":1,"start_time":1611576681979},{"elapsed_time":681887,"segment":2,"interval":1,"start_time":1611576688607},{"elapsed_time":692844,"segment":2,"interval":1,"start_time":1611576699564},{"elapsed_time":702851,"segment":2,"interval":1,"start_time":1611576709571},{"elapsed_time":707883,"segment":2,"interval":1,"start_time":1611576714603},{"elapsed_time":712846,"segment":2,"interval":1,"start_time":1611576719566},{"elapsed_time":722854,"segment":2,"interval":1,"start_time":1611576729574},{"elapsed_time":732859,"segment":2,"interval":1,"start_time":1611576739579},{"elapsed_time":742854,"segment":2,"interval":1,"start_time":1611576749574},{"elapsed_time":743207,"segment":2,"interval":1,"start_time":1611576749927},{"elapsed_time":752859,"segment":2,"interval":1,"start_time":1611576759579},{"elapsed_time":761842,"segment":2,"interval":1,"start_time":1611576768562},{"elapsed_time":771859,"segment":2,"interval":1,"start_time":1611576778579},{"elapsed_time":775855,"segment":2,"interval":1,"start_time":1611576782575},{"elapsed_time":781844,"segment":2,"interval":1,"start_time":1611576788564},{"elapsed_time":791488,"segment":2,"interval":1,"start_time":1611576798208},{"elapsed_time":792844,"segment":2,"interval":1,"start_time":1611576799564},{"elapsed_time":802841,"segment":2,"interval":1,"start_time":1611576809561},{"elapsed_time":808327,"segment":2,"interval":1,"start_time":1611576815047},{"elapsed_time":812859,"segment":2,"interval":1,"start_time":1611576819579},{"elapsed_time":822831,"segment":2,"interval":1,"start_time":1611576829551},{"elapsed_time":826847,"segment":2,"interval":1,"start_time":1611576833567},{"elapsed_time":830847,"segment":2,"interval":1,"start_time":1611576837567},{"elapsed_time":832852,"segment":2,"interval":1,"start_time":1611576839572},{"elapsed_time":842857,"segment":2,"interval":1,"start_time":1611576849577},{"elapsed_time":843246,"segment":2,"interval":1,"start_time":1611576849966},{"elapsed_time":851419,"segment":2,"interval":1,"start_time":1611576858139},{"elapsed_time":851850,"segment":2,"interval":1,"start_time":1611576858570},{"elapsed_time":860428,"segment":2,"interval":1,"start_time":1611576867148},{"elapsed_time":861870,"segment":2,"interval":1,"start_time":1611576868590},{"elapsed_time":870170,"segment":2,"interval":1,"start_time":1611576876890},{"elapsed_time":871832,"segment":2,"interval":1,"start_time":1611576878552},{"elapsed_time":877871,"segment":2,"interval":1,"start_time":1611576884591},{"elapsed_time":881861,"segment":2,"interval":1,"start_time":1611576888581},{"elapsed_time":884186,"segment":2,"interval":1,"start_time":1611576890906},{"elapsed_time":890277,"segment":2,"interval":1,"start_time":1611576896997},{"elapsed_time":892852,"segment":2,"interval":1,"start_time":1611576899572},{"elapsed_time":900278,"segment":2,"interval":1,"start_time":1611576906998},{"elapsed_time":902831,"segment":2,"interval":1,"start_time":1611576909551},{"elapsed_time":910209,"segment":2,"interval":1,"start_time":1611576916929},{"elapsed_time":911143,"segment":2,"interval":1,"start_time":1611576917863},{"elapsed_time":912853,"segment":2,"interval":1,"start_time":1611576919573},{"elapsed_time":922869,"segment":2,"interval":1,"start_time":1611576929589},{"elapsed_time":932854,"segment":2,"interval":1,"start_time":1611576939574},{"elapsed_time":934244,"segment":2,"interval":1,"start_time":1611576940964},{"elapsed_time":940671,"segment":2,"interval":1,"start_time":1611576947391},{"elapsed_time":942836,"segment":2,"interval":1,"start_time":1611576949556},{"elapsed_time":944260,"segment":2,"interval":1,"start_time":1611576950980},{"elapsed_time":950278,"segment":2,"interval":1,"start_time":1611576956998},{"elapsed_time":952840,"segment":2,"interval":1,"start_time":1611576959560},{"elapsed_time":961835,"segment":2,"interval":1,"start_time":1611576968555},{"elapsed_time":971845,"segment":2,"interval":1,"start_time":1611576978565},{"elapsed_time":979568,"segment":2,"interval":1,"start_time":1611576986288},{"elapsed_time":981821,"segment":2,"interval":1,"start_time":1611576988541},{"elapsed_time":985391,"segment":2,"interval":1,"start_time":1611576992111},{"elapsed_time":992863,"segment":2,"interval":1,"start_time":1611576999583},{"elapsed_time":995315,"segment":2,"interval":1,"start_time":1611577002035},{"elapsed_time":1002877,"segment":2,"interval":1,"start_time":1611577009597},{"elapsed_time":1012864,"segment":2,"interval":1,"start_time":1611577019584},{"elapsed_time":1012993,"segment":2,"interval":1,"start_time":1611577019713},{"elapsed_time":1022895,"segment":2,"interval":1,"start_time":1611577029615},{"elapsed_time":1024436,"segment":2,"interval":1,"start_time":1611577031156},{"elapsed_time":1032859,"segment":2,"interval":1,"start_time":1611577039579},{"elapsed_time":1034436,"segment":2,"interval":1,"start_time":1611577041156},{"elapsed_time":1042857,"segment":2,"interval":1,"start_time":1611577049577},{"elapsed_time":1044639,"segment":2,"interval":1,"start_time":1611577051359},{"elapsed_time":1044860,"segment":2,"interval":1,"start_time":1611577051580},{"elapsed_time":1050591,"segment":2,"interval":1,"start_time":1611577057311},{"elapsed_time":1052837,"segment":2,"interval":1,"start_time":1611577059557},{"elapsed_time":1060401,"segment":2,"interval":1,"start_time":1611577067121},{"elapsed_time":1061832,"segment":2,"interval":1,"start_time":1611577068552},{"elapsed_time":1071836,"segment":2,"interval":1,"start_time":1611577078556},{"elapsed_time":1076369,"segment":2,"interval":1,"start_time":1611577083089},{"elapsed_time":1082844,"segment":2,"interval":1,"start_time":1611577089564},{"elapsed_time":1083196,"segment":2,"interval":1,"start_time":1611577089916},{"elapsed_time":1092845,"segment":2,"interval":1,"start_time":1611577099565},{"elapsed_time":1102842,"segment":2,"interval":1,"start_time":1611577109562},{"elapsed_time":1110825,"segment":2,"interval":1,"start_time":1611577117545},{"elapsed_time":1112851,"segment":2,"interval":1,"start_time":1611577119571},{"elapsed_time":1116497,"segment":2,"interval":1,"start_time":1611577123217},{"elapsed_time":1122851,"segment":2,"interval":1,"start_time":1611577129571},{"elapsed_time":1125414,"segment":2,"interval":1,"start_time":1611577132134},{"elapsed_time":1130414,"segment":2,"interval":1,"start_time":1611577137134},{"elapsed_time":1132861,"segment":2,"interval":1,"start_time":1611577139581},{"elapsed_time":1141579,"segment":2,"interval":1,"start_time":1611577148299},{"elapsed_time":1142843,"segment":2,"interval":1,"start_time":1611577149563},{"elapsed_time":1144850,"segment":2,"interval":1,"start_time":1611577151570},{"elapsed_time":1150443,"segment":2,"interval":1,"start_time":1611577157163},{"elapsed_time":1152846,"segment":2,"interval":1,"start_time":1611577159566},{"elapsed_time":1161848,"segment":2,"interval":1,"start_time":1611577168568},{"elapsed_time":1171845,"segment":2,"interval":1,"start_time":1611577178565},{"elapsed_time":1177540,"segment":2,"interval":1,"start_time":1611577184260},{"elapsed_time":1182923,"segment":2,"interval":1,"start_time":1611577189643},{"elapsed_time":1184523,"segment":2,"interval":1,"start_time":1611577191243},{"elapsed_time":1190629,"segment":2,"interval":1,"start_time":1611577197349},{"elapsed_time":1192842,"segment":2,"interval":1,"start_time":1611577199562},{"elapsed_time":1200828,"segment":2,"interval":1,"start_time":1611577207548},{"elapsed_time":1202852,"segment":2,"interval":1,"start_time":1611577209572},{"elapsed_time":1209978,"segment":2,"interval":1,"start_time":1611577216698},{"elapsed_time":1210505,"segment":2,"interval":1,"start_time":1611577217225},{"elapsed_time":1212843,"segment":2,"interval":1,"start_time":1611577219563},{"elapsed_time":1220522,"segment":2,"interval":1,"start_time":1611577227242},{"elapsed_time":1222850,"segment":2,"interval":1,"start_time":1611577229570},{"elapsed_time":1230543,"segment":2,"interval":1,"start_time":1611577237263},{"elapsed_time":1232845,"segment":2,"interval":1,"start_time":1611577239565},{"elapsed_time":1242849,"segment":2,"interval":1,"start_time":1611577249569},{"elapsed_time":1243597,"segment":2,"interval":1,"start_time":1611577250317},{"elapsed_time":1247545,"segment":2,"interval":1,"start_time":1611577254265},{"elapsed_time":1250545,"segment":2,"interval":1,"start_time":1611577257265},{"elapsed_time":1252842,"segment":2,"interval":1,"start_time":1611577259562},{"elapsed_time":1261843,"segment":2,"interval":1,"start_time":1611577268563},{"elapsed_time":1271850,"segment":2,"interval":1,"start_time":1611577278570},{"elapsed_time":1276373,"segment":2,"interval":1,"start_time":1611577283093},{"elapsed_time":1282847,"segment":2,"interval":1,"start_time":1611577289567},{"elapsed_time":1289581,"segment":2,"interval":1,"start_time":1611577296301},{"elapsed_time":1290581,"segment":2,"interval":1,"start_time":1611577297301},{"elapsed_time":1292856,"segment":2,"interval":1,"start_time":1611577299576},{"elapsed_time":1300606,"segment":2,"interval":1,"start_time":1611577307326},{"elapsed_time":1302852,"segment":2,"interval":1,"start_time":1611577309572},{"elapsed_time":1309828,"segment":2,"interval":1,"start_time":1611577316548},{"elapsed_time":1310607,"segment":2,"interval":1,"start_time":1611577317327},{"elapsed_time":1312845,"segment":2,"interval":1,"start_time":1611577319565},{"elapsed_time":1320634,"segment":2,"interval":1,"start_time":1611577327354},{"elapsed_time":1322846,"segment":2,"interval":1,"start_time":1611577329566},{"elapsed_time":1332855,"segment":2,"interval":1,"start_time":1611577339575},{"elapsed_time":1342720,"segment":2,"interval":1,"start_time":1611577349440},{"elapsed_time":1342843,"segment":2,"interval":1,"start_time":1611577349563},{"elapsed_time":1344161,"segment":2,"interval":1,"start_time":1611577350881},{"elapsed_time":1346161,"segment":2,"interval":1,"start_time":1611577352881},{"elapsed_time":1352849,"segment":2,"interval":1,"start_time":1611577359569},{"elapsed_time":1359650,"segment":2,"interval":1,"start_time":1611577366370},{"elapsed_time":1360650,"segment":2,"interval":1,"start_time":1611577367370},{"elapsed_time":1361865,"segment":2,"interval":1,"start_time":1611577368585},{"elapsed_time":1371850,"segment":2,"interval":1,"start_time":1611577378570},{"elapsed_time":1375911,"segment":2,"interval":1,"start_time":1611577382631},{"elapsed_time":1379668,"segment":2,"interval":1,"start_time":1611577386388},{"elapsed_time":1380787,"segment":2,"interval":1,"start_time":1611577387507},{"elapsed_time":1382831,"segment":2,"interval":1,"start_time":1611577389551},{"elapsed_time":1392855,"segment":2,"interval":1,"start_time":1611577399575},{"elapsed_time":1401914,"segment":2,"interval":1,"start_time":1611577408634},{"elapsed_time":1402853,"segment":2,"interval":1,"start_time":1611577409573},{"elapsed_time":1407387,"segment":2,"interval":1,"start_time":1611577414107},{"elapsed_time":1410934,"segment":2,"interval":1,"start_time":1611577417654},{"elapsed_time":1412837,"segment":2,"interval":1,"start_time":1611577419557},{"elapsed_time":1422850,"segment":2,"interval":1,"start_time":1611577429570},{"elapsed_time":1432844,"segment":2,"interval":1,"start_time":1611577439564},{"elapsed_time":1436783,"segment":2,"interval":1,"start_time":1611577443503},{"elapsed_time":1440783,"segment":2,"interval":1,"start_time":1611577447503},{"elapsed_time":1441206,"segment":2,"interval":1,"start_time":1611577447926},{"elapsed_time":1442871,"segment":2,"interval":1,"start_time":1611577449591},{"elapsed_time":1452833,"segment":2,"interval":1,"start_time":1611577459553},{"elapsed_time":1461839,"segment":2,"interval":1,"start_time":1611577468559},{"elapsed_time":1471843,"segment":2,"interval":1,"start_time":1611577478563},{"elapsed_time":1473606,"segment":2,"interval":1,"start_time":1611577480326},{"elapsed_time":1482847,"segment":2,"interval":1,"start_time":1611577489567},{"elapsed_time":1492851,"segment":2,"interval":1,"start_time":1611577499571},{"elapsed_time":1494273,"segment":2,"interval":1,"start_time":1611577500993},{"elapsed_time":1502839,"segment":2,"interval":1,"start_time":1611577509559},{"elapsed_time":1505171,"segment":2,"interval":1,"start_time":1611577511891},{"elapsed_time":1512849,"segment":2,"interval":1,"start_time":1611577519569},{"elapsed_time":1522847,"segment":2,"interval":1,"start_time":1611577529567},{"elapsed_time":1527852,"segment":2,"interval":1,"start_time":1611577534572},{"elapsed_time":1532884,"segment":2,"interval":1,"start_time":1611577539604},{"elapsed_time":1537966,"segment":2,"interval":1,"start_time":1611577544686},{"elapsed_time":1542107,"segment":2,"interval":1,"start_time":1611577548827},{"elapsed_time":1542851,"segment":2,"interval":1,"start_time":1611577549571},{"elapsed_time":1543120,"segment":2,"interval":1,"start_time":1611577549840},{"elapsed_time":1551843,"segment":2,"interval":1,"start_time":1611577558563},{"elapsed_time":1561840,"segment":2,"interval":1,"start_time":1611577568560},{"elapsed_time":1571002,"segment":2,"interval":1,"start_time":1611577577722},{"elapsed_time":1571187,"segment":2,"interval":1,"start_time":1611577577907},{"elapsed_time":1571832,"segment":2,"interval":1,"start_time":1611577578552},{"elapsed_time":1580889,"segment":2,"interval":1,"start_time":1611577587609},{"elapsed_time":1582831,"segment":2,"interval":1,"start_time":1611577589551},{"elapsed_time":1590111,"segment":2,"interval":1,"start_time":1611577596831},{"elapsed_time":1592847,"segment":2,"interval":1,"start_time":1611577599567},{"elapsed_time":1602844,"segment":2,"interval":1,"start_time":1611577609564},{"elapsed_time":1606358,"segment":2,"interval":1,"start_time":1611577613078},{"elapsed_time":1612108,"segment":2,"interval":1,"start_time":1611577618828},{"elapsed_time":1612843,"segment":2,"interval":1,"start_time":1611577619563},{"elapsed_time":1622831,"segment":2,"interval":1,"start_time":1611577629551},{"elapsed_time":1632230,"segment":2,"interval":1,"start_time":1611577638950},{"elapsed_time":1632840,"segment":2,"interval":1,"start_time":1611577639560},{"elapsed_time":1638276,"segment":2,"interval":1,"start_time":1611577644996},{"elapsed_time":1640231,"segment":2,"interval":1,"start_time":1611577646951},{"elapsed_time":1642843,"segment":2,"interval":1,"start_time":1611577649563},{"elapsed_time":1647684,"segment":2,"interval":1,"start_time":1611577654404},{"elapsed_time":1651838,"segment":2,"interval":1,"start_time":1611577658558},{"elapsed_time":1661823,"segment":2,"interval":1,"start_time":1611577668543},{"elapsed_time":1663421,"segment":2,"interval":1,"start_time":1611577670141},{"elapsed_time":1671154,"segment":2,"interval":1,"start_time":1611577677874},{"elapsed_time":1671851,"segment":2,"interval":1,"start_time":1611577678571},{"elapsed_time":1682842,"segment":2,"interval":1,"start_time":1611577689562},{"elapsed_time":1692235,"segment":2,"interval":1,"start_time":1611577698955},{"elapsed_time":1692826,"segment":2,"interval":1,"start_time":1611577699546},{"elapsed_time":1702849,"segment":2,"interval":1,"start_time":1611577709569},{"elapsed_time":1704566,"segment":2,"interval":1,"start_time":1611577711286},{"elapsed_time":1712854,"segment":2,"interval":1,"start_time":1611577719574},{"elapsed_time":1722837,"segment":2,"interval":1,"start_time":1611577729557},{"elapsed_time":1732852,"segment":2,"interval":1,"start_time":1611577739572},{"elapsed_time":1737745,"segment":2,"interval":1,"start_time":1611577744465},{"elapsed_time":1742827,"segment":2,"interval":1,"start_time":1611577749547},{"elapsed_time":1752837,"segment":2,"interval":1,"start_time":1611577759557},{"elapsed_time":1760144,"segment":2,"interval":1,"start_time":1611577766864},{"elapsed_time":1761848,"segment":2,"interval":1,"start_time":1611577768568},{"elapsed_time":1765120,"segment":2,"interval":1,"start_time":1611577771840}]