[{"elapsed_time":1560,"segment":0,"interval":1,"start_time":1606736865000},{"elapsed_time":3560,"segment":0,"interval":1,"start_time":1606736867000},{"elapsed_time":5560,"segment":0,"interval":1,"start_time":1606736869000},{"elapsed_time":6560,"segment":0,"interval":1,"start_time":1606736870000},{"elapsed_time":7560,"segment":0,"interval":1,"start_time":1606736871000},{"elapsed_time":8560,"segment":0,"interval":1,"start_time":1606736872000},{"elapsed_time":9560,"segment":0,"interval":1,"start_time":1606736873000},{"elapsed_time":10560,"segment":0,"interval":1,"start_time":1606736874000},{"elapsed_time":11560,"segment":0,"interval":1,"start_time":1606736875000},{"elapsed_time":12560,"segment":0,"interval":1,"start_time":1606736876000},{"elapsed_time":13560,"segment":0,"interval":1,"start_time":1606736877000},{"elapsed_time":14560,"segment":0,"interval":1,"start_time":1606736878000},{"elapsed_time":15560,"segment":0,"interval":1,"start_time":1606736879000},{"elapsed_time":16560,"segment":0,"interval":1,"start_time":1606736880000},{"elapsed_time":17560,"segment":0,"interval":1,"start_time":1606736881000},{"elapsed_time":18560,"segment":0,"interval":1,"start_time":1606736882000},{"elapsed_time":19560,"segment":0,"interval":1,"start_time":1606736883000},{"elapsed_time":20560,"segment":0,"interval":1,"start_time":1606736884000},{"elapsed_time":21560,"segment":0,"interval":1,"start_time":1606736885000},{"elapsed_time":22560,"segment":0,"interval":1,"start_time":1606736886000},{"elapsed_time":23560,"segment":0,"interval":1,"start_time":1606736887000},{"elapsed_time":24560,"segment":0,"interval":1,"start_time":1606736888000},{"elapsed_time":25560,"segment":0,"interval":1,"start_time":1606736889000},{"elapsed_time":26560,"segment":0,"interval":1,"start_time":1606736890000},{"elapsed_time":27560,"segment":0,"interval":1,"start_time":1606736891000},{"elapsed_time":28560,"segment":0,"interval":1,"start_time":1606736892000},{"elapsed_time":29560,"segment":0,"interval":1,"start_time":1606736893000},{"elapsed_time":30560,"segment":0,"interval":1,"start_time":1606736894000},{"elapsed_time":31560,"segment":0,"interval":1,"start_time":1606736895000},{"elapsed_time":33560,"segment":0,"interval":1,"start_time":1606736897000},{"elapsed_time":43560,"segment":0,"interval":1,"start_time":1606736907000},{"elapsed_time":53560,"segment":0,"interval":1,"start_time":1606736917000},{"elapsed_time":63560,"segment":0,"interval":1,"start_time":1606736927000},{"elapsed_time":73560,"segment":0,"interval":1,"start_time":1606736937000},{"elapsed_time":83560,"segment":0,"interval":1,"start_time":1606736947000},{"elapsed_time":93560,"segment":0,"interval":1,"start_time":1606736957000},{"elapsed_time":103560,"segment":0,"interval":1,"start_time":1606736967000},{"elapsed_time":113560,"segment":0,"interval":1,"start_time":1606736977000},{"elapsed_time":123560,"segment":0,"interval":1,"start_time":1606736987000},{"elapsed_time":133560,"segment":0,"interval":1,"start_time":1606736997000},{"elapsed_time":135560,"segment":0,"interval":1,"start_time":1606736999000},{"elapsed_time":136560,"segment":0,"interval":1,"start_time":1606737000000},{"elapsed_time":137560,"segment":0,"interval":1,"start_time":1606737001000},{"elapsed_time":138560,"segment":0,"interval":1,"start_time":1606737002000},{"elapsed_time":139560,"segment":0,"interval":1,"start_time":1606737003000},{"elapsed_time":140560,"segment":0,"interval":1,"start_time":1606737004000},{"elapsed_time":141560,"segment":0,"interval":1,"start_time":1606737005000},{"elapsed_time":142560,"segment":0,"interval":1,"start_time":1606737006000},{"elapsed_time":143560,"segment":0,"interval":1,"start_time":1606737007000},{"elapsed_time":144560,"segment":0,"interval":1,"start_time":1606737008000},{"elapsed_time":145560,"segment":0,"interval":1,"start_time":1606737009000},{"elapsed_time":146560,"segment":0,"interval":1,"start_time":1606737010000},{"elapsed_time":147560,"segment":0,"interval":1,"start_time":1606737011000},{"elapsed_time":148560,"segment":0,"interval":1,"start_time":1606737012000},{"elapsed_time":149560,"segment":0,"interval":1,"start_time":1606737013000},{"elapsed_time":150560,"segment":0,"interval":1,"start_time":1606737014000},{"elapsed_time":151560,"segment":0,"interval":1,"start_time":1606737015000},{"elapsed_time":152560,"segment":0,"interval":1,"start_time":1606737016000},{"elapsed_time":153560,"segment":0,"interval":1,"start_time":1606737017000},{"elapsed_time":154560,"segment":0,"interval":1,"start_time":1606737018000},{"elapsed_time":155560,"segment":0,"interval":1,"start_time":1606737019000},{"elapsed_time":156560,"segment":0,"interval":1,"start_time":1606737020000},{"elapsed_time":157560,"segment":0,"interval":1,"start_time":1606737021000},{"elapsed_time":158560,"segment":0,"interval":1,"start_time":1606737022000},{"elapsed_time":159560,"segment":0,"interval":1,"start_time":1606737023000},{"elapsed_time":160560,"segment":0,"interval":1,"start_time":1606737024000},{"elapsed_time":161560,"segment":0,"interval":1,"start_time":1606737025000},{"elapsed_time":162560,"segment":0,"interval":1,"start_time":1606737026000},{"elapsed_time":163560,"segment":0,"interval":1,"start_time":1606737027000},{"elapsed_time":164560,"segment":0,"interval":1,"start_time":1606737028000},{"elapsed_time":165560,"segment":0,"interval":1,"start_time":1606737029000},{"elapsed_time":166560,"segment":0,"interval":1,"start_time":1606737030000},{"elapsed_time":167560,"segment":0,"interval":1,"start_time":1606737031000},{"elapsed_time":168560,"segment":0,"interval":1,"start_time":1606737032000},{"elapsed_time":169560,"segment":0,"interval":1,"start_time":1606737033000},{"elapsed_time":170560,"segment":0,"interval":1,"start_time":1606737034000},{"elapsed_time":171560,"segment":0,"interval":1,"start_time":1606737035000},{"elapsed_time":172560,"segment":0,"interval":1,"start_time":1606737036000},{"elapsed_time":173560,"segment":0,"interval":1,"start_time":1606737037000},{"elapsed_time":174560,"segment":0,"interval":1,"start_time":1606737038000},{"elapsed_time":175560,"segment":0,"interval":1,"start_time":1606737039000},{"elapsed_time":176560,"segment":0,"interval":1,"start_time":1606737040000},{"elapsed_time":177560,"segment":0,"interval":1,"start_time":1606737041000},{"elapsed_time":178560,"segment":0,"interval":1,"start_time":1606737042000},{"elapsed_time":179560,"segment":0,"interval":1,"start_time":1606737043000},{"elapsed_time":180560,"segment":0,"interval":1,"start_time":1606737044000},{"elapsed_time":181560,"segment":0,"interval":1,"start_time":1606737045000},{"elapsed_time":182560,"segment":0,"interval":1,"start_time":1606737046000},{"elapsed_time":183560,"segment":0,"interval":1,"start_time":1606737047000},{"elapsed_time":184560,"segment":0,"interval":1,"start_time":1606737048000},{"elapsed_time":185560,"segment":0,"interval":1,"start_time":1606737049000},{"elapsed_time":186560,"segment":0,"interval":1,"start_time":1606737050000},{"elapsed_time":187560,"segment":0,"interval":1,"start_time":1606737051000},{"elapsed_time":188560,"segment":0,"interval":1,"start_time":1606737052000},{"elapsed_time":189560,"segment":0,"interval":1,"start_time":1606737053000},{"elapsed_time":190560,"segment":0,"interval":1,"start_time":1606737054000},{"elapsed_time":191560,"segment":0,"interval":1,"start_time":1606737055000},{"elapsed_time":192560,"segment":0,"interval":1,"start_time":1606737056000},{"elapsed_time":193560,"segment":0,"interval":1,"start_time":1606737057000},{"elapsed_time":194560,"segment":0,"interval":1,"start_time":1606737058000},{"elapsed_time":195560,"segment":0,"interval":1,"start_time":1606737059000},{"elapsed_time":196560,"segment":0,"interval":1,"start_time":1606737060000},{"elapsed_time":197560,"segment":0,"interval":1,"start_time":1606737061000},{"elapsed_time":198560,"segment":0,"interval":1,"start_time":1606737062000},{"elapsed_time":199560,"segment":0,"interval":1,"start_time":1606737063000},{"elapsed_time":200560,"segment":0,"interval":1,"start_time":1606737064000},{"elapsed_time":201560,"segment":0,"interval":1,"start_time":1606737065000},{"elapsed_time":202560,"segment":0,"interval":1,"start_time":1606737066000},{"elapsed_time":203560,"segment":0,"interval":1,"start_time":1606737067000},{"elapsed_time":204560,"segment":0,"interval":1,"start_time":1606737068000},{"elapsed_time":205560,"segment":0,"interval":1,"start_time":1606737069000},{"elapsed_time":206560,"segment":0,"interval":1,"start_time":1606737070000},{"elapsed_time":207560,"segment":0,"interval":1,"start_time":1606737071000},{"elapsed_time":208560,"segment":0,"interval":1,"start_time":1606737072000},{"elapsed_time":209560,"segment":0,"interval":1,"start_time":1606737073000},{"elapsed_time":210560,"segment":0,"interval":1,"start_time":1606737074000},{"elapsed_time":211560,"segment":0,"interval":1,"start_time":1606737075000},{"elapsed_time":212560,"segment":0,"interval":1,"start_time":1606737076000},{"elapsed_time":213560,"segment":0,"interval":1,"start_time":1606737077000},{"elapsed_time":214560,"segment":0,"interval":1,"start_time":1606737078000},{"elapsed_time":215560,"segment":0,"interval":1,"start_time":1606737079000},{"elapsed_time":216560,"segment":0,"interval":1,"start_time":1606737080000},{"elapsed_time":217560,"segment":0,"interval":1,"start_time":1606737081000},{"elapsed_time":218560,"segment":0,"interval":1,"start_time":1606737082000},{"elapsed_time":219560,"segment":0,"interval":1,"start_time":1606737083000},{"elapsed_time":220560,"segment":0,"interval":1,"start_time":1606737084000},{"elapsed_time":221560,"segment":0,"interval":1,"start_time":1606737085000},{"elapsed_time":222560,"segment":0,"interval":1,"start_time":1606737086000},{"elapsed_time":223560,"segment":0,"interval":1,"start_time":1606737087000},{"elapsed_time":224560,"segment":0,"interval":1,"start_time":1606737088000},{"elapsed_time":225560,"segment":0,"interval":1,"start_time":1606737089000},{"elapsed_time":226560,"segment":0,"interval":1,"start_time":1606737090000},{"elapsed_time":227560,"segment":0,"interval":1,"start_time":1606737091000},{"elapsed_time":228560,"segment":0,"interval":1,"start_time":1606737092000},{"elapsed_time":229560,"segment":0,"interval":1,"start_time":1606737093000},{"elapsed_time":230560,"segment":0,"interval":1,"start_time":1606737094000},{"elapsed_time":231560,"segment":0,"interval":1,"start_time":1606737095000},{"elapsed_time":232560,"segment":0,"interval":1,"start_time":1606737096000},{"elapsed_time":233560,"segment":0,"interval":1,"start_time":1606737097000},{"elapsed_time":234560,"segment":0,"interval":1,"start_time":1606737098000},{"elapsed_time":235560,"segment":0,"interval":1,"start_time":1606737099000},{"elapsed_time":236560,"segment":0,"interval":1,"start_time":1606737100000},{"elapsed_time":237560,"segment":0,"interval":1,"start_time":1606737101000},{"elapsed_time":238560,"segment":0,"interval":1,"start_time":1606737102000},{"elapsed_time":239560,"segment":0,"interval":1,"start_time":1606737103000},{"elapsed_time":240560,"segment":0,"interval":1,"start_time":1606737104000},{"elapsed_time":241560,"segment":0,"interval":1,"start_time":1606737105000},{"elapsed_time":242560,"segment":0,"interval":1,"start_time":1606737106000},{"elapsed_time":243560,"segment":0,"interval":1,"start_time":1606737107000},{"elapsed_time":244560,"segment":0,"interval":1,"start_time":1606737108000},{"elapsed_time":245560,"segment":0,"interval":1,"start_time":1606737109000},{"elapsed_time":247560,"segment":0,"interval":1,"start_time":1606737111000},{"elapsed_time":248560,"segment":0,"interval":1,"start_time":1606737112000},{"elapsed_time":249560,"segment":0,"interval":2,"start_time":1606737113000},{"elapsed_time":250560,"segment":0,"interval":2,"start_time":1606737114000},{"elapsed_time":251560,"segment":0,"interval":2,"start_time":1606737115000},{"elapsed_time":252560,"segment":0,"interval":2,"start_time":1606737116000},{"elapsed_time":253560,"segment":0,"interval":2,"start_time":1606737117000},{"elapsed_time":254560,"segment":0,"interval":2,"start_time":1606737118000},{"elapsed_time":255560,"segment":0,"interval":2,"start_time":1606737119000},{"elapsed_time":256560,"segment":0,"interval":2,"start_time":1606737120000},{"elapsed_time":257560,"segment":0,"interval":2,"start_time":1606737121000},{"elapsed_time":258560,"segment":0,"interval":2,"start_time":1606737122000},{"elapsed_time":259560,"segment":0,"interval":2,"start_time":1606737123000},{"elapsed_time":261560,"segment":0,"interval":2,"start_time":1606737125000},{"elapsed_time":262560,"segment":0,"interval":2,"start_time":1606737126000},{"elapsed_time":263560,"segment":0,"interval":2,"start_time":1606737127000},{"elapsed_time":264560,"segment":0,"interval":2,"start_time":1606737128000},{"elapsed_time":265560,"segment":0,"interval":2,"start_time":1606737129000},{"elapsed_time":266560,"segment":0,"interval":2,"start_time":1606737130000},{"elapsed_time":267560,"segment":0,"interval":2,"start_time":1606737131000},{"elapsed_time":268560,"segment":0,"interval":2,"start_time":1606737132000},{"elapsed_time":269560,"segment":0,"interval":2,"start_time":1606737133000},{"elapsed_time":270560,"segment":0,"interval":2,"start_time":1606737134000},{"elapsed_time":271560,"segment":0,"interval":2,"start_time":1606737135000},{"elapsed_time":272560,"segment":0,"interval":2,"start_time":1606737136000},{"elapsed_time":273560,"segment":0,"interval":2,"start_time":1606737137000},{"elapsed_time":274560,"segment":0,"interval":2,"start_time":1606737138000},{"elapsed_time":275560,"segment":0,"interval":2,"start_time":1606737139000},{"elapsed_time":276560,"segment":0,"interval":2,"start_time":1606737140000},{"elapsed_time":277560,"segment":0,"interval":2,"start_time":1606737141000},{"elapsed_time":278560,"segment":0,"interval":2,"start_time":1606737142000},{"elapsed_time":279560,"segment":0,"interval":2,"start_time":1606737143000},{"elapsed_time":280560,"segment":0,"interval":2,"start_time":1606737144000},{"elapsed_time":281560,"segment":0,"interval":2,"start_time":1606737145000},{"elapsed_time":282560,"segment":0,"interval":2,"start_time":1606737146000},{"elapsed_time":283560,"segment":0,"interval":2,"start_time":1606737147000},{"elapsed_time":284560,"segment":0,"interval":2,"start_time":1606737148000},{"elapsed_time":285560,"segment":0,"interval":2,"start_time":1606737149000},{"elapsed_time":286560,"segment":0,"interval":2,"start_time":1606737150000},{"elapsed_time":287560,"segment":0,"interval":2,"start_time":1606737151000},{"elapsed_time":288560,"segment":0,"interval":2,"start_time":1606737152000},{"elapsed_time":289560,"segment":0,"interval":2,"start_time":1606737153000},{"elapsed_time":290560,"segment":0,"interval":2,"start_time":1606737154000},{"elapsed_time":291560,"segment":0,"interval":2,"start_time":1606737155000},{"elapsed_time":292560,"segment":0,"interval":2,"start_time":1606737156000},{"elapsed_time":293560,"segment":0,"interval":2,"start_time":1606737157000},{"elapsed_time":294560,"segment":0,"interval":2,"start_time":1606737158000},{"elapsed_time":295560,"segment":0,"interval":2,"start_time":1606737159000},{"elapsed_time":296560,"segment":0,"interval":2,"start_time":1606737160000},{"elapsed_time":297560,"segment":0,"interval":2,"start_time":1606737161000},{"elapsed_time":298560,"segment":0,"interval":2,"start_time":1606737162000},{"elapsed_time":299560,"segment":0,"interval":2,"start_time":1606737163000},{"elapsed_time":300560,"segment":0,"interval":2,"start_time":1606737164000},{"elapsed_time":301560,"segment":0,"interval":2,"start_time":1606737165000},{"elapsed_time":302560,"segment":0,"interval":2,"start_time":1606737166000},{"elapsed_time":303560,"segment":0,"interval":2,"start_time":1606737167000},{"elapsed_time":304560,"segment":0,"interval":2,"start_time":1606737168000},{"elapsed_time":305560,"segment":0,"interval":2,"start_time":1606737169000},{"elapsed_time":306560,"segment":0,"interval":2,"start_time":1606737170000},{"elapsed_time":307560,"segment":0,"interval":2,"start_time":1606737171000},{"elapsed_time":308560,"segment":0,"interval":2,"start_time":1606737172000},{"elapsed_time":309560,"segment":0,"interval":2,"start_time":1606737173000},{"elapsed_time":310560,"segment":0,"interval":2,"start_time":1606737174000},{"elapsed_time":311560,"segment":0,"interval":2,"start_time":1606737175000},{"elapsed_time":312560,"segment":0,"interval":2,"start_time":1606737176000},{"elapsed_time":313560,"segment":0,"interval":2,"start_time":1606737177000},{"elapsed_time":314560,"segment":0,"interval":2,"start_time":1606737178000},{"elapsed_time":315560,"segment":0,"interval":2,"start_time":1606737179000},{"elapsed_time":316560,"segment":0,"interval":2,"start_time":1606737180000},{"elapsed_time":317560,"segment":0,"interval":2,"start_time":1606737181000},{"elapsed_time":318560,"segment":0,"interval":2,"start_time":1606737182000},{"elapsed_time":319560,"segment":0,"interval":2,"start_time":1606737183000},{"elapsed_time":320560,"segment":0,"interval":2,"start_time":1606737184000},{"elapsed_time":321560,"segment":0,"interval":2,"start_time":1606737185000},{"elapsed_time":322560,"segment":0,"interval":2,"start_time":1606737186000},{"elapsed_time":323560,"segment":0,"interval":2,"start_time":1606737187000},{"elapsed_time":324560,"segment":0,"interval":2,"start_time":1606737188000},{"elapsed_time":325560,"segment":0,"interval":2,"start_time":1606737189000},{"elapsed_time":326560,"segment":0,"interval":2,"start_time":1606737190000},{"elapsed_time":327560,"segment":0,"interval":2,"start_time":1606737191000},{"elapsed_time":328560,"segment":0,"interval":2,"start_time":1606737192000},{"elapsed_time":329560,"segment":0,"interval":2,"start_time":1606737193000},{"elapsed_time":330560,"segment":0,"interval":2,"start_time":1606737194000},{"elapsed_time":331560,"segment":0,"interval":2,"start_time":1606737195000},{"elapsed_time":332560,"segment":0,"interval":2,"start_time":1606737196000},{"elapsed_time":333560,"segment":0,"interval":2,"start_time":1606737197000},{"elapsed_time":334560,"segment":0,"interval":2,"start_time":1606737198000},{"elapsed_time":335560,"segment":0,"interval":2,"start_time":1606737199000},{"elapsed_time":336560,"segment":0,"interval":2,"start_time":1606737200000},{"elapsed_time":337560,"segment":0,"interval":2,"start_time":1606737201000},{"elapsed_time":338560,"segment":0,"interval":2,"start_time":1606737202000},{"elapsed_time":339560,"segment":0,"interval":2,"start_time":1606737203000},{"elapsed_time":340560,"segment":0,"interval":2,"start_time":1606737204000},{"elapsed_time":341560,"segment":0,"interval":2,"start_time":1606737205000},{"elapsed_time":342560,"segment":0,"interval":2,"start_time":1606737206000},{"elapsed_time":343560,"segment":0,"interval":2,"start_time":1606737207000},{"elapsed_time":344560,"segment":0,"interval":2,"start_time":1606737208000},{"elapsed_time":345560,"segment":0,"interval":2,"start_time":1606737209000},{"elapsed_time":346560,"segment":0,"interval":2,"start_time":1606737210000},{"elapsed_time":347560,"segment":0,"interval":2,"start_time":1606737211000},{"elapsed_time":348560,"segment":0,"interval":2,"start_time":1606737212000},{"elapsed_time":349560,"segment":0,"interval":2,"start_time":1606737213000},{"elapsed_time":350560,"segment":0,"interval":2,"start_time":1606737214000},{"elapsed_time":351560,"segment":0,"interval":2,"start_time":1606737215000},{"elapsed_time":352560,"segment":0,"interval":2,"start_time":1606737216000},{"elapsed_time":353560,"segment":0,"interval":2,"start_time":1606737217000},{"elapsed_time":355560,"segment":0,"interval":2,"start_time":1606737219000},{"elapsed_time":365560,"segment":0,"interval":2,"start_time":1606737229000},{"elapsed_time":375560,"segment":0,"interval":2,"start_time":1606737239000},{"elapsed_time":378560,"segment":0,"interval":2,"start_time":1606737242000},{"elapsed_time":381560,"segment":0,"interval":2,"start_time":1606737245000},{"elapsed_time":383560,"segment":0,"interval":2,"start_time":1606737247000},{"elapsed_time":385560,"segment":0,"interval":2,"start_time":1606737249000},{"elapsed_time":386560,"segment":0,"interval":2,"start_time":1606737250000},{"elapsed_time":387560,"segment":0,"interval":2,"start_time":1606737251000},{"elapsed_time":388560,"segment":0,"interval":2,"start_time":1606737252000},{"elapsed_time":389560,"segment":0,"interval":2,"start_time":1606737253000},{"elapsed_time":390560,"segment":0,"interval":2,"start_time":1606737254000},{"elapsed_time":391560,"segment":0,"interval":2,"start_time":1606737255000},{"elapsed_time":392560,"segment":0,"interval":2,"start_time":1606737256000},{"elapsed_time":393560,"segment":0,"interval":2,"start_time":1606737257000},{"elapsed_time":394560,"segment":0,"interval":2,"start_time":1606737258000},{"elapsed_time":395560,"segment":0,"interval":2,"start_time":1606737259000},{"elapsed_time":396560,"segment":0,"interval":2,"start_time":1606737260000},{"elapsed_time":397560,"segment":0,"interval":2,"start_time":1606737261000},{"elapsed_time":398560,"segment":0,"interval":2,"start_time":1606737262000},{"elapsed_time":399560,"segment":0,"interval":2,"start_time":1606737263000},{"elapsed_time":400560,"segment":0,"interval":2,"start_time":1606737264000},{"elapsed_time":401560,"segment":0,"interval":2,"start_time":1606737265000},{"elapsed_time":402560,"segment":0,"interval":2,"start_time":1606737266000},{"elapsed_time":403560,"segment":0,"interval":2,"start_time":1606737267000},{"elapsed_time":404560,"segment":0,"interval":2,"start_time":1606737268000},{"elapsed_time":405560,"segment":0,"interval":2,"start_time":1606737269000},{"elapsed_time":406560,"segment":0,"interval":2,"start_time":1606737270000},{"elapsed_time":407560,"segment":0,"interval":2,"start_time":1606737271000},{"elapsed_time":408560,"segment":0,"interval":2,"start_time":1606737272000},{"elapsed_time":409560,"segment":0,"interval":2,"start_time":1606737273000},{"elapsed_time":410560,"segment":0,"interval":2,"start_time":1606737274000},{"elapsed_time":411560,"segment":0,"interval":2,"start_time":1606737275000},{"elapsed_time":412560,"segment":0,"interval":2,"start_time":1606737276000},{"elapsed_time":413560,"segment":0,"interval":2,"start_time":1606737277000},{"elapsed_time":414560,"segment":0,"interval":2,"start_time":1606737278000},{"elapsed_time":415560,"segment":0,"interval":2,"start_time":1606737279000},{"elapsed_time":416560,"segment":0,"interval":2,"start_time":1606737280000},{"elapsed_time":417560,"segment":0,"interval":2,"start_time":1606737281000},{"elapsed_time":418560,"segment":0,"interval":2,"start_time":1606737282000},{"elapsed_time":419560,"segment":0,"interval":2,"start_time":1606737283000},{"elapsed_time":420560,"segment":0,"interval":2,"start_time":1606737284000},{"elapsed_time":421560,"segment":0,"interval":2,"start_time":1606737285000},{"elapsed_time":422560,"segment":0,"interval":2,"start_time":1606737286000},{"elapsed_time":423560,"segment":0,"interval":2,"start_time":1606737287000},{"elapsed_time":424560,"segment":0,"interval":2,"start_time":1606737288000},{"elapsed_time":425560,"segment":0,"interval":2,"start_time":1606737289000},{"elapsed_time":426560,"segment":0,"interval":2,"start_time":1606737290000},{"elapsed_time":427560,"segment":0,"interval":3,"start_time":1606737291000},{"elapsed_time":428560,"segment":0,"interval":3,"start_time":1606737292000},{"elapsed_time":429560,"segment":0,"interval":3,"start_time":1606737293000},{"elapsed_time":430560,"segment":0,"interval":3,"start_time":1606737294000},{"elapsed_time":431560,"segment":0,"interval":3,"start_time":1606737295000},{"elapsed_time":432560,"segment":0,"interval":3,"start_time":1606737296000},{"elapsed_time":433560,"segment":0,"interval":3,"start_time":1606737297000},{"elapsed_time":434560,"segment":0,"interval":3,"start_time":1606737298000},{"elapsed_time":435560,"segment":0,"interval":3,"start_time":1606737299000},{"elapsed_time":436560,"segment":0,"interval":3,"start_time":1606737300000},{"elapsed_time":437560,"segment":0,"interval":3,"start_time":1606737301000},{"elapsed_time":438560,"segment":0,"interval":3,"start_time":1606737302000},{"elapsed_time":439560,"segment":0,"interval":3,"start_time":1606737303000},{"elapsed_time":440560,"segment":0,"interval":3,"start_time":1606737304000},{"elapsed_time":441560,"segment":0,"interval":3,"start_time":1606737305000},{"elapsed_time":442560,"segment":0,"interval":3,"start_time":1606737306000},{"elapsed_time":443560,"segment":0,"interval":3,"start_time":1606737307000},{"elapsed_time":444560,"segment":0,"interval":3,"start_time":1606737308000},{"elapsed_time":445560,"segment":0,"interval":3,"start_time":1606737309000},{"elapsed_time":446560,"segment":0,"interval":3,"start_time":1606737310000},{"elapsed_time":447560,"segment":0,"interval":3,"start_time":1606737311000},{"elapsed_time":448560,"segment":0,"interval":3,"start_time":1606737312000},{"elapsed_time":449560,"segment":0,"interval":3,"start_time":1606737313000},{"elapsed_time":450560,"segment":0,"interval":3,"start_time":1606737314000},{"elapsed_time":451560,"segment":0,"interval":3,"start_time":1606737315000},{"elapsed_time":452560,"segment":0,"interval":3,"start_time":1606737316000},{"elapsed_time":453560,"segment":0,"interval":3,"start_time":1606737317000},{"elapsed_time":454560,"segment":0,"interval":3,"start_time":1606737318000},{"elapsed_time":455560,"segment":0,"interval":3,"start_time":1606737319000},{"elapsed_time":456560,"segment":0,"interval":3,"start_time":1606737320000},{"elapsed_time":457560,"segment":0,"interval":3,"start_time":1606737321000},{"elapsed_time":458560,"segment":0,"interval":3,"start_time":1606737322000},{"elapsed_time":459560,"segment":0,"interval":3,"start_time":1606737323000},{"elapsed_time":460560,"segment":0,"interval":3,"start_time":1606737324000},{"elapsed_time":461560,"segment":0,"interval":3,"start_time":1606737325000},{"elapsed_time":462560,"segment":0,"interval":3,"start_time":1606737326000},{"elapsed_time":463560,"segment":0,"interval":3,"start_time":1606737327000},{"elapsed_time":464560,"segment":0,"interval":3,"start_time":1606737328000},{"elapsed_time":465560,"segment":0,"interval":3,"start_time":1606737329000},{"elapsed_time":466560,"segment":0,"interval":3,"start_time":1606737330000},{"elapsed_time":467560,"segment":0,"interval":3,"start_time":1606737331000},{"elapsed_time":468560,"segment":0,"interval":3,"start_time":1606737332000},{"elapsed_time":469560,"segment":0,"interval":3,"start_time":1606737333000},{"elapsed_time":470560,"segment":0,"interval":3,"start_time":1606737334000},{"elapsed_time":471560,"segment":0,"interval":3,"start_time":1606737335000},{"elapsed_time":472560,"segment":0,"interval":3,"start_time":1606737336000},{"elapsed_time":473560,"segment":0,"interval":3,"start_time":1606737337000},{"elapsed_time":474560,"segment":0,"interval":3,"start_time":1606737338000},{"elapsed_time":475560,"segment":0,"interval":3,"start_time":1606737339000},{"elapsed_time":476560,"segment":0,"interval":3,"start_time":1606737340000},{"elapsed_time":477560,"segment":0,"interval":3,"start_time":1606737341000},{"elapsed_time":478560,"segment":0,"interval":3,"start_time":1606737342000},{"elapsed_time":479560,"segment":0,"interval":3,"start_time":1606737343000},{"elapsed_time":480560,"segment":0,"interval":3,"start_time":1606737344000},{"elapsed_time":482560,"segment":0,"interval":3,"start_time":1606737346000},{"elapsed_time":484560,"segment":0,"interval":3,"start_time":1606737348000},{"elapsed_time":486560,"segment":0,"interval":3,"start_time":1606737350000},{"elapsed_time":488560,"segment":0,"interval":3,"start_time":1606737352000},{"elapsed_time":490560,"segment":0,"interval":3,"start_time":1606737354000},{"elapsed_time":491560,"segment":0,"interval":3,"start_time":1606737355000},{"elapsed_time":492560,"segment":0,"interval":3,"start_time":1606737356000},{"elapsed_time":493560,"segment":0,"interval":3,"start_time":1606737357000},{"elapsed_time":495560,"segment":0,"interval":3,"start_time":1606737359000},{"elapsed_time":497560,"segment":0,"interval":3,"start_time":1606737361000},{"elapsed_time":499560,"segment":0,"interval":3,"start_time":1606737363000},{"elapsed_time":501560,"segment":0,"interval":3,"start_time":1606737365000},{"elapsed_time":503560,"segment":0,"interval":3,"start_time":1606737367000},{"elapsed_time":505560,"segment":0,"interval":3,"start_time":1606737369000},{"elapsed_time":507560,"segment":0,"interval":3,"start_time":1606737371000},{"elapsed_time":509560,"segment":0,"interval":3,"start_time":1606737373000},{"elapsed_time":510560,"segment":0,"interval":3,"start_time":1606737374000},{"elapsed_time":511560,"segment":0,"interval":3,"start_time":1606737375000},{"elapsed_time":513560,"segment":0,"interval":3,"start_time":1606737377000},{"elapsed_time":514560,"segment":0,"interval":3,"start_time":1606737378000},{"elapsed_time":516560,"segment":0,"interval":3,"start_time":1606737380000},{"elapsed_time":518560,"segment":0,"interval":3,"start_time":1606737382000},{"elapsed_time":520560,"segment":0,"interval":3,"start_time":1606737384000},{"elapsed_time":522560,"segment":0,"interval":3,"start_time":1606737386000},{"elapsed_time":524560,"segment":0,"interval":3,"start_time":1606737388000},{"elapsed_time":526560,"segment":0,"interval":3,"start_time":1606737390000},{"elapsed_time":528560,"segment":0,"interval":3,"start_time":1606737392000},{"elapsed_time":530560,"segment":0,"interval":3,"start_time":1606737394000},{"elapsed_time":532560,"segment":0,"interval":3,"start_time":1606737396000},{"elapsed_time":534560,"segment":0,"interval":3,"start_time":1606737398000},{"elapsed_time":536560,"segment":0,"interval":3,"start_time":1606737400000},{"elapsed_time":538560,"segment":0,"interval":3,"start_time":1606737402000},{"elapsed_time":540560,"segment":0,"interval":3,"start_time":1606737404000},{"elapsed_time":542560,"segment":0,"interval":3,"start_time":1606737406000},{"elapsed_time":544560,"segment":0,"interval":3,"start_time":1606737408000},{"elapsed_time":546560,"segment":0,"interval":3,"start_time":1606737410000},{"elapsed_time":548560,"segment":0,"interval":3,"start_time":1606737412000},{"elapsed_time":550560,"segment":0,"interval":3,"start_time":1606737414000},{"elapsed_time":552560,"segment":0,"interval":3,"start_time":1606737416000},{"elapsed_time":554560,"segment":0,"interval":3,"start_time":1606737418000},{"elapsed_time":556560,"segment":0,"interval":3,"start_time":1606737420000},{"elapsed_time":558560,"segment":0,"interval":3,"start_time":1606737422000},{"elapsed_time":560560,"segment":0,"interval":3,"start_time":1606737424000},{"elapsed_time":562560,"segment":0,"interval":3,"start_time":1606737426000},{"elapsed_time":564560,"segment":0,"interval":3,"start_time":1606737428000},{"elapsed_time":566560,"segment":0,"interval":3,"start_time":1606737430000},{"elapsed_time":568560,"segment":0,"interval":3,"start_time":1606737432000},{"elapsed_time":570560,"segment":0,"interval":3,"start_time":1606737434000},{"elapsed_time":572560,"segment":0,"interval":3,"start_time":1606737436000},{"elapsed_time":573560,"segment":0,"interval":3,"start_time":1606737437000},{"elapsed_time":574560,"segment":0,"interval":3,"start_time":1606737438000},{"elapsed_time":576560,"segment":0,"interval":3,"start_time":1606737440000},{"elapsed_time":577560,"segment":0,"interval":3,"start_time":1606737441000},{"elapsed_time":579560,"segment":0,"interval":3,"start_time":1606737443000},{"elapsed_time":581560,"segment":0,"interval":3,"start_time":1606737445000},{"elapsed_time":583560,"segment":0,"interval":3,"start_time":1606737447000},{"elapsed_time":585560,"segment":0,"interval":3,"start_time":1606737449000},{"elapsed_time":587560,"segment":0,"interval":3,"start_time":1606737451000},{"elapsed_time":589560,"segment":0,"interval":3,"start_time":1606737453000},{"elapsed_time":591560,"segment":0,"interval":3,"start_time":1606737455000},{"elapsed_time":593560,"segment":0,"interval":3,"start_time":1606737457000},{"elapsed_time":595560,"segment":0,"interval":3,"start_time":1606737459000},{"elapsed_time":597560,"segment":0,"interval":3,"start_time":1606737461000},{"elapsed_time":599560,"segment":0,"interval":3,"start_time":1606737463000},{"elapsed_time":601560,"segment":0,"interval":3,"start_time":1606737465000},{"elapsed_time":603560,"segment":0,"interval":3,"start_time":1606737467000},{"elapsed_time":605560,"segment":0,"interval":3,"start_time":1606737469000},{"elapsed_time":607560,"segment":0,"interval":3,"start_time":1606737471000},{"elapsed_time":609560,"segment":0,"interval":3,"start_time":1606737473000},{"elapsed_time":611560,"segment":0,"interval":3,"start_time":1606737475000},{"elapsed_time":612560,"segment":0,"interval":3,"start_time":1606737476000},{"elapsed_time":614560,"segment":0,"interval":3,"start_time":1606737478000},{"elapsed_time":616560,"segment":0,"interval":3,"start_time":1606737480000},{"elapsed_time":618560,"segment":0,"interval":3,"start_time":1606737482000},{"elapsed_time":621560,"segment":0,"interval":3,"start_time":1606737485000},{"elapsed_time":623560,"segment":0,"interval":3,"start_time":1606737487000},{"elapsed_time":625560,"segment":0,"interval":4,"start_time":1606737489000},{"elapsed_time":627560,"segment":0,"interval":4,"start_time":1606737491000},{"elapsed_time":629560,"segment":0,"interval":4,"start_time":1606737493000},{"elapsed_time":631560,"segment":0,"interval":4,"start_time":1606737495000},{"elapsed_time":633560,"segment":0,"interval":4,"start_time":1606737497000},{"elapsed_time":635560,"segment":0,"interval":4,"start_time":1606737499000},{"elapsed_time":637560,"segment":0,"interval":4,"start_time":1606737501000},{"elapsed_time":639560,"segment":0,"interval":4,"start_time":1606737503000},{"elapsed_time":641560,"segment":0,"interval":4,"start_time":1606737505000},{"elapsed_time":643560,"segment":0,"interval":4,"start_time":1606737507000},{"elapsed_time":645560,"segment":0,"interval":4,"start_time":1606737509000},{"elapsed_time":647560,"segment":0,"interval":4,"start_time":1606737511000},{"elapsed_time":649560,"segment":0,"interval":4,"start_time":1606737513000},{"elapsed_time":651560,"segment":0,"interval":4,"start_time":1606737515000},{"elapsed_time":653560,"segment":0,"interval":4,"start_time":1606737517000},{"elapsed_time":655560,"segment":0,"interval":4,"start_time":1606737519000},{"elapsed_time":657560,"segment":0,"interval":4,"start_time":1606737521000},{"elapsed_time":659560,"segment":0,"interval":4,"start_time":1606737523000},{"elapsed_time":661560,"segment":0,"interval":4,"start_time":1606737525000},{"elapsed_time":663560,"segment":0,"interval":4,"start_time":1606737527000},{"elapsed_time":665560,"segment":0,"interval":4,"start_time":1606737529000},{"elapsed_time":667560,"segment":0,"interval":4,"start_time":1606737531000},{"elapsed_time":669560,"segment":0,"interval":4,"start_time":1606737533000},{"elapsed_time":671560,"segment":0,"interval":4,"start_time":1606737535000},{"elapsed_time":673560,"segment":0,"interval":4,"start_time":1606737537000},{"elapsed_time":675560,"segment":0,"interval":4,"start_time":1606737539000},{"elapsed_time":677560,"segment":0,"interval":4,"start_time":1606737541000},{"elapsed_time":679560,"segment":0,"interval":4,"start_time":1606737543000},{"elapsed_time":681560,"segment":0,"interval":4,"start_time":1606737545000},{"elapsed_time":683560,"segment":0,"interval":4,"start_time":1606737547000},{"elapsed_time":685560,"segment":0,"interval":4,"start_time":1606737549000},{"elapsed_time":686560,"segment":0,"interval":4,"start_time":1606737550000},{"elapsed_time":687560,"segment":0,"interval":4,"start_time":1606737551000},{"elapsed_time":688560,"segment":0,"interval":4,"start_time":1606737552000},{"elapsed_time":689560,"segment":0,"interval":4,"start_time":1606737553000},{"elapsed_time":690560,"segment":0,"interval":4,"start_time":1606737554000},{"elapsed_time":691560,"segment":0,"interval":4,"start_time":1606737555000},{"elapsed_time":692560,"segment":0,"interval":4,"start_time":1606737556000},{"elapsed_time":693560,"segment":0,"interval":4,"start_time":1606737557000},{"elapsed_time":694560,"segment":0,"interval":4,"start_time":1606737558000},{"elapsed_time":695560,"segment":0,"interval":4,"start_time":1606737559000},{"elapsed_time":696560,"segment":0,"interval":4,"start_time":1606737560000},{"elapsed_time":697560,"segment":0,"interval":4,"start_time":1606737561000},{"elapsed_time":698560,"segment":0,"interval":4,"start_time":1606737562000},{"elapsed_time":699560,"segment":0,"interval":4,"start_time":1606737563000},{"elapsed_time":700560,"segment":0,"interval":4,"start_time":1606737564000},{"elapsed_time":701560,"segment":0,"interval":4,"start_time":1606737565000},{"elapsed_time":702560,"segment":0,"interval":4,"start_time":1606737566000},{"elapsed_time":703560,"segment":0,"interval":4,"start_time":1606737567000},{"elapsed_time":704560,"segment":0,"interval":4,"start_time":1606737568000},{"elapsed_time":705560,"segment":0,"interval":4,"start_time":1606737569000},{"elapsed_time":706560,"segment":0,"interval":4,"start_time":1606737570000},{"elapsed_time":707560,"segment":0,"interval":4,"start_time":1606737571000},{"elapsed_time":708560,"segment":0,"interval":4,"start_time":1606737572000},{"elapsed_time":709560,"segment":0,"interval":4,"start_time":1606737573000},{"elapsed_time":710560,"segment":0,"interval":4,"start_time":1606737574000},{"elapsed_time":711560,"segment":0,"interval":4,"start_time":1606737575000},{"elapsed_time":712560,"segment":0,"interval":4,"start_time":1606737576000},{"elapsed_time":713560,"segment":0,"interval":4,"start_time":1606737577000},{"elapsed_time":714560,"segment":0,"interval":4,"start_time":1606737578000},{"elapsed_time":715560,"segment":0,"interval":4,"start_time":1606737579000},{"elapsed_time":716560,"segment":0,"interval":4,"start_time":1606737580000},{"elapsed_time":717560,"segment":0,"interval":4,"start_time":1606737581000},{"elapsed_time":718560,"segment":0,"interval":4,"start_time":1606737582000},{"elapsed_time":719560,"segment":0,"interval":4,"start_time":1606737583000},{"elapsed_time":720560,"segment":0,"interval":4,"start_time":1606737584000},{"elapsed_time":721560,"segment":0,"interval":4,"start_time":1606737585000},{"elapsed_time":722560,"segment":0,"interval":4,"start_time":1606737586000},{"elapsed_time":723560,"segment":0,"interval":4,"start_time":1606737587000},{"elapsed_time":724560,"segment":0,"interval":4,"start_time":1606737588000},{"elapsed_time":725560,"segment":0,"interval":4,"start_time":1606737589000},{"elapsed_time":726560,"segment":0,"interval":4,"start_time":1606737590000},{"elapsed_time":727560,"segment":0,"interval":4,"start_time":1606737591000},{"elapsed_time":737560,"segment":0,"interval":4,"start_time":1606737601000},{"elapsed_time":747560,"segment":0,"interval":4,"start_time":1606737611000},{"elapsed_time":757560,"segment":0,"interval":4,"start_time":1606737621000},{"elapsed_time":767560,"segment":0,"interval":4,"start_time":1606737631000},{"elapsed_time":777560,"segment":0,"interval":4,"start_time":1606737641000},{"elapsed_time":787560,"segment":0,"interval":4,"start_time":1606737651000},{"elapsed_time":797560,"segment":0,"interval":4,"start_time":1606737661000},{"elapsed_time":807560,"segment":0,"interval":4,"start_time":1606737671000},{"elapsed_time":817560,"segment":0,"interval":4,"start_time":1606737681000},{"elapsed_time":827560,"segment":0,"interval":4,"start_time":1606737691000},{"elapsed_time":837560,"segment":0,"interval":4,"start_time":1606737701000},{"elapsed_time":847560,"segment":0,"interval":4,"start_time":1606737711000},{"elapsed_time":853560,"segment":0,"interval":4,"start_time":1606737717000},{"elapsed_time":855560,"segment":0,"interval":4,"start_time":1606737719000},{"elapsed_time":856560,"segment":0,"interval":4,"start_time":1606737720000},{"elapsed_time":857560,"segment":0,"interval":4,"start_time":1606737721000},{"elapsed_time":858560,"segment":0,"interval":4,"start_time":1606737722000},{"elapsed_time":859560,"segment":0,"interval":4,"start_time":1606737723000},{"elapsed_time":860560,"segment":0,"interval":4,"start_time":1606737724000},{"elapsed_time":861560,"segment":0,"interval":4,"start_time":1606737725000},{"elapsed_time":862560,"segment":0,"interval":4,"start_time":1606737726000},{"elapsed_time":863560,"segment":0,"interval":4,"start_time":1606737727000},{"elapsed_time":864560,"segment":0,"interval":4,"start_time":1606737728000},{"elapsed_time":865560,"segment":0,"interval":4,"start_time":1606737729000},{"elapsed_time":866560,"segment":0,"interval":4,"start_time":1606737730000},{"elapsed_time":867560,"segment":0,"interval":4,"start_time":1606737731000},{"elapsed_time":868560,"segment":0,"interval":4,"start_time":1606737732000},{"elapsed_time":869560,"segment":0,"interval":4,"start_time":1606737733000},{"elapsed_time":870560,"segment":0,"interval":4,"start_time":1606737734000},{"elapsed_time":871560,"segment":0,"interval":4,"start_time":1606737735000},{"elapsed_time":872560,"segment":0,"interval":4,"start_time":1606737736000},{"elapsed_time":873560,"segment":0,"interval":4,"start_time":1606737737000},{"elapsed_time":874560,"segment":0,"interval":4,"start_time":1606737738000},{"elapsed_time":876560,"segment":0,"interval":4,"start_time":1606737740000},{"elapsed_time":877560,"segment":0,"interval":4,"start_time":1606737741000},{"elapsed_time":878560,"segment":0,"interval":4,"start_time":1606737742000},{"elapsed_time":880560,"segment":0,"interval":4,"start_time":1606737744000},{"elapsed_time":882560,"segment":0,"interval":4,"start_time":1606737746000},{"elapsed_time":884560,"segment":0,"interval":4,"start_time":1606737748000},{"elapsed_time":886560,"segment":0,"interval":4,"start_time":1606737750000},{"elapsed_time":887560,"segment":0,"interval":4,"start_time":1606737751000},{"elapsed_time":888560,"segment":0,"interval":4,"start_time":1606737752000},{"elapsed_time":889560,"segment":0,"interval":4,"start_time":1606737753000},{"elapsed_time":890560,"segment":0,"interval":4,"start_time":1606737754000},{"elapsed_time":891560,"segment":0,"interval":4,"start_time":1606737755000},{"elapsed_time":892560,"segment":0,"interval":4,"start_time":1606737756000},{"elapsed_time":893560,"segment":0,"interval":4,"start_time":1606737757000},{"elapsed_time":895560,"segment":0,"interval":4,"start_time":1606737759000},{"elapsed_time":897560,"segment":0,"interval":4,"start_time":1606737761000},{"elapsed_time":899560,"segment":0,"interval":4,"start_time":1606737763000},{"elapsed_time":901560,"segment":0,"interval":4,"start_time":1606737765000},{"elapsed_time":903560,"segment":0,"interval":4,"start_time":1606737767000},{"elapsed_time":905560,"segment":0,"interval":4,"start_time":1606737769000},{"elapsed_time":907560,"segment":0,"interval":4,"start_time":1606737771000},{"elapsed_time":910560,"segment":0,"interval":4,"start_time":1606737774000},{"elapsed_time":912560,"segment":0,"interval":4,"start_time":1606737776000},{"elapsed_time":914560,"segment":0,"interval":4,"start_time":1606737778000},{"elapsed_time":915560,"segment":0,"interval":4,"start_time":1606737779000},{"elapsed_time":916560,"segment":0,"interval":4,"start_time":1606737780000},{"elapsed_time":917560,"segment":0,"interval":4,"start_time":1606737781000},{"elapsed_time":918560,"segment":0,"interval":4,"start_time":1606737782000},{"elapsed_time":920560,"segment":0,"interval":4,"start_time":1606737784000},{"elapsed_time":922560,"segment":0,"interval":4,"start_time":1606737786000},{"elapsed_time":924560,"segment":0,"interval":4,"start_time":1606737788000},{"elapsed_time":926560,"segment":0,"interval":4,"start_time":1606737790000},{"elapsed_time":929560,"segment":0,"interval":4,"start_time":1606737793000},{"elapsed_time":939560,"segment":0,"interval":4,"start_time":1606737803000},{"elapsed_time":949560,"segment":0,"interval":4,"start_time":1606737813000},{"elapsed_time":956560,"segment":0,"interval":4,"start_time":1606737820000},{"elapsed_time":966560,"segment":0,"interval":4,"start_time":1606737830000},{"elapsed_time":979099,"segment":1,"interval":4,"start_time":1606738325999},{"elapsed_time":980099,"segment":1,"interval":4,"start_time":1606738326999},{"elapsed_time":982099,"segment":1,"interval":4,"start_time":1606738328999},{"elapsed_time":985099,"segment":1,"interval":4,"start_time":1606738331999},{"elapsed_time":988099,"segment":1,"interval":4,"start_time":1606738334999},{"elapsed_time":991099,"segment":1,"interval":4,"start_time":1606738337999},{"elapsed_time":996099,"segment":1,"interval":4,"start_time":1606738342999},{"elapsed_time":1000099,"segment":1,"interval":4,"start_time":1606738346999},{"elapsed_time":1003099,"segment":1,"interval":4,"start_time":1606738349999},{"elapsed_time":1006099,"segment":1,"interval":4,"start_time":1606738352999},{"elapsed_time":1008099,"segment":1,"interval":4,"start_time":1606738354999},{"elapsed_time":1010099,"segment":1,"interval":4,"start_time":1606738356999},{"elapsed_time":1012099,"segment":1,"interval":4,"start_time":1606738358999},{"elapsed_time":1014099,"segment":1,"interval":4,"start_time":1606738360999},{"elapsed_time":1016099,"segment":1,"interval":5,"start_time":1606738362999},{"elapsed_time":1018099,"segment":1,"interval":5,"start_time":1606738364999},{"elapsed_time":1021099,"segment":1,"interval":5,"start_time":1606738367999},{"elapsed_time":1023099,"segment":1,"interval":5,"start_time":1606738369999},{"elapsed_time":1025099,"segment":1,"interval":5,"start_time":1606738371999},{"elapsed_time":1027099,"segment":1,"interval":5,"start_time":1606738373999},{"elapsed_time":1029099,"segment":1,"interval":5,"start_time":1606738375999},{"elapsed_time":1031099,"segment":1,"interval":5,"start_time":1606738377999},{"elapsed_time":1033099,"segment":1,"interval":5,"start_time":1606738379999},{"elapsed_time":1035099,"segment":1,"interval":5,"start_time":1606738381999},{"elapsed_time":1037099,"segment":1,"interval":5,"start_time":1606738383999},{"elapsed_time":1039099,"segment":1,"interval":5,"start_time":1606738385999},{"elapsed_time":1041099,"segment":1,"interval":5,"start_time":1606738387999},{"elapsed_time":1043099,"segment":1,"interval":5,"start_time":1606738389999},{"elapsed_time":1045099,"segment":1,"interval":5,"start_time":1606738391999},{"elapsed_time":1047099,"segment":1,"interval":5,"start_time":1606738393999},{"elapsed_time":1049099,"segment":1,"interval":5,"start_time":1606738395999},{"elapsed_time":1051099,"segment":1,"interval":5,"start_time":1606738397999},{"elapsed_time":1053099,"segment":1,"interval":5,"start_time":1606738399999},{"elapsed_time":1056099,"segment":1,"interval":5,"start_time":1606738402999},{"elapsed_time":1059099,"segment":1,"interval":5,"start_time":1606738405999},{"elapsed_time":1061099,"segment":1,"interval":5,"start_time":1606738407999},{"elapsed_time":1062099,"segment":1,"interval":5,"start_time":1606738408999},{"elapsed_time":1063099,"segment":1,"interval":5,"start_time":1606738409999},{"elapsed_time":1064099,"segment":1,"interval":5,"start_time":1606738410999},{"elapsed_time":1065099,"segment":1,"interval":5,"start_time":1606738411999},{"elapsed_time":1066099,"segment":1,"interval":5,"start_time":1606738412999},{"elapsed_time":1067099,"segment":1,"interval":5,"start_time":1606738413999},{"elapsed_time":1068099,"segment":1,"interval":5,"start_time":1606738414999},{"elapsed_time":1073099,"segment":1,"interval":5,"start_time":1606738419999},{"elapsed_time":1075099,"segment":1,"interval":5,"start_time":1606738421999},{"elapsed_time":1079099,"segment":1,"interval":5,"start_time":1606738425999},{"elapsed_time":1081099,"segment":1,"interval":5,"start_time":1606738427999},{"elapsed_time":1082099,"segment":1,"interval":5,"start_time":1606738428999},{"elapsed_time":1083099,"segment":1,"interval":5,"start_time":1606738429999},{"elapsed_time":1084099,"segment":1,"interval":5,"start_time":1606738430999},{"elapsed_time":1085099,"segment":1,"interval":5,"start_time":1606738431999},{"elapsed_time":1086099,"segment":1,"interval":5,"start_time":1606738432999},{"elapsed_time":1087099,"segment":1,"interval":5,"start_time":1606738433999},{"elapsed_time":1088099,"segment":1,"interval":5,"start_time":1606738434999},{"elapsed_time":1089099,"segment":1,"interval":5,"start_time":1606738435999},{"elapsed_time":1090099,"segment":1,"interval":5,"start_time":1606738436999},{"elapsed_time":1091099,"segment":1,"interval":5,"start_time":1606738437999},{"elapsed_time":1092099,"segment":1,"interval":5,"start_time":1606738438999},{"elapsed_time":1093099,"segment":1,"interval":5,"start_time":1606738439999},{"elapsed_time":1094099,"segment":1,"interval":5,"start_time":1606738440999},{"elapsed_time":1095099,"segment":1,"interval":5,"start_time":1606738441999},{"elapsed_time":1096099,"segment":1,"interval":5,"start_time":1606738442999},{"elapsed_time":1097099,"segment":1,"interval":5,"start_time":1606738443999},{"elapsed_time":1098099,"segment":1,"interval":5,"start_time":1606738444999},{"elapsed_time":1099099,"segment":1,"interval":5,"start_time":1606738445999},{"elapsed_time":1100099,"segment":1,"interval":5,"start_time":1606738446999},{"elapsed_time":1101099,"segment":1,"interval":5,"start_time":1606738447999},{"elapsed_time":1102099,"segment":1,"interval":5,"start_time":1606738448999},{"elapsed_time":1103099,"segment":1,"interval":5,"start_time":1606738449999},{"elapsed_time":1104099,"segment":1,"interval":5,"start_time":1606738450999},{"elapsed_time":1105099,"segment":1,"interval":5,"start_time":1606738451999},{"elapsed_time":1106099,"segment":1,"interval":5,"start_time":1606738452999},{"elapsed_time":1107099,"segment":1,"interval":5,"start_time":1606738453999},{"elapsed_time":1108099,"segment":1,"interval":5,"start_time":1606738454999},{"elapsed_time":1109099,"segment":1,"interval":5,"start_time":1606738455999},{"elapsed_time":1110099,"segment":1,"interval":5,"start_time":1606738456999},{"elapsed_time":1111099,"segment":1,"interval":5,"start_time":1606738457999},{"elapsed_time":1112099,"segment":1,"interval":5,"start_time":1606738458999},{"elapsed_time":1113099,"segment":1,"interval":5,"start_time":1606738459999},{"elapsed_time":1114099,"segment":1,"interval":5,"start_time":1606738460999},{"elapsed_time":1115099,"segment":1,"interval":5,"start_time":1606738461999},{"elapsed_time":1116099,"segment":1,"interval":5,"start_time":1606738462999},{"elapsed_time":1117099,"segment":1,"interval":5,"start_time":1606738463999},{"elapsed_time":1118099,"segment":1,"interval":5,"start_time":1606738464999},{"elapsed_time":1120099,"segment":1,"interval":5,"start_time":1606738466999},{"elapsed_time":1122099,"segment":1,"interval":5,"start_time":1606738468999},{"elapsed_time":1124099,"segment":1,"interval":5,"start_time":1606738470999},{"elapsed_time":1126099,"segment":1,"interval":5,"start_time":1606738472999},{"elapsed_time":1128099,"segment":1,"interval":5,"start_time":1606738474999},{"elapsed_time":1130099,"segment":1,"interval":5,"start_time":1606738476999},{"elapsed_time":1132099,"segment":1,"interval":5,"start_time":1606738478999},{"elapsed_time":1134099,"segment":1,"interval":5,"start_time":1606738480999},{"elapsed_time":1136099,"segment":1,"interval":5,"start_time":1606738482999},{"elapsed_time":1137099,"segment":1,"interval":5,"start_time":1606738483999},{"elapsed_time":1139099,"segment":1,"interval":5,"start_time":1606738485999},{"elapsed_time":1141099,"segment":1,"interval":5,"start_time":1606738487999},{"elapsed_time":1144099,"segment":1,"interval":5,"start_time":1606738490999},{"elapsed_time":1146099,"segment":1,"interval":5,"start_time":1606738492999},{"elapsed_time":1148099,"segment":1,"interval":5,"start_time":1606738494999},{"elapsed_time":1149099,"segment":1,"interval":5,"start_time":1606738495999},{"elapsed_time":1150099,"segment":1,"interval":5,"start_time":1606738496999},{"elapsed_time":1151099,"segment":1,"interval":5,"start_time":1606738497999},{"elapsed_time":1152099,"segment":1,"interval":5,"start_time":1606738498999},{"elapsed_time":1154099,"segment":1,"interval":5,"start_time":1606738500999},{"elapsed_time":1155099,"segment":1,"interval":5,"start_time":1606738501999},{"elapsed_time":1157099,"segment":1,"interval":5,"start_time":1606738503999},{"elapsed_time":1159099,"segment":1,"interval":5,"start_time":1606738505999},{"elapsed_time":1161099,"segment":1,"interval":5,"start_time":1606738507999},{"elapsed_time":1163099,"segment":1,"interval":5,"start_time":1606738509999},{"elapsed_time":1165099,"segment":1,"interval":5,"start_time":1606738511999},{"elapsed_time":1167099,"segment":1,"interval":5,"start_time":1606738513999},{"elapsed_time":1169099,"segment":1,"interval":5,"start_time":1606738515999},{"elapsed_time":1171099,"segment":1,"interval":5,"start_time":1606738517999},{"elapsed_time":1172099,"segment":1,"interval":5,"start_time":1606738518999},{"elapsed_time":1174099,"segment":1,"interval":5,"start_time":1606738520999},{"elapsed_time":1175099,"segment":1,"interval":5,"start_time":1606738521999},{"elapsed_time":1176099,"segment":1,"interval":5,"start_time":1606738522999},{"elapsed_time":1177099,"segment":1,"interval":5,"start_time":1606738523999},{"elapsed_time":1178099,"segment":1,"interval":5,"start_time":1606738524999},{"elapsed_time":1179099,"segment":1,"interval":5,"start_time":1606738525999},{"elapsed_time":1180099,"segment":1,"interval":5,"start_time":1606738526999},{"elapsed_time":1181099,"segment":1,"interval":5,"start_time":1606738527999},{"elapsed_time":1182099,"segment":1,"interval":5,"start_time":1606738528999},{"elapsed_time":1183099,"segment":1,"interval":5,"start_time":1606738529999},{"elapsed_time":1184099,"segment":1,"interval":5,"start_time":1606738530999},{"elapsed_time":1185099,"segment":1,"interval":5,"start_time":1606738531999},{"elapsed_time":1186099,"segment":1,"interval":5,"start_time":1606738532999},{"elapsed_time":1187099,"segment":1,"interval":5,"start_time":1606738533999},{"elapsed_time":1188099,"segment":1,"interval":5,"start_time":1606738534999},{"elapsed_time":1189099,"segment":1,"interval":5,"start_time":1606738535999},{"elapsed_time":1190099,"segment":1,"interval":5,"start_time":1606738536999},{"elapsed_time":1191099,"segment":1,"interval":5,"start_time":1606738537999},{"elapsed_time":1192099,"segment":1,"interval":5,"start_time":1606738538999},{"elapsed_time":1193099,"segment":1,"interval":5,"start_time":1606738539999},{"elapsed_time":1194099,"segment":1,"interval":5,"start_time":1606738540999},{"elapsed_time":1195099,"segment":1,"interval":5,"start_time":1606738541999},{"elapsed_time":1197099,"segment":1,"interval":5,"start_time":1606738543999},{"elapsed_time":1199099,"segment":1,"interval":5,"start_time":1606738545999},{"elapsed_time":1201099,"segment":1,"interval":5,"start_time":1606738547999},{"elapsed_time":1203099,"segment":1,"interval":5,"start_time":1606738549999},{"elapsed_time":1204099,"segment":1,"interval":5,"start_time":1606738550999},{"elapsed_time":1205099,"segment":1,"interval":5,"start_time":1606738551999},{"elapsed_time":1206099,"segment":1,"interval":5,"start_time":1606738552999},{"elapsed_time":1207099,"segment":1,"interval":5,"start_time":1606738553999},{"elapsed_time":1208099,"segment":1,"interval":5,"start_time":1606738554999},{"elapsed_time":1209099,"segment":1,"interval":5,"start_time":1606738555999},{"elapsed_time":1210099,"segment":1,"interval":5,"start_time":1606738556999},{"elapsed_time":1211099,"segment":1,"interval":5,"start_time":1606738557999},{"elapsed_time":1212099,"segment":1,"interval":5,"start_time":1606738558999},{"elapsed_time":1213099,"segment":1,"interval":5,"start_time":1606738559999},{"elapsed_time":1214099,"segment":1,"interval":5,"start_time":1606738560999},{"elapsed_time":1215099,"segment":1,"interval":5,"start_time":1606738561999},{"elapsed_time":1216099,"segment":1,"interval":5,"start_time":1606738562999},{"elapsed_time":1217099,"segment":1,"interval":5,"start_time":1606738563999},{"elapsed_time":1218099,"segment":1,"interval":5,"start_time":1606738564999},{"elapsed_time":1219099,"segment":1,"interval":5,"start_time":1606738565999},{"elapsed_time":1220099,"segment":1,"interval":6,"start_time":1606738566999},{"elapsed_time":1221099,"segment":1,"interval":6,"start_time":1606738567999},{"elapsed_time":1222099,"segment":1,"interval":6,"start_time":1606738568999},{"elapsed_time":1223099,"segment":1,"interval":6,"start_time":1606738569999},{"elapsed_time":1224099,"segment":1,"interval":6,"start_time":1606738570999},{"elapsed_time":1225099,"segment":1,"interval":6,"start_time":1606738571999},{"elapsed_time":1226099,"segment":1,"interval":6,"start_time":1606738572999},{"elapsed_time":1228099,"segment":1,"interval":6,"start_time":1606738574999},{"elapsed_time":1229099,"segment":1,"interval":6,"start_time":1606738575999},{"elapsed_time":1230099,"segment":1,"interval":6,"start_time":1606738576999},{"elapsed_time":1231099,"segment":1,"interval":6,"start_time":1606738577999},{"elapsed_time":1233099,"segment":1,"interval":6,"start_time":1606738579999},{"elapsed_time":1234099,"segment":1,"interval":6,"start_time":1606738580999},{"elapsed_time":1235099,"segment":1,"interval":6,"start_time":1606738581999},{"elapsed_time":1236099,"segment":1,"interval":6,"start_time":1606738582999},{"elapsed_time":1237099,"segment":1,"interval":6,"start_time":1606738583999},{"elapsed_time":1238099,"segment":1,"interval":6,"start_time":1606738584999},{"elapsed_time":1239099,"segment":1,"interval":6,"start_time":1606738585999},{"elapsed_time":1240099,"segment":1,"interval":6,"start_time":1606738586999},{"elapsed_time":1241099,"segment":1,"interval":6,"start_time":1606738587999},{"elapsed_time":1242099,"segment":1,"interval":6,"start_time":1606738588999},{"elapsed_time":1243099,"segment":1,"interval":6,"start_time":1606738589999},{"elapsed_time":1244099,"segment":1,"interval":6,"start_time":1606738590999},{"elapsed_time":1245099,"segment":1,"interval":6,"start_time":1606738591999},{"elapsed_time":1246099,"segment":1,"interval":6,"start_time":1606738592999},{"elapsed_time":1247099,"segment":1,"interval":6,"start_time":1606738593999},{"elapsed_time":1248099,"segment":1,"interval":6,"start_time":1606738594999},{"elapsed_time":1249099,"segment":1,"interval":6,"start_time":1606738595999},{"elapsed_time":1250099,"segment":1,"interval":6,"start_time":1606738596999},{"elapsed_time":1251099,"segment":1,"interval":6,"start_time":1606738597999},{"elapsed_time":1252099,"segment":1,"interval":6,"start_time":1606738598999},{"elapsed_time":1253099,"segment":1,"interval":6,"start_time":1606738599999},{"elapsed_time":1254099,"segment":1,"interval":6,"start_time":1606738600999},{"elapsed_time":1255099,"segment":1,"interval":6,"start_time":1606738601999},{"elapsed_time":1256099,"segment":1,"interval":6,"start_time":1606738602999},{"elapsed_time":1257099,"segment":1,"interval":6,"start_time":1606738603999},{"elapsed_time":1258099,"segment":1,"interval":6,"start_time":1606738604999},{"elapsed_time":1259099,"segment":1,"interval":6,"start_time":1606738605999},{"elapsed_time":1260099,"segment":1,"interval":6,"start_time":1606738606999},{"elapsed_time":1261099,"segment":1,"interval":6,"start_time":1606738607999},{"elapsed_time":1262099,"segment":1,"interval":6,"start_time":1606738608999},{"elapsed_time":1263099,"segment":1,"interval":6,"start_time":1606738609999},{"elapsed_time":1265099,"segment":1,"interval":6,"start_time":1606738611999},{"elapsed_time":1267099,"segment":1,"interval":6,"start_time":1606738613999},{"elapsed_time":1269099,"segment":1,"interval":6,"start_time":1606738615999},{"elapsed_time":1271099,"segment":1,"interval":6,"start_time":1606738617999},{"elapsed_time":1273099,"segment":1,"interval":6,"start_time":1606738619999},{"elapsed_time":1275099,"segment":1,"interval":6,"start_time":1606738621999},{"elapsed_time":1277099,"segment":1,"interval":6,"start_time":1606738623999},{"elapsed_time":1279099,"segment":1,"interval":6,"start_time":1606738625999},{"elapsed_time":1281099,"segment":1,"interval":6,"start_time":1606738627999},{"elapsed_time":1284099,"segment":1,"interval":6,"start_time":1606738630999},{"elapsed_time":1286099,"segment":1,"interval":6,"start_time":1606738632999},{"elapsed_time":1288099,"segment":1,"interval":6,"start_time":1606738634999},{"elapsed_time":1290099,"segment":1,"interval":6,"start_time":1606738636999},{"elapsed_time":1292099,"segment":1,"interval":6,"start_time":1606738638999},{"elapsed_time":1294099,"segment":1,"interval":6,"start_time":1606738640999},{"elapsed_time":1296099,"segment":1,"interval":6,"start_time":1606738642999},{"elapsed_time":1298099,"segment":1,"interval":6,"start_time":1606738644999},{"elapsed_time":1300099,"segment":1,"interval":6,"start_time":1606738646999},{"elapsed_time":1302099,"segment":1,"interval":6,"start_time":1606738648999},{"elapsed_time":1304099,"segment":1,"interval":6,"start_time":1606738650999},{"elapsed_time":1306099,"segment":1,"interval":6,"start_time":1606738652999},{"elapsed_time":1308099,"segment":1,"interval":6,"start_time":1606738654999},{"elapsed_time":1310099,"segment":1,"interval":6,"start_time":1606738656999},{"elapsed_time":1312099,"segment":1,"interval":6,"start_time":1606738658999},{"elapsed_time":1314099,"segment":1,"interval":6,"start_time":1606738660999},{"elapsed_time":1316099,"segment":1,"interval":6,"start_time":1606738662999},{"elapsed_time":1318099,"segment":1,"interval":6,"start_time":1606738664999},{"elapsed_time":1321099,"segment":1,"interval":6,"start_time":1606738667999},{"elapsed_time":1323099,"segment":1,"interval":6,"start_time":1606738669999},{"elapsed_time":1325099,"segment":1,"interval":6,"start_time":1606738671999},{"elapsed_time":1327099,"segment":1,"interval":6,"start_time":1606738673999},{"elapsed_time":1328099,"segment":1,"interval":6,"start_time":1606738674999},{"elapsed_time":1329099,"segment":1,"interval":6,"start_time":1606738675999},{"elapsed_time":1331099,"segment":1,"interval":6,"start_time":1606738677999},{"elapsed_time":1333099,"segment":1,"interval":6,"start_time":1606738679999},{"elapsed_time":1335099,"segment":1,"interval":6,"start_time":1606738681999},{"elapsed_time":1337099,"segment":1,"interval":6,"start_time":1606738683999},{"elapsed_time":1338099,"segment":1,"interval":6,"start_time":1606738684999},{"elapsed_time":1339099,"segment":1,"interval":6,"start_time":1606738685999},{"elapsed_time":1340099,"segment":1,"interval":6,"start_time":1606738686999},{"elapsed_time":1342099,"segment":1,"interval":6,"start_time":1606738688999},{"elapsed_time":1343099,"segment":1,"interval":6,"start_time":1606738689999},{"elapsed_time":1344099,"segment":1,"interval":6,"start_time":1606738690999},{"elapsed_time":1346099,"segment":1,"interval":6,"start_time":1606738692999},{"elapsed_time":1355099,"segment":1,"interval":6,"start_time":1606738701999},{"elapsed_time":1358099,"segment":1,"interval":6,"start_time":1606738704999},{"elapsed_time":1360099,"segment":1,"interval":6,"start_time":1606738706999},{"elapsed_time":1362099,"segment":1,"interval":6,"start_time":1606738708999},{"elapsed_time":1365099,"segment":1,"interval":6,"start_time":1606738711999},{"elapsed_time":1368099,"segment":1,"interval":6,"start_time":1606738714999},{"elapsed_time":1370099,"segment":1,"interval":6,"start_time":1606738716999},{"elapsed_time":1372099,"segment":1,"interval":6,"start_time":1606738718999},{"elapsed_time":1374099,"segment":1,"interval":6,"start_time":1606738720999},{"elapsed_time":1376099,"segment":1,"interval":6,"start_time":1606738722999},{"elapsed_time":1378099,"segment":1,"interval":6,"start_time":1606738724999},{"elapsed_time":1380099,"segment":1,"interval":6,"start_time":1606738726999},{"elapsed_time":1382099,"segment":1,"interval":6,"start_time":1606738728999},{"elapsed_time":1384099,"segment":1,"interval":6,"start_time":1606738730999},{"elapsed_time":1387099,"segment":1,"interval":6,"start_time":1606738733999},{"elapsed_time":1389099,"segment":1,"interval":6,"start_time":1606738735999},{"elapsed_time":1391099,"segment":1,"interval":6,"start_time":1606738737999},{"elapsed_time":1392099,"segment":1,"interval":6,"start_time":1606738738999},{"elapsed_time":1393099,"segment":1,"interval":6,"start_time":1606738739999},{"elapsed_time":1394099,"segment":1,"interval":6,"start_time":1606738740999},{"elapsed_time":1396099,"segment":1,"interval":6,"start_time":1606738742999},{"elapsed_time":1398099,"segment":1,"interval":6,"start_time":1606738744999},{"elapsed_time":1400099,"segment":1,"interval":6,"start_time":1606738746999},{"elapsed_time":1402099,"segment":1,"interval":6,"start_time":1606738748999},{"elapsed_time":1403099,"segment":1,"interval":6,"start_time":1606738749999},{"elapsed_time":1404099,"segment":1,"interval":6,"start_time":1606738750999},{"elapsed_time":1405099,"segment":1,"interval":6,"start_time":1606738751999},{"elapsed_time":1406099,"segment":1,"interval":6,"start_time":1606738752999},{"elapsed_time":1407099,"segment":1,"interval":6,"start_time":1606738753999},{"elapsed_time":1408099,"segment":1,"interval":6,"start_time":1606738754999},{"elapsed_time":1409099,"segment":1,"interval":6,"start_time":1606738755999},{"elapsed_time":1410099,"segment":1,"interval":6,"start_time":1606738756999},{"elapsed_time":1413099,"segment":1,"interval":6,"start_time":1606738759999},{"elapsed_time":1417099,"segment":1,"interval":6,"start_time":1606738763999},{"elapsed_time":1421099,"segment":1,"interval":6,"start_time":1606738767999},{"elapsed_time":1423099,"segment":1,"interval":6,"start_time":1606738769999},{"elapsed_time":1433099,"segment":1,"interval":6,"start_time":1606738779999},{"elapsed_time":1443099,"segment":1,"interval":6,"start_time":1606738789999},{"elapsed_time":1454099,"segment":1,"interval":6,"start_time":1606738800999},{"elapsed_time":1464099,"segment":1,"interval":6,"start_time":1606738810999},{"elapsed_time":1474099,"segment":1,"interval":6,"start_time":1606738820999},{"elapsed_time":1484099,"segment":1,"interval":6,"start_time":1606738830999},{"elapsed_time":1494099,"segment":1,"interval":6,"start_time":1606738840999},{"elapsed_time":1504099,"segment":1,"interval":6,"start_time":1606738850999},{"elapsed_time":1514099,"segment":1,"interval":6,"start_time":1606738860999},{"elapsed_time":1515099,"segment":1,"interval":6,"start_time":1606738861999}]