[{"elapsed_time":0,"segment":0,"interval":1,"start_time":1606734457580},{"elapsed_time":3918,"segment":0,"interval":1,"start_time":1606734461498},{"elapsed_time":19817,"segment":0,"interval":1,"start_time":1606734477397},{"elapsed_time":25835,"segment":0,"interval":1,"start_time":1606734483415},{"elapsed_time":26934,"segment":0,"interval":1,"start_time":1606734484514},{"elapsed_time":30937,"segment":0,"interval":1,"start_time":1606734488517},{"elapsed_time":35851,"segment":0,"interval":1,"start_time":1606734493431},{"elapsed_time":38036,"segment":0,"interval":1,"start_time":1606734495616},{"elapsed_time":45857,"segment":0,"interval":1,"start_time":1606734503437},{"elapsed_time":49957,"segment":0,"interval":1,"start_time":1606734507537},{"elapsed_time":50857,"segment":0,"interval":1,"start_time":1606734508437},{"elapsed_time":50958,"segment":0,"interval":1,"start_time":1606734508538},{"elapsed_time":60159,"segment":0,"interval":1,"start_time":1606734517739},{"elapsed_time":60860,"segment":0,"interval":1,"start_time":1606734518440},{"elapsed_time":60992,"segment":0,"interval":1,"start_time":1606734518572},{"elapsed_time":70859,"segment":0,"interval":1,"start_time":1606734528439},{"elapsed_time":70979,"segment":0,"interval":1,"start_time":1606734528559},{"elapsed_time":80858,"segment":0,"interval":1,"start_time":1606734538438},{"elapsed_time":80990,"segment":0,"interval":1,"start_time":1606734538570},{"elapsed_time":82446,"segment":0,"interval":1,"start_time":1606734540026},{"elapsed_time":90028,"segment":0,"interval":1,"start_time":1606734547608},{"elapsed_time":90855,"segment":0,"interval":1,"start_time":1606734548435},{"elapsed_time":100060,"segment":0,"interval":1,"start_time":1606734557640},{"elapsed_time":100849,"segment":0,"interval":1,"start_time":1606734558429},{"elapsed_time":102007,"segment":0,"interval":1,"start_time":1606734559587},{"elapsed_time":110030,"segment":0,"interval":1,"start_time":1606734567610},{"elapsed_time":115848,"segment":0,"interval":1,"start_time":1606734573428},{"elapsed_time":120026,"segment":0,"interval":1,"start_time":1606734577606},{"elapsed_time":122336,"segment":0,"interval":1,"start_time":1606734579916},{"elapsed_time":125846,"segment":0,"interval":1,"start_time":1606734583426},{"elapsed_time":130039,"segment":0,"interval":1,"start_time":1606734587619},{"elapsed_time":135844,"segment":0,"interval":1,"start_time":1606734593424},{"elapsed_time":139194,"segment":0,"interval":1,"start_time":1606734596774},{"elapsed_time":140047,"segment":0,"interval":1,"start_time":1606734597627},{"elapsed_time":145853,"segment":0,"interval":1,"start_time":1606734603433},{"elapsed_time":150350,"segment":0,"interval":1,"start_time":1606734607930},{"elapsed_time":150880,"segment":0,"interval":1,"start_time":1606734608460},{"elapsed_time":160065,"segment":0,"interval":1,"start_time":1606734617645},{"elapsed_time":160847,"segment":0,"interval":1,"start_time":1606734618427},{"elapsed_time":164961,"segment":0,"interval":1,"start_time":1606734622541},{"elapsed_time":170075,"segment":0,"interval":1,"start_time":1606734627655},{"elapsed_time":170837,"segment":0,"interval":1,"start_time":1606734628417},{"elapsed_time":180847,"segment":0,"interval":1,"start_time":1606734638427},{"elapsed_time":180974,"segment":0,"interval":1,"start_time":1606734638554},{"elapsed_time":190846,"segment":0,"interval":1,"start_time":1606734648426},{"elapsed_time":193096,"segment":0,"interval":1,"start_time":1606734650676},{"elapsed_time":200110,"segment":0,"interval":1,"start_time":1606734657690},{"elapsed_time":200848,"segment":0,"interval":1,"start_time":1606734658428},{"elapsed_time":206036,"segment":0,"interval":1,"start_time":1606734663616},{"elapsed_time":210113,"segment":0,"interval":1,"start_time":1606734667693},{"elapsed_time":215847,"segment":0,"interval":1,"start_time":1606734673427},{"elapsed_time":225877,"segment":0,"interval":1,"start_time":1606734683457},{"elapsed_time":235861,"segment":0,"interval":1,"start_time":1606734693441},{"elapsed_time":240442,"segment":0,"interval":1,"start_time":1606734698022},{"elapsed_time":245860,"segment":0,"interval":2,"start_time":1606734703440},{"elapsed_time":250861,"segment":0,"interval":2,"start_time":1606734708441},{"elapsed_time":260850,"segment":0,"interval":2,"start_time":1606734718430},{"elapsed_time":270854,"segment":0,"interval":2,"start_time":1606734728434},{"elapsed_time":273438,"segment":0,"interval":2,"start_time":1606734731018},{"elapsed_time":280851,"segment":0,"interval":2,"start_time":1606734738431},{"elapsed_time":290848,"segment":0,"interval":2,"start_time":1606734748428},{"elapsed_time":300851,"segment":0,"interval":2,"start_time":1606734758431},{"elapsed_time":315846,"segment":0,"interval":2,"start_time":1606734773426},{"elapsed_time":323825,"segment":0,"interval":2,"start_time":1606734781405},{"elapsed_time":324157,"segment":0,"interval":2,"start_time":1606734781737},{"elapsed_time":331822,"segment":0,"interval":2,"start_time":1606734789402},{"elapsed_time":345855,"segment":0,"interval":2,"start_time":1606734803435},{"elapsed_time":350860,"segment":0,"interval":2,"start_time":1606734808440},{"elapsed_time":360865,"segment":0,"interval":2,"start_time":1606734818445},{"elapsed_time":369464,"segment":0,"interval":2,"start_time":1606734827044},{"elapsed_time":370851,"segment":0,"interval":2,"start_time":1606734828431},{"elapsed_time":380854,"segment":0,"interval":2,"start_time":1606734838434},{"elapsed_time":390857,"segment":0,"interval":2,"start_time":1606734848437},{"elapsed_time":400852,"segment":0,"interval":2,"start_time":1606734858432},{"elapsed_time":412761,"segment":0,"interval":2,"start_time":1606734870341},{"elapsed_time":415853,"segment":0,"interval":2,"start_time":1606734873433},{"elapsed_time":425841,"segment":0,"interval":2,"start_time":1606734883421},{"elapsed_time":426640,"segment":0,"interval":2,"start_time":1606734884220},{"elapsed_time":435852,"segment":0,"interval":2,"start_time":1606734893432},{"elapsed_time":440733,"segment":0,"interval":2,"start_time":1606734898313},{"elapsed_time":442218,"segment":0,"interval":2,"start_time":1606734899798},{"elapsed_time":445848,"segment":0,"interval":2,"start_time":1606734903428},{"elapsed_time":450851,"segment":0,"interval":2,"start_time":1606734908431},{"elapsed_time":457650,"segment":0,"interval":2,"start_time":1606734915230},{"elapsed_time":460849,"segment":0,"interval":2,"start_time":1606734918429},{"elapsed_time":470845,"segment":0,"interval":2,"start_time":1606734928425},{"elapsed_time":474626,"segment":0,"interval":2,"start_time":1606734932206},{"elapsed_time":480849,"segment":0,"interval":2,"start_time":1606734938429},{"elapsed_time":490853,"segment":0,"interval":2,"start_time":1606734948433},{"elapsed_time":491835,"segment":0,"interval":2,"start_time":1606734949415},{"elapsed_time":500848,"segment":0,"interval":2,"start_time":1606734958428},{"elapsed_time":512726,"segment":0,"interval":2,"start_time":1606734970306},{"elapsed_time":515828,"segment":0,"interval":3,"start_time":1606734973408},{"elapsed_time":525850,"segment":0,"interval":3,"start_time":1606734983430},{"elapsed_time":535853,"segment":0,"interval":3,"start_time":1606734993433},{"elapsed_time":539094,"segment":0,"interval":3,"start_time":1606734996674},{"elapsed_time":545850,"segment":0,"interval":3,"start_time":1606735003430},{"elapsed_time":550848,"segment":0,"interval":3,"start_time":1606735008428},{"elapsed_time":560856,"segment":0,"interval":3,"start_time":1606735018436},{"elapsed_time":570841,"segment":0,"interval":3,"start_time":1606735028421},{"elapsed_time":573902,"segment":0,"interval":3,"start_time":1606735031482},{"elapsed_time":580867,"segment":0,"interval":3,"start_time":1606735038447},{"elapsed_time":590856,"segment":0,"interval":3,"start_time":1606735048436},{"elapsed_time":605855,"segment":0,"interval":3,"start_time":1606735063435},{"elapsed_time":611825,"segment":0,"interval":3,"start_time":1606735069405},{"elapsed_time":615847,"segment":0,"interval":3,"start_time":1606735073427},{"elapsed_time":625849,"segment":0,"interval":3,"start_time":1606735083429},{"elapsed_time":635851,"segment":0,"interval":3,"start_time":1606735093431},{"elapsed_time":640855,"segment":0,"interval":3,"start_time":1606735098435},{"elapsed_time":642594,"segment":0,"interval":3,"start_time":1606735100174},{"elapsed_time":650849,"segment":0,"interval":3,"start_time":1606735108429},{"elapsed_time":653545,"segment":0,"interval":3,"start_time":1606735111125},{"elapsed_time":660553,"segment":0,"interval":3,"start_time":1606735118133},{"elapsed_time":660708,"segment":0,"interval":3,"start_time":1606735118288},{"elapsed_time":660860,"segment":0,"interval":3,"start_time":1606735118440},{"elapsed_time":670844,"segment":0,"interval":3,"start_time":1606735128424},{"elapsed_time":680572,"segment":0,"interval":3,"start_time":1606735138152},{"elapsed_time":680845,"segment":0,"interval":3,"start_time":1606735138425},{"elapsed_time":690797,"segment":0,"interval":3,"start_time":1606735148377},{"elapsed_time":690843,"segment":0,"interval":3,"start_time":1606735148423},{"elapsed_time":700840,"segment":0,"interval":3,"start_time":1606735158420},{"elapsed_time":715843,"segment":0,"interval":3,"start_time":1606735173423},{"elapsed_time":725846,"segment":0,"interval":3,"start_time":1606735183426},{"elapsed_time":726750,"segment":0,"interval":3,"start_time":1606736143830}]