{"data":[{"advanced_metrics":[{"chart_data":[{"duration":10000,"score":0,"value":0.7883},{"duration":20000,"score":0,"value":0.7927},{"duration":30000,"score":1,"value":0.9133},{"duration":40000,"score":2,"value":0.9694},{"duration":50000,"score":2,"value":0.9860},{"duration":60000,"score":2,"value":0.9823},{"duration":70000,"score":1,"value":0.9120},{"duration":80000,"score":0,"value":0.8577},{"duration":90000,"score":0,"value":0.8945},{"duration":100000,"score":2,"value":0.9508},{"duration":110000,"score":1,"value":0.9241},{"duration":120000,"score":2,"value":0.9503},{"duration":130000,"score":2,"value":0.9749},{"duration":140000,"score":2,"value":0.9952},{"duration":150000,"score":2,"value":0.9987},{"duration":160000,"score":2,"value":0.9752},{"duration":170000,"score":1,"value":0.9288},{"duration":180000,"score":1,"value":0.9078},{"duration":190000,"score":0,"value":0.8580},{"duration":200000,"score":0,"value":0.8141},{"duration":210000,"score":0,"value":0.8957},{"duration":220000,"score":0,"value":0.8983},{"duration":230000,"score":1,"value":0.9004},{"duration":240000,"score":1,"value":0.9175},{"duration":250000,"score":2,"value":0.9530},{"duration":260000,"score":2,"value":0.9767},{"duration":270000,"score":0,"value":0.7884},{"duration":280000,"score":0,"value":0.7664},{"duration":290000,"score":1,"value":0.9280},{"duration":300000,"score":1,"value":0.9335},{"duration":310000,"score":1,"value":0.9438},{"duration":320000,"score":2,"value":0.9672},{"duration":330000,"score":2,"value":0.9509},{"duration":340000,"score":2,"value":0.9642},{"duration":350000,"score":2,"value":0.9664},{"duration":360000,"score":2,"value":0.9846},{"duration":370000,"score":2,"value":0.9772},{"duration":380000,"score":2,"value":0.9709},{"duration":390000,"score":1,"value":0.9312},{"duration":400000,"score":1,"value":0.9123},{"duration":410000,"score":1,"value":0.9396},{"duration":420000,"score":1,"value":0.9450},{"duration":430000,"score":1,"value":0.9487},{"duration":440000,"score":1,"value":0.9476},{"duration":450000,"score":2,"value":0.9531},{"duration":460000,"score":2,"value":0.9579},{"duration":470000,"score":2,"value":0.9695},{"duration":480000,"score":2,"value":0.9661},{"duration":490000,"score":2,"value":0.9812},{"duration":500000,"score":2,"value":0.9721},{"duration":510000,"score":2,"value":0.9730},{"duration":520000,"score":2,"value":0.9833},{"duration":530000,"score":2,"value":0.9838},{"duration":540000,"score":2,"value":0.9803},{"duration":550000,"score":2,"value":0.9764},{"duration":560000,"score":2,"value":0.9569},{"duration":570000,"score":2,"value":0.9600},{"duration":580000,"score":1,"value":0.9419},{"duration":590000,"score":2,"value":0.9777},{"duration":600000,"score":2,"value":0.9563},{"duration":610000,"score":1,"value":0.9320},{"duration":620000,"score":1,"value":0.9043},{"duration":630000,"score":1,"value":0.9378},{"duration":640000,"score":1,"value":0.9064},{"duration":650000,"score":0,"value":0.8455},{"duration":660000,"score":0,"value":0.8623},{"duration":670000,"score":1,"value":0.9433},{"duration":680000,"score":1,"value":0.9268},{"duration":690000,"score":1,"value":0.9378},{"duration":700000,"score":2,"value":0.9743},{"duration":710000,"score":2,"value":0.9821},{"duration":720000,"score":2,"value":0.9753},{"duration":730000,"score":2,"value":0.9698},{"duration":740000,"score":2,"value":0.9710},{"duration":750000,"score":2,"value":0.9872},{"duration":760000,"score":2,"value":0.9544},{"duration":770000,"score":2,"value":0.9677},{"duration":780000,"score":2,"value":0.9790},{"duration":790000,"score":2,"value":0.9553},{"duration":800000,"score":1,"value":0.9337},{"duration":810000,"score":2,"value":0.9638},{"duration":820000,"score":1,"value":0.9204},{"duration":830000,"score":1,"value":0.9099},{"duration":840000,"score":2,"value":0.9567},{"duration":850000,"score":2,"value":0.9701},{"duration":860000,"score":1,"value":0.9378},{"duration":870000,"score":2,"value":0.9518},{"duration":880000,"score":2,"value":0.9538},{"duration":890000,"score":1,"value":0.9067},{"duration":900000,"score":0,"value":0.8921},{"duration":910000,"score":1,"value":0.9320},{"duration":920000,"score":2,"value":0.9628},{"duration":930000,"score":2,"value":0.9719},{"duration":940000,"score":2,"value":0.9689},{"duration":950000,"score":2,"value":0.9658},{"duration":960000,"score":2,"value":0.9798},{"duration":970000,"score":2,"value":0.9896},{"duration":980000,"score":2,"value":0.9834},{"duration":990000,"score":2,"value":0.9809},{"duration":1000000,"score":2,"value":0.9849},{"duration":1010000,"score":2,"value":0.9798},{"duration":1020000,"score":2,"value":0.9672},{"duration":1030000,"score":2,"value":0.9625},{"duration":1040000,"score":2,"value":0.9736},{"duration":1050000,"score":2,"value":0.9798},{"duration":1060000,"score":2,"value":0.9802},{"duration":1070000,"score":2,"value":0.9815},{"duration":1080000,"score":2,"value":0.9808},{"duration":1090000,"score":2,"value":0.9692},{"duration":1100000,"score":2,"value":0.9630},{"duration":1110000,"score":2,"value":0.9692},{"duration":1120000,"score":2,"value":0.9827},{"duration":1130000,"score":2,"value":0.9726},{"duration":1140000,"score":2,"value":0.9704},{"duration":1150000,"score":2,"value":0.9798},{"duration":1160000,"score":2,"value":0.9849},{"duration":1170000,"score":2,"value":0.9813},{"duration":1180000,"score":2,"value":0.9789},{"duration":1190000,"score":2,"value":0.9806},{"duration":1200000,"score":2,"value":0.9793},{"duration":1210000,"score":2,"value":0.9750},{"duration":1220000,"score":2,"value":0.9776},{"duration":1230000,"score":2,"value":0.9822},{"duration":1240000,"score":2,"value":0.9831},{"duration":1250000,"score":3,"value":0.0},{"duration":1260000,"score":0,"value":0.8346},{"duration":1270000,"score":1,"value":0.9340},{"duration":1280000,"score":2,"value":0.9700},{"duration":1290000,"score":2,"value":0.9800},{"duration":1300000,"score":2,"value":0.9819},{"duration":1310000,"score":2,"value":0.9799},{"duration":1320000,"score":0,"value":0.8286},{"duration":1330000,"score":0,"value":0.8724},{"duration":1340000,"score":2,"value":0.9600},{"duration":1350000,"score":2,"value":0.9858},{"duration":1360000,"score":2,"value":0.9752},{"duration":1370000,"score":0,"value":0.8990},{"duration":1380000,"score":0,"value":0.8218},{"duration":1390000,"score":0,"value":0.7929},{"duration":1400000,"score":1,"value":0.9453},{"duration":1410000,"score":2,"value":0.9727},{"duration":1420000,"score":2,"value":0.9646},{"duration":1430000,"score":2,"value":0.9733},{"duration":1440000,"score":2,"value":0.9929},{"duration":1450000,"score":2,"value":0.9987},{"duration":1460000,"score":2,"value":0.9994},{"duration":1470000,"score":2,"value":0.9891},{"duration":1480000,"score":2,"value":0.9775},{"duration":1490000,"score":2,"value":0.9807},{"duration":1500000,"score":2,"value":0.9850},{"duration":1510000,"score":2,"value":0.9864},{"duration":1520000,"score":2,"value":0.9849},{"duration":1530000,"score":2,"value":0.9725},{"duration":1540000,"score":2,"value":0.9746},{"duration":1550000,"score":2,"value":0.9740},{"duration":1560000,"score":2,"value":0.9738},{"duration":1570000,"score":2,"value":0.9705},{"duration":1580000,"score":2,"value":0.9838},{"duration":1590000,"score":2,"value":0.9831},{"duration":1600000,"score":2,"value":0.9754},{"duration":1610000,"score":2,"value":0.9721},{"duration":1620000,"score":2,"value":0.9531},{"duration":1630000,"score":2,"value":0.9560},{"duration":1640000,"score":1,"value":0.9062},{"duration":1650000,"score":0,"value":0.7917},{"duration":1660000,"score":0,"value":0.7984},{"duration":1670000,"score":1,"value":0.9443},{"duration":1680000,"score":2,"value":0.9866},{"duration":1690000,"score":2,"value":0.9891},{"duration":1700000,"score":2,"value":0.9698},{"duration":1710000,"score":1,"value":0.9420},{"duration":1720000,"score":1,"value":0.9387},{"duration":1730000,"score":2,"value":0.9720},{"duration":1740000,"score":2,"value":0.9684},{"duration":1750000,"score":2,"value":0.9504},{"duration":1760000,"score":1,"value":0.9353},{"duration":1770000,"score":2,"value":0.9568},{"duration":1780000,"score":2,"value":0.9683},{"duration":1790000,"score":2,"value":0.9781},{"duration":1800000,"score":2,"value":0.9735},{"duration":1810000,"score":1,"value":0.9417},{"duration":1820000,"score":1,"value":0.9346},{"duration":1830000,"score":2,"value":0.9567},{"duration":1840000,"score":2,"value":0.9636},{"duration":1850000,"score":2,"value":0.9832},{"duration":1860000,"score":2,"value":0.9904},{"duration":1870000,"score":2,"value":0.9691},{"duration":1880000,"score":2,"value":0.9686},{"duration":1890000,"score":2,"value":0.9675},{"duration":1900000,"score":2,"value":0.9598},{"duration":1910000,"score":1,"value":0.9492},{"duration":1920000,"score":2,"value":0.9627},{"duration":1930000,"score":2,"value":0.9723},{"duration":1940000,"score":2,"value":0.9767},{"duration":1950000,"score":1,"value":0.9094},{"duration":1960000,"score":1,"value":0.9483},{"duration":1970000,"score":0,"value":0.8967}],"data_type":"regularity","overall_score":2,"score_ratio":[13.0,15.0,72.0]},{"chart_data":[{"duration":10000,"score":2,"value":-0.0142},{"duration":20000,"score":2,"value":-0.0218},{"duration":30000,"score":2,"value":0.0026},{"duration":40000,"score":2,"value":0.0096},{"duration":50000,"score":2,"value":0.0091},{"duration":60000,"score":2,"value":0.0010},{"duration":70000,"score":2,"value":0.0114},{"duration":80000,"score":2,"value":0.0099},{"duration":90000,"score":2,"value":0.0026},{"duration":100000,"score":1,"value":0.0257},{"duration":110000,"score":2,"value":0.0043},{"duration":120000,"score":2,"value":0.0088},{"duration":130000,"score":2,"value":0.0013},{"duration":140000,"score":2,"value":0.0071},{"duration":150000,"score":2,"value":-0.0043},{"duration":160000,"score":2,"value":-0.0029},{"duration":170000,"score":2,"value":0.0039},{"duration":180000,"score":2,"value":0.0021},{"duration":190000,"score":2,"value":0.0014},{"duration":200000,"score":2,"value":-0.0141},{"duration":210000,"score":2,"value":-0.0065},{"duration":220000,"score":2,"value":-0.0128},{"duration":230000,"score":2,"value":-0.0190},{"duration":240000,"score":2,"value":-0.0113},{"duration":250000,"score":2,"value":0.0059},{"duration":260000,"score":2,"value":0.0063},{"duration":270000,"score":2,"value":-0.0024},{"duration":280000,"score":2,"value":-7.6073e-05},{"duration":290000,"score":2,"value":-0.0026},{"duration":300000,"score":2,"value":-0.0046},{"duration":310000,"score":2,"value":-0.0074},{"duration":320000,"score":2,"value":-0.0027},{"duration":330000,"score":2,"value":-0.0089},{"duration":340000,"score":2,"value":-0.0071},{"duration":350000,"score":2,"value":-0.0011},{"duration":360000,"score":2,"value":-0.0030},{"duration":370000,"score":2,"value":-0.0021},{"duration":380000,"score":2,"value":0.0017},{"duration":390000,"score":2,"value":0.0012},{"duration":400000,"score":2,"value":-0.0014},{"duration":410000,"score":2,"value":0.0040},{"duration":420000,"score":2,"value":-0.0034},{"duration":430000,"score":2,"value":-0.0083},{"duration":440000,"score":2,"value":-0.0085},{"duration":450000,"score":2,"value":-0.0177},{"duration":460000,"score":2,"value":-0.0108},{"duration":470000,"score":2,"value":-0.0051},{"duration":480000,"score":2,"value":0.0108},{"duration":490000,"score":2,"value":0.0058},{"duration":500000,"score":2,"value":-0.0007},{"duration":510000,"score":2,"value":0.0009},{"duration":520000,"score":2,"value":-0.0086},{"duration":530000,"score":2,"value":0.0006},{"duration":540000,"score":2,"value":-0.0075},{"duration":550000,"score":2,"value":-0.0045},{"duration":560000,"score":2,"value":0.0024},{"duration":570000,"score":2,"value":-0.0066},{"duration":580000,"score":2,"value":-0.0199},{"duration":590000,"score":2,"value":-0.0115},{"duration":600000,"score":2,"value":-0.0025},{"duration":610000,"score":2,"value":-0.0042},{"duration":620000,"score":2,"value":-0.0103},{"duration":630000,"score":2,"value":-0.0116},{"duration":640000,"score":2,"value":-0.0091},{"duration":650000,"score":2,"value":-0.0102},{"duration":660000,"score":2,"value":0.0004},{"duration":670000,"score":2,"value":-0.0014},{"duration":680000,"score":2,"value":-0.0058},{"duration":690000,"score":2,"value":-0.0112},{"duration":700000,"score":2,"value":-0.0033},{"duration":710000,"score":2,"value":-0.0087},{"duration":720000,"score":2,"value":-0.0059},{"duration":730000,"score":2,"value":-0.0130},{"duration":740000,"score":2,"value":-0.0091},{"duration":750000,"score":2,"value":-0.0047},{"duration":760000,"score":2,"value":0.0023},{"duration":770000,"score":2,"value":0.0010},{"duration":780000,"score":2,"value":-0.0052},{"duration":790000,"score":2,"value":-0.0076},{"duration":800000,"score":2,"value":-0.0006},{"duration":810000,"score":2,"value":0.0018},{"duration":820000,"score":2,"value":-0.0061},{"duration":830000,"score":2,"value":0.0062},{"duration":840000,"score":2,"value":0.0060},{"duration":850000,"score":2,"value":-0.0165},{"duration":860000,"score":2,"value":-0.0118},{"duration":870000,"score":2,"value":-0.0046},{"duration":880000,"score":2,"value":0.0007},{"duration":890000,"score":2,"value":-0.0104},{"duration":900000,"score":2,"value":-0.0039},{"duration":910000,"score":2,"value":-0.0054},{"duration":920000,"score":2,"value":-0.0085},{"duration":930000,"score":2,"value":-0.0098},{"duration":940000,"score":2,"value":-0.0096},{"duration":950000,"score":2,"value":-0.0074},{"duration":960000,"score":2,"value":-0.0029},{"duration":970000,"score":2,"value":-0.0038},{"duration":980000,"score":2,"value":-0.0123},{"duration":990000,"score":2,"value":-0.0086},{"duration":1000000,"score":2,"value":-0.0123},{"duration":1010000,"score":2,"value":-0.0037},{"duration":1020000,"score":2,"value":-0.0053},{"duration":1030000,"score":2,"value":-0.0052},{"duration":1040000,"score":2,"value":-0.0074},{"duration":1050000,"score":2,"value":-0.0116},{"duration":1060000,"score":2,"value":-0.0085},{"duration":1070000,"score":2,"value":-0.0071},{"duration":1080000,"score":2,"value":-0.0059},{"duration":1090000,"score":2,"value":-0.0077},{"duration":1100000,"score":2,"value":-0.0106},{"duration":1110000,"score":2,"value":-0.0081},{"duration":1120000,"score":2,"value":-0.0076},{"duration":1130000,"score":2,"value":-0.0076},{"duration":1140000,"score":2,"value":-0.0053},{"duration":1150000,"score":2,"value":-0.0070},{"duration":1160000,"score":2,"value":-0.0106},{"duration":1170000,"score":2,"value":-0.0142},{"duration":1180000,"score":2,"value":-0.0023},{"duration":1190000,"score":2,"value":-0.0107},{"duration":1200000,"score":2,"value":-0.0081},{"duration":1210000,"score":2,"value":-0.0062},{"duration":1220000,"score":2,"value":-0.0115},{"duration":1230000,"score":2,"value":-0.0024},{"duration":1240000,"score":2,"value":0.0005},{"duration":1250000,"score":3,"value":0.0},{"duration":1260000,"score":2,"value":-0.0073},{"duration":1270000,"score":2,"value":-0.0120},{"duration":1280000,"score":2,"value":-0.0026},{"duration":1290000,"score":2,"value":-0.0088},{"duration":1300000,"score":2,"value":-0.0093},{"duration":1310000,"score":2,"value":-0.0075},{"duration":1320000,"score":2,"value":-0.0088},{"duration":1330000,"score":2,"value":-0.0113},{"duration":1340000,"score":2,"value":-0.0154},{"duration":1350000,"score":2,"value":-0.0102},{"duration":1360000,"score":2,"value":-0.0147},{"duration":1370000,"score":2,"value":-0.0103},{"duration":1380000,"score":2,"value":-0.0102},{"duration":1390000,"score":2,"value":-0.0051},{"duration":1400000,"score":2,"value":-0.0051},{"duration":1410000,"score":2,"value":-0.0022},{"duration":1420000,"score":2,"value":-0.0048},{"duration":1430000,"score":2,"value":-0.0085},{"duration":1440000,"score":2,"value":-0.0122},{"duration":1450000,"score":2,"value":-0.0066},{"duration":1460000,"score":2,"value":-0.0038},{"duration":1470000,"score":2,"value":-0.0018},{"duration":1480000,"score":2,"value":0.0006},{"duration":1490000,"score":2,"value":-0.0027},{"duration":1500000,"score":2,"value":-0.0042},{"duration":1510000,"score":2,"value":-0.0043},{"duration":1520000,"score":2,"value":0.0060},{"duration":1530000,"score":2,"value":0.0027},{"duration":1540000,"score":2,"value":-0.0096},{"duration":1550000,"score":2,"value":-0.0051},{"duration":1560000,"score":2,"value":0.0032},{"duration":1570000,"score":2,"value":-0.0113},{"duration":1580000,"score":2,"value":-0.0173},{"duration":1590000,"score":2,"value":-0.0161},{"duration":1600000,"score":1,"value":-0.0233},{"duration":1610000,"score":1,"value":-0.0238},{"duration":1620000,"score":2,"value":-0.0079},{"duration":1630000,"score":2,"value":-0.0001},{"duration":1640000,"score":2,"value":0.0011},{"duration":1650000,"score":2,"value":-0.0038},{"duration":1660000,"score":2,"value":-0.0097},{"duration":1670000,"score":2,"value":-0.0065},{"duration":1680000,"score":2,"value":-0.0064},{"duration":1690000,"score":2,"value":-0.0104},{"duration":1700000,"score":2,"value":-0.0120},{"duration":1710000,"score":2,"value":-0.0121},{"duration":1720000,"score":2,"value":-0.0060},{"duration":1730000,"score":2,"value":-0.0062},{"duration":1740000,"score":2,"value":-0.0139},{"duration":1750000,"score":2,"value":-0.0160},{"duration":1760000,"score":2,"value":0.0071},{"duration":1770000,"score":2,"value":0.0176},{"duration":1780000,"score":2,"value":0.0214},{"duration":1790000,"score":2,"value":0.0023},{"duration":1800000,"score":2,"value":-0.0002},{"duration":1810000,"score":2,"value":-0.0033},{"duration":1820000,"score":2,"value":-0.0129},{"duration":1830000,"score":2,"value":-0.0041},{"duration":1840000,"score":2,"value":-0.0097},{"duration":1850000,"score":2,"value":-0.0091},{"duration":1860000,"score":2,"value":0.0005},{"duration":1870000,"score":2,"value":-0.0011},{"duration":1880000,"score":2,"value":-0.0051},{"duration":1890000,"score":2,"value":-0.0014},{"duration":1900000,"score":2,"value":-0.0094},{"duration":1910000,"score":2,"value":-0.0142},{"duration":1920000,"score":2,"value":-0.0067},{"duration":1930000,"score":2,"value":0.0013},{"duration":1940000,"score":2,"value":0.0065},{"duration":1950000,"score":2,"value":-0.0032},{"duration":1960000,"score":2,"value":-0.0110},{"duration":1970000,"score":2,"value":0.0014}],"data_type":"asymmetry","overall_score":2,"score_ratio":[0.0,8.0,92.0]},{"chart_data":[{"duration":10000,"score":1,"value":38893.9531},{"duration":20000,"score":0,"value":36897.1484},{"duration":30000,"score":0,"value":36139.1328},{"duration":40000,"score":0,"value":35805.2148},{"duration":50000,"score":0,"value":35948.4960},{"duration":60000,"score":0,"value":37448.1914},{"duration":70000,"score":0,"value":37928.7031},{"duration":80000,"score":0,"value":34862.3515},{"duration":90000,"score":0,"value":34272.2382},{"duration":100000,"score":0,"value":34326.5117},{"duration":110000,"score":0,"value":36183.1757},{"duration":120000,"score":0,"value":37061.6484},{"duration":130000,"score":0,"value":37017.4882},{"duration":140000,"score":0,"value":36517.5976},{"duration":150000,"score":0,"value":38416.3476},{"duration":160000,"score":0,"value":37042.8906},{"duration":170000,"score":0,"value":38639.4531},{"duration":180000,"score":0,"value":34784.0742},{"duration":190000,"score":0,"value":37904.1445},{"duration":200000,"score":0,"value":37335.0976},{"duration":210000,"score":0,"value":39827.8906},{"duration":220000,"score":0,"value":39108.6484},{"duration":230000,"score":0,"value":39094.8359},{"duration":240000,"score":0,"value":37073.9140},{"duration":250000,"score":0,"value":34621.3789},{"duration":260000,"score":0,"value":33877.8164},{"duration":270000,"score":0,"value":35543.2148},{"duration":280000,"score":0,"value":37462.8007},{"duration":290000,"score":0,"value":36851.0429},{"duration":300000,"score":0,"value":36470.0351},{"duration":310000,"score":0,"value":35455.375},{"duration":320000,"score":0,"value":37437.6523},{"duration":330000,"score":0,"value":37789.4023},{"duration":340000,"score":0,"value":36386.3945},{"duration":350000,"score":0,"value":36736.6914},{"duration":360000,"score":0,"value":36377.9179},{"duration":370000,"score":0,"value":36851.8671},{"duration":380000,"score":0,"value":34426.4023},{"duration":390000,"score":0,"value":33869.7812},{"duration":400000,"score":0,"value":35948.2148},{"duration":410000,"score":0,"value":36450.9335},{"duration":420000,"score":0,"value":36386.5976},{"duration":430000,"score":0,"value":35003.4882},{"duration":440000,"score":0,"value":35658.0117},{"duration":450000,"score":0,"value":33924.6093},{"duration":460000,"score":0,"value":36072.9921},{"duration":470000,"score":0,"value":34609.3671},{"duration":480000,"score":0,"value":34493.4375},{"duration":490000,"score":0,"value":34225.3476},{"duration":500000,"score":0,"value":35282.3828},{"duration":510000,"score":0,"value":35738.5664},{"duration":520000,"score":0,"value":35471.7851},{"duration":530000,"score":0,"value":35237.1132},{"duration":540000,"score":0,"value":36459.4257},{"duration":550000,"score":0,"value":35407.5078},{"duration":560000,"score":0,"value":33660.3945},{"duration":570000,"score":0,"value":35390.4492},{"duration":580000,"score":0,"value":37439.1914},{"duration":590000,"score":0,"value":36208.6171},{"duration":600000,"score":0,"value":35852.7773},{"duration":610000,"score":0,"value":34912.6289},{"duration":620000,"score":0,"value":35448.9765},{"duration":630000,"score":0,"value":34200.0585},{"duration":640000,"score":0,"value":35827.4062},{"duration":650000,"score":0,"value":35442.2656},{"duration":660000,"score":0,"value":33943.1367},{"duration":670000,"score":0,"value":36036.2109},{"duration":680000,"score":0,"value":34642.5976},{"duration":690000,"score":0,"value":34358.3007},{"duration":700000,"score":0,"value":35400.5937},{"duration":710000,"score":0,"value":34996.1562},{"duration":720000,"score":0,"value":35385.6406},{"duration":730000,"score":0,"value":33971.9023},{"duration":740000,"score":0,"value":32989.3710},{"duration":750000,"score":0,"value":33842.5859},{"duration":760000,"score":0,"value":35154.2421},{"duration":770000,"score":0,"value":34374.0390},{"duration":780000,"score":0,"value":34269.3984},{"duration":790000,"score":0,"value":35819.3515},{"duration":800000,"score":0,"value":34903.875},{"duration":810000,"score":0,"value":35496.7890},{"duration":820000,"score":0,"value":36328.3359},{"duration":830000,"score":0,"value":35459.7343},{"duration":840000,"score":0,"value":36123.4414},{"duration":850000,"score":0,"value":36361.8203},{"duration":860000,"score":0,"value":37759.5820},{"duration":870000,"score":0,"value":35755.75},{"duration":880000,"score":0,"value":34925.3554},{"duration":890000,"score":0,"value":37348.7851},{"duration":900000,"score":0,"value":36072.4101},{"duration":910000,"score":0,"value":34997.9882},{"duration":920000,"score":0,"value":35217.4570},{"duration":930000,"score":0,"value":34559.9882},{"duration":940000,"score":0,"value":34141.4960},{"duration":950000,"score":0,"value":33263.2031},{"duration":960000,"score":0,"value":32835.1992},{"duration":970000,"score":0,"value":33349.8867},{"duration":980000,"score":0,"value":32714.2070},{"duration":990000,"score":0,"value":33156.2929},{"duration":1000000,"score":0,"value":33487.6562},{"duration":1010000,"score":0,"value":33011.8554},{"duration":1020000,"score":0,"value":33080.9804},{"duration":1030000,"score":0,"value":33611.25},{"duration":1040000,"score":0,"value":32880.7070},{"duration":1050000,"score":0,"value":33527.9375},{"duration":1060000,"score":0,"value":34200.1523},{"duration":1070000,"score":0,"value":33243.3281},{"duration":1080000,"score":0,"value":33869.7968},{"duration":1090000,"score":0,"value":34702.3593},{"duration":1100000,"score":0,"value":33100.8554},{"duration":1110000,"score":0,"value":33731.3398},{"duration":1120000,"score":0,"value":33758.9882},{"duration":1130000,"score":0,"value":33151.8828},{"duration":1140000,"score":0,"value":32955.8828},{"duration":1150000,"score":0,"value":33310.9609},{"duration":1160000,"score":0,"value":33611.3554},{"duration":1170000,"score":0,"value":34100.0937},{"duration":1180000,"score":0,"value":33084.6953},{"duration":1190000,"score":0,"value":33129.1093},{"duration":1200000,"score":0,"value":34755.0195},{"duration":1210000,"score":0,"value":33065.4960},{"duration":1220000,"score":0,"value":33697.7148},{"duration":1230000,"score":0,"value":34064.875},{"duration":1240000,"score":0,"value":32874.7578},{"duration":1250000,"score":3,"value":0.0},{"duration":1260000,"score":0,"value":34527.6015},{"duration":1270000,"score":0,"value":34829.8085},{"duration":1280000,"score":0,"value":35143.2304},{"duration":1290000,"score":0,"value":33571.4414},{"duration":1300000,"score":0,"value":35422.7226},{"duration":1310000,"score":0,"value":35801.9609},{"duration":1320000,"score":0,"value":36453.6406},{"duration":1330000,"score":0,"value":35240.8984},{"duration":1340000,"score":0,"value":33911.1953},{"duration":1350000,"score":0,"value":35471.1445},{"duration":1360000,"score":0,"value":35952.7031},{"duration":1370000,"score":0,"value":40199.8085},{"duration":1380000,"score":0,"value":36687.9687},{"duration":1390000,"score":0,"value":35194.2617},{"duration":1400000,"score":0,"value":35177.1718},{"duration":1410000,"score":0,"value":36303.9726},{"duration":1420000,"score":0,"value":35677.0195},{"duration":1430000,"score":0,"value":36452.125},{"duration":1440000,"score":0,"value":36777.0664},{"duration":1450000,"score":0,"value":35924.2929},{"duration":1460000,"score":0,"value":35067.7890},{"duration":1470000,"score":0,"value":36770.5351},{"duration":1480000,"score":0,"value":35192.6992},{"duration":1490000,"score":0,"value":35870.8789},{"duration":1500000,"score":0,"value":34124.2031},{"duration":1510000,"score":0,"value":34232.6406},{"duration":1520000,"score":0,"value":33997.2929},{"duration":1530000,"score":0,"value":32570.9863},{"duration":1540000,"score":0,"value":34687.2148},{"duration":1550000,"score":0,"value":35962.3085},{"duration":1560000,"score":0,"value":35068.3085},{"duration":1570000,"score":0,"value":34239.7031},{"duration":1580000,"score":0,"value":35159.7851},{"duration":1590000,"score":0,"value":35133.2656},{"duration":1600000,"score":0,"value":35698.9414},{"duration":1610000,"score":0,"value":36868.1210},{"duration":1620000,"score":0,"value":35291.9023},{"duration":1630000,"score":0,"value":35502.7187},{"duration":1640000,"score":0,"value":39872.3203},{"duration":1650000,"score":0,"value":37049.8242},{"duration":1660000,"score":0,"value":35276.6601},{"duration":1670000,"score":0,"value":34805.875},{"duration":1680000,"score":0,"value":37043.4296},{"duration":1690000,"score":0,"value":35278.1757},{"duration":1700000,"score":0,"value":35522.3710},{"duration":1710000,"score":0,"value":35804.0585},{"duration":1720000,"score":0,"value":34080.3945},{"duration":1730000,"score":0,"value":34158.8437},{"duration":1740000,"score":0,"value":35032.5781},{"duration":1750000,"score":0,"value":34992.2812},{"duration":1760000,"score":0,"value":34746.7617},{"duration":1770000,"score":0,"value":34154.1953},{"duration":1780000,"score":0,"value":34846.4648},{"duration":1790000,"score":0,"value":36070.4882},{"duration":1800000,"score":0,"value":37851.8164},{"duration":1810000,"score":0,"value":36431.3242},{"duration":1820000,"score":0,"value":35491.4296},{"duration":1830000,"score":0,"value":36066.3320},{"duration":1840000,"score":0,"value":34945.6835},{"duration":1850000,"score":0,"value":33774.9296},{"duration":1860000,"score":0,"value":34818.3046},{"duration":1870000,"score":0,"value":35588.0039},{"duration":1880000,"score":0,"value":34586.1484},{"duration":1890000,"score":0,"value":32943.9648},{"duration":1900000,"score":0,"value":35270.8320},{"duration":1910000,"score":0,"value":34436.5898},{"duration":1920000,"score":0,"value":34288.4960},{"duration":1930000,"score":0,"value":34703.2617},{"duration":1940000,"score":0,"value":37043.0039},{"duration":1950000,"score":0,"value":37971.7812},{"duration":1960000,"score":0,"value":36033.4570},{"duration":1970000,"score":0,"value":34598.7265}],"data_type":"stiffness","overall_score":0,"score_ratio":[97.0,2.0,1.0]},{"chart_data":[{"duration":10000,"score":0,"value":0.1006},{"duration":20000,"score":0,"value":0.0965},{"duration":30000,"score":0,"value":0.0994},{"duration":40000,"score":0,"value":0.1004},{"duration":50000,"score":0,"value":0.0957},{"duration":60000,"score":1,"value":0.0935},{"duration":70000,"score":0,"value":0.0959},{"duration":80000,"score":0,"value":0.1003},{"duration":90000,"score":0,"value":0.0989},{"duration":100000,"score":0,"value":0.0967},{"duration":110000,"score":0,"value":0.0985},{"duration":120000,"score":0,"value":0.0974},{"duration":130000,"score":0,"value":0.0979},{"duration":140000,"score":0,"value":0.0983},{"duration":150000,"score":0,"value":0.0951},{"duration":160000,"score":0,"value":0.0978},{"duration":170000,"score":0,"value":0.0976},{"duration":180000,"score":0,"value":0.1017},{"duration":190000,"score":0,"value":0.0960},{"duration":200000,"score":0,"value":0.0969},{"duration":210000,"score":1,"value":0.0930},{"duration":220000,"score":0,"value":0.0933},{"duration":230000,"score":0,"value":0.0952},{"duration":240000,"score":0,"value":0.0987},{"duration":250000,"score":0,"value":0.0951},{"duration":260000,"score":1,"value":0.0936},{"duration":270000,"score":0,"value":0.0994},{"duration":280000,"score":0,"value":0.0940},{"duration":290000,"score":0,"value":0.0976},{"duration":300000,"score":0,"value":0.0981},{"duration":310000,"score":0,"value":0.0998},{"duration":320000,"score":0,"value":0.0962},{"duration":330000,"score":0,"value":0.0953},{"duration":340000,"score":0,"value":0.0996},{"duration":350000,"score":0,"value":0.0974},{"duration":360000,"score":0,"value":0.0974},{"duration":370000,"score":0,"value":0.0955},{"duration":380000,"score":1,"value":0.0933},{"duration":390000,"score":1,"value":0.0946},{"duration":400000,"score":0,"value":0.0974},{"duration":410000,"score":0,"value":0.0969},{"duration":420000,"score":0,"value":0.0968},{"duration":430000,"score":0,"value":0.0996},{"duration":440000,"score":0,"value":0.0999},{"duration":450000,"score":0,"value":0.1033},{"duration":460000,"score":0,"value":0.0985},{"duration":470000,"score":0,"value":0.1018},{"duration":480000,"score":0,"value":0.1024},{"duration":490000,"score":0,"value":0.1019},{"duration":500000,"score":0,"value":0.0995},{"duration":510000,"score":0,"value":0.0955},{"duration":520000,"score":0,"value":0.0989},{"duration":530000,"score":0,"value":0.1016},{"duration":540000,"score":0,"value":0.0985},{"duration":550000,"score":0,"value":0.1006},{"duration":560000,"score":0,"value":0.1042},{"duration":570000,"score":0,"value":0.0994},{"duration":580000,"score":0,"value":0.0970},{"duration":590000,"score":0,"value":0.0998},{"duration":600000,"score":0,"value":0.1005},{"duration":610000,"score":0,"value":0.1000},{"duration":620000,"score":0,"value":0.1026},{"duration":630000,"score":0,"value":0.1040},{"duration":640000,"score":0,"value":0.0977},{"duration":650000,"score":0,"value":0.1030},{"duration":660000,"score":0,"value":0.1039},{"duration":670000,"score":0,"value":0.0986},{"duration":680000,"score":0,"value":0.1041},{"duration":690000,"score":0,"value":0.1043},{"duration":700000,"score":0,"value":0.1037},{"duration":710000,"score":0,"value":0.1013},{"duration":720000,"score":0,"value":0.1017},{"duration":730000,"score":0,"value":0.1040},{"duration":740000,"score":0,"value":0.1057},{"duration":750000,"score":0,"value":0.1014},{"duration":760000,"score":0,"value":0.0999},{"duration":770000,"score":0,"value":0.1030},{"duration":780000,"score":0,"value":0.1047},{"duration":790000,"score":0,"value":0.1004},{"duration":800000,"score":0,"value":0.1028},{"duration":810000,"score":0,"value":0.1028},{"duration":820000,"score":0,"value":0.1005},{"duration":830000,"score":0,"value":0.1011},{"duration":840000,"score":0,"value":0.0995},{"duration":850000,"score":0,"value":0.0990},{"duration":860000,"score":0,"value":0.0979},{"duration":870000,"score":0,"value":0.1016},{"duration":880000,"score":0,"value":0.1030},{"duration":890000,"score":0,"value":0.0983},{"duration":900000,"score":0,"value":0.0994},{"duration":910000,"score":0,"value":0.1022},{"duration":920000,"score":0,"value":0.0998},{"duration":930000,"score":0,"value":0.1026},{"duration":940000,"score":0,"value":0.1021},{"duration":950000,"score":0,"value":0.1051},{"duration":960000,"score":0,"value":0.1063},{"duration":970000,"score":0,"value":0.1052},{"duration":980000,"score":0,"value":0.1076},{"duration":990000,"score":0,"value":0.1062},{"duration":1000000,"score":0,"value":0.1057},{"duration":1010000,"score":0,"value":0.1057},{"duration":1020000,"score":0,"value":0.1060},{"duration":1030000,"score":0,"value":0.1055},{"duration":1040000,"score":0,"value":0.1053},{"duration":1050000,"score":0,"value":0.1057},{"duration":1060000,"score":0,"value":0.1054},{"duration":1070000,"score":0,"value":0.1061},{"duration":1080000,"score":0,"value":0.1063},{"duration":1090000,"score":0,"value":0.1017},{"duration":1100000,"score":0,"value":0.1055},{"duration":1110000,"score":0,"value":0.1057},{"duration":1120000,"score":0,"value":0.1048},{"duration":1130000,"score":0,"value":0.1057},{"duration":1140000,"score":0,"value":0.1073},{"duration":1150000,"score":0,"value":0.1071},{"duration":1160000,"score":0,"value":0.1060},{"duration":1170000,"score":0,"value":0.1069},{"duration":1180000,"score":0,"value":0.1066},{"duration":1190000,"score":0,"value":0.1074},{"duration":1200000,"score":0,"value":0.1031},{"duration":1210000,"score":0,"value":0.1077},{"duration":1220000,"score":0,"value":0.1067},{"duration":1230000,"score":0,"value":0.1033},{"duration":1240000,"score":0,"value":0.1013},{"duration":1250000,"score":3,"value":0.0},{"duration":1260000,"score":0,"value":0.1048},{"duration":1270000,"score":0,"value":0.1045},{"duration":1280000,"score":0,"value":0.1012},{"duration":1290000,"score":0,"value":0.1030},{"duration":1300000,"score":0,"value":0.1002},{"duration":1310000,"score":0,"value":0.1010},{"duration":1320000,"score":0,"value":0.0974},{"duration":1330000,"score":0,"value":0.1030},{"duration":1340000,"score":0,"value":0.1041},{"duration":1350000,"score":0,"value":0.1026},{"duration":1360000,"score":0,"value":0.1011},{"duration":1370000,"score":0,"value":0.0933},{"duration":1380000,"score":0,"value":0.1011},{"duration":1390000,"score":0,"value":0.1025},{"duration":1400000,"score":0,"value":0.1030},{"duration":1410000,"score":0,"value":0.1001},{"duration":1420000,"score":0,"value":0.1011},{"duration":1430000,"score":0,"value":0.1013},{"duration":1440000,"score":0,"value":0.1013},{"duration":1450000,"score":0,"value":0.1028},{"duration":1460000,"score":0,"value":0.1015},{"duration":1470000,"score":0,"value":0.0990},{"duration":1480000,"score":0,"value":0.1002},{"duration":1490000,"score":0,"value":0.0984},{"duration":1500000,"score":0,"value":0.0990},{"duration":1510000,"score":0,"value":0.1031},{"duration":1520000,"score":0,"value":0.1050},{"duration":1530000,"score":0,"value":0.1061},{"duration":1540000,"score":0,"value":0.1042},{"duration":1550000,"score":0,"value":0.1043},{"duration":1560000,"score":0,"value":0.1027},{"duration":1570000,"score":0,"value":0.1041},{"duration":1580000,"score":0,"value":0.1035},{"duration":1590000,"score":0,"value":0.1045},{"duration":1600000,"score":0,"value":0.1049},{"duration":1610000,"score":0,"value":0.1038},{"duration":1620000,"score":0,"value":0.1029},{"duration":1630000,"score":0,"value":0.1049},{"duration":1640000,"score":0,"value":0.0969},{"duration":1650000,"score":0,"value":0.1017},{"duration":1660000,"score":0,"value":0.1042},{"duration":1670000,"score":0,"value":0.1039},{"duration":1680000,"score":0,"value":0.1004},{"duration":1690000,"score":0,"value":0.1032},{"duration":1700000,"score":0,"value":0.1018},{"duration":1710000,"score":0,"value":0.1022},{"duration":1720000,"score":0,"value":0.1049},{"duration":1730000,"score":0,"value":0.1070},{"duration":1740000,"score":0,"value":0.1041},{"duration":1750000,"score":0,"value":0.1033},{"duration":1760000,"score":0,"value":0.0967},{"duration":1770000,"score":0,"value":0.0977},{"duration":1780000,"score":0,"value":0.0968},{"duration":1790000,"score":0,"value":0.0992},{"duration":1800000,"score":0,"value":0.0960},{"duration":1810000,"score":0,"value":0.1003},{"duration":1820000,"score":0,"value":0.1034},{"duration":1830000,"score":0,"value":0.1042},{"duration":1840000,"score":0,"value":0.1037},{"duration":1850000,"score":0,"value":0.1031},{"duration":1860000,"score":0,"value":0.1019},{"duration":1870000,"score":0,"value":0.0998},{"duration":1880000,"score":0,"value":0.1027},{"duration":1890000,"score":0,"value":0.1032},{"duration":1900000,"score":0,"value":0.1039},{"duration":1910000,"score":0,"value":0.1051},{"duration":1920000,"score":0,"value":0.1008},{"duration":1930000,"score":0,"value":0.1026},{"duration":1940000,"score":0,"value":0.0995},{"duration":1950000,"score":0,"value":0.0986},{"duration":1960000,"score":0,"value":0.1002},{"duration":1970000,"score":0,"value":0.1043}],"data_type":"undulation","overall_score":0,"score_ratio":[92.0,8.0,0.0]},{"chart_data":[{"duration":10000,"score":1,"value":177.1549},{"duration":20000,"score":1,"value":182.9989},{"duration":30000,"score":1,"value":182.8829},{"duration":40000,"score":1,"value":183.1797},{"duration":50000,"score":0,"value":184.7164},{"duration":60000,"score":1,"value":182.1196},{"duration":70000,"score":1,"value":177.1297},{"duration":80000,"score":0,"value":186.6072},{"duration":90000,"score":0,"value":189.2103},{"duration":100000,"score":0,"value":191.4543},{"duration":110000,"score":1,"value":182.9364},{"duration":120000,"score":1,"value":180.2745},{"duration":130000,"score":1,"value":180.3858},{"duration":140000,"score":1,"value":181.4865},{"duration":150000,"score":1,"value":177.4577},{"duration":160000,"score":1,"value":179.9741},{"duration":170000,"score":1,"value":177.0178},{"duration":180000,"score":0,"value":186.6014},{"duration":190000,"score":1,"value":178.3054},{"duration":200000,"score":1,"value":179.4732},{"duration":210000,"score":1,"value":174.2272},{"duration":220000,"score":1,"value":176.1225},{"duration":230000,"score":1,"value":175.7928},{"duration":240000,"score":1,"value":180.8850},{"duration":250000,"score":0,"value":191.5196},{"duration":260000,"score":0,"value":193.4158},{"duration":270000,"score":1,"value":181.6240},{"duration":280000,"score":1,"value":179.6022},{"duration":290000,"score":1,"value":180.5886},{"duration":300000,"score":1,"value":181.6352},{"duration":310000,"score":0,"value":184.2740},{"duration":320000,"score":1,"value":179.3200},{"duration":330000,"score":1,"value":178.5154},{"duration":340000,"score":1,"value":181.2700},{"duration":350000,"score":1,"value":180.9073},{"duration":360000,"score":1,"value":182.1181},{"duration":370000,"score":1,"value":181.5156},{"duration":380000,"score":0,"value":191.6024},{"duration":390000,"score":0,"value":193.4750},{"duration":400000,"score":0,"value":184.8904},{"duration":410000,"score":0,"value":183.1650},{"duration":420000,"score":1,"value":182.8116},{"duration":430000,"score":0,"value":186.8683},{"duration":440000,"score":1,"value":183.9335},{"duration":450000,"score":0,"value":188.8559},{"duration":460000,"score":1,"value":182.8275},{"duration":470000,"score":0,"value":186.3058},{"duration":480000,"score":0,"value":188.7529},{"duration":490000,"score":0,"value":188.3113},{"duration":500000,"score":0,"value":185.1117},{"duration":510000,"score":0,"value":184.9210},{"duration":520000,"score":0,"value":184.5912},{"duration":530000,"score":0,"value":185.1890},{"duration":540000,"score":1,"value":181.6025},{"duration":550000,"score":1,"value":184.3493},{"duration":560000,"score":0,"value":189.1308},{"duration":570000,"score":0,"value":184.6414},{"duration":580000,"score":1,"value":179.7017},{"duration":590000,"score":1,"value":181.9849},{"duration":600000,"score":1,"value":183.2829},{"duration":610000,"score":1,"value":180.5946},{"duration":620000,"score":1,"value":183.2878},{"duration":630000,"score":0,"value":187.4407},{"duration":640000,"score":0,"value":184.0202},{"duration":650000,"score":1,"value":182.8548},{"duration":660000,"score":0,"value":187.5469},{"duration":670000,"score":1,"value":183.0431},{"duration":680000,"score":0,"value":185.8124},{"duration":690000,"score":0,"value":186.5303},{"duration":700000,"score":1,"value":183.3272},{"duration":710000,"score":0,"value":185.7954},{"duration":720000,"score":1,"value":184.6938},{"duration":730000,"score":0,"value":188.7013},{"duration":740000,"score":0,"value":191.2735},{"duration":750000,"score":0,"value":189.4174},{"duration":760000,"score":0,"value":185.4086},{"duration":770000,"score":0,"value":186.7592},{"duration":780000,"score":0,"value":186.8008},{"duration":790000,"score":1,"value":183.0382},{"duration":800000,"score":0,"value":185.0438},{"duration":810000,"score":1,"value":183.6067},{"duration":820000,"score":1,"value":181.9245},{"duration":830000,"score":1,"value":184.3241},{"duration":840000,"score":1,"value":182.3266},{"duration":850000,"score":1,"value":181.2455},{"duration":860000,"score":1,"value":177.8365},{"duration":870000,"score":1,"value":182.8223},{"duration":880000,"score":1,"value":185.4398},{"duration":890000,"score":1,"value":179.3814},{"duration":900000,"score":1,"value":182.8007},{"duration":910000,"score":0,"value":185.1942},{"duration":920000,"score":0,"value":185.3754},{"duration":930000,"score":0,"value":187.4064},{"duration":940000,"score":0,"value":189.5556},{"duration":950000,"score":0,"value":190.5271},{"duration":960000,"score":0,"value":191.3901},{"duration":970000,"score":0,"value":189.8264},{"duration":980000,"score":0,"value":192.4216},{"duration":990000,"score":0,"value":190.3440},{"duration":1000000,"score":0,"value":189.2312},{"duration":1010000,"score":0,"value":191.2359},{"duration":1020000,"score":0,"value":190.7669},{"duration":1030000,"score":0,"value":189.5405},{"duration":1040000,"score":0,"value":192.0909},{"duration":1050000,"score":0,"value":189.2209},{"duration":1060000,"score":0,"value":186.9101},{"duration":1070000,"score":0,"value":189.8748},{"duration":1080000,"score":0,"value":188.7620},{"duration":1090000,"score":0,"value":186.9339},{"duration":1100000,"score":0,"value":191.0798},{"duration":1110000,"score":0,"value":188.5054},{"duration":1120000,"score":0,"value":189.0099},{"duration":1130000,"score":0,"value":190.8139},{"duration":1140000,"score":0,"value":190.8392},{"duration":1150000,"score":0,"value":189.3311},{"duration":1160000,"score":0,"value":188.6506},{"duration":1170000,"score":0,"value":186.9892},{"duration":1180000,"score":1,"value":190.3792},{"duration":1190000,"score":0,"value":190.0920},{"duration":1200000,"score":1,"value":185.9194},{"duration":1210000,"score":0,"value":190.5645},{"duration":1220000,"score":0,"value":189.2364},{"duration":1230000,"score":0,"value":189.4983},{"duration":1240000,"score":0,"value":194.1694},{"duration":1250000,"score":3,"value":0.0},{"duration":1260000,"score":1,"value":185.0809},{"duration":1270000,"score":1,"value":185.0656},{"duration":1280000,"score":0,"value":184.9431},{"duration":1290000,"score":0,"value":190.4412},{"duration":1300000,"score":1,"value":183.3370},{"duration":1310000,"score":1,"value":183.2667},{"duration":1320000,"score":1,"value":178.5074},{"duration":1330000,"score":1,"value":183.4235},{"duration":1340000,"score":0,"value":188.4675},{"duration":1350000,"score":1,"value":183.6166},{"duration":1360000,"score":1,"value":182.4253},{"duration":1370000,"score":1,"value":173.6013},{"duration":1380000,"score":1,"value":179.3220},{"duration":1390000,"score":1,"value":184.2503},{"duration":1400000,"score":1,"value":184.3068},{"duration":1410000,"score":1,"value":177.1756},{"duration":1420000,"score":1,"value":182.4135},{"duration":1430000,"score":1,"value":180.3545},{"duration":1440000,"score":1,"value":179.4928},{"duration":1450000,"score":1,"value":182.0207},{"duration":1460000,"score":0,"value":185.3675},{"duration":1470000,"score":1,"value":180.5209},{"duration":1480000,"score":0,"value":185.5071},{"duration":1490000,"score":1,"value":183.6777},{"duration":1500000,"score":0,"value":189.6188},{"duration":1510000,"score":0,"value":187.4497},{"duration":1520000,"score":0,"value":188.3740},{"duration":1530000,"score":0,"value":191.9804},{"duration":1540000,"score":0,"value":186.0195},{"duration":1550000,"score":1,"value":181.4199},{"duration":1560000,"score":1,"value":182.8338},{"duration":1570000,"score":0,"value":186.6796},{"duration":1580000,"score":1,"value":184.4910},{"duration":1590000,"score":1,"value":183.9329},{"duration":1600000,"score":1,"value":182.5918},{"duration":1610000,"score":1,"value":182.1995},{"duration":1620000,"score":1,"value":184.1354},{"duration":1630000,"score":1,"value":182.3292},{"duration":1640000,"score":1,"value":173.0441},{"duration":1650000,"score":1,"value":179.9516},{"duration":1660000,"score":1,"value":183.9144},{"duration":1670000,"score":1,"value":185.4168},{"duration":1680000,"score":1,"value":180.2791},{"duration":1690000,"score":1,"value":184.2711},{"duration":1700000,"score":1,"value":183.9399},{"duration":1710000,"score":1,"value":182.9360},{"duration":1720000,"score":0,"value":187.3762},{"duration":1730000,"score":0,"value":186.7662},{"duration":1740000,"score":1,"value":185.2379},{"duration":1750000,"score":0,"value":185.0853},{"duration":1760000,"score":0,"value":189.6932},{"duration":1770000,"score":0,"value":191.3262},{"duration":1780000,"score":0,"value":188.7823},{"duration":1790000,"score":1,"value":183.0561},{"duration":1800000,"score":1,"value":177.6992},{"duration":1810000,"score":1,"value":180.6588},{"duration":1820000,"score":1,"value":183.1220},{"duration":1830000,"score":1,"value":181.2900},{"duration":1840000,"score":1,"value":185.3795},{"duration":1850000,"score":0,"value":189.4575},{"duration":1860000,"score":0,"value":186.0651},{"duration":1870000,"score":1,"value":183.9930},{"duration":1880000,"score":0,"value":186.4575},{"duration":1890000,"score":0,"value":193.1262},{"duration":1900000,"score":1,"value":184.8512},{"duration":1910000,"score":0,"value":187.2371},{"duration":1920000,"score":0,"value":188.5561},{"duration":1930000,"score":0,"value":186.2972},{"duration":1940000,"score":1,"value":181.3866},{"duration":1950000,"score":1,"value":177.1016},{"duration":1960000,"score":1,"value":183.4571},{"duration":1970000,"score":0,"value":186.4568}],"data_type":"effective_contact_time","overall_score":0,"score_ratio":[53.0,46.0,1.0]},{"chart_data":[{"duration":10000,"score":1,"value":204.6075},{"duration":20000,"score":1,"value":196.8045},{"duration":30000,"score":1,"value":200.9203},{"duration":40000,"score":1,"value":202.2455},{"duration":50000,"score":1,"value":195.3263},{"duration":60000,"score":1,"value":192.8110},{"duration":70000,"score":1,"value":198.1432},{"duration":80000,"score":1,"value":200.8251},{"duration":90000,"score":1,"value":197.8839},{"duration":100000,"score":1,"value":193.9720},{"duration":110000,"score":1,"value":199.6472},{"duration":120000,"score":1,"value":199.2784},{"duration":130000,"score":1,"value":199.8018},{"duration":140000,"score":1,"value":199.9851},{"duration":150000,"score":1,"value":196.9614},{"duration":160000,"score":1,"value":199.7710},{"duration":170000,"score":1,"value":200.7437},{"duration":180000,"score":1,"value":202.6654},{"duration":190000,"score":1,"value":197.9752},{"duration":200000,"score":1,"value":198.7268},{"duration":210000,"score":1,"value":195.1707},{"duration":220000,"score":1,"value":194.8580},{"duration":230000,"score":1,"value":197.6455},{"duration":240000,"score":1,"value":200.5375},{"duration":250000,"score":1,"value":191.9469},{"duration":260000,"score":1,"value":189.2383},{"duration":270000,"score":1,"value":201.0039},{"duration":280000,"score":1,"value":194.6652},{"duration":290000,"score":1,"value":199.3011},{"duration":300000,"score":1,"value":199.6194},{"duration":310000,"score":1,"value":200.9457},{"duration":320000,"score":1,"value":197.8499},{"duration":330000,"score":1,"value":196.9713},{"duration":340000,"score":1,"value":201.7442},{"duration":350000,"score":1,"value":198.9331},{"duration":360000,"score":1,"value":198.4795},{"duration":370000,"score":1,"value":196.0978},{"duration":380000,"score":1,"value":189.4700},{"duration":390000,"score":1,"value":190.5277},{"duration":400000,"score":1,"value":197.3598},{"duration":410000,"score":1,"value":197.3730},{"duration":420000,"score":1,"value":197.3895},{"duration":430000,"score":1,"value":199.6368},{"duration":440000,"score":1,"value":201.1112},{"duration":450000,"score":1,"value":203.8123},{"duration":460000,"score":1,"value":199.6557},{"duration":470000,"score":1,"value":202.9684},{"duration":480000,"score":1,"value":202.6917},{"duration":490000,"score":1,"value":202.2848},{"duration":500000,"score":1,"value":200.1912},{"duration":510000,"score":1,"value":194.8492},{"duration":520000,"score":1,"value":199.6036},{"duration":530000,"score":1,"value":203.0077},{"duration":540000,"score":1,"value":200.1760},{"duration":550000,"score":1,"value":202.0952},{"duration":560000,"score":1,"value":205.0398},{"duration":570000,"score":1,"value":200.3391},{"duration":580000,"score":1,"value":198.6726},{"duration":590000,"score":1,"value":201.7818},{"duration":600000,"score":1,"value":202.2937},{"duration":610000,"score":1,"value":202.3672},{"duration":620000,"score":2,"value":205.0488},{"duration":630000,"score":2,"value":205.3206},{"duration":640000,"score":1,"value":198.1588},{"duration":650000,"score":2,"value":205.7115},{"duration":660000,"score":1,"value":205.1479},{"duration":670000,"score":1,"value":199.8033},{"duration":680000,"score":2,"value":205.9797},{"duration":690000,"score":2,"value":206.0305},{"duration":700000,"score":2,"value":206.5169},{"duration":710000,"score":1,"value":202.3530},{"duration":720000,"score":1,"value":203.2769},{"duration":730000,"score":1,"value":204.8871},{"duration":740000,"score":2,"value":206.1892},{"duration":750000,"score":1,"value":201.1651},{"duration":760000,"score":1,"value":200.7034},{"duration":770000,"score":1,"value":204.3228},{"duration":780000,"score":2,"value":206.5776},{"duration":790000,"score":1,"value":202.1547},{"duration":800000,"score":1,"value":204.6355},{"duration":810000,"score":1,"value":205.0950},{"duration":820000,"score":1,"value":202.5158},{"duration":830000,"score":1,"value":202.7427},{"duration":840000,"score":1,"value":201.3078},{"duration":850000,"score":1,"value":200.8560},{"duration":860000,"score":1,"value":200.6613},{"duration":870000,"score":1,"value":203.9017},{"duration":880000,"score":1,"value":204.6847},{"duration":890000,"score":1,"value":200.6524},{"duration":900000,"score":1,"value":200.8739},{"duration":910000,"score":1,"value":203.8769},{"duration":920000,"score":1,"value":200.4966},{"duration":930000,"score":1,"value":203.3125},{"duration":940000,"score":1,"value":201.8926},{"duration":950000,"score":1,"value":205.6861},{"duration":960000,"score":2,"value":206.9684},{"duration":970000,"score":2,"value":206.1240},{"duration":980000,"score":2,"value":208.2524},{"duration":990000,"score":2,"value":207.1367},{"duration":1000000,"score":2,"value":206.9017},{"duration":1010000,"score":2,"value":206.1323},{"duration":1020000,"score":2,"value":206.7547},{"duration":1030000,"score":2,"value":206.5770},{"duration":1040000,"score":1,"value":205.3812},{"duration":1050000,"score":2,"value":206.9115},{"duration":1060000,"score":2,"value":207.4311},{"duration":1070000,"score":2,"value":207.3010},{"duration":1080000,"score":2,"value":207.8598},{"duration":1090000,"score":1,"value":202.3355},{"duration":1100000,"score":2,"value":205.9272},{"duration":1110000,"score":2,"value":207.2716},{"duration":1120000,"score":2,"value":205.8099},{"duration":1130000,"score":2,"value":206.4201},{"duration":1140000,"score":2,"value":208.4788},{"duration":1150000,"score":2,"value":208.6879},{"duration":1160000,"score":2,"value":207.5385},{"duration":1170000,"score":2,"value":209.3080},{"duration":1180000,"score":1,"value":207.6708},{"duration":1190000,"score":2,"value":208.7716},{"duration":1200000,"score":1,"value":204.5941},{"duration":1210000,"score":2,"value":209.0447},{"duration":1220000,"score":2,"value":208.3093},{"duration":1230000,"score":1,"value":203.6742},{"duration":1240000,"score":1,"value":199.4183},{"duration":1250000,"score":3,"value":0.0},{"duration":1260000,"score":2,"value":207.2905},{"duration":1270000,"score":2,"value":206.9386},{"duration":1280000,"score":1,"value":202.5904},{"duration":1290000,"score":1,"value":202.9100},{"duration":1300000,"score":1,"value":201.6867},{"duration":1310000,"score":1,"value":202.7188},{"duration":1320000,"score":1,"value":199.4612},{"duration":1330000,"score":2,"value":205.3987},{"duration":1340000,"score":1,"value":205.0531},{"duration":1350000,"score":2,"value":204.8931},{"duration":1360000,"score":1,"value":203.2683},{"duration":1370000,"score":1,"value":195.7428},{"duration":1380000,"score":2,"value":204.4812},{"duration":1390000,"score":1,"value":204.5980},{"duration":1400000,"score":2,"value":205.1767},{"duration":1410000,"score":1,"value":203.8310},{"duration":1420000,"score":1,"value":203.2776},{"duration":1430000,"score":1,"value":204.3575},{"duration":1440000,"score":2,"value":204.7978},{"duration":1450000,"score":2,"value":205.8594},{"duration":1460000,"score":1,"value":202.8966},{"duration":1470000,"score":1,"value":201.3081},{"duration":1480000,"score":1,"value":201.1022},{"duration":1490000,"score":1,"value":199.2902},{"duration":1500000,"score":1,"value":197.9469},{"duration":1510000,"score":1,"value":204.2466},{"duration":1520000,"score":2,"value":206.3199},{"duration":1530000,"score":2,"value":206.4558},{"duration":1540000,"score":2,"value":206.1241},{"duration":1550000,"score":2,"value":207.9670},{"duration":1560000,"score":1,"value":205.3064},{"duration":1570000,"score":1,"value":205.7754},{"duration":1580000,"score":2,"value":205.6877},{"duration":1590000,"score":2,"value":207.1819},{"duration":1600000,"score":2,"value":208.2763},{"duration":1610000,"score":1,"value":206.7521},{"duration":1620000,"score":1,"value":205.1791},{"duration":1630000,"score":2,"value":208.4226},{"duration":1640000,"score":1,"value":200.9810},{"duration":1650000,"score":2,"value":204.9637},{"duration":1660000,"score":2,"value":206.9390},{"duration":1670000,"score":2,"value":205.9837},{"duration":1680000,"score":1,"value":202.8013},{"duration":1690000,"score":2,"value":205.4562},{"duration":1700000,"score":1,"value":203.6547},{"duration":1710000,"score":1,"value":204.6032},{"duration":1720000,"score":2,"value":206.6357},{"duration":1730000,"score":2,"value":209.5931},{"duration":1740000,"score":2,"value":206.2474},{"duration":1750000,"score":2,"value":205.2527},{"duration":1760000,"score":1,"value":194.7640},{"duration":1770000,"score":1,"value":195.5019},{"duration":1780000,"score":1,"value":195.3468},{"duration":1790000,"score":1,"value":200.5638},{"duration":1800000,"score":1,"value":197.8797},{"duration":1810000,"score":1,"value":202.9925},{"duration":1820000,"score":2,"value":206.1768},{"duration":1830000,"score":2,"value":207.8309},{"duration":1840000,"score":2,"value":205.7771},{"duration":1850000,"score":1,"value":203.4205},{"duration":1860000,"score":1,"value":203.0575},{"duration":1870000,"score":1,"value":201.0544},{"duration":1880000,"score":1,"value":204.0563},{"duration":1890000,"score":1,"value":202.2511},{"duration":1900000,"score":2,"value":206.1756},{"duration":1910000,"score":2,"value":206.8871},{"duration":1920000,"score":1,"value":200.7707},{"duration":1930000,"score":1,"value":203.9637},{"duration":1940000,"score":1,"value":201.5215},{"duration":1950000,"score":1,"value":201.8710},{"duration":1960000,"score":1,"value":201.8105},{"duration":1970000,"score":2,"value":206.1282}],"data_type":"effective_flight_time","overall_score":1,"score_ratio":[1.0,62.0,37.0]}],"sampling_rate":10000,"service_name":"Myotest","version":2}]}