{"data":[{"advanced_metrics":[{"chart_data":[{"duration":10000,"score":0,"value":0.8887},{"duration":20000,"score":0,"value":0.8941},{"duration":30000,"score":2,"value":0.9572},{"duration":40000,"score":0,"value":0.8527},{"duration":50000,"score":0,"value":0.8429},{"duration":60000,"score":0,"value":0.8595},{"duration":70000,"score":0,"value":0.8773},{"duration":80000,"score":0,"value":0.8716},{"duration":90000,"score":1,"value":0.9480},{"duration":100000,"score":2,"value":0.9688},{"duration":110000,"score":2,"value":0.9654},{"duration":120000,"score":2,"value":0.9532},{"duration":130000,"score":1,"value":0.9374},{"duration":140000,"score":2,"value":0.9543},{"duration":150000,"score":2,"value":0.9635},{"duration":160000,"score":2,"value":0.9670},{"duration":170000,"score":2,"value":0.9790},{"duration":180000,"score":2,"value":0.9788},{"duration":190000,"score":0,"value":0.8234},{"duration":200000,"score":0,"value":0.7845},{"duration":210000,"score":0,"value":0.8336},{"duration":220000,"score":1,"value":0.9317},{"duration":230000,"score":2,"value":0.9530},{"duration":240000,"score":2,"value":0.9734},{"duration":250000,"score":2,"value":0.9779},{"duration":260000,"score":2,"value":0.9723},{"duration":270000,"score":2,"value":0.9750},{"duration":280000,"score":2,"value":0.9748},{"duration":290000,"score":2,"value":0.9791},{"duration":300000,"score":2,"value":0.9831},{"duration":310000,"score":2,"value":0.9883},{"duration":320000,"score":2,"value":0.9827},{"duration":330000,"score":2,"value":0.9539},{"duration":340000,"score":1,"value":0.9196},{"duration":350000,"score":2,"value":0.9560},{"duration":360000,"score":2,"value":0.9749},{"duration":370000,"score":2,"value":0.9687},{"duration":380000,"score":2,"value":0.9667},{"duration":390000,"score":1,"value":0.9305},{"duration":400000,"score":0,"value":0.8666},{"duration":410000,"score":0,"value":0.6912},{"duration":420000,"score":0,"value":0.6734},{"duration":430000,"score":0,"value":0.7664},{"duration":440000,"score":0,"value":0.7697},{"duration":450000,"score":0,"value":0.7910},{"duration":460000,"score":1,"value":0.9029},{"duration":470000,"score":1,"value":0.9185},{"duration":480000,"score":1,"value":0.9008},{"duration":490000,"score":1,"value":0.9477},{"duration":500000,"score":2,"value":0.9756},{"duration":510000,"score":1,"value":0.9388},{"duration":520000,"score":0,"value":0.8863},{"duration":530000,"score":1,"value":0.9274},{"duration":540000,"score":2,"value":0.9667},{"duration":550000,"score":2,"value":0.9842},{"duration":560000,"score":2,"value":0.9887},{"duration":570000,"score":1,"value":0.9271},{"duration":580000,"score":1,"value":0.9178},{"duration":590000,"score":1,"value":0.9496},{"duration":600000,"score":2,"value":0.9547},{"duration":610000,"score":2,"value":0.9598},{"duration":620000,"score":2,"value":0.9865},{"duration":630000,"score":2,"value":0.9975},{"duration":640000,"score":2,"value":0.9938},{"duration":650000,"score":2,"value":0.9652},{"duration":660000,"score":1,"value":0.9413},{"duration":670000,"score":2,"value":0.9592},{"duration":680000,"score":2,"value":0.9819},{"duration":690000,"score":2,"value":0.9948},{"duration":700000,"score":2,"value":0.9839},{"duration":710000,"score":2,"value":0.9741},{"duration":720000,"score":2,"value":0.9517},{"duration":730000,"score":1,"value":0.9002},{"duration":740000,"score":1,"value":0.9404},{"duration":750000,"score":2,"value":0.9608},{"duration":760000,"score":2,"value":0.9587},{"duration":770000,"score":2,"value":0.9637},{"duration":780000,"score":2,"value":0.9681},{"duration":790000,"score":2,"value":0.9692},{"duration":800000,"score":2,"value":0.9693},{"duration":810000,"score":2,"value":0.9778},{"duration":820000,"score":2,"value":0.9773},{"duration":830000,"score":2,"value":0.9838},{"duration":840000,"score":2,"value":0.9761},{"duration":850000,"score":2,"value":0.9699},{"duration":860000,"score":2,"value":0.9536},{"duration":870000,"score":2,"value":0.9658},{"duration":880000,"score":2,"value":0.9663},{"duration":883740,"score":3,"value":0.0},{"duration":892460,"score":1,"value":0.9147},{"duration":902460,"score":2,"value":0.9672},{"duration":912460,"score":2,"value":0.9923},{"duration":922460,"score":2,"value":0.9861},{"duration":932460,"score":2,"value":0.9829},{"duration":942460,"score":2,"value":0.9797},{"duration":952460,"score":2,"value":0.9729},{"duration":962460,"score":2,"value":0.9653},{"duration":972460,"score":2,"value":0.9670},{"duration":982460,"score":2,"value":0.9755},{"duration":992460,"score":2,"value":0.9867},{"duration":1002460,"score":2,"value":0.9845},{"duration":1012460,"score":2,"value":0.9544},{"duration":1022460,"score":0,"value":0.8200},{"duration":1032460,"score":0,"value":0.7588},{"duration":1042460,"score":0,"value":0.8367},{"duration":1052460,"score":1,"value":0.9440},{"duration":1062460,"score":2,"value":0.9554},{"duration":1072460,"score":2,"value":0.9561},{"duration":1082460,"score":2,"value":0.9585},{"duration":1092460,"score":2,"value":0.9664},{"duration":1102460,"score":2,"value":0.9654},{"duration":1112460,"score":2,"value":0.9588},{"duration":1122460,"score":2,"value":0.9595},{"duration":1132460,"score":1,"value":0.9401},{"duration":1142460,"score":1,"value":0.9345},{"duration":1152460,"score":2,"value":0.9529},{"duration":1162460,"score":2,"value":0.9643},{"duration":1172460,"score":2,"value":0.9736},{"duration":1182460,"score":2,"value":0.9767},{"duration":1192460,"score":2,"value":0.9720},{"duration":1202460,"score":2,"value":0.9780},{"duration":1212460,"score":2,"value":0.9798},{"duration":1222460,"score":2,"value":0.9790},{"duration":1232460,"score":2,"value":0.9638},{"duration":1242460,"score":2,"value":0.9537},{"duration":1252460,"score":1,"value":0.9498},{"duration":1262460,"score":2,"value":0.9692},{"duration":1272460,"score":2,"value":0.9714},{"duration":1282460,"score":2,"value":0.9745},{"duration":1292460,"score":2,"value":0.9829},{"duration":1302460,"score":2,"value":0.9718},{"duration":1312460,"score":2,"value":0.9651},{"duration":1322460,"score":2,"value":0.9742},{"duration":1332460,"score":2,"value":0.9749},{"duration":1342460,"score":2,"value":0.9711},{"duration":1352460,"score":2,"value":0.9652},{"duration":1362460,"score":2,"value":0.9717},{"duration":1372460,"score":2,"value":0.9709},{"duration":1382460,"score":2,"value":0.9701},{"duration":1392460,"score":2,"value":0.9913},{"duration":1402460,"score":2,"value":0.9744},{"duration":1412460,"score":1,"value":0.9413},{"duration":1422460,"score":2,"value":0.9578},{"duration":1432460,"score":0,"value":0.8893},{"duration":1442460,"score":0,"value":0.8380},{"duration":1452460,"score":0,"value":0.8524},{"duration":1462460,"score":0,"value":0.8906},{"duration":1472460,"score":0,"value":0.8658},{"duration":1482460,"score":2,"value":0.9512},{"duration":1492460,"score":0,"value":0.8439},{"duration":1502460,"score":0,"value":0.7459},{"duration":1512460,"score":0,"value":0.8047},{"duration":1522460,"score":1,"value":0.9244},{"duration":1532460,"score":1,"value":0.9031},{"duration":1542460,"score":1,"value":0.9367},{"duration":1552460,"score":1,"value":0.9359},{"duration":1562460,"score":2,"value":0.9578},{"duration":1572460,"score":2,"value":0.9729},{"duration":1582460,"score":1,"value":0.9420},{"duration":1592460,"score":1,"value":0.9284},{"duration":1602460,"score":2,"value":0.9520},{"duration":1612460,"score":2,"value":0.9564},{"duration":1622460,"score":2,"value":0.9550},{"duration":1632460,"score":2,"value":0.9576},{"duration":1642460,"score":1,"value":0.9430},{"duration":1652460,"score":1,"value":0.9274},{"duration":1662460,"score":1,"value":0.9437},{"duration":1672460,"score":1,"value":0.9470},{"duration":1682460,"score":2,"value":0.9583},{"duration":1692460,"score":2,"value":0.9714},{"duration":1702460,"score":2,"value":0.9827},{"duration":1712460,"score":2,"value":0.9861},{"duration":1722460,"score":1,"value":0.9198},{"duration":1732460,"score":0,"value":0.8873},{"duration":1742460,"score":1,"value":0.9439},{"duration":1752460,"score":2,"value":0.9583},{"duration":1762460,"score":1,"value":0.9373},{"duration":1772460,"score":2,"value":0.9769},{"duration":1782460,"score":2,"value":0.9815},{"duration":1792460,"score":2,"value":0.9818},{"duration":1802460,"score":2,"value":0.9670},{"duration":1812460,"score":2,"value":0.9658},{"duration":1822460,"score":1,"value":0.9043},{"duration":1832460,"score":0,"value":0.8427},{"duration":1842460,"score":1,"value":0.9082},{"duration":1852460,"score":2,"value":0.9669},{"duration":1862460,"score":2,"value":0.9795},{"duration":1872460,"score":2,"value":0.9625},{"duration":1882460,"score":2,"value":0.9614},{"duration":1892460,"score":1,"value":0.9468},{"duration":1902460,"score":1,"value":0.9386},{"duration":1912460,"score":0,"value":0.6547},{"duration":1922460,"score":0,"value":0.6106},{"duration":1932460,"score":0,"value":0.8690},{"duration":1942460,"score":1,"value":0.9431},{"duration":1952460,"score":0,"value":0.8736},{"duration":1962460,"score":0,"value":0.8247},{"duration":1972460,"score":0,"value":0.8993},{"duration":1982460,"score":1,"value":0.9450},{"duration":1992460,"score":2,"value":0.9501},{"duration":2002460,"score":2,"value":0.9743},{"duration":2012460,"score":2,"value":0.9833},{"duration":2022460,"score":2,"value":0.9826},{"duration":2032460,"score":0,"value":0.7592},{"duration":2042460,"score":0,"value":0.7050}],"data_type":"regularity","overall_score":2,"score_ratio":[19.0,14.0,67.0]},{"chart_data":[{"duration":10000,"score":2,"value":-0.0029},{"duration":20000,"score":2,"value":-0.0029},{"duration":30000,"score":2,"value":-0.0044},{"duration":40000,"score":2,"value":-0.0074},{"duration":50000,"score":2,"value":-0.0079},{"duration":60000,"score":2,"value":-0.0090},{"duration":70000,"score":2,"value":-0.0166},{"duration":80000,"score":2,"value":-0.0134},{"duration":90000,"score":2,"value":0.0037},{"duration":100000,"score":2,"value":-0.0097},{"duration":110000,"score":2,"value":-0.0070},{"duration":120000,"score":2,"value":-0.0121},{"duration":130000,"score":2,"value":-0.0173},{"duration":140000,"score":2,"value":-0.0176},{"duration":150000,"score":2,"value":-0.0214},{"duration":160000,"score":2,"value":-0.0163},{"duration":170000,"score":2,"value":-0.0122},{"duration":180000,"score":2,"value":-0.0059},{"duration":190000,"score":2,"value":-0.0169},{"duration":200000,"score":2,"value":-0.0093},{"duration":210000,"score":2,"value":-0.0183},{"duration":220000,"score":2,"value":-0.0162},{"duration":230000,"score":2,"value":-0.0108},{"duration":240000,"score":2,"value":0.0011},{"duration":250000,"score":1,"value":-0.0293},{"duration":260000,"score":2,"value":-0.0189},{"duration":270000,"score":1,"value":-0.0234},{"duration":280000,"score":1,"value":-0.0271},{"duration":290000,"score":2,"value":-0.0229},{"duration":300000,"score":2,"value":-0.0161},{"duration":310000,"score":1,"value":-0.0246},{"duration":320000,"score":2,"value":-0.0172},{"duration":330000,"score":2,"value":0.0062},{"duration":340000,"score":2,"value":-0.0121},{"duration":350000,"score":2,"value":-0.0173},{"duration":360000,"score":2,"value":-0.0114},{"duration":370000,"score":2,"value":-0.0167},{"duration":380000,"score":2,"value":-0.0128},{"duration":390000,"score":1,"value":-0.0259},{"duration":400000,"score":2,"value":-0.0054},{"duration":410000,"score":2,"value":-0.0179},{"duration":420000,"score":2,"value":-0.0163},{"duration":430000,"score":2,"value":-0.0170},{"duration":440000,"score":2,"value":-0.0196},{"duration":450000,"score":2,"value":-0.0220},{"duration":460000,"score":1,"value":-0.0287},{"duration":470000,"score":1,"value":-0.0245},{"duration":480000,"score":1,"value":-0.0251},{"duration":490000,"score":1,"value":-0.0228},{"duration":500000,"score":2,"value":-0.0050},{"duration":510000,"score":2,"value":-0.0154},{"duration":520000,"score":2,"value":-0.0125},{"duration":530000,"score":2,"value":-0.0037},{"duration":540000,"score":2,"value":-0.0121},{"duration":550000,"score":2,"value":-0.0123},{"duration":560000,"score":2,"value":-0.0150},{"duration":570000,"score":2,"value":-0.0107},{"duration":580000,"score":2,"value":-0.0206},{"duration":590000,"score":2,"value":-0.0198},{"duration":600000,"score":2,"value":-0.0132},{"duration":610000,"score":2,"value":-0.0193},{"duration":620000,"score":2,"value":-0.0082},{"duration":630000,"score":2,"value":-0.0060},{"duration":640000,"score":2,"value":-0.0076},{"duration":650000,"score":1,"value":-0.0364},{"duration":660000,"score":1,"value":-0.0238},{"duration":670000,"score":2,"value":-0.0159},{"duration":680000,"score":2,"value":-0.0190},{"duration":690000,"score":2,"value":-0.0221},{"duration":700000,"score":2,"value":-0.0204},{"duration":710000,"score":2,"value":-0.0161},{"duration":720000,"score":2,"value":-0.0086},{"duration":730000,"score":2,"value":-0.0110},{"duration":740000,"score":2,"value":-0.0227},{"duration":750000,"score":2,"value":-0.0188},{"duration":760000,"score":1,"value":-0.0245},{"duration":770000,"score":2,"value":-0.0211},{"duration":780000,"score":2,"value":0.0001},{"duration":790000,"score":2,"value":-0.0193},{"duration":800000,"score":2,"value":-0.0174},{"duration":810000,"score":2,"value":-0.0128},{"duration":820000,"score":1,"value":-0.0357},{"duration":830000,"score":2,"value":-0.0185},{"duration":840000,"score":2,"value":-0.0160},{"duration":850000,"score":2,"value":-0.0108},{"duration":860000,"score":2,"value":-0.0177},{"duration":870000,"score":2,"value":-0.0007},{"duration":880000,"score":2,"value":-0.0061},{"duration":883740,"score":3,"value":0.0},{"duration":892460,"score":2,"value":0.0039},{"duration":902460,"score":2,"value":-0.0137},{"duration":912460,"score":2,"value":-0.0033},{"duration":922460,"score":2,"value":-0.0037},{"duration":932460,"score":2,"value":-0.0053},{"duration":942460,"score":2,"value":-0.0005},{"duration":952460,"score":2,"value":0.0001},{"duration":962460,"score":2,"value":-0.0056},{"duration":972460,"score":2,"value":-0.0107},{"duration":982460,"score":2,"value":-0.0075},{"duration":992460,"score":2,"value":-0.0175},{"duration":1002460,"score":2,"value":-0.0095},{"duration":1012460,"score":2,"value":-0.0109},{"duration":1022460,"score":2,"value":-0.0125},{"duration":1032460,"score":2,"value":-0.0093},{"duration":1042460,"score":2,"value":-0.0137},{"duration":1052460,"score":2,"value":-0.0173},{"duration":1062460,"score":2,"value":-0.0029},{"duration":1072460,"score":2,"value":-0.0053},{"duration":1082460,"score":2,"value":-0.0066},{"duration":1092460,"score":2,"value":-0.0079},{"duration":1102460,"score":2,"value":-0.0081},{"duration":1112460,"score":2,"value":-0.0094},{"duration":1122460,"score":2,"value":-0.0152},{"duration":1132460,"score":2,"value":-0.0147},{"duration":1142460,"score":2,"value":-0.0031},{"duration":1152460,"score":2,"value":-0.0058},{"duration":1162460,"score":2,"value":-0.0073},{"duration":1172460,"score":2,"value":-0.0109},{"duration":1182460,"score":2,"value":-0.0072},{"duration":1192460,"score":2,"value":-0.0178},{"duration":1202460,"score":2,"value":-0.0131},{"duration":1212460,"score":2,"value":-0.0083},{"duration":1222460,"score":2,"value":-0.0040},{"duration":1232460,"score":2,"value":-0.0048},{"duration":1242460,"score":2,"value":-0.0057},{"duration":1252460,"score":2,"value":-0.0146},{"duration":1262460,"score":2,"value":-0.0184},{"duration":1272460,"score":2,"value":-0.0162},{"duration":1282460,"score":2,"value":-0.0141},{"duration":1292460,"score":2,"value":-0.0154},{"duration":1302460,"score":2,"value":-0.0093},{"duration":1312460,"score":2,"value":-0.0195},{"duration":1322460,"score":2,"value":-0.0088},{"duration":1332460,"score":2,"value":-0.0079},{"duration":1342460,"score":2,"value":-0.0117},{"duration":1352460,"score":2,"value":-0.0114},{"duration":1362460,"score":2,"value":-0.0114},{"duration":1372460,"score":2,"value":-0.0079},{"duration":1382460,"score":2,"value":-0.0185},{"duration":1392460,"score":2,"value":-0.0103},{"duration":1402460,"score":2,"value":-0.0078},{"duration":1412460,"score":2,"value":-0.0140},{"duration":1422460,"score":2,"value":-0.0122},{"duration":1432460,"score":2,"value":-0.0062},{"duration":1442460,"score":2,"value":-0.0163},{"duration":1452460,"score":2,"value":-0.0153},{"duration":1462460,"score":2,"value":-0.0044},{"duration":1472460,"score":2,"value":-0.0037},{"duration":1482460,"score":2,"value":-0.0107},{"duration":1492460,"score":2,"value":-0.0175},{"duration":1502460,"score":2,"value":-0.0057},{"duration":1512460,"score":2,"value":-0.0047},{"duration":1522460,"score":2,"value":-0.0100},{"duration":1532460,"score":2,"value":-0.0087},{"duration":1542460,"score":2,"value":-0.0089},{"duration":1552460,"score":2,"value":-0.0061},{"duration":1562460,"score":2,"value":-0.0048},{"duration":1572460,"score":2,"value":-0.0070},{"duration":1582460,"score":2,"value":-0.0062},{"duration":1592460,"score":2,"value":0.0006},{"duration":1602460,"score":2,"value":-0.0031},{"duration":1612460,"score":2,"value":-0.0091},{"duration":1622460,"score":2,"value":-0.0048},{"duration":1632460,"score":2,"value":-0.0073},{"duration":1642460,"score":2,"value":-0.0179},{"duration":1652460,"score":2,"value":-0.0064},{"duration":1662460,"score":2,"value":-0.0023},{"duration":1672460,"score":2,"value":-0.0023},{"duration":1682460,"score":2,"value":-0.0037},{"duration":1692460,"score":2,"value":0.0023},{"duration":1702460,"score":2,"value":-0.0038},{"duration":1712460,"score":1,"value":-0.0343},{"duration":1722460,"score":2,"value":-0.0054},{"duration":1732460,"score":2,"value":-0.0062},{"duration":1742460,"score":2,"value":-0.0077},{"duration":1752460,"score":2,"value":-0.0149},{"duration":1762460,"score":2,"value":-0.0104},{"duration":1772460,"score":2,"value":-0.0107},{"duration":1782460,"score":2,"value":-0.0044},{"duration":1792460,"score":2,"value":-0.0049},{"duration":1802460,"score":2,"value":0.0002},{"duration":1812460,"score":2,"value":-0.0013},{"duration":1822460,"score":2,"value":0.0011},{"duration":1832460,"score":2,"value":0.0041},{"duration":1842460,"score":2,"value":-0.0061},{"duration":1852460,"score":2,"value":0.0002},{"duration":1862460,"score":2,"value":-0.0039},{"duration":1872460,"score":2,"value":-0.0054},{"duration":1882460,"score":2,"value":-0.0060},{"duration":1892460,"score":2,"value":-0.0100},{"duration":1902460,"score":2,"value":-0.0110},{"duration":1912460,"score":2,"value":-0.0080},{"duration":1922460,"score":2,"value":-0.0069},{"duration":1932460,"score":2,"value":-0.0135},{"duration":1942460,"score":2,"value":-0.0096},{"duration":1952460,"score":2,"value":-0.0065},{"duration":1962460,"score":2,"value":-0.0093},{"duration":1972460,"score":2,"value":-0.0129},{"duration":1982460,"score":2,"value":-0.0093},{"duration":1992460,"score":2,"value":-0.0084},{"duration":2002460,"score":2,"value":-0.0156},{"duration":2012460,"score":2,"value":-0.0128},{"duration":2022460,"score":2,"value":-0.0164},{"duration":2032460,"score":2,"value":-0.0059},{"duration":2042460,"score":2,"value":-0.0108}],"data_type":"asymmetry","overall_score":2,"score_ratio":[1.0,16.0,83.0]},{"chart_data":[{"duration":10000,"score":0,"value":38186.4531},{"duration":20000,"score":0,"value":36506.7851},{"duration":30000,"score":0,"value":38535.4726},{"duration":40000,"score":0,"value":42462.8476},{"duration":50000,"score":0,"value":38129.7382},{"duration":60000,"score":0,"value":37956.1679},{"duration":70000,"score":0,"value":35533.6484},{"duration":80000,"score":0,"value":36764.4648},{"duration":90000,"score":0,"value":34725.0625},{"duration":100000,"score":0,"value":35144.5859},{"duration":110000,"score":0,"value":35658.6210},{"duration":120000,"score":0,"value":37162.2578},{"duration":130000,"score":0,"value":37712.9609},{"duration":140000,"score":0,"value":38610.8085},{"duration":150000,"score":0,"value":37717.2070},{"duration":160000,"score":0,"value":36923.5585},{"duration":170000,"score":0,"value":36643.4687},{"duration":180000,"score":0,"value":35538.4257},{"duration":190000,"score":0,"value":39914.4531},{"duration":200000,"score":0,"value":37042.0585},{"duration":210000,"score":0,"value":38809.0312},{"duration":220000,"score":0,"value":35951.5156},{"duration":230000,"score":0,"value":37014.9570},{"duration":240000,"score":0,"value":34475.9531},{"duration":250000,"score":0,"value":37013.4570},{"duration":260000,"score":0,"value":38026.9804},{"duration":270000,"score":0,"value":38116.5937},{"duration":280000,"score":0,"value":37895.0156},{"duration":290000,"score":0,"value":37375.2109},{"duration":300000,"score":0,"value":37346.9179},{"duration":310000,"score":0,"value":38453.7304},{"duration":320000,"score":0,"value":36436.0117},{"duration":330000,"score":0,"value":37492.6718},{"duration":340000,"score":0,"value":38818.5},{"duration":350000,"score":0,"value":37340.8281},{"duration":360000,"score":0,"value":39211.7968},{"duration":370000,"score":0,"value":38851.8945},{"duration":380000,"score":0,"value":36935.4140},{"duration":390000,"score":0,"value":38990.3554},{"duration":400000,"score":0,"value":37077.4609},{"duration":410000,"score":0,"value":42590.8359},{"duration":420000,"score":0,"value":38770.5664},{"duration":430000,"score":0,"value":37116.4843},{"duration":440000,"score":0,"value":39979.6914},{"duration":450000,"score":0,"value":37702.7890},{"duration":460000,"score":0,"value":38155.9843},{"duration":470000,"score":0,"value":39399.5234},{"duration":480000,"score":0,"value":37487.9414},{"duration":490000,"score":0,"value":37664.8789},{"duration":500000,"score":0,"value":37360.1523},{"duration":510000,"score":0,"value":39147.7773},{"duration":520000,"score":0,"value":37563.4570},{"duration":530000,"score":0,"value":38021.7773},{"duration":540000,"score":0,"value":37902.8632},{"duration":550000,"score":0,"value":36514.9531},{"duration":560000,"score":0,"value":37066.2851},{"duration":570000,"score":0,"value":36470.0937},{"duration":580000,"score":0,"value":36980.8398},{"duration":590000,"score":0,"value":35991.2421},{"duration":600000,"score":0,"value":37492.6132},{"duration":610000,"score":0,"value":36885.4882},{"duration":620000,"score":0,"value":36961.4804},{"duration":630000,"score":0,"value":37049.4140},{"duration":640000,"score":0,"value":36756.3125},{"duration":650000,"score":0,"value":37582.7773},{"duration":660000,"score":0,"value":37386.5820},{"duration":670000,"score":0,"value":37391.625},{"duration":680000,"score":0,"value":37347.0039},{"duration":690000,"score":0,"value":37573.8007},{"duration":700000,"score":0,"value":38036.8593},{"duration":710000,"score":0,"value":37581.3007},{"duration":720000,"score":0,"value":38686.4101},{"duration":730000,"score":0,"value":38543.3476},{"duration":740000,"score":0,"value":38069.8320},{"duration":750000,"score":0,"value":37859.6523},{"duration":760000,"score":0,"value":39505.1328},{"duration":770000,"score":0,"value":38789.7617},{"duration":780000,"score":0,"value":37682.2968},{"duration":790000,"score":0,"value":37464.9531},{"duration":800000,"score":0,"value":36981.3906},{"duration":810000,"score":0,"value":37280.3164},{"duration":820000,"score":0,"value":36337.5703},{"duration":830000,"score":0,"value":36744.7070},{"duration":840000,"score":0,"value":36195.8242},{"duration":850000,"score":0,"value":35500.7148},{"duration":860000,"score":0,"value":36283.3984},{"duration":870000,"score":0,"value":38714.3320},{"duration":880000,"score":0,"value":36758.5703},{"duration":883740,"score":3,"value":0.0},{"duration":892460,"score":1,"value":42386.2851},{"duration":902460,"score":0,"value":39517.1328},{"duration":912460,"score":0,"value":36834.5312},{"duration":922460,"score":0,"value":37243.6523},{"duration":932460,"score":0,"value":35471.7812},{"duration":942460,"score":0,"value":36381.9804},{"duration":952460,"score":0,"value":37843.2617},{"duration":962460,"score":0,"value":36154.4843},{"duration":972460,"score":0,"value":36793.8476},{"duration":982460,"score":0,"value":35046.0546},{"duration":992460,"score":0,"value":35370.9218},{"duration":1002460,"score":0,"value":37348.0117},{"duration":1012460,"score":0,"value":38215.9882},{"duration":1022460,"score":0,"value":38595.6171},{"duration":1032460,"score":0,"value":37897.5429},{"duration":1042460,"score":0,"value":36179.8398},{"duration":1052460,"score":0,"value":37519.6054},{"duration":1062460,"score":0,"value":37565.7578},{"duration":1072460,"score":0,"value":36676.9726},{"duration":1082460,"score":0,"value":38532.5703},{"duration":1092460,"score":0,"value":38342.7109},{"duration":1102460,"score":0,"value":38050.7929},{"duration":1112460,"score":0,"value":40494.9140},{"duration":1122460,"score":0,"value":40508.5234},{"duration":1132460,"score":0,"value":38967.0273},{"duration":1142460,"score":0,"value":36996.8867},{"duration":1152460,"score":0,"value":37170.1445},{"duration":1162460,"score":0,"value":38054.0742},{"duration":1172460,"score":0,"value":38189.4609},{"duration":1182460,"score":0,"value":37965.8632},{"duration":1192460,"score":0,"value":38696.3398},{"duration":1202460,"score":0,"value":39134.0664},{"duration":1212460,"score":0,"value":39224.1953},{"duration":1222460,"score":0,"value":41192.8281},{"duration":1232460,"score":0,"value":39893.3515},{"duration":1242460,"score":0,"value":38911.375},{"duration":1252460,"score":0,"value":37289.9179},{"duration":1262460,"score":0,"value":37414.75},{"duration":1272460,"score":0,"value":37310.8359},{"duration":1282460,"score":0,"value":38194.3320},{"duration":1292460,"score":0,"value":38151.0390},{"duration":1302460,"score":0,"value":38083.2187},{"duration":1312460,"score":0,"value":39165.0312},{"duration":1322460,"score":0,"value":39145.4648},{"duration":1332460,"score":0,"value":38334.9726},{"duration":1342460,"score":0,"value":38521.9687},{"duration":1352460,"score":0,"value":37979.6445},{"duration":1362460,"score":0,"value":37422.1718},{"duration":1372460,"score":0,"value":39703.7968},{"duration":1382460,"score":0,"value":39856.2460},{"duration":1392460,"score":0,"value":40917.5273},{"duration":1402460,"score":0,"value":38970.4492},{"duration":1412460,"score":0,"value":38491.7695},{"duration":1422460,"score":0,"value":38404.6679},{"duration":1432460,"score":0,"value":41748.8515},{"duration":1442460,"score":0,"value":41411.7890},{"duration":1452460,"score":0,"value":38245.2773},{"duration":1462460,"score":0,"value":39193.9882},{"duration":1472460,"score":0,"value":40691.7421},{"duration":1482460,"score":0,"value":40596.8984},{"duration":1492460,"score":1,"value":43883.0429},{"duration":1502460,"score":0,"value":41802.4843},{"duration":1512460,"score":0,"value":43001.3984},{"duration":1522460,"score":0,"value":40207.7265},{"duration":1532460,"score":0,"value":38614.75},{"duration":1542460,"score":0,"value":39913.3320},{"duration":1552460,"score":0,"value":41012.5468},{"duration":1562460,"score":0,"value":39973.9062},{"duration":1572460,"score":0,"value":40655.7890},{"duration":1582460,"score":0,"value":39465.1445},{"duration":1592460,"score":0,"value":40586.5},{"duration":1602460,"score":0,"value":42428.6015},{"duration":1612460,"score":0,"value":40840.125},{"duration":1622460,"score":0,"value":40582.8789},{"duration":1632460,"score":0,"value":41374.1171},{"duration":1642460,"score":0,"value":37719.2539},{"duration":1652460,"score":0,"value":40760.9492},{"duration":1662460,"score":0,"value":40547.8789},{"duration":1672460,"score":0,"value":39987.4062},{"duration":1682460,"score":0,"value":40074.5742},{"duration":1692460,"score":0,"value":39232.7187},{"duration":1702460,"score":0,"value":38512.3437},{"duration":1712460,"score":0,"value":38153.3203},{"duration":1722460,"score":0,"value":40590.3007},{"duration":1732460,"score":0,"value":42021.0820},{"duration":1742460,"score":0,"value":41894.1171},{"duration":1752460,"score":0,"value":40275.0234},{"duration":1762460,"score":0,"value":40579.8007},{"duration":1772460,"score":0,"value":38975.6210},{"duration":1782460,"score":0,"value":37518.8046},{"duration":1792460,"score":0,"value":39675.1679},{"duration":1802460,"score":0,"value":39205.8320},{"duration":1812460,"score":0,"value":39890.6601},{"duration":1822460,"score":1,"value":40885.8007},{"duration":1832460,"score":0,"value":39669.9296},{"duration":1842460,"score":0,"value":39130.9179},{"duration":1852460,"score":0,"value":39286.1835},{"duration":1862460,"score":0,"value":38237.4414},{"duration":1872460,"score":0,"value":39851.2578},{"duration":1882460,"score":0,"value":42355.8281},{"duration":1892460,"score":0,"value":42476.3398},{"duration":1902460,"score":1,"value":46873.7031},{"duration":1912460,"score":1,"value":46000.2343},{"duration":1922460,"score":1,"value":45369.0703},{"duration":1932460,"score":0,"value":43471.1367},{"duration":1942460,"score":1,"value":46824.5351},{"duration":1952460,"score":1,"value":45054.5625},{"duration":1962460,"score":0,"value":41592.7773},{"duration":1972460,"score":0,"value":41842.9179},{"duration":1982460,"score":1,"value":46181.7812},{"duration":1992460,"score":1,"value":43775.5820},{"duration":2002460,"score":0,"value":43092.1953},{"duration":2012460,"score":0,"value":42117.9531},{"duration":2022460,"score":0,"value":42378.4960},{"duration":2032460,"score":1,"value":46375.6835},{"duration":2042460,"score":0,"value":42353.1914}],"data_type":"stiffness","overall_score":0,"score_ratio":[87.0,9.0,4.0]},{"chart_data":[{"duration":10000,"score":1,"value":0.0933},{"duration":20000,"score":0,"value":0.0951},{"duration":30000,"score":0,"value":0.0946},{"duration":40000,"score":1,"value":0.0873},{"duration":50000,"score":0,"value":0.0936},{"duration":60000,"score":0,"value":0.0967},{"duration":70000,"score":0,"value":0.0989},{"duration":80000,"score":0,"value":0.0999},{"duration":90000,"score":0,"value":0.0978},{"duration":100000,"score":0,"value":0.0980},{"duration":110000,"score":0,"value":0.0961},{"duration":120000,"score":0,"value":0.0989},{"duration":130000,"score":0,"value":0.0957},{"duration":140000,"score":0,"value":0.0977},{"duration":150000,"score":0,"value":0.0951},{"duration":160000,"score":0,"value":0.0958},{"duration":170000,"score":1,"value":0.0936},{"duration":180000,"score":0,"value":0.0954},{"duration":190000,"score":1,"value":0.0896},{"duration":200000,"score":0,"value":0.0961},{"duration":210000,"score":0,"value":0.0989},{"duration":220000,"score":0,"value":0.0969},{"duration":230000,"score":0,"value":0.0970},{"duration":240000,"score":0,"value":0.1020},{"duration":250000,"score":0,"value":0.0976},{"duration":260000,"score":0,"value":0.0977},{"duration":270000,"score":0,"value":0.0985},{"duration":280000,"score":0,"value":0.0963},{"duration":290000,"score":0,"value":0.0963},{"duration":300000,"score":0,"value":0.0963},{"duration":310000,"score":0,"value":0.0958},{"duration":320000,"score":0,"value":0.0981},{"duration":330000,"score":0,"value":0.0952},{"duration":340000,"score":0,"value":0.0973},{"duration":350000,"score":0,"value":0.0994},{"duration":360000,"score":0,"value":0.0971},{"duration":370000,"score":0,"value":0.0974},{"duration":380000,"score":0,"value":0.1004},{"duration":390000,"score":0,"value":0.0956},{"duration":400000,"score":0,"value":0.0996},{"duration":410000,"score":0,"value":0.0931},{"duration":420000,"score":0,"value":0.0962},{"duration":430000,"score":0,"value":0.0989},{"duration":440000,"score":0,"value":0.0946},{"duration":450000,"score":0,"value":0.0965},{"duration":460000,"score":0,"value":0.0995},{"duration":470000,"score":0,"value":0.0958},{"duration":480000,"score":0,"value":0.0970},{"duration":490000,"score":0,"value":0.0984},{"duration":500000,"score":0,"value":0.1002},{"duration":510000,"score":0,"value":0.0958},{"duration":520000,"score":0,"value":0.0968},{"duration":530000,"score":1,"value":0.0946},{"duration":540000,"score":0,"value":0.0956},{"duration":550000,"score":0,"value":0.0985},{"duration":560000,"score":0,"value":0.0951},{"duration":570000,"score":0,"value":0.0981},{"duration":580000,"score":0,"value":0.0982},{"duration":590000,"score":0,"value":0.0972},{"duration":600000,"score":0,"value":0.0971},{"duration":610000,"score":0,"value":0.0964},{"duration":620000,"score":0,"value":0.0955},{"duration":630000,"score":0,"value":0.0956},{"duration":640000,"score":0,"value":0.0970},{"duration":650000,"score":0,"value":0.0977},{"duration":660000,"score":0,"value":0.0985},{"duration":670000,"score":0,"value":0.0979},{"duration":680000,"score":0,"value":0.0966},{"duration":690000,"score":0,"value":0.0984},{"duration":700000,"score":0,"value":0.0989},{"duration":710000,"score":0,"value":0.0974},{"duration":720000,"score":1,"value":0.0925},{"duration":730000,"score":0,"value":0.0956},{"duration":740000,"score":0,"value":0.0984},{"duration":750000,"score":0,"value":0.0970},{"duration":760000,"score":0,"value":0.0946},{"duration":770000,"score":0,"value":0.0959},{"duration":780000,"score":0,"value":0.0940},{"duration":790000,"score":0,"value":0.0977},{"duration":800000,"score":0,"value":0.0993},{"duration":810000,"score":0,"value":0.0993},{"duration":820000,"score":0,"value":0.0990},{"duration":830000,"score":0,"value":0.0996},{"duration":840000,"score":0,"value":0.1015},{"duration":850000,"score":0,"value":0.0980},{"duration":860000,"score":0,"value":0.0984},{"duration":870000,"score":0,"value":0.0969},{"duration":880000,"score":0,"value":0.0951},{"duration":883740,"score":3,"value":0.0},{"duration":892460,"score":1,"value":0.0920},{"duration":902460,"score":0,"value":0.0936},{"duration":912460,"score":0,"value":0.0975},{"duration":922460,"score":0,"value":0.0987},{"duration":932460,"score":0,"value":0.0994},{"duration":942460,"score":0,"value":0.0997},{"duration":952460,"score":0,"value":0.0953},{"duration":962460,"score":0,"value":0.0975},{"duration":972460,"score":0,"value":0.0961},{"duration":982460,"score":0,"value":0.0985},{"duration":992460,"score":0,"value":0.0991},{"duration":1002460,"score":0,"value":0.0949},{"duration":1012460,"score":0,"value":0.0950},{"duration":1022460,"score":0,"value":0.0936},{"duration":1032460,"score":0,"value":0.0957},{"duration":1042460,"score":0,"value":0.0965},{"duration":1052460,"score":0,"value":0.0967},{"duration":1062460,"score":0,"value":0.0965},{"duration":1072460,"score":0,"value":0.0981},{"duration":1082460,"score":0,"value":0.0956},{"duration":1092460,"score":0,"value":0.0965},{"duration":1102460,"score":0,"value":0.0961},{"duration":1112460,"score":1,"value":0.0924},{"duration":1122460,"score":0,"value":0.0928},{"duration":1132460,"score":0,"value":0.0952},{"duration":1142460,"score":0,"value":0.0964},{"duration":1152460,"score":0,"value":0.0967},{"duration":1162460,"score":0,"value":0.0971},{"duration":1172460,"score":0,"value":0.0939},{"duration":1182460,"score":0,"value":0.0954},{"duration":1192460,"score":0,"value":0.0952},{"duration":1202460,"score":0,"value":0.0951},{"duration":1212460,"score":0,"value":0.0984},{"duration":1222460,"score":1,"value":0.0885},{"duration":1232460,"score":1,"value":0.0919},{"duration":1242460,"score":0,"value":0.0939},{"duration":1252460,"score":0,"value":0.0966},{"duration":1262460,"score":0,"value":0.0969},{"duration":1272460,"score":0,"value":0.0994},{"duration":1282460,"score":0,"value":0.0978},{"duration":1292460,"score":0,"value":0.0968},{"duration":1302460,"score":0,"value":0.0965},{"duration":1312460,"score":0,"value":0.0959},{"duration":1322460,"score":0,"value":0.0945},{"duration":1332460,"score":0,"value":0.0960},{"duration":1342460,"score":0,"value":0.0956},{"duration":1352460,"score":0,"value":0.0973},{"duration":1362460,"score":0,"value":0.0977},{"duration":1372460,"score":0,"value":0.0963},{"duration":1382460,"score":0,"value":0.0947},{"duration":1392460,"score":0,"value":0.0927},{"duration":1402460,"score":0,"value":0.0952},{"duration":1412460,"score":0,"value":0.0957},{"duration":1422460,"score":0,"value":0.0965},{"duration":1432460,"score":1,"value":0.0910},{"duration":1442460,"score":0,"value":0.0931},{"duration":1452460,"score":0,"value":0.0974},{"duration":1462460,"score":1,"value":0.0929},{"duration":1472460,"score":1,"value":0.0910},{"duration":1482460,"score":0,"value":0.0939},{"duration":1492460,"score":1,"value":0.0901},{"duration":1502460,"score":0,"value":0.0951},{"duration":1512460,"score":1,"value":0.0910},{"duration":1522460,"score":0,"value":0.0936},{"duration":1532460,"score":0,"value":0.0959},{"duration":1542460,"score":0,"value":0.0948},{"duration":1552460,"score":0,"value":0.0938},{"duration":1562460,"score":0,"value":0.0949},{"duration":1572460,"score":0,"value":0.0935},{"duration":1582460,"score":0,"value":0.0941},{"duration":1592460,"score":0,"value":0.0943},{"duration":1602460,"score":0,"value":0.0941},{"duration":1612460,"score":0,"value":0.0931},{"duration":1622460,"score":0,"value":0.0949},{"duration":1632460,"score":1,"value":0.0919},{"duration":1642460,"score":0,"value":0.1029},{"duration":1652460,"score":0,"value":0.0950},{"duration":1662460,"score":1,"value":0.0917},{"duration":1672460,"score":0,"value":0.0953},{"duration":1682460,"score":0,"value":0.0941},{"duration":1692460,"score":0,"value":0.0959},{"duration":1702460,"score":0,"value":0.0960},{"duration":1712460,"score":0,"value":0.1006},{"duration":1722460,"score":0,"value":0.0958},{"duration":1732460,"score":0,"value":0.0933},{"duration":1742460,"score":1,"value":0.0903},{"duration":1752460,"score":0,"value":0.0928},{"duration":1762460,"score":0,"value":0.0930},{"duration":1772460,"score":0,"value":0.0955},{"duration":1782460,"score":0,"value":0.0984},{"duration":1792460,"score":0,"value":0.0948},{"duration":1802460,"score":0,"value":0.0937},{"duration":1812460,"score":0,"value":0.0938},{"duration":1822460,"score":1,"value":0.0907},{"duration":1832460,"score":0,"value":0.0943},{"duration":1842460,"score":0,"value":0.0969},{"duration":1852460,"score":0,"value":0.0973},{"duration":1862460,"score":0,"value":0.0948},{"duration":1872460,"score":0,"value":0.0944},{"duration":1882460,"score":0,"value":0.0930},{"duration":1892460,"score":0,"value":0.0923},{"duration":1902460,"score":1,"value":0.0870},{"duration":1912460,"score":1,"value":0.0869},{"duration":1922460,"score":1,"value":0.0902},{"duration":1932460,"score":1,"value":0.0901},{"duration":1942460,"score":1,"value":0.0880},{"duration":1952460,"score":1,"value":0.0894},{"duration":1962460,"score":0,"value":0.0945},{"duration":1972460,"score":0,"value":0.0941},{"duration":1982460,"score":0,"value":0.0929},{"duration":1992460,"score":1,"value":0.0905},{"duration":2002460,"score":1,"value":0.0912},{"duration":2012460,"score":1,"value":0.0906},{"duration":2022460,"score":1,"value":0.0907},{"duration":2032460,"score":1,"value":0.0865},{"duration":2042460,"score":1,"value":0.0914}],"data_type":"undulation","overall_score":0,"score_ratio":[71.0,28.0,1.0]},{"chart_data":[{"duration":10000,"score":1,"value":181.8122},{"duration":20000,"score":1,"value":183.6871},{"duration":30000,"score":1,"value":177.1600},{"duration":40000,"score":1,"value":168.9959},{"duration":50000,"score":1,"value":176.8381},{"duration":60000,"score":1,"value":177.7331},{"duration":70000,"score":0,"value":186.3686},{"duration":80000,"score":1,"value":180.5322},{"duration":90000,"score":0,"value":188.8790},{"duration":100000,"score":0,"value":187.3324},{"duration":110000,"score":0,"value":186.4088},{"duration":120000,"score":1,"value":181.7834},{"duration":130000,"score":1,"value":179.7649},{"duration":140000,"score":1,"value":176.9500},{"duration":150000,"score":1,"value":180.4961},{"duration":160000,"score":1,"value":182.2717},{"duration":170000,"score":0,"value":183.0941},{"duration":180000,"score":0,"value":185.9001},{"duration":190000,"score":1,"value":175.1564},{"duration":200000,"score":1,"value":180.8360},{"duration":210000,"score":1,"value":173.3696},{"duration":220000,"score":0,"value":184.3368},{"duration":230000,"score":1,"value":180.7510},{"duration":240000,"score":1,"value":186.6094},{"duration":250000,"score":1,"value":181.2247},{"duration":260000,"score":1,"value":177.8044},{"duration":270000,"score":1,"value":174.7971},{"duration":280000,"score":1,"value":178.3270},{"duration":290000,"score":1,"value":179.9483},{"duration":300000,"score":1,"value":180.0563},{"duration":310000,"score":1,"value":177.0278},{"duration":320000,"score":1,"value":183.3633},{"duration":330000,"score":1,"value":180.8680},{"duration":340000,"score":1,"value":175.4326},{"duration":350000,"score":1,"value":179.5613},{"duration":360000,"score":1,"value":174.0769},{"duration":370000,"score":1,"value":175.5113},{"duration":380000,"score":1,"value":180.8039},{"duration":390000,"score":1,"value":176.1323},{"duration":400000,"score":1,"value":181.2181},{"duration":410000,"score":1,"value":167.6619},{"duration":420000,"score":1,"value":176.7952},{"duration":430000,"score":1,"value":178.7264},{"duration":440000,"score":1,"value":173.0915},{"duration":450000,"score":1,"value":178.9016},{"duration":460000,"score":1,"value":177.3246},{"duration":470000,"score":1,"value":174.9390},{"duration":480000,"score":1,"value":180.2406},{"duration":490000,"score":1,"value":178.5478},{"duration":500000,"score":1,"value":178.6686},{"duration":510000,"score":1,"value":175.4073},{"duration":520000,"score":1,"value":179.0021},{"duration":530000,"score":1,"value":178.0453},{"duration":540000,"score":1,"value":178.1667},{"duration":550000,"score":1,"value":181.5593},{"duration":560000,"score":1,"value":174.2539},{"duration":570000,"score":1,"value":180.1538},{"duration":580000,"score":1,"value":180.6975},{"duration":590000,"score":0,"value":184.5118},{"duration":600000,"score":1,"value":179.5846},{"duration":610000,"score":1,"value":181.4348},{"duration":620000,"score":1,"value":181.2536},{"duration":630000,"score":1,"value":180.8729},{"duration":640000,"score":1,"value":182.2775},{"duration":650000,"score":1,"value":179.3215},{"duration":660000,"score":1,"value":179.6533},{"duration":670000,"score":1,"value":179.8700},{"duration":680000,"score":1,"value":180.2985},{"duration":690000,"score":1,"value":178.9370},{"duration":700000,"score":1,"value":177.0142},{"duration":710000,"score":1,"value":178.5906},{"duration":720000,"score":1,"value":176.1347},{"duration":730000,"score":1,"value":176.7314},{"duration":740000,"score":1,"value":177.6102},{"duration":750000,"score":1,"value":178.1650},{"duration":760000,"score":1,"value":174.5735},{"duration":770000,"score":1,"value":176.3086},{"duration":780000,"score":1,"value":180.2928},{"duration":790000,"score":1,"value":179.6617},{"duration":800000,"score":1,"value":179.9788},{"duration":810000,"score":1,"value":179.2915},{"duration":820000,"score":1,"value":179.9218},{"duration":830000,"score":1,"value":180.3324},{"duration":840000,"score":1,"value":181.7173},{"duration":850000,"score":0,"value":185.0852},{"duration":860000,"score":1,"value":182.8911},{"duration":870000,"score":1,"value":176.1561},{"duration":880000,"score":1,"value":182.7403},{"duration":883740,"score":3,"value":0.0},{"duration":892460,"score":2,"value":160.9086},{"duration":902460,"score":1,"value":173.5666},{"duration":912460,"score":1,"value":181.1894},{"duration":922460,"score":1,"value":178.8199},{"duration":932460,"score":0,"value":184.4422},{"duration":942460,"score":1,"value":182.7392},{"duration":952460,"score":1,"value":178.6679},{"duration":962460,"score":1,"value":182.9813},{"duration":972460,"score":1,"value":181.5284},{"duration":982460,"score":0,"value":186.6075},{"duration":992460,"score":0,"value":185.5989},{"duration":1002460,"score":1,"value":180.3864},{"duration":1012460,"score":1,"value":177.5948},{"duration":1022460,"score":1,"value":177.5158},{"duration":1032460,"score":1,"value":178.6502},{"duration":1042460,"score":0,"value":183.6095},{"duration":1052460,"score":1,"value":179.9020},{"duration":1062460,"score":1,"value":179.3447},{"duration":1072460,"score":1,"value":181.2673},{"duration":1082460,"score":1,"value":176.5565},{"duration":1092460,"score":1,"value":176.7650},{"duration":1102460,"score":1,"value":177.8442},{"duration":1112460,"score":1,"value":171.7723},{"duration":1122460,"score":1,"value":172.1319},{"duration":1132460,"score":1,"value":175.6905},{"duration":1142460,"score":1,"value":181.1179},{"duration":1152460,"score":1,"value":180.2207},{"duration":1162460,"score":1,"value":177.0706},{"duration":1172460,"score":1,"value":178.0952},{"duration":1182460,"score":1,"value":178.3897},{"duration":1192460,"score":1,"value":176.5728},{"duration":1202460,"score":1,"value":175.0427},{"duration":1212460,"score":1,"value":174.0759},{"duration":1222460,"score":1,"value":172.1599},{"duration":1232460,"score":1,"value":173.6199},{"duration":1242460,"score":1,"value":176.1288},{"duration":1252460,"score":1,"value":180.7345},{"duration":1262460,"score":1,"value":179.3540},{"duration":1272460,"score":1,"value":179.0649},{"duration":1282460,"score":1,"value":176.4644},{"duration":1292460,"score":1,"value":177.0360},{"duration":1302460,"score":1,"value":177.1962},{"duration":1312460,"score":1,"value":174.4901},{"duration":1322460,"score":1,"value":174.8758},{"duration":1332460,"score":1,"value":176.9032},{"duration":1342460,"score":1,"value":176.4015},{"duration":1352460,"score":1,"value":177.6370},{"duration":1362460,"score":1,"value":178.9729},{"duration":1372460,"score":1,"value":173.4643},{"duration":1382460,"score":1,"value":173.3786},{"duration":1392460,"score":1,"value":171.1100},{"duration":1402460,"score":1,"value":175.7077},{"duration":1412460,"score":1,"value":177.4106},{"duration":1422460,"score":1,"value":176.6111},{"duration":1432460,"score":1,"value":169.7258},{"duration":1442460,"score":1,"value":169.5335},{"duration":1452460,"score":1,"value":176.9206},{"duration":1462460,"score":1,"value":175.7267},{"duration":1472460,"score":1,"value":171.7143},{"duration":1482460,"score":1,"value":170.9808},{"duration":1492460,"score":1,"value":165.3534},{"duration":1502460,"score":1,"value":167.7328},{"duration":1512460,"score":1,"value":165.5868},{"duration":1522460,"score":1,"value":172.6681},{"duration":1532460,"score":1,"value":176.0511},{"duration":1542460,"score":1,"value":172.9993},{"duration":1552460,"score":1,"value":170.4836},{"duration":1562460,"score":1,"value":172.3924},{"duration":1572460,"score":1,"value":172.1861},{"duration":1582460,"score":1,"value":174.7037},{"duration":1592460,"score":1,"value":171.1369},{"duration":1602460,"score":1,"value":166.2206},{"duration":1612460,"score":1,"value":170.7149},{"duration":1622460,"score":1,"value":170.6993},{"duration":1632460,"score":1,"value":169.7649},{"duration":1642460,"score":1,"value":177.7027},{"duration":1652460,"score":1,"value":170.8108},{"duration":1662460,"score":1,"value":172.0648},{"duration":1672460,"score":1,"value":172.4003},{"duration":1682460,"score":1,"value":172.4181},{"duration":1692460,"score":1,"value":173.9974},{"duration":1702460,"score":1,"value":176.3965},{"duration":1712460,"score":1,"value":179.3485},{"duration":1722460,"score":1,"value":171.6217},{"duration":1732460,"score":1,"value":168.5146},{"duration":1742460,"score":1,"value":169.0926},{"duration":1752460,"score":1,"value":173.0470},{"duration":1762460,"score":1,"value":171.8665},{"duration":1772460,"score":1,"value":175.5016},{"duration":1782460,"score":1,"value":178.7078},{"duration":1792460,"score":1,"value":173.9469},{"duration":1802460,"score":1,"value":173.9375},{"duration":1812460,"score":1,"value":172.8987},{"duration":1822460,"score":1,"value":166.2619},{"duration":1832460,"score":1,"value":172.7674},{"duration":1842460,"score":1,"value":173.7462},{"duration":1852460,"score":1,"value":173.4808},{"duration":1862460,"score":1,"value":177.6111},{"duration":1872460,"score":1,"value":173.2871},{"duration":1882460,"score":1,"value":166.8293},{"duration":1892460,"score":1,"value":167.0095},{"duration":1902460,"score":1,"value":159.8201},{"duration":1912460,"score":1,"value":160.5684},{"duration":1922460,"score":1,"value":161.5045},{"duration":1932460,"score":1,"value":165.4431},{"duration":1942460,"score":1,"value":158.7286},{"duration":1952460,"score":1,"value":161.6409},{"duration":1962460,"score":1,"value":168.6245},{"duration":1972460,"score":1,"value":168.5017},{"duration":1982460,"score":1,"value":158.8656},{"duration":1992460,"score":1,"value":164.5586},{"duration":2002460,"score":1,"value":166.1365},{"duration":2012460,"score":1,"value":168.7065},{"duration":2022460,"score":1,"value":168.3301},{"duration":2032460,"score":1,"value":160.8815},{"duration":2042460,"score":1,"value":167.7500}],"data_type":"effective_contact_time","overall_score":1,"score_ratio":[20.0,76.0,4.0]},{"chart_data":[{"duration":10000,"score":1,"value":193.1285},{"duration":20000,"score":1,"value":194.7665},{"duration":30000,"score":1,"value":196.4808},{"duration":40000,"score":1,"value":189.1356},{"duration":50000,"score":1,"value":195.1056},{"duration":60000,"score":1,"value":199.1167},{"duration":70000,"score":1,"value":198.5896},{"duration":80000,"score":1,"value":202.3122},{"duration":90000,"score":1,"value":196.3343},{"duration":100000,"score":1,"value":197.2851},{"duration":110000,"score":1,"value":195.1349},{"duration":120000,"score":1,"value":200.1513},{"duration":130000,"score":1,"value":196.8411},{"duration":140000,"score":1,"value":200.5964},{"duration":150000,"score":1,"value":195.8595},{"duration":160000,"score":1,"value":196.1403},{"duration":170000,"score":1,"value":192.9188},{"duration":180000,"score":1,"value":194.2721},{"duration":190000,"score":1,"value":190.1896},{"duration":200000,"score":1,"value":197.1242},{"duration":210000,"score":2,"value":203.6039},{"duration":220000,"score":1,"value":196.9873},{"duration":230000,"score":1,"value":198.3952},{"duration":240000,"score":1,"value":202.6481},{"duration":250000,"score":1,"value":198.8515},{"duration":260000,"score":1,"value":200.4499},{"duration":270000,"score":1,"value":202.6066},{"duration":280000,"score":1,"value":198.2664},{"duration":290000,"score":1,"value":197.3226},{"duration":300000,"score":1,"value":197.6244},{"duration":310000,"score":1,"value":198.1130},{"duration":320000,"score":1,"value":199.0348},{"duration":330000,"score":1,"value":195.8368},{"duration":340000,"score":1,"value":200.6944},{"duration":350000,"score":1,"value":202.1006},{"duration":360000,"score":1,"value":200.9685},{"duration":370000,"score":1,"value":200.8970},{"duration":380000,"score":1,"value":202.8510},{"duration":390000,"score":1,"value":197.9962},{"duration":400000,"score":1,"value":201.7085},{"duration":410000,"score":1,"value":197.6045},{"duration":420000,"score":1,"value":198.6466},{"duration":430000,"score":1,"value":201.4620},{"duration":440000,"score":1,"value":197.8299},{"duration":450000,"score":1,"value":198.3386},{"duration":460000,"score":1,"value":202.9713},{"duration":470000,"score":1,"value":198.6972},{"duration":480000,"score":1,"value":198.4291},{"duration":490000,"score":1,"value":201.1172},{"duration":500000,"score":1,"value":203.5569},{"duration":510000,"score":1,"value":198.7374},{"duration":520000,"score":1,"value":198.7849},{"duration":530000,"score":1,"value":196.1262},{"duration":540000,"score":1,"value":197.4341},{"duration":550000,"score":1,"value":200.0685},{"duration":560000,"score":1,"value":197.8508},{"duration":570000,"score":1,"value":199.8654},{"duration":580000,"score":1,"value":199.8936},{"duration":590000,"score":1,"value":197.3256},{"duration":600000,"score":1,"value":199.0015},{"duration":610000,"score":1,"value":197.3646},{"duration":620000,"score":1,"value":196.2503},{"duration":630000,"score":1,"value":196.5565},{"duration":640000,"score":1,"value":197.7711},{"duration":650000,"score":1,"value":199.7875},{"duration":660000,"score":1,"value":200.8061},{"duration":670000,"score":1,"value":199.9381},{"duration":680000,"score":1,"value":198.0100},{"duration":690000,"score":1,"value":200.7854},{"duration":700000,"score":1,"value":202.3098},{"duration":710000,"score":1,"value":199.8077},{"duration":720000,"score":1,"value":193.7328},{"duration":730000,"score":1,"value":197.8191},{"duration":740000,"score":1,"value":201.3040},{"duration":750000,"score":1,"value":199.2949},{"duration":760000,"score":1,"value":197.2966},{"duration":770000,"score":1,"value":198.5244},{"duration":780000,"score":1,"value":194.4318},{"duration":790000,"score":1,"value":199.7687},{"duration":800000,"score":1,"value":201.8435},{"duration":810000,"score":1,"value":202.0496},{"duration":820000,"score":1,"value":201.3396},{"duration":830000,"score":1,"value":202.1775},{"duration":840000,"score":1,"value":204.1704},{"duration":850000,"score":1,"value":198.2293},{"duration":860000,"score":1,"value":199.5067},{"duration":870000,"score":1,"value":199.9697},{"duration":880000,"score":1,"value":195.2246},{"duration":883740,"score":3,"value":0.0},{"duration":892460,"score":2,"value":207.3705},{"duration":902460,"score":1,"value":197.9221},{"duration":912460,"score":1,"value":199.2361},{"duration":922460,"score":1,"value":201.5695},{"duration":932460,"score":1,"value":200.4757},{"duration":942460,"score":1,"value":201.2268},{"duration":952460,"score":1,"value":196.7940},{"duration":962460,"score":1,"value":198.2756},{"duration":972460,"score":1,"value":196.9464},{"duration":982460,"score":1,"value":198.2434},{"duration":992460,"score":1,"value":199.5114},{"duration":1002460,"score":1,"value":195.7222},{"duration":1012460,"score":1,"value":196.8344},{"duration":1022460,"score":1,"value":194.8340},{"duration":1032460,"score":1,"value":197.3903},{"duration":1042460,"score":1,"value":196.6722},{"duration":1052460,"score":1,"value":198.2140},{"duration":1062460,"score":1,"value":198.3283},{"duration":1072460,"score":1,"value":199.6639},{"duration":1082460,"score":1,"value":198.0306},{"duration":1092460,"score":1,"value":199.1675},{"duration":1102460,"score":1,"value":198.2318},{"duration":1112460,"score":1,"value":195.3466},{"duration":1122460,"score":1,"value":195.7311},{"duration":1132460,"score":1,"value":197.8766},{"duration":1142460,"score":1,"value":197.4832},{"duration":1152460,"score":1,"value":198.2021},{"duration":1162460,"score":1,"value":199.9991},{"duration":1172460,"score":1,"value":195.0856},{"duration":1182460,"score":1,"value":197.0513},{"duration":1192460,"score":1,"value":197.4385},{"duration":1202460,"score":1,"value":197.9417},{"duration":1212460,"score":1,"value":202.6804},{"duration":1222460,"score":1,"value":189.3163},{"duration":1232460,"score":1,"value":193.9207},{"duration":1242460,"score":1,"value":195.8185},{"duration":1252460,"score":1,"value":197.6734},{"duration":1262460,"score":1,"value":198.7693},{"duration":1272460,"score":1,"value":202.3032},{"duration":1282460,"score":1,"value":201.1847},{"duration":1292460,"score":1,"value":199.5503},{"duration":1302460,"score":1,"value":199.1485},{"duration":1312460,"score":1,"value":199.2087},{"duration":1322460,"score":1,"value":197.2237},{"duration":1332460,"score":1,"value":198.4204},{"duration":1342460,"score":1,"value":198.0660},{"duration":1352460,"score":1,"value":199.9591},{"duration":1362460,"score":1,"value":200.0198},{"duration":1372460,"score":1,"value":200.0413},{"duration":1382460,"score":1,"value":197.9524},{"duration":1392460,"score":1,"value":196.0538},{"duration":1402460,"score":1,"value":197.7714},{"duration":1412460,"score":1,"value":197.7643},{"duration":1422460,"score":1,"value":199.2043},{"duration":1432460,"score":1,"value":194.0938},{"duration":1442460,"score":1,"value":197.1369},{"duration":1452460,"score":1,"value":200.3280},{"duration":1462460,"score":1,"value":194.6398},{"duration":1472460,"score":1,"value":193.4165},{"duration":1482460,"score":1,"value":197.8525},{"duration":1492460,"score":1,"value":194.3496},{"duration":1502460,"score":1,"value":200.5496},{"duration":1512460,"score":1,"value":195.8013},{"duration":1522460,"score":1,"value":196.6757},{"duration":1532460,"score":1,"value":198.6653},{"duration":1542460,"score":1,"value":198.1634},{"duration":1552460,"score":1,"value":197.7779},{"duration":1562460,"score":1,"value":198.7396},{"duration":1572460,"score":1,"value":196.7006},{"duration":1582460,"score":1,"value":196.5500},{"duration":1592460,"score":1,"value":198.2764},{"duration":1602460,"score":1,"value":199.8843},{"duration":1612460,"score":1,"value":196.7611},{"duration":1622460,"score":1,"value":199.2540},{"duration":1632460,"score":1,"value":195.4322},{"duration":1642460,"score":2,"value":206.9637},{"duration":1652460,"score":1,"value":199.2183},{"duration":1662460,"score":1,"value":194.2235},{"duration":1672460,"score":1,"value":199.1328},{"duration":1682460,"score":1,"value":197.6146},{"duration":1692460,"score":1,"value":199.5129},{"duration":1702460,"score":1,"value":198.7228},{"duration":1712460,"score":2,"value":203.0807},{"duration":1722460,"score":1,"value":199.9055},{"duration":1732460,"score":1,"value":197.7971},{"duration":1742460,"score":1,"value":193.4229},{"duration":1752460,"score":1,"value":195.2524},{"duration":1762460,"score":1,"value":196.1577},{"duration":1772460,"score":1,"value":198.2996},{"duration":1782460,"score":1,"value":201.1136},{"duration":1792460,"score":1,"value":197.9553},{"duration":1802460,"score":1,"value":196.4931},{"duration":1812460,"score":1,"value":197.0043},{"duration":1822460,"score":1,"value":195.1926},{"duration":1832460,"score":1,"value":197.6553},{"duration":1842460,"score":1,"value":200.8771},{"duration":1852460,"score":1,"value":201.6111},{"duration":1862460,"score":1,"value":196.5969},{"duration":1872460,"score":1,"value":197.6040},{"duration":1882460,"score":1,"value":198.0165},{"duration":1892460,"score":1,"value":196.9352},{"duration":1902460,"score":1,"value":191.9908},{"duration":1912460,"score":1,"value":191.6419},{"duration":1922460,"score":1,"value":196.1109},{"duration":1932460,"score":1,"value":194.5123},{"duration":1942460,"score":1,"value":193.9572},{"duration":1952460,"score":1,"value":194.9630},{"duration":1962460,"score":1,"value":199.4941},{"duration":1972460,"score":1,"value":198.9621},{"duration":1982460,"score":2,"value":200.9648},{"duration":1992460,"score":1,"value":195.4793},{"duration":2002460,"score":1,"value":195.8268},{"duration":2012460,"score":1,"value":194.0404},{"duration":2022460,"score":1,"value":194.1889},{"duration":2032460,"score":1,"value":190.8794},{"duration":2042460,"score":1,"value":195.3985}],"data_type":"effective_flight_time","overall_score":1,"score_ratio":[1.0,84.0,15.0]}],"sampling_rate":10000,"service_name":"Myotest","version":2}]}