[{"elapsed_time":8820,"segment":0,"interval":1,"start_time":1610887114000},{"elapsed_time":9820,"segment":0,"interval":1,"start_time":1610887115000},{"elapsed_time":10820,"segment":0,"interval":1,"start_time":1610887116000},{"elapsed_time":12820,"segment":0,"interval":1,"start_time":1610887118000},{"elapsed_time":13820,"segment":0,"interval":1,"start_time":1610887119000},{"elapsed_time":14820,"segment":0,"interval":1,"start_time":1610887120000},{"elapsed_time":15820,"segment":0,"interval":1,"start_time":1610887121000},{"elapsed_time":17820,"segment":0,"interval":1,"start_time":1610887123000},{"elapsed_time":19820,"segment":0,"interval":1,"start_time":1610887125000},{"elapsed_time":21820,"segment":0,"interval":1,"start_time":1610887127000},{"elapsed_time":23820,"segment":0,"interval":1,"start_time":1610887129000},{"elapsed_time":25820,"segment":0,"interval":1,"start_time":1610887131000},{"elapsed_time":28820,"segment":0,"interval":1,"start_time":1610887134000},{"elapsed_time":30820,"segment":0,"interval":1,"start_time":1610887136000},{"elapsed_time":32820,"segment":0,"interval":1,"start_time":1610887138000},{"elapsed_time":34820,"segment":0,"interval":1,"start_time":1610887140000},{"elapsed_time":36820,"segment":0,"interval":1,"start_time":1610887142000},{"elapsed_time":38820,"segment":0,"interval":1,"start_time":1610887144000},{"elapsed_time":40820,"segment":0,"interval":1,"start_time":1610887146000},{"elapsed_time":42820,"segment":0,"interval":1,"start_time":1610887148000},{"elapsed_time":44820,"segment":0,"interval":1,"start_time":1610887150000},{"elapsed_time":46820,"segment":0,"interval":1,"start_time":1610887152000},{"elapsed_time":48820,"segment":0,"interval":1,"start_time":1610887154000},{"elapsed_time":50820,"segment":0,"interval":1,"start_time":1610887156000},{"elapsed_time":52820,"segment":0,"interval":1,"start_time":1610887158000},{"elapsed_time":54820,"segment":0,"interval":1,"start_time":1610887160000},{"elapsed_time":56820,"segment":0,"interval":1,"start_time":1610887162000},{"elapsed_time":58820,"segment":0,"interval":1,"start_time":1610887164000},{"elapsed_time":60820,"segment":0,"interval":1,"start_time":1610887166000},{"elapsed_time":62820,"segment":0,"interval":1,"start_time":1610887168000},{"elapsed_time":64820,"segment":0,"interval":1,"start_time":1610887170000},{"elapsed_time":66820,"segment":0,"interval":1,"start_time":1610887172000},{"elapsed_time":68820,"segment":0,"interval":1,"start_time":1610887174000},{"elapsed_time":70820,"segment":0,"interval":1,"start_time":1610887176000},{"elapsed_time":72820,"segment":0,"interval":1,"start_time":1610887178000},{"elapsed_time":74820,"segment":0,"interval":1,"start_time":1610887180000},{"elapsed_time":76820,"segment":0,"interval":1,"start_time":1610887182000},{"elapsed_time":78820,"segment":0,"interval":1,"start_time":1610887184000},{"elapsed_time":80820,"segment":0,"interval":1,"start_time":1610887186000},{"elapsed_time":82820,"segment":0,"interval":1,"start_time":1610887188000},{"elapsed_time":85820,"segment":0,"interval":1,"start_time":1610887191000},{"elapsed_time":87820,"segment":0,"interval":1,"start_time":1610887193000},{"elapsed_time":89820,"segment":0,"interval":1,"start_time":1610887195000},{"elapsed_time":91820,"segment":0,"interval":1,"start_time":1610887197000},{"elapsed_time":93820,"segment":0,"interval":1,"start_time":1610887199000},{"elapsed_time":95820,"segment":0,"interval":1,"start_time":1610887201000},{"elapsed_time":97820,"segment":0,"interval":1,"start_time":1610887203000},{"elapsed_time":99820,"segment":0,"interval":1,"start_time":1610887205000},{"elapsed_time":101820,"segment":0,"interval":1,"start_time":1610887207000},{"elapsed_time":103820,"segment":0,"interval":1,"start_time":1610887209000},{"elapsed_time":105820,"segment":0,"interval":1,"start_time":1610887211000},{"elapsed_time":107820,"segment":0,"interval":1,"start_time":1610887213000},{"elapsed_time":109820,"segment":0,"interval":1,"start_time":1610887215000},{"elapsed_time":111820,"segment":0,"interval":1,"start_time":1610887217000},{"elapsed_time":113820,"segment":0,"interval":1,"start_time":1610887219000},{"elapsed_time":115820,"segment":0,"interval":1,"start_time":1610887221000},{"elapsed_time":117820,"segment":0,"interval":1,"start_time":1610887223000},{"elapsed_time":119820,"segment":0,"interval":1,"start_time":1610887225000},{"elapsed_time":121820,"segment":0,"interval":1,"start_time":1610887227000},{"elapsed_time":123820,"segment":0,"interval":1,"start_time":1610887229000},{"elapsed_time":125820,"segment":0,"interval":1,"start_time":1610887231000},{"elapsed_time":127820,"segment":0,"interval":1,"start_time":1610887233000},{"elapsed_time":129820,"segment":0,"interval":1,"start_time":1610887235000},{"elapsed_time":131820,"segment":0,"interval":1,"start_time":1610887237000},{"elapsed_time":133820,"segment":0,"interval":1,"start_time":1610887239000},{"elapsed_time":135820,"segment":0,"interval":1,"start_time":1610887241000},{"elapsed_time":137820,"segment":0,"interval":1,"start_time":1610887243000},{"elapsed_time":139820,"segment":0,"interval":1,"start_time":1610887245000},{"elapsed_time":141820,"segment":0,"interval":1,"start_time":1610887247000},{"elapsed_time":143820,"segment":0,"interval":1,"start_time":1610887249000},{"elapsed_time":145820,"segment":0,"interval":1,"start_time":1610887251000},{"elapsed_time":147820,"segment":0,"interval":1,"start_time":1610887253000},{"elapsed_time":149820,"segment":0,"interval":1,"start_time":1610887255000},{"elapsed_time":151820,"segment":0,"interval":1,"start_time":1610887257000},{"elapsed_time":153820,"segment":0,"interval":1,"start_time":1610887259000},{"elapsed_time":156820,"segment":0,"interval":1,"start_time":1610887262000},{"elapsed_time":158820,"segment":0,"interval":1,"start_time":1610887264000},{"elapsed_time":160820,"segment":0,"interval":1,"start_time":1610887266000},{"elapsed_time":162820,"segment":0,"interval":1,"start_time":1610887268000},{"elapsed_time":164820,"segment":0,"interval":1,"start_time":1610887270000},{"elapsed_time":166820,"segment":0,"interval":1,"start_time":1610887272000},{"elapsed_time":168820,"segment":0,"interval":1,"start_time":1610887274000},{"elapsed_time":170820,"segment":0,"interval":1,"start_time":1610887276000},{"elapsed_time":172820,"segment":0,"interval":1,"start_time":1610887278000},{"elapsed_time":174820,"segment":0,"interval":1,"start_time":1610887280000},{"elapsed_time":176820,"segment":0,"interval":1,"start_time":1610887282000},{"elapsed_time":178820,"segment":0,"interval":1,"start_time":1610887284000},{"elapsed_time":180820,"segment":0,"interval":1,"start_time":1610887286000},{"elapsed_time":182820,"segment":0,"interval":1,"start_time":1610887288000},{"elapsed_time":184820,"segment":0,"interval":1,"start_time":1610887290000},{"elapsed_time":186820,"segment":0,"interval":1,"start_time":1610887292000},{"elapsed_time":191820,"segment":0,"interval":1,"start_time":1610887297000},{"elapsed_time":193820,"segment":0,"interval":1,"start_time":1610887299000},{"elapsed_time":195820,"segment":0,"interval":1,"start_time":1610887301000},{"elapsed_time":197820,"segment":0,"interval":1,"start_time":1610887303000},{"elapsed_time":199820,"segment":0,"interval":1,"start_time":1610887305000},{"elapsed_time":201820,"segment":0,"interval":1,"start_time":1610887307000},{"elapsed_time":203820,"segment":0,"interval":1,"start_time":1610887309000},{"elapsed_time":206820,"segment":0,"interval":1,"start_time":1610887312000},{"elapsed_time":209820,"segment":0,"interval":1,"start_time":1610887315000},{"elapsed_time":211820,"segment":0,"interval":1,"start_time":1610887317000},{"elapsed_time":213820,"segment":0,"interval":1,"start_time":1610887319000},{"elapsed_time":215820,"segment":0,"interval":1,"start_time":1610887321000},{"elapsed_time":217820,"segment":0,"interval":1,"start_time":1610887323000},{"elapsed_time":219820,"segment":0,"interval":1,"start_time":1610887325000},{"elapsed_time":221820,"segment":0,"interval":1,"start_time":1610887327000},{"elapsed_time":223820,"segment":0,"interval":1,"start_time":1610887329000},{"elapsed_time":225820,"segment":0,"interval":1,"start_time":1610887331000},{"elapsed_time":227820,"segment":0,"interval":1,"start_time":1610887333000},{"elapsed_time":229820,"segment":0,"interval":1,"start_time":1610887335000},{"elapsed_time":231820,"segment":0,"interval":1,"start_time":1610887337000},{"elapsed_time":233820,"segment":0,"interval":1,"start_time":1610887339000},{"elapsed_time":235820,"segment":0,"interval":1,"start_time":1610887341000},{"elapsed_time":237820,"segment":0,"interval":1,"start_time":1610887343000},{"elapsed_time":239820,"segment":0,"interval":1,"start_time":1610887345000},{"elapsed_time":241820,"segment":0,"interval":1,"start_time":1610887347000},{"elapsed_time":243820,"segment":0,"interval":1,"start_time":1610887349000},{"elapsed_time":245820,"segment":0,"interval":1,"start_time":1610887351000},{"elapsed_time":247820,"segment":0,"interval":1,"start_time":1610887353000},{"elapsed_time":249820,"segment":0,"interval":1,"start_time":1610887355000},{"elapsed_time":251820,"segment":0,"interval":1,"start_time":1610887357000},{"elapsed_time":253820,"segment":0,"interval":1,"start_time":1610887359000},{"elapsed_time":255820,"segment":0,"interval":1,"start_time":1610887361000},{"elapsed_time":257820,"segment":0,"interval":1,"start_time":1610887363000},{"elapsed_time":259820,"segment":0,"interval":1,"start_time":1610887365000},{"elapsed_time":261820,"segment":0,"interval":1,"start_time":1610887367000},{"elapsed_time":263820,"segment":0,"interval":1,"start_time":1610887369000},{"elapsed_time":265820,"segment":0,"interval":1,"start_time":1610887371000},{"elapsed_time":267820,"segment":0,"interval":1,"start_time":1610887373000},{"elapsed_time":269820,"segment":0,"interval":1,"start_time":1610887375000},{"elapsed_time":271820,"segment":0,"interval":1,"start_time":1610887377000},{"elapsed_time":273820,"segment":0,"interval":1,"start_time":1610887379000},{"elapsed_time":275820,"segment":0,"interval":1,"start_time":1610887381000},{"elapsed_time":277820,"segment":0,"interval":1,"start_time":1610887383000},{"elapsed_time":279820,"segment":0,"interval":1,"start_time":1610887385000},{"elapsed_time":281820,"segment":0,"interval":1,"start_time":1610887387000},{"elapsed_time":283820,"segment":0,"interval":1,"start_time":1610887389000},{"elapsed_time":285820,"segment":0,"interval":1,"start_time":1610887391000},{"elapsed_time":288820,"segment":0,"interval":1,"start_time":1610887394000},{"elapsed_time":290820,"segment":0,"interval":1,"start_time":1610887396000},{"elapsed_time":292820,"segment":0,"interval":1,"start_time":1610887398000},{"elapsed_time":294820,"segment":0,"interval":1,"start_time":1610887400000},{"elapsed_time":297820,"segment":0,"interval":1,"start_time":1610887403000},{"elapsed_time":300820,"segment":0,"interval":1,"start_time":1610887406000},{"elapsed_time":302820,"segment":0,"interval":1,"start_time":1610887408000},{"elapsed_time":304820,"segment":0,"interval":1,"start_time":1610887410000},{"elapsed_time":306820,"segment":0,"interval":1,"start_time":1610887412000},{"elapsed_time":308820,"segment":0,"interval":1,"start_time":1610887414000},{"elapsed_time":310820,"segment":0,"interval":1,"start_time":1610887416000},{"elapsed_time":312820,"segment":0,"interval":1,"start_time":1610887418000},{"elapsed_time":315820,"segment":0,"interval":1,"start_time":1610887421000},{"elapsed_time":317820,"segment":0,"interval":1,"start_time":1610887423000},{"elapsed_time":319820,"segment":0,"interval":1,"start_time":1610887425000},{"elapsed_time":321820,"segment":0,"interval":1,"start_time":1610887427000},{"elapsed_time":324820,"segment":0,"interval":1,"start_time":1610887430000},{"elapsed_time":326820,"segment":0,"interval":1,"start_time":1610887432000},{"elapsed_time":328820,"segment":0,"interval":1,"start_time":1610887434000},{"elapsed_time":330820,"segment":0,"interval":1,"start_time":1610887436000},{"elapsed_time":332820,"segment":0,"interval":1,"start_time":1610887438000},{"elapsed_time":334820,"segment":0,"interval":1,"start_time":1610887440000},{"elapsed_time":336820,"segment":0,"interval":1,"start_time":1610887442000},{"elapsed_time":339820,"segment":0,"interval":1,"start_time":1610887445000},{"elapsed_time":341820,"segment":0,"interval":1,"start_time":1610887447000},{"elapsed_time":343820,"segment":0,"interval":1,"start_time":1610887449000},{"elapsed_time":345820,"segment":0,"interval":1,"start_time":1610887451000},{"elapsed_time":347820,"segment":0,"interval":1,"start_time":1610887453000},{"elapsed_time":349820,"segment":0,"interval":1,"start_time":1610887455000},{"elapsed_time":351820,"segment":0,"interval":1,"start_time":1610887457000},{"elapsed_time":353820,"segment":0,"interval":1,"start_time":1610887459000},{"elapsed_time":355820,"segment":0,"interval":1,"start_time":1610887461000},{"elapsed_time":357820,"segment":0,"interval":1,"start_time":1610887463000},{"elapsed_time":359820,"segment":0,"interval":1,"start_time":1610887465000},{"elapsed_time":361820,"segment":0,"interval":1,"start_time":1610887467000},{"elapsed_time":363820,"segment":0,"interval":1,"start_time":1610887469000},{"elapsed_time":365820,"segment":0,"interval":1,"start_time":1610887471000},{"elapsed_time":367820,"segment":0,"interval":1,"start_time":1610887473000},{"elapsed_time":369820,"segment":0,"interval":1,"start_time":1610887475000},{"elapsed_time":371820,"segment":0,"interval":1,"start_time":1610887477000},{"elapsed_time":373820,"segment":0,"interval":1,"start_time":1610887479000},{"elapsed_time":375820,"segment":0,"interval":1,"start_time":1610887481000},{"elapsed_time":377820,"segment":0,"interval":1,"start_time":1610887483000},{"elapsed_time":379820,"segment":0,"interval":1,"start_time":1610887485000},{"elapsed_time":381820,"segment":0,"interval":1,"start_time":1610887487000},{"elapsed_time":383820,"segment":0,"interval":1,"start_time":1610887489000},{"elapsed_time":385820,"segment":0,"interval":1,"start_time":1610887491000},{"elapsed_time":387820,"segment":0,"interval":1,"start_time":1610887493000},{"elapsed_time":389820,"segment":0,"interval":1,"start_time":1610887495000},{"elapsed_time":391820,"segment":0,"interval":1,"start_time":1610887497000},{"elapsed_time":394820,"segment":0,"interval":1,"start_time":1610887500000},{"elapsed_time":396820,"segment":0,"interval":1,"start_time":1610887502000},{"elapsed_time":398820,"segment":0,"interval":1,"start_time":1610887504000},{"elapsed_time":400820,"segment":0,"interval":1,"start_time":1610887506000},{"elapsed_time":402820,"segment":0,"interval":1,"start_time":1610887508000},{"elapsed_time":404820,"segment":0,"interval":1,"start_time":1610887510000},{"elapsed_time":406820,"segment":0,"interval":1,"start_time":1610887512000},{"elapsed_time":408820,"segment":0,"interval":1,"start_time":1610887514000},{"elapsed_time":410820,"segment":0,"interval":1,"start_time":1610887516000},{"elapsed_time":412820,"segment":0,"interval":1,"start_time":1610887518000},{"elapsed_time":414820,"segment":0,"interval":1,"start_time":1610887520000},{"elapsed_time":416820,"segment":0,"interval":1,"start_time":1610887522000},{"elapsed_time":418820,"segment":0,"interval":1,"start_time":1610887524000},{"elapsed_time":420820,"segment":0,"interval":1,"start_time":1610887526000},{"elapsed_time":422820,"segment":0,"interval":1,"start_time":1610887528000},{"elapsed_time":424820,"segment":0,"interval":1,"start_time":1610887530000},{"elapsed_time":426820,"segment":0,"interval":1,"start_time":1610887532000},{"elapsed_time":428820,"segment":0,"interval":1,"start_time":1610887534000},{"elapsed_time":430820,"segment":0,"interval":1,"start_time":1610887536000},{"elapsed_time":432820,"segment":0,"interval":1,"start_time":1610887538000},{"elapsed_time":434820,"segment":0,"interval":1,"start_time":1610887540000},{"elapsed_time":436820,"segment":0,"interval":1,"start_time":1610887542000},{"elapsed_time":438820,"segment":0,"interval":1,"start_time":1610887544000},{"elapsed_time":440820,"segment":0,"interval":1,"start_time":1610887546000},{"elapsed_time":442820,"segment":0,"interval":1,"start_time":1610887548000},{"elapsed_time":444820,"segment":0,"interval":1,"start_time":1610887550000},{"elapsed_time":446820,"segment":0,"interval":1,"start_time":1610887552000},{"elapsed_time":448820,"segment":0,"interval":1,"start_time":1610887554000},{"elapsed_time":450820,"segment":0,"interval":1,"start_time":1610887556000},{"elapsed_time":452820,"segment":0,"interval":1,"start_time":1610887558000},{"elapsed_time":454820,"segment":0,"interval":1,"start_time":1610887560000},{"elapsed_time":456820,"segment":0,"interval":1,"start_time":1610887562000},{"elapsed_time":458820,"segment":0,"interval":1,"start_time":1610887564000},{"elapsed_time":460820,"segment":0,"interval":1,"start_time":1610887566000},{"elapsed_time":462820,"segment":0,"interval":1,"start_time":1610887568000},{"elapsed_time":464820,"segment":0,"interval":1,"start_time":1610887570000},{"elapsed_time":466820,"segment":0,"interval":1,"start_time":1610887572000},{"elapsed_time":468820,"segment":0,"interval":1,"start_time":1610887574000},{"elapsed_time":470820,"segment":0,"interval":1,"start_time":1610887576000},{"elapsed_time":472820,"segment":0,"interval":1,"start_time":1610887578000},{"elapsed_time":474820,"segment":0,"interval":1,"start_time":1610887580000},{"elapsed_time":476820,"segment":0,"interval":1,"start_time":1610887582000},{"elapsed_time":478820,"segment":0,"interval":1,"start_time":1610887584000},{"elapsed_time":480820,"segment":0,"interval":1,"start_time":1610887586000},{"elapsed_time":482820,"segment":0,"interval":1,"start_time":1610887588000},{"elapsed_time":484820,"segment":0,"interval":1,"start_time":1610887590000},{"elapsed_time":486820,"segment":0,"interval":1,"start_time":1610887592000},{"elapsed_time":488820,"segment":0,"interval":1,"start_time":1610887594000},{"elapsed_time":490820,"segment":0,"interval":1,"start_time":1610887596000},{"elapsed_time":492820,"segment":0,"interval":1,"start_time":1610887598000},{"elapsed_time":494820,"segment":0,"interval":1,"start_time":1610887600000},{"elapsed_time":496820,"segment":0,"interval":1,"start_time":1610887602000},{"elapsed_time":498820,"segment":0,"interval":1,"start_time":1610887604000},{"elapsed_time":500820,"segment":0,"interval":1,"start_time":1610887606000},{"elapsed_time":502820,"segment":0,"interval":1,"start_time":1610887608000},{"elapsed_time":504820,"segment":0,"interval":1,"start_time":1610887610000},{"elapsed_time":506820,"segment":0,"interval":1,"start_time":1610887612000},{"elapsed_time":508820,"segment":0,"interval":1,"start_time":1610887614000},{"elapsed_time":510820,"segment":0,"interval":1,"start_time":1610887616000},{"elapsed_time":512820,"segment":0,"interval":1,"start_time":1610887618000},{"elapsed_time":514820,"segment":0,"interval":1,"start_time":1610887620000},{"elapsed_time":516820,"segment":0,"interval":1,"start_time":1610887622000},{"elapsed_time":519820,"segment":0,"interval":1,"start_time":1610887625000},{"elapsed_time":522820,"segment":0,"interval":1,"start_time":1610887628000},{"elapsed_time":525820,"segment":0,"interval":1,"start_time":1610887631000},{"elapsed_time":527820,"segment":0,"interval":1,"start_time":1610887633000},{"elapsed_time":529820,"segment":0,"interval":1,"start_time":1610887635000},{"elapsed_time":531820,"segment":0,"interval":1,"start_time":1610887637000},{"elapsed_time":533820,"segment":0,"interval":1,"start_time":1610887639000},{"elapsed_time":535820,"segment":0,"interval":1,"start_time":1610887641000},{"elapsed_time":537820,"segment":0,"interval":1,"start_time":1610887643000},{"elapsed_time":539820,"segment":0,"interval":1,"start_time":1610887645000},{"elapsed_time":541820,"segment":0,"interval":1,"start_time":1610887647000},{"elapsed_time":543820,"segment":0,"interval":1,"start_time":1610887649000},{"elapsed_time":545820,"segment":0,"interval":1,"start_time":1610887651000},{"elapsed_time":547820,"segment":0,"interval":1,"start_time":1610887653000},{"elapsed_time":549820,"segment":0,"interval":1,"start_time":1610887655000},{"elapsed_time":551820,"segment":0,"interval":1,"start_time":1610887657000},{"elapsed_time":553820,"segment":0,"interval":1,"start_time":1610887659000},{"elapsed_time":555820,"segment":0,"interval":1,"start_time":1610887661000},{"elapsed_time":557820,"segment":0,"interval":1,"start_time":1610887663000},{"elapsed_time":559820,"segment":0,"interval":1,"start_time":1610887665000},{"elapsed_time":561820,"segment":0,"interval":1,"start_time":1610887667000},{"elapsed_time":563820,"segment":0,"interval":1,"start_time":1610887669000},{"elapsed_time":565820,"segment":0,"interval":1,"start_time":1610887671000},{"elapsed_time":567820,"segment":0,"interval":1,"start_time":1610887673000},{"elapsed_time":569820,"segment":0,"interval":1,"start_time":1610887675000},{"elapsed_time":571820,"segment":0,"interval":1,"start_time":1610887677000},{"elapsed_time":573820,"segment":0,"interval":1,"start_time":1610887679000},{"elapsed_time":575820,"segment":0,"interval":1,"start_time":1610887681000},{"elapsed_time":577820,"segment":0,"interval":1,"start_time":1610887683000},{"elapsed_time":579820,"segment":0,"interval":1,"start_time":1610887685000},{"elapsed_time":581820,"segment":0,"interval":1,"start_time":1610887687000},{"elapsed_time":583820,"segment":0,"interval":1,"start_time":1610887689000},{"elapsed_time":585820,"segment":0,"interval":1,"start_time":1610887691000},{"elapsed_time":587820,"segment":0,"interval":1,"start_time":1610887693000},{"elapsed_time":590820,"segment":0,"interval":1,"start_time":1610887696000},{"elapsed_time":592820,"segment":0,"interval":1,"start_time":1610887698000},{"elapsed_time":594820,"segment":0,"interval":1,"start_time":1610887700000},{"elapsed_time":596820,"segment":0,"interval":1,"start_time":1610887702000},{"elapsed_time":598820,"segment":0,"interval":1,"start_time":1610887704000},{"elapsed_time":600820,"segment":0,"interval":1,"start_time":1610887706000},{"elapsed_time":602820,"segment":0,"interval":1,"start_time":1610887708000},{"elapsed_time":604820,"segment":0,"interval":1,"start_time":1610887710000},{"elapsed_time":606820,"segment":0,"interval":1,"start_time":1610887712000},{"elapsed_time":609820,"segment":0,"interval":1,"start_time":1610887715000},{"elapsed_time":611820,"segment":0,"interval":1,"start_time":1610887717000},{"elapsed_time":613820,"segment":0,"interval":1,"start_time":1610887719000},{"elapsed_time":615820,"segment":0,"interval":1,"start_time":1610887721000},{"elapsed_time":617820,"segment":0,"interval":1,"start_time":1610887723000},{"elapsed_time":619820,"segment":0,"interval":1,"start_time":1610887725000},{"elapsed_time":621820,"segment":0,"interval":1,"start_time":1610887727000},{"elapsed_time":623820,"segment":0,"interval":1,"start_time":1610887729000},{"elapsed_time":625820,"segment":0,"interval":1,"start_time":1610887731000},{"elapsed_time":627820,"segment":0,"interval":1,"start_time":1610887733000},{"elapsed_time":629820,"segment":0,"interval":1,"start_time":1610887735000},{"elapsed_time":631820,"segment":0,"interval":1,"start_time":1610887737000},{"elapsed_time":633820,"segment":0,"interval":1,"start_time":1610887739000},{"elapsed_time":635820,"segment":0,"interval":1,"start_time":1610887741000},{"elapsed_time":637820,"segment":0,"interval":1,"start_time":1610887743000},{"elapsed_time":639820,"segment":0,"interval":1,"start_time":1610887745000},{"elapsed_time":641820,"segment":0,"interval":1,"start_time":1610887747000},{"elapsed_time":643820,"segment":0,"interval":1,"start_time":1610887749000},{"elapsed_time":645820,"segment":0,"interval":1,"start_time":1610887751000},{"elapsed_time":647820,"segment":0,"interval":1,"start_time":1610887753000},{"elapsed_time":649820,"segment":0,"interval":1,"start_time":1610887755000},{"elapsed_time":651820,"segment":0,"interval":1,"start_time":1610887757000},{"elapsed_time":653820,"segment":0,"interval":1,"start_time":1610887759000},{"elapsed_time":655820,"segment":0,"interval":1,"start_time":1610887761000},{"elapsed_time":657820,"segment":0,"interval":1,"start_time":1610887763000},{"elapsed_time":659820,"segment":0,"interval":1,"start_time":1610887765000},{"elapsed_time":661820,"segment":0,"interval":1,"start_time":1610887767000},{"elapsed_time":663820,"segment":0,"interval":1,"start_time":1610887769000},{"elapsed_time":665820,"segment":0,"interval":1,"start_time":1610887771000},{"elapsed_time":667820,"segment":0,"interval":1,"start_time":1610887773000},{"elapsed_time":669820,"segment":0,"interval":1,"start_time":1610887775000},{"elapsed_time":671820,"segment":0,"interval":1,"start_time":1610887777000},{"elapsed_time":673820,"segment":0,"interval":1,"start_time":1610887779000},{"elapsed_time":675820,"segment":0,"interval":1,"start_time":1610887781000},{"elapsed_time":677820,"segment":0,"interval":1,"start_time":1610887783000},{"elapsed_time":679820,"segment":0,"interval":1,"start_time":1610887785000},{"elapsed_time":681820,"segment":0,"interval":1,"start_time":1610887787000},{"elapsed_time":683820,"segment":0,"interval":1,"start_time":1610887789000},{"elapsed_time":685820,"segment":0,"interval":1,"start_time":1610887791000},{"elapsed_time":687820,"segment":0,"interval":1,"start_time":1610887793000},{"elapsed_time":689820,"segment":0,"interval":1,"start_time":1610887795000},{"elapsed_time":692820,"segment":0,"interval":1,"start_time":1610887798000},{"elapsed_time":694820,"segment":0,"interval":1,"start_time":1610887800000},{"elapsed_time":696820,"segment":0,"interval":1,"start_time":1610887802000},{"elapsed_time":698820,"segment":0,"interval":1,"start_time":1610887804000},{"elapsed_time":701820,"segment":0,"interval":1,"start_time":1610887807000},{"elapsed_time":703820,"segment":0,"interval":1,"start_time":1610887809000},{"elapsed_time":705820,"segment":0,"interval":1,"start_time":1610887811000},{"elapsed_time":707820,"segment":0,"interval":1,"start_time":1610887813000},{"elapsed_time":709820,"segment":0,"interval":1,"start_time":1610887815000},{"elapsed_time":711820,"segment":0,"interval":1,"start_time":1610887817000},{"elapsed_time":713820,"segment":0,"interval":1,"start_time":1610887819000},{"elapsed_time":715820,"segment":0,"interval":1,"start_time":1610887821000},{"elapsed_time":717820,"segment":0,"interval":1,"start_time":1610887823000},{"elapsed_time":719820,"segment":0,"interval":1,"start_time":1610887825000},{"elapsed_time":721820,"segment":0,"interval":1,"start_time":1610887827000},{"elapsed_time":723820,"segment":0,"interval":1,"start_time":1610887829000},{"elapsed_time":725820,"segment":0,"interval":1,"start_time":1610887831000},{"elapsed_time":727820,"segment":0,"interval":1,"start_time":1610887833000},{"elapsed_time":729820,"segment":0,"interval":1,"start_time":1610887835000},{"elapsed_time":731820,"segment":0,"interval":1,"start_time":1610887837000},{"elapsed_time":733820,"segment":0,"interval":1,"start_time":1610887839000},{"elapsed_time":735820,"segment":0,"interval":1,"start_time":1610887841000},{"elapsed_time":737820,"segment":0,"interval":1,"start_time":1610887843000},{"elapsed_time":739820,"segment":0,"interval":1,"start_time":1610887845000},{"elapsed_time":741820,"segment":0,"interval":1,"start_time":1610887847000},{"elapsed_time":743820,"segment":0,"interval":1,"start_time":1610887849000},{"elapsed_time":744820,"segment":0,"interval":1,"start_time":1610887850000},{"elapsed_time":746820,"segment":0,"interval":1,"start_time":1610887852000},{"elapsed_time":748820,"segment":0,"interval":1,"start_time":1610887854000},{"elapsed_time":750820,"segment":0,"interval":1,"start_time":1610887856000},{"elapsed_time":752820,"segment":0,"interval":1,"start_time":1610887858000},{"elapsed_time":754820,"segment":0,"interval":1,"start_time":1610887860000},{"elapsed_time":756820,"segment":0,"interval":1,"start_time":1610887862000},{"elapsed_time":758820,"segment":0,"interval":1,"start_time":1610887864000},{"elapsed_time":760820,"segment":0,"interval":1,"start_time":1610887866000},{"elapsed_time":762820,"segment":0,"interval":1,"start_time":1610887868000},{"elapsed_time":764820,"segment":0,"interval":1,"start_time":1610887870000},{"elapsed_time":766820,"segment":0,"interval":1,"start_time":1610887872000},{"elapsed_time":768820,"segment":0,"interval":1,"start_time":1610887874000},{"elapsed_time":770820,"segment":0,"interval":1,"start_time":1610887876000},{"elapsed_time":772820,"segment":0,"interval":1,"start_time":1610887878000},{"elapsed_time":774820,"segment":0,"interval":1,"start_time":1610887880000},{"elapsed_time":776820,"segment":0,"interval":1,"start_time":1610887882000},{"elapsed_time":778820,"segment":0,"interval":1,"start_time":1610887884000},{"elapsed_time":780820,"segment":0,"interval":1,"start_time":1610887886000},{"elapsed_time":782820,"segment":0,"interval":1,"start_time":1610887888000},{"elapsed_time":784820,"segment":0,"interval":1,"start_time":1610887890000},{"elapsed_time":786820,"segment":0,"interval":1,"start_time":1610887892000},{"elapsed_time":788820,"segment":0,"interval":1,"start_time":1610887894000},{"elapsed_time":790820,"segment":0,"interval":1,"start_time":1610887896000},{"elapsed_time":792820,"segment":0,"interval":1,"start_time":1610887898000},{"elapsed_time":795820,"segment":0,"interval":1,"start_time":1610887901000},{"elapsed_time":797820,"segment":0,"interval":1,"start_time":1610887903000},{"elapsed_time":799820,"segment":0,"interval":1,"start_time":1610887905000},{"elapsed_time":801820,"segment":0,"interval":1,"start_time":1610887907000},{"elapsed_time":803820,"segment":0,"interval":1,"start_time":1610887909000},{"elapsed_time":805820,"segment":0,"interval":1,"start_time":1610887911000},{"elapsed_time":807820,"segment":0,"interval":1,"start_time":1610887913000},{"elapsed_time":809820,"segment":0,"interval":1,"start_time":1610887915000},{"elapsed_time":811820,"segment":0,"interval":1,"start_time":1610887917000},{"elapsed_time":813820,"segment":0,"interval":1,"start_time":1610887919000},{"elapsed_time":815820,"segment":0,"interval":1,"start_time":1610887921000},{"elapsed_time":817820,"segment":0,"interval":1,"start_time":1610887923000},{"elapsed_time":819820,"segment":0,"interval":1,"start_time":1610887925000},{"elapsed_time":821820,"segment":0,"interval":1,"start_time":1610887927000},{"elapsed_time":823820,"segment":0,"interval":1,"start_time":1610887929000},{"elapsed_time":825820,"segment":0,"interval":1,"start_time":1610887931000},{"elapsed_time":827820,"segment":0,"interval":1,"start_time":1610887933000},{"elapsed_time":829820,"segment":0,"interval":1,"start_time":1610887935000},{"elapsed_time":831820,"segment":0,"interval":1,"start_time":1610887937000},{"elapsed_time":833820,"segment":0,"interval":1,"start_time":1610887939000},{"elapsed_time":835820,"segment":0,"interval":1,"start_time":1610887941000},{"elapsed_time":837820,"segment":0,"interval":1,"start_time":1610887943000},{"elapsed_time":839820,"segment":0,"interval":1,"start_time":1610887945000},{"elapsed_time":841820,"segment":0,"interval":1,"start_time":1610887947000},{"elapsed_time":843820,"segment":0,"interval":1,"start_time":1610887949000},{"elapsed_time":845820,"segment":0,"interval":1,"start_time":1610887951000},{"elapsed_time":847820,"segment":0,"interval":1,"start_time":1610887953000},{"elapsed_time":849820,"segment":0,"interval":1,"start_time":1610887955000},{"elapsed_time":851820,"segment":0,"interval":1,"start_time":1610887957000},{"elapsed_time":853820,"segment":0,"interval":1,"start_time":1610887959000},{"elapsed_time":855820,"segment":0,"interval":1,"start_time":1610887961000},{"elapsed_time":857820,"segment":0,"interval":1,"start_time":1610887963000},{"elapsed_time":859820,"segment":0,"interval":1,"start_time":1610887965000},{"elapsed_time":861820,"segment":0,"interval":1,"start_time":1610887967000},{"elapsed_time":863820,"segment":0,"interval":1,"start_time":1610887969000},{"elapsed_time":865820,"segment":0,"interval":1,"start_time":1610887971000},{"elapsed_time":867820,"segment":0,"interval":1,"start_time":1610887973000},{"elapsed_time":869820,"segment":0,"interval":1,"start_time":1610887975000},{"elapsed_time":871820,"segment":0,"interval":1,"start_time":1610887977000},{"elapsed_time":873820,"segment":0,"interval":1,"start_time":1610887979000},{"elapsed_time":875820,"segment":0,"interval":1,"start_time":1610887981000},{"elapsed_time":877820,"segment":0,"interval":1,"start_time":1610887983000},{"elapsed_time":879820,"segment":0,"interval":1,"start_time":1610887985000},{"elapsed_time":881820,"segment":0,"interval":1,"start_time":1610887987000},{"elapsed_time":883820,"segment":0,"interval":1,"start_time":1610887989000},{"elapsed_time":885820,"segment":0,"interval":1,"start_time":1610887991000},{"elapsed_time":887820,"segment":0,"interval":1,"start_time":1610887993000},{"elapsed_time":889820,"segment":0,"interval":1,"start_time":1610887995000},{"elapsed_time":891820,"segment":0,"interval":1,"start_time":1610887997000},{"elapsed_time":893820,"segment":0,"interval":1,"start_time":1610887999000},{"elapsed_time":895820,"segment":0,"interval":1,"start_time":1610888001000},{"elapsed_time":897820,"segment":0,"interval":1,"start_time":1610888003000},{"elapsed_time":899820,"segment":0,"interval":1,"start_time":1610888005000},{"elapsed_time":902820,"segment":0,"interval":1,"start_time":1610888008000},{"elapsed_time":909820,"segment":0,"interval":1,"start_time":1610888015000},{"elapsed_time":912820,"segment":0,"interval":1,"start_time":1610888018000},{"elapsed_time":914820,"segment":0,"interval":1,"start_time":1610888020000},{"elapsed_time":916820,"segment":0,"interval":1,"start_time":1610888022000},{"elapsed_time":918820,"segment":0,"interval":1,"start_time":1610888024000},{"elapsed_time":920820,"segment":0,"interval":1,"start_time":1610888026000},{"elapsed_time":922820,"segment":0,"interval":1,"start_time":1610888028000},{"elapsed_time":924820,"segment":0,"interval":1,"start_time":1610888030000},{"elapsed_time":926820,"segment":0,"interval":1,"start_time":1610888032000},{"elapsed_time":928820,"segment":0,"interval":1,"start_time":1610888034000},{"elapsed_time":930820,"segment":0,"interval":1,"start_time":1610888036000},{"elapsed_time":932820,"segment":0,"interval":1,"start_time":1610888038000},{"elapsed_time":934820,"segment":0,"interval":1,"start_time":1610888040000},{"elapsed_time":936820,"segment":0,"interval":1,"start_time":1610888042000},{"elapsed_time":938820,"segment":0,"interval":1,"start_time":1610888044000},{"elapsed_time":940820,"segment":0,"interval":1,"start_time":1610888046000},{"elapsed_time":942820,"segment":0,"interval":1,"start_time":1610888048000},{"elapsed_time":944820,"segment":0,"interval":1,"start_time":1610888050000},{"elapsed_time":946820,"segment":0,"interval":1,"start_time":1610888052000},{"elapsed_time":948820,"segment":0,"interval":1,"start_time":1610888054000},{"elapsed_time":950820,"segment":0,"interval":1,"start_time":1610888056000},{"elapsed_time":952820,"segment":0,"interval":1,"start_time":1610888058000},{"elapsed_time":954820,"segment":0,"interval":1,"start_time":1610888060000},{"elapsed_time":956820,"segment":0,"interval":1,"start_time":1610888062000},{"elapsed_time":958820,"segment":0,"interval":1,"start_time":1610888064000},{"elapsed_time":960820,"segment":0,"interval":1,"start_time":1610888066000},{"elapsed_time":962820,"segment":0,"interval":1,"start_time":1610888068000},{"elapsed_time":964820,"segment":0,"interval":1,"start_time":1610888070000},{"elapsed_time":966820,"segment":0,"interval":1,"start_time":1610888072000},{"elapsed_time":968820,"segment":0,"interval":1,"start_time":1610888074000},{"elapsed_time":970820,"segment":0,"interval":1,"start_time":1610888076000},{"elapsed_time":972820,"segment":0,"interval":1,"start_time":1610888078000},{"elapsed_time":974820,"segment":0,"interval":1,"start_time":1610888080000},{"elapsed_time":976820,"segment":0,"interval":1,"start_time":1610888082000},{"elapsed_time":978820,"segment":0,"interval":1,"start_time":1610888084000},{"elapsed_time":980820,"segment":0,"interval":1,"start_time":1610888086000},{"elapsed_time":982820,"segment":0,"interval":1,"start_time":1610888088000},{"elapsed_time":984820,"segment":0,"interval":1,"start_time":1610888090000},{"elapsed_time":986820,"segment":0,"interval":1,"start_time":1610888092000},{"elapsed_time":988820,"segment":0,"interval":1,"start_time":1610888094000},{"elapsed_time":990820,"segment":0,"interval":1,"start_time":1610888096000},{"elapsed_time":992820,"segment":0,"interval":1,"start_time":1610888098000},{"elapsed_time":994820,"segment":0,"interval":1,"start_time":1610888100000},{"elapsed_time":996820,"segment":0,"interval":1,"start_time":1610888102000},{"elapsed_time":998820,"segment":0,"interval":1,"start_time":1610888104000},{"elapsed_time":1000820,"segment":0,"interval":1,"start_time":1610888106000},{"elapsed_time":1002820,"segment":0,"interval":1,"start_time":1610888108000},{"elapsed_time":1004820,"segment":0,"interval":1,"start_time":1610888110000},{"elapsed_time":1006820,"segment":0,"interval":1,"start_time":1610888112000},{"elapsed_time":1008820,"segment":0,"interval":1,"start_time":1610888114000},{"elapsed_time":1010820,"segment":0,"interval":1,"start_time":1610888116000},{"elapsed_time":1012820,"segment":0,"interval":1,"start_time":1610888118000},{"elapsed_time":1014820,"segment":0,"interval":1,"start_time":1610888120000},{"elapsed_time":1016820,"segment":0,"interval":1,"start_time":1610888122000},{"elapsed_time":1018820,"segment":0,"interval":1,"start_time":1610888124000},{"elapsed_time":1020820,"segment":0,"interval":1,"start_time":1610888126000},{"elapsed_time":1022820,"segment":0,"interval":1,"start_time":1610888128000},{"elapsed_time":1024820,"segment":0,"interval":1,"start_time":1610888130000},{"elapsed_time":1026820,"segment":0,"interval":1,"start_time":1610888132000},{"elapsed_time":1028820,"segment":0,"interval":1,"start_time":1610888134000},{"elapsed_time":1030820,"segment":0,"interval":1,"start_time":1610888136000},{"elapsed_time":1032820,"segment":0,"interval":1,"start_time":1610888138000},{"elapsed_time":1034820,"segment":0,"interval":1,"start_time":1610888140000},{"elapsed_time":1036820,"segment":0,"interval":1,"start_time":1610888142000},{"elapsed_time":1038820,"segment":0,"interval":1,"start_time":1610888144000},{"elapsed_time":1040820,"segment":0,"interval":1,"start_time":1610888146000},{"elapsed_time":1042820,"segment":0,"interval":1,"start_time":1610888148000},{"elapsed_time":1044820,"segment":0,"interval":1,"start_time":1610888150000},{"elapsed_time":1046820,"segment":0,"interval":1,"start_time":1610888152000},{"elapsed_time":1048820,"segment":0,"interval":1,"start_time":1610888154000},{"elapsed_time":1050820,"segment":0,"interval":1,"start_time":1610888156000},{"elapsed_time":1052820,"segment":0,"interval":1,"start_time":1610888158000},{"elapsed_time":1054820,"segment":0,"interval":1,"start_time":1610888160000},{"elapsed_time":1056820,"segment":0,"interval":1,"start_time":1610888162000},{"elapsed_time":1058820,"segment":0,"interval":1,"start_time":1610888164000},{"elapsed_time":1060820,"segment":0,"interval":1,"start_time":1610888166000},{"elapsed_time":1062820,"segment":0,"interval":1,"start_time":1610888168000},{"elapsed_time":1064820,"segment":0,"interval":1,"start_time":1610888170000},{"elapsed_time":1066820,"segment":0,"interval":1,"start_time":1610888172000},{"elapsed_time":1068820,"segment":0,"interval":1,"start_time":1610888174000},{"elapsed_time":1070820,"segment":0,"interval":1,"start_time":1610888176000},{"elapsed_time":1072820,"segment":0,"interval":1,"start_time":1610888178000},{"elapsed_time":1074820,"segment":0,"interval":1,"start_time":1610888180000},{"elapsed_time":1076820,"segment":0,"interval":1,"start_time":1610888182000},{"elapsed_time":1078820,"segment":0,"interval":1,"start_time":1610888184000},{"elapsed_time":1080820,"segment":0,"interval":1,"start_time":1610888186000},{"elapsed_time":1082820,"segment":0,"interval":1,"start_time":1610888188000},{"elapsed_time":1084820,"segment":0,"interval":1,"start_time":1610888190000},{"elapsed_time":1086820,"segment":0,"interval":1,"start_time":1610888192000},{"elapsed_time":1088820,"segment":0,"interval":1,"start_time":1610888194000},{"elapsed_time":1090820,"segment":0,"interval":1,"start_time":1610888196000},{"elapsed_time":1092820,"segment":0,"interval":1,"start_time":1610888198000},{"elapsed_time":1094820,"segment":0,"interval":1,"start_time":1610888200000},{"elapsed_time":1096820,"segment":0,"interval":1,"start_time":1610888202000},{"elapsed_time":1098820,"segment":0,"interval":1,"start_time":1610888204000},{"elapsed_time":1100820,"segment":0,"interval":1,"start_time":1610888206000},{"elapsed_time":1102820,"segment":0,"interval":1,"start_time":1610888208000},{"elapsed_time":1104820,"segment":0,"interval":1,"start_time":1610888210000},{"elapsed_time":1106820,"segment":0,"interval":1,"start_time":1610888212000},{"elapsed_time":1108820,"segment":0,"interval":1,"start_time":1610888214000},{"elapsed_time":1110820,"segment":0,"interval":1,"start_time":1610888216000},{"elapsed_time":1112820,"segment":0,"interval":1,"start_time":1610888218000},{"elapsed_time":1114820,"segment":0,"interval":1,"start_time":1610888220000},{"elapsed_time":1116820,"segment":0,"interval":1,"start_time":1610888222000},{"elapsed_time":1118820,"segment":0,"interval":1,"start_time":1610888224000},{"elapsed_time":1120820,"segment":0,"interval":1,"start_time":1610888226000},{"elapsed_time":1122820,"segment":0,"interval":1,"start_time":1610888228000},{"elapsed_time":1124820,"segment":0,"interval":1,"start_time":1610888230000},{"elapsed_time":1126820,"segment":0,"interval":1,"start_time":1610888232000},{"elapsed_time":1128820,"segment":0,"interval":1,"start_time":1610888234000},{"elapsed_time":1130820,"segment":0,"interval":1,"start_time":1610888236000},{"elapsed_time":1132820,"segment":0,"interval":1,"start_time":1610888238000},{"elapsed_time":1134820,"segment":0,"interval":1,"start_time":1610888240000},{"elapsed_time":1136820,"segment":0,"interval":1,"start_time":1610888242000},{"elapsed_time":1138820,"segment":0,"interval":1,"start_time":1610888244000},{"elapsed_time":1140820,"segment":0,"interval":1,"start_time":1610888246000},{"elapsed_time":1142820,"segment":0,"interval":1,"start_time":1610888248000},{"elapsed_time":1144820,"segment":0,"interval":1,"start_time":1610888250000},{"elapsed_time":1146820,"segment":0,"interval":1,"start_time":1610888252000},{"elapsed_time":1148820,"segment":0,"interval":1,"start_time":1610888254000},{"elapsed_time":1150820,"segment":0,"interval":1,"start_time":1610888256000},{"elapsed_time":1152820,"segment":0,"interval":1,"start_time":1610888258000},{"elapsed_time":1154820,"segment":0,"interval":1,"start_time":1610888260000},{"elapsed_time":1156820,"segment":0,"interval":1,"start_time":1610888262000},{"elapsed_time":1158820,"segment":0,"interval":1,"start_time":1610888264000},{"elapsed_time":1160820,"segment":0,"interval":1,"start_time":1610888266000},{"elapsed_time":1162820,"segment":0,"interval":1,"start_time":1610888268000},{"elapsed_time":1164820,"segment":0,"interval":1,"start_time":1610888270000},{"elapsed_time":1166820,"segment":0,"interval":1,"start_time":1610888272000},{"elapsed_time":1168820,"segment":0,"interval":1,"start_time":1610888274000},{"elapsed_time":1170820,"segment":0,"interval":1,"start_time":1610888276000},{"elapsed_time":1172820,"segment":0,"interval":1,"start_time":1610888278000},{"elapsed_time":1174820,"segment":0,"interval":1,"start_time":1610888280000},{"elapsed_time":1176820,"segment":0,"interval":1,"start_time":1610888282000},{"elapsed_time":1178820,"segment":0,"interval":1,"start_time":1610888284000},{"elapsed_time":1180820,"segment":0,"interval":1,"start_time":1610888286000},{"elapsed_time":1183820,"segment":0,"interval":1,"start_time":1610888289000},{"elapsed_time":1186820,"segment":0,"interval":1,"start_time":1610888292000},{"elapsed_time":1188820,"segment":0,"interval":1,"start_time":1610888294000},{"elapsed_time":1190820,"segment":0,"interval":1,"start_time":1610888296000},{"elapsed_time":1192820,"segment":0,"interval":1,"start_time":1610888298000},{"elapsed_time":1194820,"segment":0,"interval":1,"start_time":1610888300000},{"elapsed_time":1196820,"segment":0,"interval":1,"start_time":1610888302000},{"elapsed_time":1198820,"segment":0,"interval":1,"start_time":1610888304000},{"elapsed_time":1200820,"segment":0,"interval":1,"start_time":1610888306000},{"elapsed_time":1202820,"segment":0,"interval":1,"start_time":1610888308000},{"elapsed_time":1204820,"segment":0,"interval":1,"start_time":1610888310000},{"elapsed_time":1206820,"segment":0,"interval":1,"start_time":1610888312000},{"elapsed_time":1208820,"segment":0,"interval":1,"start_time":1610888314000},{"elapsed_time":1210820,"segment":0,"interval":1,"start_time":1610888316000},{"elapsed_time":1212820,"segment":0,"interval":1,"start_time":1610888318000},{"elapsed_time":1214820,"segment":0,"interval":1,"start_time":1610888320000},{"elapsed_time":1216820,"segment":0,"interval":1,"start_time":1610888322000},{"elapsed_time":1218820,"segment":0,"interval":1,"start_time":1610888324000},{"elapsed_time":1220820,"segment":0,"interval":1,"start_time":1610888326000},{"elapsed_time":1222820,"segment":0,"interval":1,"start_time":1610888328000},{"elapsed_time":1224820,"segment":0,"interval":1,"start_time":1610888330000},{"elapsed_time":1226820,"segment":0,"interval":1,"start_time":1610888332000},{"elapsed_time":1228820,"segment":0,"interval":1,"start_time":1610888334000},{"elapsed_time":1230820,"segment":0,"interval":1,"start_time":1610888336000},{"elapsed_time":1232820,"segment":0,"interval":1,"start_time":1610888338000},{"elapsed_time":1234820,"segment":0,"interval":1,"start_time":1610888340000},{"elapsed_time":1236820,"segment":0,"interval":1,"start_time":1610888342000},{"elapsed_time":1238820,"segment":0,"interval":1,"start_time":1610888344000},{"elapsed_time":1240820,"segment":0,"interval":1,"start_time":1610888346000},{"elapsed_time":1242820,"segment":0,"interval":1,"start_time":1610888348000},{"elapsed_time":1244820,"segment":0,"interval":1,"start_time":1610888350000},{"elapsed_time":1246820,"segment":0,"interval":1,"start_time":1610888352000},{"elapsed_time":1248820,"segment":0,"interval":1,"start_time":1610888354000},{"elapsed_time":1250820,"segment":0,"interval":1,"start_time":1610888356000},{"elapsed_time":1252820,"segment":0,"interval":1,"start_time":1610888358000},{"elapsed_time":1254820,"segment":0,"interval":1,"start_time":1610888360000},{"elapsed_time":1256820,"segment":0,"interval":1,"start_time":1610888362000},{"elapsed_time":1258820,"segment":0,"interval":1,"start_time":1610888364000},{"elapsed_time":1260820,"segment":0,"interval":1,"start_time":1610888366000},{"elapsed_time":1262820,"segment":0,"interval":1,"start_time":1610888368000},{"elapsed_time":1264820,"segment":0,"interval":1,"start_time":1610888370000},{"elapsed_time":1266820,"segment":0,"interval":1,"start_time":1610888372000},{"elapsed_time":1268820,"segment":0,"interval":1,"start_time":1610888374000},{"elapsed_time":1270820,"segment":0,"interval":1,"start_time":1610888376000},{"elapsed_time":1272820,"segment":0,"interval":1,"start_time":1610888378000},{"elapsed_time":1275820,"segment":0,"interval":1,"start_time":1610888381000},{"elapsed_time":1277820,"segment":0,"interval":1,"start_time":1610888383000},{"elapsed_time":1279820,"segment":0,"interval":1,"start_time":1610888385000},{"elapsed_time":1282820,"segment":0,"interval":1,"start_time":1610888388000},{"elapsed_time":1284820,"segment":0,"interval":1,"start_time":1610888390000},{"elapsed_time":1286820,"segment":0,"interval":1,"start_time":1610888392000},{"elapsed_time":1288820,"segment":0,"interval":1,"start_time":1610888394000},{"elapsed_time":1290820,"segment":0,"interval":1,"start_time":1610888396000},{"elapsed_time":1292820,"segment":0,"interval":1,"start_time":1610888398000},{"elapsed_time":1294820,"segment":0,"interval":1,"start_time":1610888400000},{"elapsed_time":1296820,"segment":0,"interval":1,"start_time":1610888402000},{"elapsed_time":1298820,"segment":0,"interval":1,"start_time":1610888404000},{"elapsed_time":1300820,"segment":0,"interval":1,"start_time":1610888406000},{"elapsed_time":1302820,"segment":0,"interval":1,"start_time":1610888408000},{"elapsed_time":1304820,"segment":0,"interval":1,"start_time":1610888410000},{"elapsed_time":1306820,"segment":0,"interval":1,"start_time":1610888412000},{"elapsed_time":1308820,"segment":0,"interval":1,"start_time":1610888414000},{"elapsed_time":1310820,"segment":0,"interval":1,"start_time":1610888416000},{"elapsed_time":1312820,"segment":0,"interval":1,"start_time":1610888418000},{"elapsed_time":1314820,"segment":0,"interval":1,"start_time":1610888420000},{"elapsed_time":1316820,"segment":0,"interval":1,"start_time":1610888422000},{"elapsed_time":1318820,"segment":0,"interval":1,"start_time":1610888424000},{"elapsed_time":1320820,"segment":0,"interval":1,"start_time":1610888426000},{"elapsed_time":1322820,"segment":0,"interval":1,"start_time":1610888428000},{"elapsed_time":1324820,"segment":0,"interval":1,"start_time":1610888430000},{"elapsed_time":1327820,"segment":0,"interval":1,"start_time":1610888433000},{"elapsed_time":1329820,"segment":0,"interval":1,"start_time":1610888435000},{"elapsed_time":1331820,"segment":0,"interval":1,"start_time":1610888437000},{"elapsed_time":1333820,"segment":0,"interval":1,"start_time":1610888439000},{"elapsed_time":1335820,"segment":0,"interval":1,"start_time":1610888441000},{"elapsed_time":1337820,"segment":0,"interval":1,"start_time":1610888443000},{"elapsed_time":1339820,"segment":0,"interval":1,"start_time":1610888445000},{"elapsed_time":1341820,"segment":0,"interval":1,"start_time":1610888447000},{"elapsed_time":1343820,"segment":0,"interval":1,"start_time":1610888449000},{"elapsed_time":1345820,"segment":0,"interval":1,"start_time":1610888451000},{"elapsed_time":1347820,"segment":0,"interval":1,"start_time":1610888453000},{"elapsed_time":1349820,"segment":0,"interval":1,"start_time":1610888455000},{"elapsed_time":1351820,"segment":0,"interval":1,"start_time":1610888457000},{"elapsed_time":1353820,"segment":0,"interval":1,"start_time":1610888459000},{"elapsed_time":1355820,"segment":0,"interval":1,"start_time":1610888461000},{"elapsed_time":1357820,"segment":0,"interval":1,"start_time":1610888463000},{"elapsed_time":1359820,"segment":0,"interval":1,"start_time":1610888465000},{"elapsed_time":1361820,"segment":0,"interval":1,"start_time":1610888467000},{"elapsed_time":1363820,"segment":0,"interval":1,"start_time":1610888469000},{"elapsed_time":1365820,"segment":0,"interval":1,"start_time":1610888471000},{"elapsed_time":1367820,"segment":0,"interval":1,"start_time":1610888473000},{"elapsed_time":1369820,"segment":0,"interval":1,"start_time":1610888475000},{"elapsed_time":1371820,"segment":0,"interval":1,"start_time":1610888477000},{"elapsed_time":1373820,"segment":0,"interval":1,"start_time":1610888479000},{"elapsed_time":1375820,"segment":0,"interval":1,"start_time":1610888481000},{"elapsed_time":1377820,"segment":0,"interval":1,"start_time":1610888483000},{"elapsed_time":1379820,"segment":0,"interval":1,"start_time":1610888485000},{"elapsed_time":1381820,"segment":0,"interval":1,"start_time":1610888487000},{"elapsed_time":1383820,"segment":0,"interval":1,"start_time":1610888489000},{"elapsed_time":1385820,"segment":0,"interval":1,"start_time":1610888491000},{"elapsed_time":1387820,"segment":0,"interval":1,"start_time":1610888493000},{"elapsed_time":1389820,"segment":0,"interval":1,"start_time":1610888495000},{"elapsed_time":1391820,"segment":0,"interval":1,"start_time":1610888497000},{"elapsed_time":1393820,"segment":0,"interval":1,"start_time":1610888499000},{"elapsed_time":1395820,"segment":0,"interval":1,"start_time":1610888501000},{"elapsed_time":1397820,"segment":0,"interval":1,"start_time":1610888503000},{"elapsed_time":1399820,"segment":0,"interval":1,"start_time":1610888505000},{"elapsed_time":1401820,"segment":0,"interval":1,"start_time":1610888507000},{"elapsed_time":1403820,"segment":0,"interval":1,"start_time":1610888509000},{"elapsed_time":1405820,"segment":0,"interval":1,"start_time":1610888511000},{"elapsed_time":1407820,"segment":0,"interval":1,"start_time":1610888513000},{"elapsed_time":1410820,"segment":0,"interval":1,"start_time":1610888516000},{"elapsed_time":1412820,"segment":0,"interval":1,"start_time":1610888518000},{"elapsed_time":1414820,"segment":0,"interval":1,"start_time":1610888520000},{"elapsed_time":1416820,"segment":0,"interval":1,"start_time":1610888522000},{"elapsed_time":1418820,"segment":0,"interval":1,"start_time":1610888524000},{"elapsed_time":1420820,"segment":0,"interval":1,"start_time":1610888526000},{"elapsed_time":1422820,"segment":0,"interval":1,"start_time":1610888528000},{"elapsed_time":1424820,"segment":0,"interval":1,"start_time":1610888530000},{"elapsed_time":1426820,"segment":0,"interval":1,"start_time":1610888532000},{"elapsed_time":1428820,"segment":0,"interval":1,"start_time":1610888534000},{"elapsed_time":1430820,"segment":0,"interval":1,"start_time":1610888536000},{"elapsed_time":1432820,"segment":0,"interval":1,"start_time":1610888538000},{"elapsed_time":1434820,"segment":0,"interval":1,"start_time":1610888540000},{"elapsed_time":1436820,"segment":0,"interval":1,"start_time":1610888542000},{"elapsed_time":1438820,"segment":0,"interval":1,"start_time":1610888544000},{"elapsed_time":1440820,"segment":0,"interval":1,"start_time":1610888546000},{"elapsed_time":1442820,"segment":0,"interval":1,"start_time":1610888548000},{"elapsed_time":1444820,"segment":0,"interval":1,"start_time":1610888550000},{"elapsed_time":1446820,"segment":0,"interval":1,"start_time":1610888552000},{"elapsed_time":1449820,"segment":0,"interval":1,"start_time":1610888555000},{"elapsed_time":1451820,"segment":0,"interval":1,"start_time":1610888557000},{"elapsed_time":1453820,"segment":0,"interval":1,"start_time":1610888559000},{"elapsed_time":1455820,"segment":0,"interval":1,"start_time":1610888561000},{"elapsed_time":1457820,"segment":0,"interval":1,"start_time":1610888563000},{"elapsed_time":1459820,"segment":0,"interval":1,"start_time":1610888565000},{"elapsed_time":1461820,"segment":0,"interval":1,"start_time":1610888567000},{"elapsed_time":1463820,"segment":0,"interval":1,"start_time":1610888569000},{"elapsed_time":1465820,"segment":0,"interval":1,"start_time":1610888571000},{"elapsed_time":1467820,"segment":0,"interval":1,"start_time":1610888573000},{"elapsed_time":1469820,"segment":0,"interval":1,"start_time":1610888575000},{"elapsed_time":1472820,"segment":0,"interval":1,"start_time":1610888578000},{"elapsed_time":1474820,"segment":0,"interval":1,"start_time":1610888580000},{"elapsed_time":1477820,"segment":0,"interval":1,"start_time":1610888583000},{"elapsed_time":1479820,"segment":0,"interval":1,"start_time":1610888585000},{"elapsed_time":1481820,"segment":0,"interval":1,"start_time":1610888587000},{"elapsed_time":1483820,"segment":0,"interval":1,"start_time":1610888589000},{"elapsed_time":1485820,"segment":0,"interval":1,"start_time":1610888591000},{"elapsed_time":1487820,"segment":0,"interval":1,"start_time":1610888593000},{"elapsed_time":1489820,"segment":0,"interval":1,"start_time":1610888595000},{"elapsed_time":1491820,"segment":0,"interval":1,"start_time":1610888597000},{"elapsed_time":1493820,"segment":0,"interval":1,"start_time":1610888599000},{"elapsed_time":1495820,"segment":0,"interval":1,"start_time":1610888601000},{"elapsed_time":1497820,"segment":0,"interval":1,"start_time":1610888603000},{"elapsed_time":1499820,"segment":0,"interval":1,"start_time":1610888605000},{"elapsed_time":1501820,"segment":0,"interval":1,"start_time":1610888607000},{"elapsed_time":1503820,"segment":0,"interval":1,"start_time":1610888609000},{"elapsed_time":1505820,"segment":0,"interval":1,"start_time":1610888611000},{"elapsed_time":1507820,"segment":0,"interval":1,"start_time":1610888613000},{"elapsed_time":1509820,"segment":0,"interval":1,"start_time":1610888615000},{"elapsed_time":1511820,"segment":0,"interval":1,"start_time":1610888617000},{"elapsed_time":1513820,"segment":0,"interval":1,"start_time":1610888619000},{"elapsed_time":1515820,"segment":0,"interval":1,"start_time":1610888621000},{"elapsed_time":1517820,"segment":0,"interval":1,"start_time":1610888623000},{"elapsed_time":1519820,"segment":0,"interval":1,"start_time":1610888625000},{"elapsed_time":1521820,"segment":0,"interval":1,"start_time":1610888627000},{"elapsed_time":1524820,"segment":0,"interval":1,"start_time":1610888630000},{"elapsed_time":1526820,"segment":0,"interval":1,"start_time":1610888632000},{"elapsed_time":1528820,"segment":0,"interval":1,"start_time":1610888634000},{"elapsed_time":1530820,"segment":0,"interval":1,"start_time":1610888636000},{"elapsed_time":1532820,"segment":0,"interval":1,"start_time":1610888638000},{"elapsed_time":1534820,"segment":0,"interval":1,"start_time":1610888640000},{"elapsed_time":1536820,"segment":0,"interval":1,"start_time":1610888642000},{"elapsed_time":1538820,"segment":0,"interval":1,"start_time":1610888644000},{"elapsed_time":1540820,"segment":0,"interval":1,"start_time":1610888646000},{"elapsed_time":1542820,"segment":0,"interval":1,"start_time":1610888648000},{"elapsed_time":1544820,"segment":0,"interval":1,"start_time":1610888650000},{"elapsed_time":1546820,"segment":0,"interval":1,"start_time":1610888652000},{"elapsed_time":1548820,"segment":0,"interval":1,"start_time":1610888654000},{"elapsed_time":1550820,"segment":0,"interval":1,"start_time":1610888656000},{"elapsed_time":1552820,"segment":0,"interval":1,"start_time":1610888658000},{"elapsed_time":1554820,"segment":0,"interval":1,"start_time":1610888660000},{"elapsed_time":1556820,"segment":0,"interval":1,"start_time":1610888662000},{"elapsed_time":1558820,"segment":0,"interval":1,"start_time":1610888664000},{"elapsed_time":1560820,"segment":0,"interval":1,"start_time":1610888666000},{"elapsed_time":1562820,"segment":0,"interval":1,"start_time":1610888668000},{"elapsed_time":1564820,"segment":0,"interval":1,"start_time":1610888670000},{"elapsed_time":1566820,"segment":0,"interval":1,"start_time":1610888672000},{"elapsed_time":1568820,"segment":0,"interval":1,"start_time":1610888674000},{"elapsed_time":1570820,"segment":0,"interval":1,"start_time":1610888676000},{"elapsed_time":1572820,"segment":0,"interval":1,"start_time":1610888678000},{"elapsed_time":1574820,"segment":0,"interval":1,"start_time":1610888680000},{"elapsed_time":1576820,"segment":0,"interval":1,"start_time":1610888682000},{"elapsed_time":1578820,"segment":0,"interval":1,"start_time":1610888684000},{"elapsed_time":1580820,"segment":0,"interval":1,"start_time":1610888686000},{"elapsed_time":1582820,"segment":0,"interval":1,"start_time":1610888688000},{"elapsed_time":1584820,"segment":0,"interval":1,"start_time":1610888690000},{"elapsed_time":1586820,"segment":0,"interval":1,"start_time":1610888692000},{"elapsed_time":1588820,"segment":0,"interval":1,"start_time":1610888694000},{"elapsed_time":1590820,"segment":0,"interval":1,"start_time":1610888696000},{"elapsed_time":1592820,"segment":0,"interval":1,"start_time":1610888698000},{"elapsed_time":1594820,"segment":0,"interval":1,"start_time":1610888700000},{"elapsed_time":1596820,"segment":0,"interval":1,"start_time":1610888702000},{"elapsed_time":1598820,"segment":0,"interval":1,"start_time":1610888704000},{"elapsed_time":1601820,"segment":0,"interval":1,"start_time":1610888707000},{"elapsed_time":1603820,"segment":0,"interval":1,"start_time":1610888709000},{"elapsed_time":1605820,"segment":0,"interval":1,"start_time":1610888711000},{"elapsed_time":1607820,"segment":0,"interval":1,"start_time":1610888713000},{"elapsed_time":1609820,"segment":0,"interval":1,"start_time":1610888715000},{"elapsed_time":1611820,"segment":0,"interval":1,"start_time":1610888717000},{"elapsed_time":1613820,"segment":0,"interval":1,"start_time":1610888719000},{"elapsed_time":1616820,"segment":0,"interval":1,"start_time":1610888722000},{"elapsed_time":1618820,"segment":0,"interval":1,"start_time":1610888724000},{"elapsed_time":1620820,"segment":0,"interval":1,"start_time":1610888726000},{"elapsed_time":1622820,"segment":0,"interval":1,"start_time":1610888728000},{"elapsed_time":1624820,"segment":0,"interval":1,"start_time":1610888730000},{"elapsed_time":1626820,"segment":0,"interval":1,"start_time":1610888732000},{"elapsed_time":1628820,"segment":0,"interval":1,"start_time":1610888734000},{"elapsed_time":1630820,"segment":0,"interval":1,"start_time":1610888736000},{"elapsed_time":1633820,"segment":0,"interval":1,"start_time":1610888739000},{"elapsed_time":1635820,"segment":0,"interval":1,"start_time":1610888741000},{"elapsed_time":1637820,"segment":0,"interval":1,"start_time":1610888743000},{"elapsed_time":1639820,"segment":0,"interval":1,"start_time":1610888745000},{"elapsed_time":1641820,"segment":0,"interval":1,"start_time":1610888747000},{"elapsed_time":1643820,"segment":0,"interval":1,"start_time":1610888749000},{"elapsed_time":1645820,"segment":0,"interval":1,"start_time":1610888751000},{"elapsed_time":1647820,"segment":0,"interval":1,"start_time":1610888753000},{"elapsed_time":1649820,"segment":0,"interval":1,"start_time":1610888755000},{"elapsed_time":1651820,"segment":0,"interval":1,"start_time":1610888757000},{"elapsed_time":1653820,"segment":0,"interval":1,"start_time":1610888759000},{"elapsed_time":1655820,"segment":0,"interval":1,"start_time":1610888761000},{"elapsed_time":1657820,"segment":0,"interval":1,"start_time":1610888763000},{"elapsed_time":1660659,"segment":0,"interval":1,"start_time":1610888765839},{"elapsed_time":1660820,"segment":0,"interval":1,"start_time":1610888768620}]