{"data":[{"advanced_metrics":[{"chart_data":[{"duration":10000,"score":1,"value":0.9360},{"duration":20000,"score":1,"value":0.9498},{"duration":30000,"score":2,"value":0.9617},{"duration":40000,"score":2,"value":0.9516},{"duration":50000,"score":0,"value":0.8262},{"duration":60000,"score":0,"value":0.8736},{"duration":70000,"score":2,"value":0.9592},{"duration":80000,"score":2,"value":0.9835},{"duration":90000,"score":2,"value":0.9786},{"duration":100000,"score":1,"value":0.9488},{"duration":110000,"score":1,"value":0.9222},{"duration":120000,"score":2,"value":0.9557},{"duration":130000,"score":2,"value":0.9666},{"duration":140000,"score":2,"value":0.9736},{"duration":150000,"score":2,"value":0.9797},{"duration":160000,"score":2,"value":0.9639},{"duration":170000,"score":1,"value":0.9477},{"duration":180000,"score":2,"value":0.9554},{"duration":190000,"score":2,"value":0.9549},{"duration":200000,"score":1,"value":0.9495},{"duration":210000,"score":2,"value":0.9609},{"duration":220000,"score":2,"value":0.9735},{"duration":230000,"score":2,"value":0.9781},{"duration":240000,"score":2,"value":0.9854},{"duration":250000,"score":2,"value":0.9856},{"duration":260000,"score":2,"value":0.9837},{"duration":270000,"score":2,"value":0.9840},{"duration":280000,"score":2,"value":0.9828},{"duration":290000,"score":2,"value":0.9856},{"duration":300000,"score":2,"value":0.9776},{"duration":310000,"score":2,"value":0.9694},{"duration":320000,"score":2,"value":0.9808},{"duration":330000,"score":2,"value":0.9882},{"duration":340000,"score":2,"value":0.9857},{"duration":350000,"score":2,"value":0.9769},{"duration":360000,"score":2,"value":0.9750},{"duration":370000,"score":2,"value":0.9765},{"duration":380000,"score":2,"value":0.9707},{"duration":390000,"score":2,"value":0.9732},{"duration":400000,"score":0,"value":0.8958},{"duration":410000,"score":1,"value":0.9353},{"duration":420000,"score":2,"value":0.9577},{"duration":430000,"score":2,"value":0.9618},{"duration":440000,"score":2,"value":0.9711},{"duration":450000,"score":2,"value":0.9699},{"duration":460000,"score":2,"value":0.9652},{"duration":470000,"score":1,"value":0.9301},{"duration":480000,"score":1,"value":0.9269},{"duration":490000,"score":1,"value":0.9396},{"duration":500000,"score":2,"value":0.9612},{"duration":510000,"score":2,"value":0.9604},{"duration":520000,"score":2,"value":0.9512},{"duration":530000,"score":1,"value":0.9117},{"duration":540000,"score":2,"value":0.9516},{"duration":550000,"score":1,"value":0.9279},{"duration":560000,"score":1,"value":0.9334},{"duration":570000,"score":1,"value":0.9120},{"duration":580000,"score":1,"value":0.9427},{"duration":590000,"score":2,"value":0.9716},{"duration":600000,"score":2,"value":0.9848},{"duration":610000,"score":2,"value":0.9904},{"duration":620000,"score":2,"value":0.9848},{"duration":630000,"score":2,"value":0.9789},{"duration":640000,"score":2,"value":0.9768},{"duration":650000,"score":2,"value":0.9778},{"duration":660000,"score":2,"value":0.9839},{"duration":670000,"score":2,"value":0.9823},{"duration":680000,"score":2,"value":0.9821},{"duration":690000,"score":2,"value":0.9829},{"duration":700000,"score":2,"value":0.9833},{"duration":710000,"score":2,"value":0.9844},{"duration":720000,"score":2,"value":0.9734},{"duration":730000,"score":2,"value":0.9750},{"duration":740000,"score":2,"value":0.9669},{"duration":750000,"score":2,"value":0.9606},{"duration":760000,"score":2,"value":0.9612},{"duration":770000,"score":2,"value":0.9599},{"duration":780000,"score":1,"value":0.9362},{"duration":790000,"score":2,"value":0.9554},{"duration":800000,"score":2,"value":0.9664},{"duration":810000,"score":2,"value":0.9707},{"duration":820000,"score":2,"value":0.9767},{"duration":830000,"score":2,"value":0.9713},{"duration":840000,"score":2,"value":0.9638},{"duration":850000,"score":1,"value":0.9190},{"duration":860000,"score":2,"value":0.9520},{"duration":870000,"score":2,"value":0.9849},{"duration":880000,"score":2,"value":0.9894},{"duration":890000,"score":2,"value":0.9713},{"duration":900000,"score":2,"value":0.9660},{"duration":910000,"score":2,"value":0.9697},{"duration":920000,"score":1,"value":0.9272},{"duration":930000,"score":0,"value":0.8686},{"duration":940000,"score":1,"value":0.9269},{"duration":950000,"score":2,"value":0.9649},{"duration":960000,"score":2,"value":0.9748},{"duration":970000,"score":2,"value":0.9909},{"duration":980000,"score":2,"value":0.9982},{"duration":990000,"score":2,"value":0.9889},{"duration":1000000,"score":2,"value":0.9754},{"duration":1010000,"score":2,"value":0.9675},{"duration":1020000,"score":2,"value":0.9644},{"duration":1030000,"score":2,"value":0.9568},{"duration":1040000,"score":2,"value":0.9666},{"duration":1050000,"score":2,"value":0.9557},{"duration":1060000,"score":1,"value":0.9434},{"duration":1070000,"score":2,"value":0.9579},{"duration":1080000,"score":2,"value":0.9724},{"duration":1090000,"score":2,"value":0.9772},{"duration":1100000,"score":2,"value":0.9705},{"duration":1110000,"score":2,"value":0.9653},{"duration":1120000,"score":2,"value":0.9512},{"duration":1130000,"score":2,"value":0.9582},{"duration":1140000,"score":2,"value":0.9684},{"duration":1150000,"score":2,"value":0.9706},{"duration":1160000,"score":2,"value":0.9619},{"duration":1170000,"score":1,"value":0.9407},{"duration":1180000,"score":2,"value":0.9517},{"duration":1190000,"score":1,"value":0.9472},{"duration":1200000,"score":2,"value":0.9535},{"duration":1210000,"score":1,"value":0.9108},{"duration":1220000,"score":0,"value":0.8844},{"duration":1230000,"score":1,"value":0.9369},{"duration":1240000,"score":2,"value":0.9646},{"duration":1250000,"score":2,"value":0.9611},{"duration":1260000,"score":2,"value":0.9698},{"duration":1270000,"score":1,"value":0.9148},{"duration":1280000,"score":0,"value":0.8712},{"duration":1290000,"score":0,"value":0.8652},{"duration":1300000,"score":1,"value":0.9244},{"duration":1310000,"score":2,"value":0.9665},{"duration":1320000,"score":2,"value":0.9803},{"duration":1330000,"score":2,"value":0.9808},{"duration":1340000,"score":2,"value":0.9770},{"duration":1350000,"score":2,"value":0.9667},{"duration":1360000,"score":2,"value":0.9666},{"duration":1370000,"score":2,"value":0.9677},{"duration":1380000,"score":0,"value":0.8934},{"duration":1390000,"score":0,"value":0.8372},{"duration":1400000,"score":0,"value":0.8118},{"duration":1410000,"score":0,"value":0.8134},{"duration":1420000,"score":0,"value":0.8148},{"duration":1430000,"score":0,"value":0.8071},{"duration":1440000,"score":0,"value":0.8577},{"duration":1450000,"score":1,"value":0.9017},{"duration":1460000,"score":1,"value":0.9465},{"duration":1470000,"score":2,"value":0.9608},{"duration":1480000,"score":2,"value":0.9603},{"duration":1490000,"score":2,"value":0.9672},{"duration":1500000,"score":2,"value":0.9844},{"duration":1510000,"score":2,"value":0.9777},{"duration":1520000,"score":2,"value":0.9707},{"duration":1530000,"score":2,"value":0.9702},{"duration":1540000,"score":2,"value":0.9732},{"duration":1550000,"score":2,"value":0.9680},{"duration":1560000,"score":2,"value":0.9632},{"duration":1570000,"score":1,"value":0.9406},{"duration":1580000,"score":2,"value":0.9578},{"duration":1590000,"score":2,"value":0.9628},{"duration":1600000,"score":2,"value":0.9632},{"duration":1610000,"score":2,"value":0.9582},{"duration":1620000,"score":2,"value":0.9554},{"duration":1630000,"score":2,"value":0.9715},{"duration":1640000,"score":2,"value":0.9637},{"duration":1650000,"score":2,"value":1.0}],"data_type":"regularity","overall_score":2,"score_ratio":[11.0,13.0,76.0]},{"chart_data":[{"duration":10000,"score":0,"value":-0.0607},{"duration":20000,"score":2,"value":-0.0143},{"duration":30000,"score":2,"value":-0.0112},{"duration":40000,"score":2,"value":-0.0085},{"duration":50000,"score":1,"value":-0.0485},{"duration":60000,"score":1,"value":-0.0260},{"duration":70000,"score":1,"value":-0.0273},{"duration":80000,"score":1,"value":-0.0280},{"duration":90000,"score":2,"value":-0.0133},{"duration":100000,"score":1,"value":-0.0247},{"duration":110000,"score":1,"value":-0.0240},{"duration":120000,"score":1,"value":-0.0248},{"duration":130000,"score":1,"value":-0.0468},{"duration":140000,"score":1,"value":-0.0535},{"duration":150000,"score":1,"value":-0.0426},{"duration":160000,"score":0,"value":-0.0721},{"duration":170000,"score":0,"value":-0.0617},{"duration":180000,"score":1,"value":-0.0536},{"duration":190000,"score":1,"value":-0.0411},{"duration":200000,"score":1,"value":-0.0305},{"duration":210000,"score":1,"value":-0.0239},{"duration":220000,"score":1,"value":-0.0534},{"duration":230000,"score":1,"value":-0.0327},{"duration":240000,"score":2,"value":-0.0212},{"duration":250000,"score":2,"value":-0.0187},{"duration":260000,"score":2,"value":-0.0122},{"duration":270000,"score":2,"value":-0.0144},{"duration":280000,"score":2,"value":-0.0202},{"duration":290000,"score":1,"value":-0.0335},{"duration":300000,"score":2,"value":-0.0144},{"duration":310000,"score":1,"value":-0.0375},{"duration":320000,"score":0,"value":-0.0625},{"duration":330000,"score":1,"value":-0.0543},{"duration":340000,"score":1,"value":-0.0407},{"duration":350000,"score":1,"value":-0.0464},{"duration":360000,"score":1,"value":-0.0413},{"duration":370000,"score":0,"value":-0.0590},{"duration":380000,"score":1,"value":-0.0478},{"duration":390000,"score":1,"value":-0.0273},{"duration":400000,"score":2,"value":-0.0210},{"duration":410000,"score":2,"value":-0.0146},{"duration":420000,"score":2,"value":-0.0037},{"duration":430000,"score":2,"value":-0.0153},{"duration":440000,"score":1,"value":-0.0385},{"duration":450000,"score":1,"value":-0.0298},{"duration":460000,"score":2,"value":-0.0215},{"duration":470000,"score":0,"value":-0.0580},{"duration":480000,"score":1,"value":-0.0324},{"duration":490000,"score":2,"value":-0.0132},{"duration":500000,"score":2,"value":-0.0112},{"duration":510000,"score":1,"value":-0.0280},{"duration":520000,"score":2,"value":-0.0178},{"duration":530000,"score":2,"value":-0.0210},{"duration":540000,"score":2,"value":-0.0214},{"duration":550000,"score":2,"value":-0.0201},{"duration":560000,"score":1,"value":-0.0261},{"duration":570000,"score":2,"value":-0.0084},{"duration":580000,"score":1,"value":-0.0223},{"duration":590000,"score":1,"value":-0.0241},{"duration":600000,"score":2,"value":-0.0126},{"duration":610000,"score":2,"value":-0.0113},{"duration":620000,"score":2,"value":-0.0179},{"duration":630000,"score":2,"value":-0.0174},{"duration":640000,"score":2,"value":-0.0180},{"duration":650000,"score":2,"value":-0.0167},{"duration":660000,"score":2,"value":-0.0185},{"duration":670000,"score":2,"value":-0.0197},{"duration":680000,"score":2,"value":-0.0194},{"duration":690000,"score":2,"value":-0.0165},{"duration":700000,"score":1,"value":-0.0222},{"duration":710000,"score":2,"value":-0.0201},{"duration":720000,"score":2,"value":-0.0185},{"duration":730000,"score":2,"value":-0.0174},{"duration":740000,"score":2,"value":-0.0170},{"duration":750000,"score":2,"value":-0.0049},{"duration":760000,"score":2,"value":-0.0101},{"duration":770000,"score":2,"value":-0.0119},{"duration":780000,"score":2,"value":0.0040},{"duration":790000,"score":2,"value":0.0034},{"duration":800000,"score":2,"value":0.0049},{"duration":810000,"score":2,"value":-0.0122},{"duration":820000,"score":2,"value":-0.0155},{"duration":830000,"score":2,"value":-0.0186},{"duration":840000,"score":2,"value":-0.0147},{"duration":850000,"score":2,"value":-0.0205},{"duration":860000,"score":2,"value":-0.0190},{"duration":870000,"score":2,"value":-0.0108},{"duration":880000,"score":2,"value":-0.0201},{"duration":890000,"score":2,"value":-0.0156},{"duration":900000,"score":1,"value":-0.0265},{"duration":910000,"score":2,"value":-0.0182},{"duration":920000,"score":1,"value":-0.0299},{"duration":930000,"score":1,"value":-0.0301},{"duration":940000,"score":1,"value":-0.0221},{"duration":950000,"score":2,"value":-0.0144},{"duration":960000,"score":2,"value":-0.0145},{"duration":970000,"score":2,"value":-0.0022},{"duration":980000,"score":2,"value":-0.0093},{"duration":990000,"score":2,"value":-0.0137},{"duration":1000000,"score":2,"value":-0.0216},{"duration":1010000,"score":2,"value":-0.0206},{"duration":1020000,"score":1,"value":-0.0281},{"duration":1030000,"score":2,"value":-0.0177},{"duration":1040000,"score":2,"value":-0.0177},{"duration":1050000,"score":2,"value":-0.0061},{"duration":1060000,"score":2,"value":-0.0037},{"duration":1070000,"score":2,"value":-0.0126},{"duration":1080000,"score":2,"value":-0.0136},{"duration":1090000,"score":2,"value":-0.0068},{"duration":1100000,"score":2,"value":0.0006},{"duration":1110000,"score":2,"value":-0.0049},{"duration":1120000,"score":1,"value":-0.0332},{"duration":1130000,"score":2,"value":-0.0188},{"duration":1140000,"score":2,"value":-0.0150},{"duration":1150000,"score":1,"value":-0.0368},{"duration":1160000,"score":2,"value":-0.0169},{"duration":1170000,"score":2,"value":-0.0102},{"duration":1180000,"score":2,"value":0.0046},{"duration":1190000,"score":1,"value":-0.0397},{"duration":1200000,"score":2,"value":-0.0116},{"duration":1210000,"score":1,"value":-0.0285},{"duration":1220000,"score":2,"value":-0.0108},{"duration":1230000,"score":1,"value":-0.0269},{"duration":1240000,"score":1,"value":-0.0453},{"duration":1250000,"score":1,"value":-0.0253},{"duration":1260000,"score":2,"value":-0.0184},{"duration":1270000,"score":1,"value":-0.0264},{"duration":1280000,"score":2,"value":-0.0157},{"duration":1290000,"score":2,"value":-0.0173},{"duration":1300000,"score":2,"value":-0.0205},{"duration":1310000,"score":2,"value":-0.0102},{"duration":1320000,"score":1,"value":-0.0401},{"duration":1330000,"score":2,"value":-0.0158},{"duration":1340000,"score":2,"value":-0.0152},{"duration":1350000,"score":2,"value":0.0036},{"duration":1360000,"score":2,"value":-0.0003},{"duration":1370000,"score":2,"value":0.0037},{"duration":1380000,"score":2,"value":0.0008},{"duration":1390000,"score":2,"value":-0.0125},{"duration":1400000,"score":2,"value":-0.0131},{"duration":1410000,"score":1,"value":-0.0254},{"duration":1420000,"score":2,"value":-0.0173},{"duration":1430000,"score":1,"value":-0.0249},{"duration":1440000,"score":1,"value":-0.0290},{"duration":1450000,"score":1,"value":-0.0289},{"duration":1460000,"score":1,"value":-0.0311},{"duration":1470000,"score":0,"value":-0.0552},{"duration":1480000,"score":1,"value":-0.0407},{"duration":1490000,"score":1,"value":-0.0283},{"duration":1500000,"score":1,"value":-0.0395},{"duration":1510000,"score":1,"value":-0.0294},{"duration":1520000,"score":1,"value":-0.0310},{"duration":1530000,"score":1,"value":-0.0255},{"duration":1540000,"score":1,"value":-0.0289},{"duration":1550000,"score":2,"value":-0.0079},{"duration":1560000,"score":2,"value":-0.0209},{"duration":1570000,"score":2,"value":-0.0189},{"duration":1580000,"score":2,"value":-0.0171},{"duration":1590000,"score":2,"value":-0.0202},{"duration":1600000,"score":2,"value":-0.0083},{"duration":1610000,"score":1,"value":-0.0236},{"duration":1620000,"score":1,"value":-0.0271},{"duration":1630000,"score":1,"value":-0.0310},{"duration":1640000,"score":1,"value":-0.0296},{"duration":1650000,"score":3,"value":0.0}],"data_type":"asymmetry","overall_score":2,"score_ratio":[10.0,32.0,58.0]},{"chart_data":[{"duration":10000,"score":0,"value":32454.9980},{"duration":20000,"score":0,"value":37429.0117},{"duration":30000,"score":0,"value":39021.875},{"duration":40000,"score":0,"value":37493.6875},{"duration":50000,"score":0,"value":36143.2226},{"duration":60000,"score":0,"value":36854.8281},{"duration":70000,"score":0,"value":35402.7773},{"duration":80000,"score":0,"value":35595.6679},{"duration":90000,"score":0,"value":35905.4843},{"duration":100000,"score":0,"value":36035.0546},{"duration":110000,"score":0,"value":36522.3945},{"duration":120000,"score":0,"value":35232.9375},{"duration":130000,"score":0,"value":36474.4062},{"duration":140000,"score":0,"value":35276.3320},{"duration":150000,"score":0,"value":36261.5},{"duration":160000,"score":0,"value":35573.4140},{"duration":170000,"score":0,"value":37124.9804},{"duration":180000,"score":0,"value":34982.7578},{"duration":190000,"score":0,"value":34226.4804},{"duration":200000,"score":0,"value":33835.8085},{"duration":210000,"score":0,"value":35507.4648},{"duration":220000,"score":0,"value":34961.1289},{"duration":230000,"score":0,"value":35457.625},{"duration":240000,"score":0,"value":34695.9921},{"duration":250000,"score":0,"value":34460.9375},{"duration":260000,"score":0,"value":34937.0117},{"duration":270000,"score":0,"value":34990.4062},{"duration":280000,"score":0,"value":35165.2265},{"duration":290000,"score":0,"value":35647.6601},{"duration":300000,"score":0,"value":34605.4960},{"duration":310000,"score":0,"value":35506.5117},{"duration":320000,"score":0,"value":34835.1875},{"duration":330000,"score":0,"value":35526.8710},{"duration":340000,"score":0,"value":35071.6484},{"duration":350000,"score":0,"value":35738.0234},{"duration":360000,"score":0,"value":34589.8710},{"duration":370000,"score":0,"value":36519.8554},{"duration":380000,"score":0,"value":36176.7304},{"duration":390000,"score":0,"value":35253.2187},{"duration":400000,"score":0,"value":33799.1523},{"duration":410000,"score":0,"value":35108.5234},{"duration":420000,"score":0,"value":34798.2343},{"duration":430000,"score":0,"value":35000.7695},{"duration":440000,"score":0,"value":35385.1484},{"duration":450000,"score":0,"value":34805.3945},{"duration":460000,"score":0,"value":35522.4023},{"duration":470000,"score":0,"value":34052.3515},{"duration":480000,"score":0,"value":34861.8398},{"duration":490000,"score":0,"value":35379.1328},{"duration":500000,"score":0,"value":35077.3437},{"duration":510000,"score":0,"value":33325.7578},{"duration":520000,"score":0,"value":33367.0195},{"duration":530000,"score":0,"value":35483.4687},{"duration":540000,"score":0,"value":35213.9765},{"duration":550000,"score":0,"value":32664.9335},{"duration":560000,"score":0,"value":34719.5625},{"duration":570000,"score":0,"value":34956.2617},{"duration":580000,"score":0,"value":33952.0117},{"duration":590000,"score":0,"value":33841.1015},{"duration":600000,"score":0,"value":34842.3398},{"duration":610000,"score":0,"value":33571.0820},{"duration":620000,"score":0,"value":33566.8437},{"duration":630000,"score":0,"value":33396.1093},{"duration":640000,"score":0,"value":32747.9863},{"duration":650000,"score":0,"value":33134.7773},{"duration":660000,"score":0,"value":33407.9179},{"duration":670000,"score":0,"value":33457.0781},{"duration":680000,"score":0,"value":34018.0078},{"duration":690000,"score":0,"value":32811.4414},{"duration":700000,"score":0,"value":33967.6523},{"duration":710000,"score":0,"value":34369.3554},{"duration":720000,"score":0,"value":34559.6054},{"duration":730000,"score":0,"value":34717.9101},{"duration":740000,"score":0,"value":34662.6757},{"duration":750000,"score":0,"value":34776.8203},{"duration":760000,"score":0,"value":33809.3125},{"duration":770000,"score":0,"value":35052.2773},{"duration":780000,"score":0,"value":33574.4140},{"duration":790000,"score":0,"value":32990.8515},{"duration":800000,"score":0,"value":33446.5546},{"duration":810000,"score":0,"value":35157.9726},{"duration":820000,"score":0,"value":34539.1523},{"duration":830000,"score":0,"value":33659.5195},{"duration":840000,"score":0,"value":37046.4453},{"duration":850000,"score":0,"value":35376.8593},{"duration":860000,"score":0,"value":34543.8867},{"duration":870000,"score":0,"value":33612.5742},{"duration":880000,"score":0,"value":35114.2968},{"duration":890000,"score":0,"value":33843.1328},{"duration":900000,"score":0,"value":32091.5957},{"duration":910000,"score":0,"value":33184.9140},{"duration":920000,"score":0,"value":33765.9531},{"duration":930000,"score":0,"value":34618.7539},{"duration":940000,"score":0,"value":34770.625},{"duration":950000,"score":0,"value":34464.1679},{"duration":960000,"score":0,"value":35515.1367},{"duration":970000,"score":0,"value":35633.1523},{"duration":980000,"score":0,"value":35412.0273},{"duration":990000,"score":0,"value":33819.2109},{"duration":1000000,"score":0,"value":33850.3789},{"duration":1010000,"score":0,"value":34598.0195},{"duration":1020000,"score":0,"value":34400.5273},{"duration":1030000,"score":0,"value":34037.4335},{"duration":1040000,"score":0,"value":34896.3554},{"duration":1050000,"score":0,"value":35291.8359},{"duration":1060000,"score":0,"value":34413.5234},{"duration":1070000,"score":0,"value":34040.4023},{"duration":1080000,"score":0,"value":33739.7265},{"duration":1090000,"score":0,"value":32994.8007},{"duration":1100000,"score":0,"value":33082.9375},{"duration":1110000,"score":0,"value":32074.5253},{"duration":1120000,"score":0,"value":33856.8593},{"duration":1130000,"score":0,"value":35627.8281},{"duration":1140000,"score":0,"value":34779.6953},{"duration":1150000,"score":0,"value":35582.8515},{"duration":1160000,"score":0,"value":34054.9218},{"duration":1170000,"score":0,"value":33547.1640},{"duration":1180000,"score":0,"value":33278.8164},{"duration":1190000,"score":0,"value":35648.9609},{"duration":1200000,"score":0,"value":36350.2656},{"duration":1210000,"score":0,"value":35819.3945},{"duration":1220000,"score":0,"value":34686.6523},{"duration":1230000,"score":0,"value":34272.6601},{"duration":1240000,"score":0,"value":34755.0898},{"duration":1250000,"score":0,"value":35455.0546},{"duration":1260000,"score":0,"value":33189.2070},{"duration":1270000,"score":0,"value":34091.5},{"duration":1280000,"score":0,"value":35898.4882},{"duration":1290000,"score":0,"value":34842.7812},{"duration":1300000,"score":0,"value":32925.2460},{"duration":1310000,"score":0,"value":33441.3554},{"duration":1320000,"score":0,"value":34682.8085},{"duration":1330000,"score":0,"value":34012.0468},{"duration":1340000,"score":0,"value":33204.5078},{"duration":1350000,"score":0,"value":33952.2460},{"duration":1360000,"score":0,"value":33058.1796},{"duration":1370000,"score":0,"value":35171.7968},{"duration":1380000,"score":0,"value":38746.5937},{"duration":1390000,"score":0,"value":36130.8984},{"duration":1400000,"score":0,"value":37519.0273},{"duration":1410000,"score":0,"value":35131.6484},{"duration":1420000,"score":0,"value":35990.9531},{"duration":1430000,"score":0,"value":37791.5},{"duration":1440000,"score":0,"value":33906.9375},{"duration":1450000,"score":0,"value":33510.8632},{"duration":1460000,"score":0,"value":35847.2890},{"duration":1470000,"score":0,"value":34916.0},{"duration":1480000,"score":0,"value":33716.7851},{"duration":1490000,"score":0,"value":34492.9179},{"duration":1500000,"score":0,"value":35143.9218},{"duration":1510000,"score":0,"value":34704.0078},{"duration":1520000,"score":0,"value":36553.2734},{"duration":1530000,"score":0,"value":36073.1757},{"duration":1540000,"score":0,"value":35665.1132},{"duration":1550000,"score":0,"value":36855.6406},{"duration":1560000,"score":0,"value":35492.6015},{"duration":1570000,"score":0,"value":37530.7539},{"duration":1580000,"score":0,"value":36436.2226},{"duration":1590000,"score":0,"value":34118.7265},{"duration":1600000,"score":0,"value":32541.5214},{"duration":1610000,"score":0,"value":34284.5234},{"duration":1620000,"score":0,"value":35396.0742},{"duration":1630000,"score":0,"value":34969.1210},{"duration":1640000,"score":0,"value":35213.8085},{"duration":1650000,"score":0,"value":30129.6074}],"data_type":"stiffness","overall_score":0,"score_ratio":[99.0,1.0,0.0]},{"chart_data":[{"duration":10000,"score":2,"value":0.0807},{"duration":20000,"score":0,"value":0.0950},{"duration":30000,"score":0,"value":0.0952},{"duration":40000,"score":0,"value":0.0984},{"duration":50000,"score":0,"value":0.1001},{"duration":60000,"score":0,"value":0.0966},{"duration":70000,"score":0,"value":0.1006},{"duration":80000,"score":0,"value":0.1013},{"duration":90000,"score":0,"value":0.0997},{"duration":100000,"score":0,"value":0.0983},{"duration":110000,"score":0,"value":0.0977},{"duration":120000,"score":0,"value":0.0977},{"duration":130000,"score":0,"value":0.0967},{"duration":140000,"score":0,"value":0.0973},{"duration":150000,"score":0,"value":0.0971},{"duration":160000,"score":0,"value":0.0985},{"duration":170000,"score":0,"value":0.0962},{"duration":180000,"score":0,"value":0.1002},{"duration":190000,"score":0,"value":0.1003},{"duration":200000,"score":0,"value":0.1006},{"duration":210000,"score":1,"value":0.0910},{"duration":220000,"score":0,"value":0.0983},{"duration":230000,"score":0,"value":0.0981},{"duration":240000,"score":0,"value":0.0998},{"duration":250000,"score":0,"value":0.1004},{"duration":260000,"score":0,"value":0.1010},{"duration":270000,"score":0,"value":0.0998},{"duration":280000,"score":0,"value":0.0998},{"duration":290000,"score":0,"value":0.1004},{"duration":300000,"score":0,"value":0.1027},{"duration":310000,"score":0,"value":0.1009},{"duration":320000,"score":0,"value":0.0997},{"duration":330000,"score":0,"value":0.0998},{"duration":340000,"score":0,"value":0.1022},{"duration":350000,"score":0,"value":0.1000},{"duration":360000,"score":0,"value":0.1012},{"duration":370000,"score":0,"value":0.0989},{"duration":380000,"score":0,"value":0.0974},{"duration":390000,"score":0,"value":0.1007},{"duration":400000,"score":0,"value":0.1031},{"duration":410000,"score":0,"value":0.1005},{"duration":420000,"score":0,"value":0.1008},{"duration":430000,"score":0,"value":0.1010},{"duration":440000,"score":0,"value":0.1012},{"duration":450000,"score":0,"value":0.1020},{"duration":460000,"score":0,"value":0.0949},{"duration":470000,"score":0,"value":0.1020},{"duration":480000,"score":0,"value":0.0997},{"duration":490000,"score":0,"value":0.1002},{"duration":500000,"score":0,"value":0.1000},{"duration":510000,"score":0,"value":0.1051},{"duration":520000,"score":0,"value":0.1039},{"duration":530000,"score":0,"value":0.0994},{"duration":540000,"score":0,"value":0.0996},{"duration":550000,"score":0,"value":0.1039},{"duration":560000,"score":0,"value":0.1016},{"duration":570000,"score":0,"value":0.1007},{"duration":580000,"score":0,"value":0.1018},{"duration":590000,"score":0,"value":0.1028},{"duration":600000,"score":0,"value":0.1014},{"duration":610000,"score":0,"value":0.1054},{"duration":620000,"score":0,"value":0.1050},{"duration":630000,"score":0,"value":0.1039},{"duration":640000,"score":0,"value":0.1042},{"duration":650000,"score":0,"value":0.1032},{"duration":660000,"score":0,"value":0.1043},{"duration":670000,"score":0,"value":0.1039},{"duration":680000,"score":0,"value":0.1034},{"duration":690000,"score":0,"value":0.1062},{"duration":700000,"score":0,"value":0.1063},{"duration":710000,"score":0,"value":0.1050},{"duration":720000,"score":0,"value":0.1048},{"duration":730000,"score":0,"value":0.1036},{"duration":740000,"score":0,"value":0.1036},{"duration":750000,"score":0,"value":0.1007},{"duration":760000,"score":0,"value":0.1032},{"duration":770000,"score":0,"value":0.1012},{"duration":780000,"score":0,"value":0.0978},{"duration":790000,"score":0,"value":0.0969},{"duration":800000,"score":0,"value":0.0988},{"duration":810000,"score":0,"value":0.1037},{"duration":820000,"score":0,"value":0.1066},{"duration":830000,"score":0,"value":0.1073},{"duration":840000,"score":0,"value":0.1003},{"duration":850000,"score":0,"value":0.1017},{"duration":860000,"score":0,"value":0.1025},{"duration":870000,"score":0,"value":0.1031},{"duration":880000,"score":0,"value":0.1045},{"duration":890000,"score":0,"value":0.1056},{"duration":900000,"score":0,"value":0.1076},{"duration":910000,"score":0,"value":0.1058},{"duration":920000,"score":0,"value":0.1016},{"duration":930000,"score":0,"value":0.1007},{"duration":940000,"score":0,"value":0.1025},{"duration":950000,"score":0,"value":0.1055},{"duration":960000,"score":0,"value":0.1019},{"duration":970000,"score":0,"value":0.0992},{"duration":980000,"score":0,"value":0.0985},{"duration":990000,"score":0,"value":0.1026},{"duration":1000000,"score":0,"value":0.1020},{"duration":1010000,"score":0,"value":0.1010},{"duration":1020000,"score":0,"value":0.1026},{"duration":1030000,"score":0,"value":0.1038},{"duration":1040000,"score":0,"value":0.1039},{"duration":1050000,"score":0,"value":0.1033},{"duration":1060000,"score":0,"value":0.1028},{"duration":1070000,"score":0,"value":0.1037},{"duration":1080000,"score":0,"value":0.1033},{"duration":1090000,"score":0,"value":0.1057},{"duration":1100000,"score":0,"value":0.1051},{"duration":1110000,"score":0,"value":0.1092},{"duration":1120000,"score":0,"value":0.1030},{"duration":1130000,"score":0,"value":0.1019},{"duration":1140000,"score":0,"value":0.1018},{"duration":1150000,"score":0,"value":0.1013},{"duration":1160000,"score":0,"value":0.1002},{"duration":1170000,"score":0,"value":0.0961},{"duration":1180000,"score":0,"value":0.0992},{"duration":1190000,"score":0,"value":0.1004},{"duration":1200000,"score":0,"value":0.1014},{"duration":1210000,"score":0,"value":0.1032},{"duration":1220000,"score":0,"value":0.1075},{"duration":1230000,"score":0,"value":0.1063},{"duration":1240000,"score":0,"value":0.1047},{"duration":1250000,"score":0,"value":0.1022},{"duration":1260000,"score":0,"value":0.1046},{"duration":1270000,"score":0,"value":0.1020},{"duration":1280000,"score":0,"value":0.1014},{"duration":1290000,"score":0,"value":0.1038},{"duration":1300000,"score":0,"value":0.1063},{"duration":1310000,"score":0,"value":0.1054},{"duration":1320000,"score":0,"value":0.1039},{"duration":1330000,"score":0,"value":0.1064},{"duration":1340000,"score":0,"value":0.1073},{"duration":1350000,"score":0,"value":0.1052},{"duration":1360000,"score":0,"value":0.1047},{"duration":1370000,"score":0,"value":0.1052},{"duration":1380000,"score":0,"value":0.0975},{"duration":1390000,"score":0,"value":0.1000},{"duration":1400000,"score":0,"value":0.0974},{"duration":1410000,"score":0,"value":0.1043},{"duration":1420000,"score":0,"value":0.1035},{"duration":1430000,"score":0,"value":0.0992},{"duration":1440000,"score":0,"value":0.1033},{"duration":1450000,"score":0,"value":0.1037},{"duration":1460000,"score":0,"value":0.1026},{"duration":1470000,"score":0,"value":0.1032},{"duration":1480000,"score":0,"value":0.1033},{"duration":1490000,"score":0,"value":0.1026},{"duration":1500000,"score":0,"value":0.1035},{"duration":1510000,"score":0,"value":0.1040},{"duration":1520000,"score":0,"value":0.1018},{"duration":1530000,"score":0,"value":0.1004},{"duration":1540000,"score":0,"value":0.1021},{"duration":1550000,"score":0,"value":0.1021},{"duration":1560000,"score":0,"value":0.1021},{"duration":1570000,"score":0,"value":0.0980},{"duration":1580000,"score":0,"value":0.1004},{"duration":1590000,"score":0,"value":0.1048},{"duration":1600000,"score":0,"value":0.1086},{"duration":1610000,"score":0,"value":0.1016},{"duration":1620000,"score":0,"value":0.1033},{"duration":1630000,"score":0,"value":0.1034},{"duration":1640000,"score":0,"value":0.1033},{"duration":1650000,"score":0,"value":0.1039}],"data_type":"undulation","overall_score":0,"score_ratio":[93.0,7.0,0.0]},{"chart_data":[{"duration":10000,"score":2,"value":140.7221},{"duration":20000,"score":1,"value":167.6431},{"duration":30000,"score":1,"value":171.5455},{"duration":40000,"score":1,"value":176.7616},{"duration":50000,"score":1,"value":181.1015},{"duration":60000,"score":1,"value":179.7848},{"duration":70000,"score":1,"value":183.0819},{"duration":80000,"score":1,"value":182.0900},{"duration":90000,"score":1,"value":181.5110},{"duration":100000,"score":1,"value":183.0521},{"duration":110000,"score":1,"value":180.6692},{"duration":120000,"score":0,"value":184.9160},{"duration":130000,"score":1,"value":181.6478},{"duration":140000,"score":0,"value":185.8225},{"duration":150000,"score":1,"value":181.8538},{"duration":160000,"score":0,"value":183.7903},{"duration":170000,"score":1,"value":180.8700},{"duration":180000,"score":0,"value":185.7259},{"duration":190000,"score":0,"value":188.1457},{"duration":200000,"score":0,"value":188.9908},{"duration":210000,"score":1,"value":176.4995},{"duration":220000,"score":0,"value":184.5968},{"duration":230000,"score":0,"value":183.7359},{"duration":240000,"score":0,"value":185.6685},{"duration":250000,"score":0,"value":185.8714},{"duration":260000,"score":1,"value":183.8643},{"duration":270000,"score":0,"value":184.5533},{"duration":280000,"score":1,"value":184.1405},{"duration":290000,"score":1,"value":182.6006},{"duration":300000,"score":1,"value":184.5034},{"duration":310000,"score":1,"value":183.6228},{"duration":320000,"score":0,"value":186.6386},{"duration":330000,"score":0,"value":184.1334},{"duration":340000,"score":1,"value":184.3425},{"duration":350000,"score":1,"value":183.3321},{"duration":360000,"score":0,"value":186.4005},{"duration":370000,"score":1,"value":181.3110},{"duration":380000,"score":1,"value":182.4353},{"duration":390000,"score":1,"value":183.8031},{"duration":400000,"score":0,"value":187.9113},{"duration":410000,"score":1,"value":183.7543},{"duration":420000,"score":0,"value":184.6751},{"duration":430000,"score":1,"value":184.0336},{"duration":440000,"score":1,"value":183.5045},{"duration":450000,"score":1,"value":184.6985},{"duration":460000,"score":1,"value":176.0245},{"duration":470000,"score":1,"value":182.3059},{"duration":480000,"score":0,"value":184.4848},{"duration":490000,"score":1,"value":182.8207},{"duration":500000,"score":0,"value":184.1211},{"duration":510000,"score":0,"value":189.0321},{"duration":520000,"score":0,"value":189.8335},{"duration":530000,"score":1,"value":183.2330},{"duration":540000,"score":1,"value":183.3650},{"duration":550000,"score":0,"value":193.1699},{"duration":560000,"score":1,"value":184.6450},{"duration":570000,"score":0,"value":185.3439},{"duration":580000,"score":0,"value":187.8517},{"duration":590000,"score":0,"value":187.4113},{"duration":600000,"score":1,"value":184.2830},{"duration":610000,"score":0,"value":187.7524},{"duration":620000,"score":0,"value":188.2355},{"duration":630000,"score":0,"value":188.9568},{"duration":640000,"score":0,"value":191.2774},{"duration":650000,"score":0,"value":190.2799},{"duration":660000,"score":0,"value":188.5867},{"duration":670000,"score":0,"value":188.6919},{"duration":680000,"score":0,"value":186.6886},{"duration":690000,"score":0,"value":190.1647},{"duration":700000,"score":0,"value":185.7654},{"duration":710000,"score":1,"value":185.2065},{"duration":720000,"score":1,"value":184.8662},{"duration":730000,"score":1,"value":184.2277},{"duration":740000,"score":1,"value":184.4638},{"duration":750000,"score":0,"value":186.5270},{"duration":760000,"score":0,"value":188.5451},{"duration":770000,"score":1,"value":184.3382},{"duration":780000,"score":0,"value":190.8820},{"duration":790000,"score":0,"value":193.7788},{"duration":800000,"score":0,"value":190.4490},{"duration":810000,"score":1,"value":181.9404},{"duration":820000,"score":1,"value":184.2326},{"duration":830000,"score":0,"value":186.5264},{"duration":840000,"score":1,"value":179.7226},{"duration":850000,"score":1,"value":183.3086},{"duration":860000,"score":0,"value":185.3681},{"duration":870000,"score":0,"value":188.0901},{"duration":880000,"score":1,"value":183.4638},{"duration":890000,"score":0,"value":187.0192},{"duration":900000,"score":0,"value":192.7612},{"duration":910000,"score":0,"value":189.5821},{"duration":920000,"score":1,"value":183.0065},{"duration":930000,"score":1,"value":183.3866},{"duration":940000,"score":1,"value":183.9821},{"duration":950000,"score":1,"value":184.6180},{"duration":960000,"score":1,"value":181.7626},{"duration":970000,"score":1,"value":183.0557},{"duration":980000,"score":1,"value":183.6702},{"duration":990000,"score":0,"value":187.6950},{"duration":1000000,"score":0,"value":187.1861},{"duration":1010000,"score":0,"value":185.4196},{"duration":1020000,"score":0,"value":186.4438},{"duration":1030000,"score":0,"value":187.2688},{"duration":1040000,"score":1,"value":183.3773},{"duration":1050000,"score":1,"value":182.5515},{"duration":1060000,"score":0,"value":185.7471},{"duration":1070000,"score":0,"value":186.7188},{"duration":1080000,"score":0,"value":187.4189},{"duration":1090000,"score":0,"value":190.0340},{"duration":1100000,"score":0,"value":190.4101},{"duration":1110000,"score":0,"value":195.1300},{"duration":1120000,"score":0,"value":190.4389},{"duration":1130000,"score":1,"value":182.2302},{"duration":1140000,"score":1,"value":184.5327},{"duration":1150000,"score":1,"value":183.7858},{"duration":1160000,"score":0,"value":188.0855},{"duration":1170000,"score":0,"value":191.5709},{"duration":1180000,"score":0,"value":191.7002},{"duration":1190000,"score":1,"value":183.2560},{"duration":1200000,"score":1,"value":181.5641},{"duration":1210000,"score":1,"value":182.3034},{"duration":1220000,"score":1,"value":184.9188},{"duration":1230000,"score":0,"value":185.7500},{"duration":1240000,"score":1,"value":184.9998},{"duration":1250000,"score":1,"value":182.7561},{"duration":1260000,"score":0,"value":189.2296},{"duration":1270000,"score":0,"value":186.1833},{"duration":1280000,"score":1,"value":181.6327},{"duration":1290000,"score":1,"value":184.8747},{"duration":1300000,"score":0,"value":189.9141},{"duration":1310000,"score":0,"value":188.2485},{"duration":1320000,"score":1,"value":184.8201},{"duration":1330000,"score":0,"value":186.0754},{"duration":1340000,"score":0,"value":188.9310},{"duration":1350000,"score":0,"value":186.7048},{"duration":1360000,"score":0,"value":189.7552},{"duration":1370000,"score":1,"value":182.4187},{"duration":1380000,"score":1,"value":174.5335},{"duration":1390000,"score":1,"value":181.1325},{"duration":1400000,"score":1,"value":177.1032},{"duration":1410000,"score":1,"value":181.5344},{"duration":1420000,"score":1,"value":180.2871},{"duration":1430000,"score":1,"value":176.1435},{"duration":1440000,"score":0,"value":187.8233},{"duration":1450000,"score":0,"value":187.5522},{"duration":1460000,"score":1,"value":180.5488},{"duration":1470000,"score":0,"value":186.0324},{"duration":1480000,"score":1,"value":188.9476},{"duration":1490000,"score":1,"value":185.7746},{"duration":1500000,"score":1,"value":184.6351},{"duration":1510000,"score":1,"value":184.6310},{"duration":1520000,"score":1,"value":179.5289},{"duration":1530000,"score":1,"value":180.9941},{"duration":1540000,"score":1,"value":181.6994},{"duration":1550000,"score":1,"value":177.1370},{"duration":1560000,"score":1,"value":183.0798},{"duration":1570000,"score":1,"value":177.4208},{"duration":1580000,"score":1,"value":179.8174},{"duration":1590000,"score":0,"value":185.9068},{"duration":1600000,"score":0,"value":190.6090},{"duration":1610000,"score":0,"value":185.7915},{"duration":1620000,"score":1,"value":182.2845},{"duration":1630000,"score":1,"value":184.2416},{"duration":1640000,"score":1,"value":183.2707},{"duration":1650000,"score":0,"value":201.3612}],"data_type":"effective_contact_time","overall_score":1,"score_ratio":[50.0,49.0,1.0]},{"chart_data":[{"duration":10000,"score":0,"value":166.7717},{"duration":20000,"score":1,"value":196.1976},{"duration":30000,"score":1,"value":198.5736},{"duration":40000,"score":1,"value":201.5860},{"duration":50000,"score":1,"value":202.0553},{"duration":60000,"score":1,"value":198.0351},{"duration":70000,"score":1,"value":202.2435},{"duration":80000,"score":1,"value":203.6523},{"duration":90000,"score":1,"value":201.7029},{"duration":100000,"score":1,"value":198.9598},{"duration":110000,"score":1,"value":199.2153},{"duration":120000,"score":1,"value":197.6772},{"duration":130000,"score":1,"value":197.3423},{"duration":140000,"score":1,"value":196.7091},{"duration":150000,"score":1,"value":197.9348},{"duration":160000,"score":1,"value":198.8447},{"duration":170000,"score":1,"value":196.9864},{"duration":180000,"score":1,"value":200.6536},{"duration":190000,"score":1,"value":200.0152},{"duration":200000,"score":1,"value":200.0568},{"duration":210000,"score":1,"value":190.8763},{"duration":220000,"score":1,"value":198.2470},{"duration":230000,"score":1,"value":198.7064},{"duration":240000,"score":1,"value":200.3243},{"duration":250000,"score":1,"value":201.1332},{"duration":260000,"score":1,"value":202.6492},{"duration":270000,"score":1,"value":200.7643},{"duration":280000,"score":1,"value":200.8531},{"duration":290000,"score":1,"value":202.1639},{"duration":300000,"score":2,"value":204.6809},{"duration":310000,"score":1,"value":202.3186},{"duration":320000,"score":1,"value":199.4883},{"duration":330000,"score":1,"value":200.6617},{"duration":340000,"score":1,"value":203.7457},{"duration":350000,"score":1,"value":201.1273},{"duration":360000,"score":1,"value":201.8050},{"duration":370000,"score":1,"value":200.4949},{"duration":380000,"score":1,"value":198.1408},{"duration":390000,"score":1,"value":202.0876},{"duration":400000,"score":1,"value":203.7741},{"duration":410000,"score":1,"value":202.0193},{"duration":420000,"score":1,"value":202.1023},{"duration":430000,"score":1,"value":202.5565},{"duration":440000,"score":1,"value":202.8140},{"duration":450000,"score":1,"value":203.6202},{"duration":460000,"score":1,"value":196.0215},{"duration":470000,"score":1,"value":204.1332},{"duration":480000,"score":1,"value":200.4928},{"duration":490000,"score":1,"value":201.9017},{"duration":500000,"score":1,"value":201.2092},{"duration":510000,"score":2,"value":205.9564},{"duration":520000,"score":1,"value":204.2194},{"duration":530000,"score":1,"value":200.6841},{"duration":540000,"score":1,"value":200.7507},{"duration":550000,"score":1,"value":203.0829},{"duration":560000,"score":1,"value":203.0428},{"duration":570000,"score":1,"value":201.4424},{"duration":580000,"score":1,"value":202.1198},{"duration":590000,"score":1,"value":203.6504},{"duration":600000,"score":1,"value":203.1114},{"duration":610000,"score":2,"value":206.9129},{"duration":620000,"score":2,"value":206.1535},{"duration":630000,"score":1,"value":204.6672},{"duration":640000,"score":1,"value":204.1909},{"duration":650000,"score":1,"value":203.1516},{"duration":660000,"score":2,"value":205.3287},{"duration":670000,"score":1,"value":204.7197},{"duration":680000,"score":1,"value":204.7253},{"duration":690000,"score":2,"value":207.1853},{"duration":700000,"score":2,"value":208.9700},{"duration":710000,"score":2,"value":207.4011},{"duration":720000,"score":2,"value":207.2775},{"duration":730000,"score":2,"value":205.8802},{"duration":740000,"score":2,"value":205.8761},{"duration":750000,"score":1,"value":201.3116},{"duration":760000,"score":1,"value":203.8002},{"duration":770000,"score":1,"value":202.7611},{"duration":780000,"score":1,"value":195.8655},{"duration":790000,"score":1,"value":193.5854},{"duration":800000,"score":1,"value":197.3439},{"duration":810000,"score":2,"value":206.9112},{"duration":820000,"score":2,"value":209.8658},{"duration":830000,"score":2,"value":209.9430},{"duration":840000,"score":1,"value":203.1287},{"duration":850000,"score":1,"value":203.6710},{"duration":860000,"score":1,"value":203.9971},{"duration":870000,"score":1,"value":203.8981},{"duration":880000,"score":2,"value":207.3675},{"duration":890000,"score":2,"value":207.5654},{"duration":900000,"score":2,"value":208.0475},{"duration":910000,"score":2,"value":206.7711},{"duration":920000,"score":1,"value":203.5839},{"duration":930000,"score":1,"value":202.1300},{"duration":940000,"score":1,"value":204.5274},{"duration":950000,"score":2,"value":208.2110},{"duration":960000,"score":2,"value":204.6447},{"duration":970000,"score":1,"value":200.5380},{"duration":980000,"score":1,"value":199.3291},{"duration":990000,"score":1,"value":203.4441},{"duration":1000000,"score":1,"value":202.6719},{"duration":1010000,"score":1,"value":202.0960},{"duration":1020000,"score":1,"value":203.7332},{"duration":1030000,"score":1,"value":205.0883},{"duration":1040000,"score":2,"value":206.6823},{"duration":1050000,"score":2,"value":206.2222},{"duration":1060000,"score":1,"value":204.3972},{"duration":1070000,"score":2,"value":205.1915},{"duration":1080000,"score":1,"value":204.3966},{"duration":1090000,"score":2,"value":206.5860},{"duration":1100000,"score":2,"value":205.5983},{"duration":1110000,"score":2,"value":208.6908},{"duration":1120000,"score":1,"value":202.4363},{"duration":1130000,"score":1,"value":204.3065},{"duration":1140000,"score":1,"value":203.3521},{"duration":1150000,"score":1,"value":202.8734},{"duration":1160000,"score":1,"value":200.0251},{"duration":1170000,"score":1,"value":193.1189},{"duration":1180000,"score":1,"value":197.2599},{"duration":1190000,"score":1,"value":201.9273},{"duration":1200000,"score":1,"value":203.6848},{"duration":1210000,"score":2,"value":206.0527},{"duration":1220000,"score":2,"value":210.7807},{"duration":1230000,"score":2,"value":208.8621},{"duration":1240000,"score":2,"value":206.9300},{"duration":1250000,"score":2,"value":204.6255},{"duration":1260000,"score":2,"value":205.5136},{"duration":1270000,"score":1,"value":202.8357},{"duration":1280000,"score":1,"value":203.9839},{"duration":1290000,"score":2,"value":205.9719},{"duration":1300000,"score":2,"value":207.3988},{"duration":1310000,"score":2,"value":206.9152},{"duration":1320000,"score":2,"value":206.0104},{"duration":1330000,"score":2,"value":208.9658},{"duration":1340000,"score":2,"value":209.0325},{"duration":1350000,"score":2,"value":207.1480},{"duration":1360000,"score":2,"value":205.4844},{"duration":1370000,"score":2,"value":208.8365},{"duration":1380000,"score":1,"value":201.3036},{"duration":1390000,"score":1,"value":202.3532},{"duration":1400000,"score":1,"value":200.3276},{"duration":1410000,"score":2,"value":207.5762},{"duration":1420000,"score":2,"value":207.3147},{"duration":1430000,"score":1,"value":202.9700},{"duration":1440000,"score":1,"value":204.1961},{"duration":1450000,"score":1,"value":204.5975},{"duration":1460000,"score":2,"value":205.8992},{"duration":1470000,"score":1,"value":204.2147},{"duration":1480000,"score":1,"value":203.7011},{"duration":1490000,"score":1,"value":204.0263},{"duration":1500000,"score":2,"value":205.4747},{"duration":1510000,"score":2,"value":206.3417},{"duration":1520000,"score":2,"value":205.1309},{"duration":1530000,"score":1,"value":202.8655},{"duration":1540000,"score":2,"value":204.7960},{"duration":1550000,"score":2,"value":206.7359},{"duration":1560000,"score":2,"value":204.3397},{"duration":1570000,"score":1,"value":200.8414},{"duration":1580000,"score":1,"value":203.2308},{"duration":1590000,"score":2,"value":206.9456},{"duration":1600000,"score":2,"value":209.9934},{"duration":1610000,"score":1,"value":202.4161},{"duration":1620000,"score":2,"value":206.2399},{"duration":1630000,"score":2,"value":205.5187},{"duration":1640000,"score":2,"value":205.7435},{"duration":1650000,"score":1,"value":200.2135}],"data_type":"effective_flight_time","overall_score":1,"score_ratio":[0.0,59.0,41.0]}],"sampling_rate":10000,"service_name":"Myotest","version":2}]}