{"data":[{"advanced_metrics":[{"chart_data":[{"duration":2760,"score":3,"value":0.0},{"duration":5521,"score":0,"value":0.8324},{"duration":8282,"score":0,"value":0.7704},{"duration":11043,"score":0,"value":0.7536},{"duration":13804,"score":0,"value":0.6220},{"duration":16565,"score":0,"value":0.6465},{"duration":19326,"score":0,"value":0.8592},{"duration":22087,"score":0,"value":0.8588},{"duration":24848,"score":0,"value":0.8772},{"duration":27609,"score":0,"value":0.8167},{"duration":30370,"score":0,"value":0.8894},{"duration":33131,"score":1,"value":0.9306},{"duration":35892,"score":2,"value":0.9628},{"duration":38653,"score":2,"value":0.9603},{"duration":41414,"score":2,"value":0.9515},{"duration":44175,"score":2,"value":0.9745},{"duration":46936,"score":2,"value":0.9788},{"duration":49697,"score":2,"value":0.9882},{"duration":52458,"score":2,"value":0.9898},{"duration":55219,"score":2,"value":0.9891},{"duration":57980,"score":2,"value":0.9895},{"duration":60741,"score":2,"value":0.9951},{"duration":63502,"score":2,"value":0.9813},{"duration":66263,"score":1,"value":0.9457},{"duration":69024,"score":1,"value":0.9292},{"duration":71785,"score":1,"value":0.9314},{"duration":74546,"score":1,"value":0.9217},{"duration":77307,"score":1,"value":0.9255},{"duration":80068,"score":1,"value":0.9248},{"duration":82829,"score":1,"value":0.9076},{"duration":85590,"score":0,"value":0.8986},{"duration":88351,"score":1,"value":0.9373},{"duration":91112,"score":2,"value":0.9621},{"duration":93873,"score":2,"value":0.9607},{"duration":96634,"score":2,"value":0.9666},{"duration":99395,"score":2,"value":0.9750},{"duration":102156,"score":2,"value":0.9910},{"duration":104917,"score":2,"value":0.9975},{"duration":107678,"score":2,"value":0.9982},{"duration":110439,"score":2,"value":0.9913},{"duration":113200,"score":2,"value":0.9816},{"duration":115961,"score":2,"value":0.9727},{"duration":118722,"score":2,"value":0.9619},{"duration":121483,"score":2,"value":0.9616},{"duration":124244,"score":2,"value":0.9648},{"duration":127005,"score":2,"value":0.9636},{"duration":129766,"score":2,"value":0.9617},{"duration":132527,"score":2,"value":0.9669},{"duration":135288,"score":2,"value":0.9685},{"duration":138049,"score":2,"value":0.9711},{"duration":140810,"score":2,"value":0.9757},{"duration":143571,"score":2,"value":0.9775},{"duration":147157,"score":2,"value":1.0},{"duration":149918,"score":2,"value":0.9978},{"duration":152679,"score":2,"value":0.9937},{"duration":155440,"score":2,"value":0.9937},{"duration":158201,"score":2,"value":0.9931},{"duration":160962,"score":2,"value":0.9780},{"duration":163723,"score":3,"value":0.0},{"duration":166484,"score":0,"value":0.8668},{"duration":169245,"score":0,"value":0.8246},{"duration":172006,"score":0,"value":0.8467},{"duration":174767,"score":0,"value":0.8650},{"duration":177528,"score":0,"value":0.7855},{"duration":180289,"score":0,"value":0.8038},{"duration":183050,"score":1,"value":0.9336},{"duration":185811,"score":2,"value":0.9561},{"duration":188572,"score":2,"value":0.9596},{"duration":191333,"score":2,"value":0.9633},{"duration":194094,"score":2,"value":0.9773},{"duration":196855,"score":2,"value":0.9839},{"duration":199616,"score":2,"value":0.9804},{"duration":202377,"score":2,"value":0.9844},{"duration":205138,"score":2,"value":0.9833},{"duration":207899,"score":2,"value":0.9808},{"duration":210660,"score":2,"value":0.9754},{"duration":213421,"score":2,"value":0.9748},{"duration":216182,"score":2,"value":0.9797},{"duration":218943,"score":2,"value":0.9848},{"duration":221704,"score":2,"value":0.9873},{"duration":224465,"score":2,"value":0.9855},{"duration":227226,"score":2,"value":0.9872},{"duration":229987,"score":2,"value":0.9881},{"duration":232748,"score":2,"value":0.9897},{"duration":235509,"score":2,"value":0.9859},{"duration":238270,"score":2,"value":0.9868},{"duration":241031,"score":2,"value":0.9873},{"duration":243792,"score":2,"value":0.9780},{"duration":246553,"score":2,"value":0.9748},{"duration":249314,"score":2,"value":0.9800},{"duration":252075,"score":2,"value":0.9870},{"duration":254836,"score":2,"value":0.9781},{"duration":257597,"score":2,"value":0.9726},{"duration":260358,"score":2,"value":0.9727},{"duration":263119,"score":2,"value":0.9758},{"duration":265880,"score":2,"value":0.9772},{"duration":268641,"score":2,"value":0.9788},{"duration":271402,"score":2,"value":0.9746}],"data_type":"regularity","overall_score":2,"score_ratio":[16.0,11.0,73.0]},{"chart_data":[{"duration":2760,"score":3,"value":0.0},{"duration":5521,"score":1,"value":-0.0409},{"duration":8282,"score":2,"value":-0.0003},{"duration":11043,"score":1,"value":-0.0285},{"duration":13804,"score":1,"value":-0.0359},{"duration":16565,"score":2,"value":-0.0216},{"duration":19326,"score":2,"value":-0.0103},{"duration":22087,"score":2,"value":-0.0125},{"duration":24848,"score":2,"value":-0.0138},{"duration":27609,"score":2,"value":-0.0019},{"duration":30370,"score":2,"value":0.0035},{"duration":33131,"score":2,"value":0.0005},{"duration":35892,"score":2,"value":-0.0057},{"duration":38653,"score":2,"value":0.0073},{"duration":41414,"score":2,"value":0.0066},{"duration":44175,"score":2,"value":-0.0028},{"duration":46936,"score":2,"value":-0.0067},{"duration":49697,"score":2,"value":-0.0135},{"duration":52458,"score":2,"value":-0.0146},{"duration":55219,"score":2,"value":-0.0156},{"duration":57980,"score":2,"value":-0.0094},{"duration":60741,"score":2,"value":-0.0089},{"duration":63502,"score":2,"value":-0.0120},{"duration":66263,"score":2,"value":-0.0038},{"duration":69024,"score":2,"value":-0.0143},{"duration":71785,"score":2,"value":-0.0127},{"duration":74546,"score":2,"value":0.0029},{"duration":77307,"score":2,"value":-0.0037},{"duration":80068,"score":2,"value":-0.0004},{"duration":82829,"score":2,"value":0.0073},{"duration":85590,"score":2,"value":-0.0005},{"duration":88351,"score":2,"value":-0.0087},{"duration":91112,"score":2,"value":-0.0043},{"duration":93873,"score":2,"value":-0.0073},{"duration":96634,"score":2,"value":-0.0083},{"duration":99395,"score":2,"value":-0.0066},{"duration":102156,"score":2,"value":0.0002},{"duration":104917,"score":2,"value":-0.0109},{"duration":107678,"score":2,"value":-0.0113},{"duration":110439,"score":2,"value":-0.0064},{"duration":113200,"score":2,"value":0.0025},{"duration":115961,"score":2,"value":0.0039},{"duration":118722,"score":2,"value":-0.0106},{"duration":121483,"score":2,"value":0.0059},{"duration":124244,"score":2,"value":0.0056},{"duration":127005,"score":2,"value":0.0027},{"duration":129766,"score":2,"value":-0.0025},{"duration":132527,"score":2,"value":-0.0069},{"duration":135288,"score":2,"value":-0.0119},{"duration":138049,"score":2,"value":-0.0032},{"duration":140810,"score":2,"value":-0.0108},{"duration":143571,"score":2,"value":-0.0154},{"duration":147157,"score":2,"value":-0.0159},{"duration":149918,"score":2,"value":-0.0207},{"duration":152679,"score":2,"value":-0.0113},{"duration":155440,"score":2,"value":-0.0084},{"duration":158201,"score":2,"value":0.0183},{"duration":160962,"score":2,"value":0.0199},{"duration":163723,"score":3,"value":0.0},{"duration":166484,"score":1,"value":0.0394},{"duration":169245,"score":2,"value":0.0097},{"duration":172006,"score":2,"value":-0.0076},{"duration":174767,"score":2,"value":-0.0080},{"duration":177528,"score":2,"value":0.0069},{"duration":180289,"score":2,"value":-0.0036},{"duration":183050,"score":2,"value":-0.0030},{"duration":185811,"score":2,"value":-0.0070},{"duration":188572,"score":2,"value":-0.0175},{"duration":191333,"score":2,"value":-0.0212},{"duration":194094,"score":1,"value":-0.0297},{"duration":196855,"score":2,"value":-0.0203},{"duration":199616,"score":2,"value":-0.0120},{"duration":202377,"score":2,"value":-0.0106},{"duration":205138,"score":2,"value":-0.0081},{"duration":207899,"score":2,"value":-0.0194},{"duration":210660,"score":2,"value":-0.0162},{"duration":213421,"score":2,"value":-0.0223},{"duration":216182,"score":2,"value":-0.0097},{"duration":218943,"score":2,"value":-0.0022},{"duration":221704,"score":2,"value":-0.0114},{"duration":224465,"score":2,"value":-0.0128},{"duration":227226,"score":2,"value":-0.0096},{"duration":229987,"score":2,"value":-0.0140},{"duration":232748,"score":2,"value":-0.0131},{"duration":235509,"score":2,"value":-0.0039},{"duration":238270,"score":2,"value":0.0046},{"duration":241031,"score":2,"value":-0.0036},{"duration":243792,"score":2,"value":-0.0100},{"duration":246553,"score":2,"value":0.0053},{"duration":249314,"score":2,"value":-0.0035},{"duration":252075,"score":2,"value":0.0046},{"duration":254836,"score":2,"value":0.0018},{"duration":257597,"score":2,"value":0.0015},{"duration":260358,"score":2,"value":0.0079},{"duration":263119,"score":2,"value":0.0070},{"duration":265880,"score":2,"value":0.0089},{"duration":268641,"score":2,"value":0.0028},{"duration":271402,"score":2,"value":-0.0010}],"data_type":"asymmetry","overall_score":2,"score_ratio":[1.0,6.0,93.0]},{"chart_data":[{"duration":2760,"score":2,"value":52290.2695},{"duration":5521,"score":0,"value":40847.2304},{"duration":8282,"score":0,"value":39034.8632},{"duration":11043,"score":0,"value":35554.0312},{"duration":13804,"score":0,"value":34406.7968},{"duration":16565,"score":0,"value":34381.0781},{"duration":19326,"score":0,"value":34081.0039},{"duration":22087,"score":0,"value":35923.3984},{"duration":24848,"score":0,"value":36558.3281},{"duration":27609,"score":0,"value":36655.0742},{"duration":30370,"score":0,"value":37312.7851},{"duration":33131,"score":0,"value":38222.3476},{"duration":35892,"score":0,"value":37421.9375},{"duration":38653,"score":0,"value":37330.5117},{"duration":41414,"score":0,"value":35492.4687},{"duration":44175,"score":0,"value":35333.1406},{"duration":46936,"score":0,"value":36606.5195},{"duration":49697,"score":0,"value":36801.1835},{"duration":52458,"score":0,"value":38648.5820},{"duration":55219,"score":0,"value":36703.0234},{"duration":57980,"score":0,"value":37619.8125},{"duration":60741,"score":0,"value":40601.5625},{"duration":63502,"score":1,"value":44080.5625},{"duration":66263,"score":0,"value":42886.5273},{"duration":69024,"score":0,"value":38201.6406},{"duration":71785,"score":0,"value":37957.0546},{"duration":74546,"score":0,"value":37570.5078},{"duration":77307,"score":0,"value":37332.4492},{"duration":80068,"score":0,"value":36357.7539},{"duration":82829,"score":0,"value":35306.8359},{"duration":85590,"score":0,"value":34829.4101},{"duration":88351,"score":0,"value":33283.1406},{"duration":91112,"score":0,"value":33730.7304},{"duration":93873,"score":0,"value":32027.1679},{"duration":96634,"score":1,"value":34288.3085},{"duration":99395,"score":0,"value":33560.9179},{"duration":102156,"score":0,"value":34186.3242},{"duration":104917,"score":0,"value":35582.7851},{"duration":107678,"score":0,"value":34143.4960},{"duration":110439,"score":0,"value":32518.7773},{"duration":113200,"score":0,"value":34869.1445},{"duration":115961,"score":0,"value":32588.6679},{"duration":118722,"score":0,"value":34362.9687},{"duration":121483,"score":0,"value":32329.5175},{"duration":124244,"score":0,"value":33634.8515},{"duration":127005,"score":0,"value":33252.4921},{"duration":129766,"score":0,"value":34624.2617},{"duration":132527,"score":0,"value":32299.9316},{"duration":135288,"score":0,"value":32499.1914},{"duration":138049,"score":0,"value":35198.0390},{"duration":140810,"score":0,"value":35097.1210},{"duration":143571,"score":0,"value":33237.3320},{"duration":147157,"score":0,"value":37005.9726},{"duration":149918,"score":0,"value":36481.7187},{"duration":152679,"score":0,"value":35163.0429},{"duration":155440,"score":0,"value":35997.2539},{"duration":158201,"score":0,"value":35116.6523},{"duration":160962,"score":0,"value":36494.5039},{"duration":163723,"score":3,"value":0.0},{"duration":166484,"score":0,"value":36597.1914},{"duration":169245,"score":0,"value":37016.7773},{"duration":172006,"score":0,"value":35196.9726},{"duration":174767,"score":0,"value":36492.2695},{"duration":177528,"score":0,"value":38372.9687},{"duration":180289,"score":0,"value":37292.2617},{"duration":183050,"score":0,"value":38087.4804},{"duration":185811,"score":0,"value":36215.4843},{"duration":188572,"score":0,"value":36728.8945},{"duration":191333,"score":0,"value":35352.1562},{"duration":194094,"score":0,"value":37038.2890},{"duration":196855,"score":0,"value":38594.5195},{"duration":199616,"score":0,"value":37456.4023},{"duration":202377,"score":0,"value":38438.8554},{"duration":205138,"score":0,"value":36655.4296},{"duration":207899,"score":0,"value":36345.1601},{"duration":210660,"score":0,"value":36620.3164},{"duration":213421,"score":0,"value":37848.4453},{"duration":216182,"score":0,"value":36521.7734},{"duration":218943,"score":0,"value":36531.4726},{"duration":221704,"score":0,"value":35223.1914},{"duration":224465,"score":0,"value":36172.5664},{"duration":227226,"score":0,"value":35049.3203},{"duration":229987,"score":0,"value":35589.8164},{"duration":232748,"score":0,"value":35140.9765},{"duration":235509,"score":0,"value":36857.4101},{"duration":238270,"score":0,"value":35984.1562},{"duration":241031,"score":0,"value":36460.2656},{"duration":243792,"score":0,"value":35227.8242},{"duration":246553,"score":0,"value":35660.0507},{"duration":249314,"score":0,"value":36444.8359},{"duration":252075,"score":0,"value":35625.5507},{"duration":254836,"score":0,"value":33425.0429},{"duration":257597,"score":0,"value":33961.0781},{"duration":260358,"score":0,"value":34461.2460},{"duration":263119,"score":0,"value":33555.5898},{"duration":265880,"score":0,"value":39299.1562},{"duration":268641,"score":0,"value":33768.9335},{"duration":271402,"score":0,"value":32267.2753}],"data_type":"stiffness","overall_score":0,"score_ratio":[96.0,2.0,2.0]},{"chart_data":[{"duration":2760,"score":2,"value":0.0689},{"duration":5521,"score":0,"value":0.0979},{"duration":8282,"score":0,"value":0.0962},{"duration":11043,"score":0,"value":0.1042},{"duration":13804,"score":0,"value":0.1032},{"duration":16565,"score":0,"value":0.1011},{"duration":19326,"score":0,"value":0.1045},{"duration":22087,"score":0,"value":0.1032},{"duration":24848,"score":0,"value":0.1020},{"duration":27609,"score":0,"value":0.0997},{"duration":30370,"score":0,"value":0.1026},{"duration":33131,"score":0,"value":0.1018},{"duration":35892,"score":0,"value":0.1009},{"duration":38653,"score":0,"value":0.0984},{"duration":41414,"score":0,"value":0.1005},{"duration":44175,"score":0,"value":0.0996},{"duration":46936,"score":0,"value":0.0961},{"duration":49697,"score":0,"value":0.0956},{"duration":52458,"score":0,"value":0.0948},{"duration":55219,"score":0,"value":0.0971},{"duration":57980,"score":0,"value":0.0972},{"duration":60741,"score":0,"value":0.0937},{"duration":63502,"score":1,"value":0.0870},{"duration":66263,"score":1,"value":0.0876},{"duration":69024,"score":0,"value":0.0955},{"duration":71785,"score":0,"value":0.0971},{"duration":74546,"score":0,"value":0.0948},{"duration":77307,"score":0,"value":0.0941},{"duration":80068,"score":0,"value":0.0972},{"duration":82829,"score":0,"value":0.0993},{"duration":85590,"score":0,"value":0.1003},{"duration":88351,"score":0,"value":0.1016},{"duration":91112,"score":0,"value":0.1029},{"duration":93873,"score":0,"value":0.1021},{"duration":96634,"score":1,"value":0.0991},{"duration":99395,"score":0,"value":0.1036},{"duration":102156,"score":0,"value":0.1018},{"duration":104917,"score":0,"value":0.0990},{"duration":107678,"score":0,"value":0.1004},{"duration":110439,"score":0,"value":0.1031},{"duration":113200,"score":0,"value":0.1011},{"duration":115961,"score":0,"value":0.1087},{"duration":118722,"score":0,"value":0.1012},{"duration":121483,"score":0,"value":0.1000},{"duration":124244,"score":0,"value":0.1016},{"duration":127005,"score":0,"value":0.1024},{"duration":129766,"score":0,"value":0.1001},{"duration":132527,"score":0,"value":0.1009},{"duration":135288,"score":0,"value":0.1008},{"duration":138049,"score":0,"value":0.1032},{"duration":140810,"score":0,"value":0.1051},{"duration":143571,"score":0,"value":0.1019},{"duration":147157,"score":1,"value":0.0890},{"duration":149918,"score":0,"value":0.0990},{"duration":152679,"score":0,"value":0.0986},{"duration":155440,"score":0,"value":0.0953},{"duration":158201,"score":0,"value":0.0941},{"duration":160962,"score":1,"value":0.0938},{"duration":163723,"score":3,"value":0.0},{"duration":166484,"score":0,"value":0.0985},{"duration":169245,"score":0,"value":0.0969},{"duration":172006,"score":0,"value":0.0969},{"duration":174767,"score":0,"value":0.1001},{"duration":177528,"score":1,"value":0.0928},{"duration":180289,"score":0,"value":0.0950},{"duration":183050,"score":0,"value":0.0987},{"duration":185811,"score":0,"value":0.1042},{"duration":188572,"score":0,"value":0.1021},{"duration":191333,"score":0,"value":0.1027},{"duration":194094,"score":0,"value":0.1009},{"duration":196855,"score":0,"value":0.0990},{"duration":199616,"score":0,"value":0.1000},{"duration":202377,"score":0,"value":0.1018},{"duration":205138,"score":0,"value":0.0997},{"duration":207899,"score":0,"value":0.1005},{"duration":210660,"score":0,"value":0.1007},{"duration":213421,"score":0,"value":0.0992},{"duration":216182,"score":0,"value":0.1000},{"duration":218943,"score":0,"value":0.1027},{"duration":221704,"score":0,"value":0.1030},{"duration":224465,"score":0,"value":0.1006},{"duration":227226,"score":0,"value":0.1040},{"duration":229987,"score":0,"value":0.1012},{"duration":232748,"score":0,"value":0.1015},{"duration":235509,"score":0,"value":0.0970},{"duration":238270,"score":0,"value":0.1009},{"duration":241031,"score":0,"value":0.1012},{"duration":243792,"score":0,"value":0.1038},{"duration":246553,"score":0,"value":0.1030},{"duration":249314,"score":0,"value":0.1001},{"duration":252075,"score":0,"value":0.1027},{"duration":254836,"score":0,"value":0.1071},{"duration":257597,"score":0,"value":0.1061},{"duration":260358,"score":0,"value":0.1036},{"duration":263119,"score":0,"value":0.1000},{"duration":265880,"score":0,"value":0.1115},{"duration":268641,"score":0,"value":0.1069},{"duration":271402,"score":0,"value":0.1077}],"data_type":"undulation","overall_score":0,"score_ratio":[90.0,9.0,1.0]},{"chart_data":[{"duration":2760,"score":2,"value":130.6390},{"duration":5521,"score":1,"value":168.4536},{"duration":8282,"score":1,"value":175.0647},{"duration":11043,"score":1,"value":174.1937},{"duration":13804,"score":1,"value":182.9644},{"duration":16565,"score":0,"value":187.2570},{"duration":19326,"score":0,"value":187.2499},{"duration":22087,"score":1,"value":181.7502},{"duration":24848,"score":1,"value":179.6976},{"duration":27609,"score":1,"value":181.5174},{"duration":30370,"score":1,"value":177.4426},{"duration":33131,"score":1,"value":175.0105},{"duration":35892,"score":1,"value":177.3463},{"duration":38653,"score":1,"value":179.0774},{"duration":41414,"score":0,"value":184.2059},{"duration":44175,"score":0,"value":184.6055},{"duration":46936,"score":1,"value":181.7301},{"duration":49697,"score":1,"value":181.1767},{"duration":52458,"score":1,"value":175.7496},{"duration":55219,"score":1,"value":181.0342},{"duration":57980,"score":1,"value":177.9095},{"duration":60741,"score":1,"value":171.0445},{"duration":63502,"score":1,"value":165.3420},{"duration":66263,"score":1,"value":167.0607},{"duration":69024,"score":1,"value":177.2987},{"duration":71785,"score":1,"value":177.3153},{"duration":74546,"score":1,"value":179.3270},{"duration":77307,"score":1,"value":180.1113},{"duration":80068,"score":1,"value":182.1894},{"duration":82829,"score":0,"value":185.1323},{"duration":85590,"score":0,"value":186.0771},{"duration":88351,"score":0,"value":191.4148},{"duration":91112,"score":0,"value":189.1001},{"duration":93873,"score":0,"value":196.3636},{"duration":96634,"score":1,"value":188.5758},{"duration":99395,"score":0,"value":191.8741},{"duration":102156,"score":0,"value":188.2246},{"duration":104917,"score":0,"value":185.3924},{"duration":107678,"score":0,"value":188.6659},{"duration":110439,"score":0,"value":193.7045},{"duration":113200,"score":0,"value":186.0923},{"duration":115961,"score":0,"value":192.5241},{"duration":118722,"score":0,"value":187.0254},{"duration":121483,"score":0,"value":196.2057},{"duration":124244,"score":0,"value":192.1590},{"duration":127005,"score":0,"value":191.3452},{"duration":129766,"score":0,"value":187.0368},{"duration":132527,"score":0,"value":195.6354},{"duration":135288,"score":0,"value":194.7673},{"duration":138049,"score":1,"value":184.0581},{"duration":140810,"score":1,"value":183.9007},{"duration":143571,"score":0,"value":191.4064},{"duration":147157,"score":1,"value":177.8183},{"duration":149918,"score":1,"value":180.8047},{"duration":152679,"score":0,"value":185.5299},{"duration":155440,"score":0,"value":185.1618},{"duration":158201,"score":0,"value":190.6434},{"duration":160962,"score":0,"value":185.2247},{"duration":163723,"score":3,"value":0.0},{"duration":166484,"score":0,"value":185.4324},{"duration":169245,"score":1,"value":182.3448},{"duration":172006,"score":0,"value":187.1112},{"duration":174767,"score":1,"value":181.1773},{"duration":177528,"score":1,"value":177.9166},{"duration":180289,"score":1,"value":180.2044},{"duration":183050,"score":1,"value":176.9737},{"duration":185811,"score":1,"value":180.2562},{"duration":188572,"score":1,"value":180.5043},{"duration":191333,"score":0,"value":184.5061},{"duration":194094,"score":1,"value":179.1978},{"duration":196855,"score":1,"value":174.7486},{"duration":199616,"score":1,"value":177.7110},{"duration":202377,"score":1,"value":174.5907},{"duration":205138,"score":1,"value":180.4883},{"duration":207899,"score":1,"value":181.1421},{"duration":210660,"score":1,"value":180.2827},{"duration":213421,"score":1,"value":177.1204},{"duration":216182,"score":1,"value":180.9164},{"duration":218943,"score":1,"value":179.5507},{"duration":221704,"score":1,"value":183.7495},{"duration":224465,"score":1,"value":181.8841},{"duration":227226,"score":1,"value":184.1360},{"duration":229987,"score":1,"value":183.4015},{"duration":232748,"score":0,"value":184.4181},{"duration":235509,"score":1,"value":180.3520},{"duration":238270,"score":1,"value":182.1548},{"duration":241031,"score":1,"value":180.4053},{"duration":243792,"score":1,"value":183.6536},{"duration":246553,"score":1,"value":182.4413},{"duration":249314,"score":1,"value":180.7814},{"duration":252075,"score":1,"value":182.5512},{"duration":254836,"score":0,"value":188.7993},{"duration":257597,"score":0,"value":187.0541},{"duration":260358,"score":0,"value":186.5798},{"duration":263119,"score":0,"value":191.0059},{"duration":265880,"score":1,"value":174.1420},{"duration":268641,"score":0,"value":188.8107},{"duration":271402,"score":0,"value":194.6073}],"data_type":"effective_contact_time","overall_score":1,"score_ratio":[41.0,57.0,2.0]},{"chart_data":[{"duration":2760,"score":0,"value":162.7070},{"duration":5521,"score":1,"value":201.8582},{"duration":8282,"score":1,"value":199.1562},{"duration":11043,"score":2,"value":209.6948},{"duration":13804,"score":2,"value":205.8169},{"duration":16565,"score":1,"value":201.4655},{"duration":19326,"score":2,"value":206.0358},{"duration":22087,"score":2,"value":206.3528},{"duration":24848,"score":2,"value":205.6012},{"duration":27609,"score":1,"value":201.8156},{"duration":30370,"score":2,"value":207.3214},{"duration":33131,"score":2,"value":207.0837},{"duration":35892,"score":2,"value":204.9464},{"duration":38653,"score":1,"value":200.9818},{"duration":41414,"score":1,"value":201.9513},{"duration":44175,"score":1,"value":200.6101},{"duration":46936,"score":1,"value":196.8773},{"duration":49697,"score":1,"value":196.3766},{"duration":52458,"score":1,"value":197.3321},{"duration":55219,"score":1,"value":198.5008},{"duration":57980,"score":1,"value":199.7791},{"duration":60741,"score":1,"value":197.4314},{"duration":63502,"score":1,"value":190.0005},{"duration":66263,"score":1,"value":190.3789},{"duration":69024,"score":1,"value":197.5068},{"duration":71785,"score":1,"value":199.9156},{"duration":74546,"score":1,"value":195.9723},{"duration":77307,"score":1,"value":194.7145},{"duration":80068,"score":1,"value":198.2267},{"duration":82829,"score":1,"value":200.0823},{"duration":85590,"score":1,"value":200.9733},{"duration":88351,"score":1,"value":200.6958},{"duration":91112,"score":1,"value":203.3760},{"duration":93873,"score":1,"value":199.6100},{"duration":96634,"score":1,"value":198.5502},{"duration":99395,"score":1,"value":203.3743},{"duration":102156,"score":1,"value":202.1965},{"duration":104917,"score":1,"value":199.2169},{"duration":107678,"score":1,"value":200.1509},{"duration":110439,"score":1,"value":201.9114},{"duration":113200,"score":1,"value":202.1177},{"duration":115961,"score":2,"value":209.6143},{"duration":118722,"score":1,"value":201.8203},{"duration":121483,"score":1,"value":196.9268},{"duration":124244,"score":1,"value":200.5748},{"duration":127005,"score":1,"value":201.9545},{"duration":129766,"score":1,"value":200.2545},{"duration":132527,"score":1,"value":198.2887},{"duration":135288,"score":1,"value":198.4839},{"duration":138049,"score":2,"value":205.5107},{"duration":140810,"score":2,"value":207.8645},{"duration":143571,"score":1,"value":201.1577},{"duration":147157,"score":2,"value":209.9369},{"duration":149918,"score":1,"value":203.7727},{"duration":152679,"score":1,"value":199.2031},{"duration":155440,"score":1,"value":194.4148},{"duration":158201,"score":1,"value":190.9595},{"duration":160962,"score":1,"value":192.2207},{"duration":163723,"score":3,"value":0.0},{"duration":166484,"score":1,"value":197.8961},{"duration":169245,"score":1,"value":197.1789},{"duration":172006,"score":1,"value":195.9031},{"duration":174767,"score":1,"value":202.5298},{"duration":177528,"score":1,"value":193.6544},{"duration":180289,"score":1,"value":195.8487},{"duration":183050,"score":1,"value":202.2379},{"duration":185811,"score":2,"value":208.1949},{"duration":188572,"score":2,"value":205.3984},{"duration":191333,"score":2,"value":204.5735},{"duration":194094,"score":2,"value":204.1102},{"duration":196855,"score":2,"value":203.3123},{"duration":199616,"score":2,"value":203.6457},{"duration":202377,"score":2,"value":207.1723},{"duration":205138,"score":1,"value":202.1314},{"duration":207899,"score":1,"value":202.9496},{"duration":210660,"score":1,"value":203.4276},{"duration":213421,"score":1,"value":202.6395},{"duration":216182,"score":1,"value":202.4991},{"duration":218943,"score":2,"value":206.4654},{"duration":221704,"score":2,"value":205.3709},{"duration":224465,"score":1,"value":202.8419},{"duration":227226,"score":2,"value":206.4927},{"duration":229987,"score":1,"value":202.9784},{"duration":232748,"score":1,"value":203.2344},{"duration":235509,"score":1,"value":198.6568},{"duration":238270,"score":1,"value":203.2857},{"duration":241031,"score":2,"value":204.2413},{"duration":243792,"score":2,"value":206.5318},{"duration":246553,"score":2,"value":205.8144},{"duration":249314,"score":1,"value":202.6989},{"duration":252075,"score":2,"value":205.4886},{"duration":254836,"score":2,"value":209.0648},{"duration":257597,"score":2,"value":208.3641},{"duration":260358,"score":2,"value":205.3037},{"duration":263119,"score":1,"value":198.7686},{"duration":265880,"score":2,"value":220.2970},{"duration":268641,"score":2,"value":208.6826},{"duration":271402,"score":2,"value":207.5735}],"data_type":"effective_flight_time","overall_score":1,"score_ratio":[1.0,68.0,31.0]}],"sampling_rate":2761,"service_name":"Myotest","version":2}]}