{"lengths":[{"duration":39900,"interval":1,"stroke_count":17,"stroke_type":"Freestyle"},{"duration":45260,"interval":1,"stroke_count":19,"stroke_type":"Mixed"},{"duration":64840,"interval":1,"stroke_count":19,"stroke_type":"Backstroke"},{"duration":47540,"interval":1,"stroke_count":18,"stroke_type":"Butterfly"},{"duration":48740,"interval":1,"stroke_count":20,"stroke_type":"Mixed"},{"duration":48820,"interval":1,"stroke_count":19,"stroke_type":"Butterfly"},{"duration":46240,"interval":1,"stroke_count":19,"stroke_type":"Mixed"},{"duration":50640,"interval":1,"stroke_count":21,"stroke_type":"Freestyle"},{"duration":49860,"interval":1,"stroke_count":22,"stroke_type":"Mixed"},{"duration":50100,"interval":1,"stroke_count":21,"stroke_type":"Mixed"},{"duration":43440,"interval":1,"stroke_count":18,"stroke_type":"Mixed"},{"duration":48380,"interval":1,"stroke_count":20,"stroke_type":"Butterfly"},{"duration":44020,"interval":1,"stroke_count":19,"stroke_type":"Butterfly"},{"duration":51380,"interval":1,"stroke_count":21,"stroke_type":"Freestyle"},{"duration":50160,"interval":1,"stroke_count":16,"stroke_type":"Mixed"},{"duration":52220,"interval":1,"stroke_count":17,"stroke_type":"Freestyle"},{"duration":49300,"interval":1,"stroke_count":20,"stroke_type":"Freestyle"},{"duration":50340,"interval":1,"stroke_count":22,"stroke_type":"Freestyle"},{"duration":51660,"interval":1,"stroke_count":21,"stroke_type":"Mixed"},{"duration":46900,"interval":1,"stroke_count":22,"stroke_type":"Freestyle"},{"duration":45740,"interval":1,"stroke_count":19,"stroke_type":"Freestyle"},{"duration":47280,"interval":1,"stroke_count":21,"stroke_type":"Mixed"},{"duration":53880,"interval":1,"stroke_count":22,"stroke_type":"Mixed"},{"duration":53580,"interval":1,"stroke_count":22,"stroke_type":"Freestyle"},{"duration":51860,"interval":1,"stroke_count":18,"stroke_type":"Mixed"},{"duration":52600,"interval":1,"stroke_count":23,"stroke_type":"Freestyle"},{"duration":55480,"interval":1,"stroke_count":23,"stroke_type":"Freestyle"},{"duration":51320,"interval":1,"stroke_count":21,"stroke_type":"Freestyle"},{"duration":54440,"interval":1,"stroke_count":26,"stroke_type":"Mixed"},{"duration":52700,"interval":1,"stroke_count":21,"stroke_type":"Freestyle"},{"duration":51900,"interval":1,"stroke_count":18,"stroke_type":"Freestyle"},{"duration":46340,"interval":1,"stroke_count":19,"stroke_type":"Mixed"},{"duration":51180,"interval":1,"stroke_count":14,"stroke_type":"Freestyle"},{"duration":30360,"interval":1,"stroke_count":10,"stroke_type":"Freestyle"},{"duration":25640,"interval":1,"stroke_count":8,"stroke_type":"Butterfly"},{"duration":50780,"interval":1,"stroke_count":19,"stroke_type":"Mixed"},{"duration":18080,"interval":1,"stroke_count":8,"stroke_type":"Mixed"},{"duration":32140,"interval":1,"stroke_count":14,"stroke_type":"Freestyle"},{"duration":53620,"interval":1,"stroke_count":23,"stroke_type":"Freestyle"},{"duration":51560,"interval":1,"stroke_count":21,"stroke_type":"Freestyle"},{"duration":52740,"interval":1,"stroke_count":21,"stroke_type":"Freestyle"},{"duration":54920,"interval":1,"stroke_count":20,"stroke_type":"Freestyle"}],"pool_length":25,"pool_length_unit":"meter","total_distance":1050.0,"total_duration":2025869}