[{"elapsed_time":21634,"segment":0,"start_time":1604502551744},{"elapsed_time":30663,"segment":0,"start_time":1604502560773},{"elapsed_time":40653,"segment":0,"start_time":1604502570763},{"elapsed_time":50664,"segment":0,"start_time":1604502580774},{"elapsed_time":60672,"segment":0,"start_time":1604502590782},{"elapsed_time":70683,"segment":0,"start_time":1604502600793},{"elapsed_time":80692,"segment":0,"start_time":1604502610802},{"elapsed_time":90708,"segment":0,"start_time":1604502620818},{"elapsed_time":100711,"segment":0,"start_time":1604502630821},{"elapsed_time":110721,"segment":0,"start_time":1604502640831},{"elapsed_time":120731,"segment":0,"start_time":1604502650841},{"elapsed_time":130741,"segment":0,"start_time":1604502660851},{"elapsed_time":140750,"segment":0,"start_time":1604502670860},{"elapsed_time":150761,"segment":0,"start_time":1604502680871},{"elapsed_time":160770,"segment":0,"start_time":1604502690880},{"elapsed_time":170781,"segment":0,"start_time":1604502700891},{"elapsed_time":180790,"segment":0,"start_time":1604502710900},{"elapsed_time":190800,"segment":0,"start_time":1604502720910},{"elapsed_time":200807,"segment":0,"start_time":1604502730917},{"elapsed_time":210820,"segment":0,"start_time":1604502740930},{"elapsed_time":220829,"segment":0,"start_time":1604502750939},{"elapsed_time":230839,"segment":0,"start_time":1604502760949},{"elapsed_time":240848,"segment":0,"start_time":1604502770958},{"elapsed_time":250858,"segment":0,"start_time":1604502780968},{"elapsed_time":260867,"segment":0,"start_time":1604502790977},{"elapsed_time":270881,"segment":0,"start_time":1604502800991},{"elapsed_time":280890,"segment":0,"start_time":1604502811000},{"elapsed_time":290897,"segment":0,"start_time":1604502821007},{"elapsed_time":300908,"segment":0,"start_time":1604502831018},{"elapsed_time":310984,"segment":0,"start_time":1604502841094},{"elapsed_time":320927,"segment":0,"start_time":1604502851037},{"elapsed_time":330937,"segment":0,"start_time":1604502861047},{"elapsed_time":340948,"segment":0,"start_time":1604502871058},{"elapsed_time":350959,"segment":0,"start_time":1604502881069},{"elapsed_time":360965,"segment":0,"start_time":1604502891075},{"elapsed_time":370979,"segment":0,"start_time":1604502901089},{"elapsed_time":381000,"segment":0,"start_time":1604502911110},{"elapsed_time":390997,"segment":0,"start_time":1604502921107},{"elapsed_time":400008,"segment":0,"start_time":1604502930118},{"elapsed_time":410012,"segment":0,"start_time":1604502940122},{"elapsed_time":420081,"segment":0,"start_time":1604502950191},{"elapsed_time":430032,"segment":0,"start_time":1604502960142},{"elapsed_time":440041,"segment":0,"start_time":1604502970151},{"elapsed_time":450052,"segment":0,"start_time":1604502980162},{"elapsed_time":460061,"segment":0,"start_time":1604502990171},{"elapsed_time":470071,"segment":0,"start_time":1604503000181},{"elapsed_time":480080,"segment":0,"start_time":1604503010190},{"elapsed_time":490091,"segment":0,"start_time":1604503020201},{"elapsed_time":500995,"segment":1,"start_time":1604503126305},{"elapsed_time":510004,"segment":1,"start_time":1604503135314},{"elapsed_time":520013,"segment":1,"start_time":1604503145323},{"elapsed_time":530023,"segment":1,"start_time":1604503155333},{"elapsed_time":540034,"segment":1,"start_time":1604503165344},{"elapsed_time":550071,"segment":1,"start_time":1604503175381},{"elapsed_time":560053,"segment":1,"start_time":1604503185363},{"elapsed_time":570080,"segment":1,"start_time":1604503195390},{"elapsed_time":580088,"segment":1,"start_time":1604503205398},{"elapsed_time":590083,"segment":1,"start_time":1604503215393},{"elapsed_time":600096,"segment":1,"start_time":1604503225406},{"elapsed_time":610104,"segment":1,"start_time":1604503235414},{"elapsed_time":620112,"segment":1,"start_time":1604503245422},{"elapsed_time":630121,"segment":1,"start_time":1604503255431},{"elapsed_time":640132,"segment":1,"start_time":1604503265442},{"elapsed_time":650141,"segment":1,"start_time":1604503275451},{"elapsed_time":660151,"segment":1,"start_time":1604503285461},{"elapsed_time":670161,"segment":1,"start_time":1604503295471},{"elapsed_time":680169,"segment":1,"start_time":1604503305479},{"elapsed_time":690184,"segment":1,"start_time":1604503315494},{"elapsed_time":700189,"segment":1,"start_time":1604503325499},{"elapsed_time":710200,"segment":1,"start_time":1604503335510},{"elapsed_time":720210,"segment":1,"start_time":1604503345520},{"elapsed_time":730219,"segment":1,"start_time":1604503355529},{"elapsed_time":740229,"segment":1,"start_time":1604503365539},{"elapsed_time":750239,"segment":1,"start_time":1604503375549},{"elapsed_time":760248,"segment":1,"start_time":1604503385558},{"elapsed_time":770258,"segment":1,"start_time":1604503395568},{"elapsed_time":780269,"segment":1,"start_time":1604503405579},{"elapsed_time":790277,"segment":1,"start_time":1604503415587},{"elapsed_time":800288,"segment":1,"start_time":1604503425598},{"elapsed_time":810297,"segment":1,"start_time":1604503435607},{"elapsed_time":820308,"segment":1,"start_time":1604503445618},{"elapsed_time":830316,"segment":1,"start_time":1604503455626},{"elapsed_time":840327,"segment":1,"start_time":1604503465637},{"elapsed_time":850337,"segment":1,"start_time":1604503475647},{"elapsed_time":860346,"segment":1,"start_time":1604503485656},{"elapsed_time":870356,"segment":1,"start_time":1604503495666},{"elapsed_time":880365,"segment":1,"start_time":1604503505675},{"elapsed_time":890378,"segment":1,"start_time":1604503515688},{"elapsed_time":900385,"segment":1,"start_time":1604503525695},{"elapsed_time":910396,"segment":1,"start_time":1604503535706},{"elapsed_time":920404,"segment":1,"start_time":1604503545714},{"elapsed_time":930415,"segment":1,"start_time":1604503555725},{"elapsed_time":940424,"segment":1,"start_time":1604503565734},{"elapsed_time":950434,"segment":1,"start_time":1604503575744},{"elapsed_time":960461,"segment":1,"start_time":1604503585771},{"elapsed_time":970454,"segment":1,"start_time":1604503595764},{"elapsed_time":980463,"segment":1,"start_time":1604503605773},{"elapsed_time":990213,"segment":2,"start_time":1604503697863},{"elapsed_time":1000223,"segment":2,"start_time":1604503707873},{"elapsed_time":1010233,"segment":2,"start_time":1604503717883},{"elapsed_time":1020242,"segment":2,"start_time":1604503727892},{"elapsed_time":1030252,"segment":2,"start_time":1604503737902},{"elapsed_time":1040262,"segment":2,"start_time":1604503747912},{"elapsed_time":1050271,"segment":2,"start_time":1604503757921},{"elapsed_time":1060281,"segment":2,"start_time":1604503767931},{"elapsed_time":1070292,"segment":2,"start_time":1604503777942},{"elapsed_time":1080302,"segment":2,"start_time":1604503787952},{"elapsed_time":1090312,"segment":2,"start_time":1604503797962},{"elapsed_time":1100324,"segment":2,"start_time":1604503807974},{"elapsed_time":1110330,"segment":2,"start_time":1604503817980},{"elapsed_time":1120340,"segment":2,"start_time":1604503827990},{"elapsed_time":1130350,"segment":2,"start_time":1604503838000},{"elapsed_time":1140360,"segment":2,"start_time":1604503848010},{"elapsed_time":1150370,"segment":2,"start_time":1604503858020},{"elapsed_time":1160380,"segment":2,"start_time":1604503868030},{"elapsed_time":1170389,"segment":2,"start_time":1604503878039},{"elapsed_time":1180399,"segment":2,"start_time":1604503888049},{"elapsed_time":1190409,"segment":2,"start_time":1604503898059},{"elapsed_time":1200418,"segment":2,"start_time":1604503908068},{"elapsed_time":1210452,"segment":2,"start_time":1604503918102},{"elapsed_time":1220439,"segment":2,"start_time":1604503928089},{"elapsed_time":1230448,"segment":2,"start_time":1604503938098},{"elapsed_time":1240535,"segment":2,"start_time":1604503948185},{"elapsed_time":1250467,"segment":2,"start_time":1604503958117},{"elapsed_time":1260477,"segment":2,"start_time":1604503968127},{"elapsed_time":1270486,"segment":2,"start_time":1604503978136},{"elapsed_time":1280497,"segment":2,"start_time":1604503988147},{"elapsed_time":1290505,"segment":2,"start_time":1604503998155},{"elapsed_time":1300516,"segment":2,"start_time":1604504008166},{"elapsed_time":1310527,"segment":2,"start_time":1604504018177},{"elapsed_time":1320536,"segment":2,"start_time":1604504028186},{"elapsed_time":1330546,"segment":2,"start_time":1604504038196},{"elapsed_time":1340556,"segment":2,"start_time":1604504048206},{"elapsed_time":1350565,"segment":2,"start_time":1604504058215},{"elapsed_time":1360575,"segment":2,"start_time":1604504068225},{"elapsed_time":1370585,"segment":2,"start_time":1604504078235},{"elapsed_time":1380595,"segment":2,"start_time":1604504088245},{"elapsed_time":1390604,"segment":2,"start_time":1604504098254},{"elapsed_time":1400615,"segment":2,"start_time":1604504108265},{"elapsed_time":1410623,"segment":2,"start_time":1604504118273},{"elapsed_time":1420634,"segment":2,"start_time":1604504128284},{"elapsed_time":1430643,"segment":2,"start_time":1604504138293},{"elapsed_time":1440654,"segment":2,"start_time":1604504148304},{"elapsed_time":1450662,"segment":2,"start_time":1604504158312},{"elapsed_time":1460673,"segment":2,"start_time":1604504168323},{"elapsed_time":1470683,"segment":2,"start_time":1604504178333},{"elapsed_time":1480692,"segment":2,"start_time":1604504188342},{"elapsed_time":1490702,"segment":2,"start_time":1604504198352},{"elapsed_time":1500712,"segment":2,"start_time":1604504208362},{"elapsed_time":1510712,"segment":3,"start_time":1604504330482},{"elapsed_time":1520720,"segment":3,"start_time":1604504340490},{"elapsed_time":1530731,"segment":3,"start_time":1604504350501},{"elapsed_time":1540741,"segment":3,"start_time":1604504360511},{"elapsed_time":1550750,"segment":3,"start_time":1604504370520},{"elapsed_time":1560760,"segment":3,"start_time":1604504380530},{"elapsed_time":1570774,"segment":3,"start_time":1604504390544},{"elapsed_time":1580779,"segment":3,"start_time":1604504400549},{"elapsed_time":1590789,"segment":3,"start_time":1604504410559},{"elapsed_time":1601518,"segment":4,"start_time":1604504469618},{"elapsed_time":1610526,"segment":4,"start_time":1604504478626},{"elapsed_time":1620535,"segment":4,"start_time":1604504488635},{"elapsed_time":1630546,"segment":4,"start_time":1604504498646},{"elapsed_time":1640556,"segment":4,"start_time":1604504508656},{"elapsed_time":1650565,"segment":4,"start_time":1604504518665},{"elapsed_time":1660575,"segment":4,"start_time":1604504528675},{"elapsed_time":1670587,"segment":4,"start_time":1604504538687},{"elapsed_time":1680594,"segment":4,"start_time":1604504548694},{"elapsed_time":1690604,"segment":4,"start_time":1604504558704},{"elapsed_time":1700613,"segment":4,"start_time":1604504568713},{"elapsed_time":1710622,"segment":4,"start_time":1604504578722},{"elapsed_time":1720633,"segment":4,"start_time":1604504588733},{"elapsed_time":1730643,"segment":4,"start_time":1604504598743},{"elapsed_time":1740653,"segment":4,"start_time":1604504608753},{"elapsed_time":1750710,"segment":4,"start_time":1604504618810},{"elapsed_time":1760672,"segment":4,"start_time":1604504628772},{"elapsed_time":1770682,"segment":4,"start_time":1604504638782},{"elapsed_time":1780692,"segment":4,"start_time":1604504648792},{"elapsed_time":1790702,"segment":4,"start_time":1604504658802},{"elapsed_time":1800711,"segment":4,"start_time":1604504668811},{"elapsed_time":1810722,"segment":4,"start_time":1604504678822},{"elapsed_time":1820731,"segment":4,"start_time":1604504688831},{"elapsed_time":1830740,"segment":4,"start_time":1604504698840},{"elapsed_time":1840750,"segment":4,"start_time":1604504708850},{"elapsed_time":1850760,"segment":4,"start_time":1604504718860},{"elapsed_time":1860769,"segment":4,"start_time":1604504728869},{"elapsed_time":1870780,"segment":4,"start_time":1604504738880},{"elapsed_time":1880789,"segment":4,"start_time":1604504748889},{"elapsed_time":1890799,"segment":4,"start_time":1604504758899},{"elapsed_time":1900809,"segment":4,"start_time":1604504768909},{"elapsed_time":1910819,"segment":4,"start_time":1604504778919},{"elapsed_time":1920833,"segment":4,"start_time":1604504788933},{"elapsed_time":1930839,"segment":4,"start_time":1604504798939},{"elapsed_time":1940848,"segment":4,"start_time":1604504808948},{"elapsed_time":1950858,"segment":4,"start_time":1604504818958},{"elapsed_time":1960868,"segment":4,"start_time":1604504828968},{"elapsed_time":1970878,"segment":4,"start_time":1604504838978},{"elapsed_time":1980887,"segment":4,"start_time":1604504848987},{"elapsed_time":1990897,"segment":4,"start_time":1604504858997},{"elapsed_time":2000907,"segment":4,"start_time":1604504869007},{"elapsed_time":2010917,"segment":4,"start_time":1604504879017},{"elapsed_time":2020927,"segment":4,"start_time":1604504889027},{"elapsed_time":2025931,"segment":4,"start_time":1604504946211}]