[{"elapsed_time":0,"segment":0,"interval":1,"start_time":1615286557600},{"elapsed_time":3572,"segment":0,"interval":1,"start_time":1615286561172},{"elapsed_time":5449,"segment":0,"interval":1,"start_time":1615286563049},{"elapsed_time":10580,"segment":0,"interval":1,"start_time":1615286568180},{"elapsed_time":10671,"segment":0,"interval":1,"start_time":1615286568271},{"elapsed_time":20042,"segment":0,"interval":1,"start_time":1615286577642},{"elapsed_time":20601,"segment":0,"interval":1,"start_time":1615286578201},{"elapsed_time":30129,"segment":0,"interval":1,"start_time":1615286587729},{"elapsed_time":30597,"segment":0,"interval":1,"start_time":1615286588197},{"elapsed_time":36596,"segment":0,"interval":1,"start_time":1615286594196},{"elapsed_time":40046,"segment":0,"interval":1,"start_time":1615286597646},{"elapsed_time":40608,"segment":0,"interval":1,"start_time":1615286598208},{"elapsed_time":50133,"segment":0,"interval":1,"start_time":1615286607733},{"elapsed_time":56756,"segment":0,"interval":1,"start_time":1615286614356},{"elapsed_time":60628,"segment":0,"interval":1,"start_time":1615286618228},{"elapsed_time":61124,"segment":0,"interval":1,"start_time":1615286618724},{"elapsed_time":65084,"segment":0,"interval":1,"start_time":1615286622684},{"elapsed_time":69473,"segment":0,"interval":1,"start_time":1615286627073},{"elapsed_time":70711,"segment":0,"interval":1,"start_time":1615286628311},{"elapsed_time":71210,"segment":0,"interval":1,"start_time":1615286628810},{"elapsed_time":80791,"segment":0,"interval":1,"start_time":1615286638391},{"elapsed_time":81123,"segment":0,"interval":1,"start_time":1615286638723},{"elapsed_time":90675,"segment":0,"interval":1,"start_time":1615286648275},{"elapsed_time":91028,"segment":0,"interval":1,"start_time":1615286648628},{"elapsed_time":100038,"segment":0,"interval":1,"start_time":1615286657638},{"elapsed_time":100827,"segment":0,"interval":1,"start_time":1615286658427},{"elapsed_time":103192,"segment":0,"interval":1,"start_time":1615286660792},{"elapsed_time":110128,"segment":0,"interval":1,"start_time":1615286667728},{"elapsed_time":110766,"segment":0,"interval":1,"start_time":1615286668366},{"elapsed_time":120038,"segment":0,"interval":1,"start_time":1615286677638},{"elapsed_time":122689,"segment":0,"interval":1,"start_time":1615286680289},{"elapsed_time":130130,"segment":0,"interval":1,"start_time":1615286687730},{"elapsed_time":130696,"segment":0,"interval":1,"start_time":1615286688296},{"elapsed_time":137833,"segment":0,"interval":1,"start_time":1615286695433},{"elapsed_time":140037,"segment":0,"interval":1,"start_time":1615286697637},{"elapsed_time":140152,"segment":0,"interval":1,"start_time":1615286697752},{"elapsed_time":150127,"segment":0,"interval":1,"start_time":1615286707727},{"elapsed_time":150730,"segment":0,"interval":1,"start_time":1615286708330},{"elapsed_time":160806,"segment":0,"interval":1,"start_time":1615286718406},{"elapsed_time":161120,"segment":0,"interval":1,"start_time":1615286718720},{"elapsed_time":171027,"segment":0,"interval":1,"start_time":1615286728627},{"elapsed_time":172392,"segment":0,"interval":1,"start_time":1615286729992},{"elapsed_time":180744,"segment":0,"interval":1,"start_time":1615286738344},{"elapsed_time":181117,"segment":0,"interval":1,"start_time":1615286738717},{"elapsed_time":190869,"segment":0,"interval":1,"start_time":1615286748469},{"elapsed_time":191029,"segment":0,"interval":1,"start_time":1615286748629},{"elapsed_time":200038,"segment":0,"interval":1,"start_time":1615286757638},{"elapsed_time":200879,"segment":0,"interval":1,"start_time":1615286758479},{"elapsed_time":208915,"segment":0,"interval":1,"start_time":1615286766515},{"elapsed_time":210128,"segment":0,"interval":1,"start_time":1615286767728},{"elapsed_time":210773,"segment":0,"interval":1,"start_time":1615286768373},{"elapsed_time":220035,"segment":0,"interval":1,"start_time":1615286777635},{"elapsed_time":220783,"segment":0,"interval":1,"start_time":1615286778383},{"elapsed_time":230125,"segment":0,"interval":1,"start_time":1615286787725},{"elapsed_time":230792,"segment":0,"interval":1,"start_time":1615286788392},{"elapsed_time":240037,"segment":0,"interval":1,"start_time":1615286797637},{"elapsed_time":240803,"segment":0,"interval":1,"start_time":1615286798403},{"elapsed_time":246306,"segment":0,"interval":1,"start_time":1615286803906},{"elapsed_time":250127,"segment":0,"interval":1,"start_time":1615286807727},{"elapsed_time":250813,"segment":0,"interval":1,"start_time":1615286808413},{"elapsed_time":260824,"segment":0,"interval":1,"start_time":1615286818424},{"elapsed_time":261115,"segment":0,"interval":1,"start_time":1615286818715},{"elapsed_time":270832,"segment":0,"interval":1,"start_time":1615286828432},{"elapsed_time":271205,"segment":0,"interval":1,"start_time":1615286828805},{"elapsed_time":280846,"segment":0,"interval":1,"start_time":1615286838446},{"elapsed_time":281117,"segment":0,"interval":1,"start_time":1615286838717},{"elapsed_time":282522,"segment":0,"interval":1,"start_time":1615286840122},{"elapsed_time":290943,"segment":0,"interval":1,"start_time":1615286848543},{"elapsed_time":291024,"segment":0,"interval":1,"start_time":1615286848624},{"elapsed_time":300033,"segment":0,"interval":1,"start_time":1615286857633},{"elapsed_time":300862,"segment":0,"interval":1,"start_time":1615286858462},{"elapsed_time":310123,"segment":0,"interval":1,"start_time":1615286867723},{"elapsed_time":310872,"segment":0,"interval":1,"start_time":1615286868472},{"elapsed_time":320035,"segment":0,"interval":1,"start_time":1615286877635},{"elapsed_time":320925,"segment":0,"interval":1,"start_time":1615286878525},{"elapsed_time":321958,"segment":0,"interval":1,"start_time":1615286879558},{"elapsed_time":330124,"segment":0,"interval":1,"start_time":1615286887724},{"elapsed_time":330892,"segment":0,"interval":1,"start_time":1615286888492},{"elapsed_time":340032,"segment":0,"interval":1,"start_time":1615286897632},{"elapsed_time":340860,"segment":0,"interval":1,"start_time":1615286898460},{"elapsed_time":350122,"segment":0,"interval":1,"start_time":1615286907722},{"elapsed_time":357495,"segment":1,"interval":1,"start_time":1615286933995},{"elapsed_time":360039,"segment":1,"interval":1,"start_time":1615286936539},{"elapsed_time":361131,"segment":1,"interval":1,"start_time":1615286937631},{"elapsed_time":364120,"segment":1,"interval":1,"start_time":1615286940620},{"elapsed_time":370049,"segment":1,"interval":2,"start_time":1615286946549},{"elapsed_time":371221,"segment":1,"interval":2,"start_time":1615286947721},{"elapsed_time":380058,"segment":1,"interval":2,"start_time":1615286956558},{"elapsed_time":382215,"segment":1,"interval":2,"start_time":1615286958715},{"elapsed_time":391071,"segment":1,"interval":2,"start_time":1615286967571},{"elapsed_time":392121,"segment":1,"interval":2,"start_time":1615286968621},{"elapsed_time":400078,"segment":1,"interval":2,"start_time":1615286976578},{"elapsed_time":400110,"segment":1,"interval":2,"start_time":1615286976610},{"elapsed_time":402211,"segment":1,"interval":2,"start_time":1615286978711},{"elapsed_time":410088,"segment":1,"interval":2,"start_time":1615286986588},{"elapsed_time":412123,"segment":1,"interval":2,"start_time":1615286988623},{"elapsed_time":420097,"segment":1,"interval":2,"start_time":1615286996597},{"elapsed_time":421134,"segment":1,"interval":2,"start_time":1615286997634},{"elapsed_time":430107,"segment":1,"interval":2,"start_time":1615287006607},{"elapsed_time":431223,"segment":1,"interval":2,"start_time":1615287007723},{"elapsed_time":436244,"segment":1,"interval":2,"start_time":1615287012744},{"elapsed_time":440117,"segment":1,"interval":2,"start_time":1615287016617},{"elapsed_time":441128,"segment":1,"interval":2,"start_time":1615287017628},{"elapsed_time":450127,"segment":1,"interval":2,"start_time":1615287026627},{"elapsed_time":451219,"segment":1,"interval":2,"start_time":1615287027719},{"elapsed_time":460244,"segment":1,"interval":2,"start_time":1615287036744},{"elapsed_time":461131,"segment":1,"interval":2,"start_time":1615287037631},{"elapsed_time":471221,"segment":1,"interval":2,"start_time":1615287047721},{"elapsed_time":481424,"segment":1,"interval":2,"start_time":1615287057924},{"elapsed_time":482209,"segment":1,"interval":2,"start_time":1615287058709},{"elapsed_time":483205,"segment":1,"interval":2,"start_time":1615287059705},{"elapsed_time":490166,"segment":1,"interval":2,"start_time":1615287066666},{"elapsed_time":492121,"segment":1,"interval":2,"start_time":1615287068621},{"elapsed_time":500176,"segment":1,"interval":2,"start_time":1615287076676},{"elapsed_time":502211,"segment":1,"interval":2,"start_time":1615287078711},{"elapsed_time":510185,"segment":1,"interval":2,"start_time":1615287086685},{"elapsed_time":512117,"segment":1,"interval":2,"start_time":1615287088617},{"elapsed_time":517740,"segment":1,"interval":2,"start_time":1615287094240},{"elapsed_time":520195,"segment":1,"interval":2,"start_time":1615287096695},{"elapsed_time":521127,"segment":1,"interval":2,"start_time":1615287097627},{"elapsed_time":530206,"segment":1,"interval":2,"start_time":1615287106706},{"elapsed_time":531217,"segment":1,"interval":2,"start_time":1615287107717},{"elapsed_time":540216,"segment":1,"interval":2,"start_time":1615287116716},{"elapsed_time":541307,"segment":1,"interval":2,"start_time":1615287117807},{"elapsed_time":550249,"segment":1,"interval":2,"start_time":1615287126749},{"elapsed_time":551219,"segment":1,"interval":2,"start_time":1615287127719},{"elapsed_time":552701,"segment":1,"interval":2,"start_time":1615287129201},{"elapsed_time":560279,"segment":1,"interval":2,"start_time":1615287136779},{"elapsed_time":561126,"segment":1,"interval":2,"start_time":1615287137626},{"elapsed_time":570244,"segment":1,"interval":2,"start_time":1615287146744},{"elapsed_time":571216,"segment":1,"interval":2,"start_time":1615287147716},{"elapsed_time":580253,"segment":1,"interval":2,"start_time":1615287156753},{"elapsed_time":582210,"segment":1,"interval":2,"start_time":1615287158710},{"elapsed_time":586683,"segment":1,"interval":2,"start_time":1615287163183},{"elapsed_time":590205,"segment":1,"interval":2,"start_time":1615287166705},{"elapsed_time":590263,"segment":1,"interval":2,"start_time":1615287166763},{"elapsed_time":592118,"segment":1,"interval":2,"start_time":1615287168618},{"elapsed_time":600346,"segment":1,"interval":2,"start_time":1615287176846},{"elapsed_time":602206,"segment":1,"interval":2,"start_time":1615287178706},{"elapsed_time":610292,"segment":1,"interval":2,"start_time":1615287186792},{"elapsed_time":612116,"segment":1,"interval":2,"start_time":1615287188616},{"elapsed_time":620315,"segment":1,"interval":2,"start_time":1615287196815},{"elapsed_time":621127,"segment":1,"interval":2,"start_time":1615287197627},{"elapsed_time":621992,"segment":1,"interval":2,"start_time":1615287198492},{"elapsed_time":630369,"segment":1,"interval":2,"start_time":1615287206869},{"elapsed_time":631217,"segment":1,"interval":2,"start_time":1615287207717},{"elapsed_time":640397,"segment":1,"interval":2,"start_time":1615287216897},{"elapsed_time":641123,"segment":1,"interval":2,"start_time":1615287217623},{"elapsed_time":650322,"segment":1,"interval":2,"start_time":1615287226822},{"elapsed_time":651214,"segment":1,"interval":2,"start_time":1615287227714},{"elapsed_time":657999,"segment":1,"interval":2,"start_time":1615287234499},{"elapsed_time":660332,"segment":1,"interval":2,"start_time":1615287236832},{"elapsed_time":661124,"segment":1,"interval":2,"start_time":1615287237624},{"elapsed_time":671217,"segment":1,"interval":2,"start_time":1615287247717},{"elapsed_time":682205,"segment":1,"interval":2,"start_time":1615287258705},{"elapsed_time":692115,"segment":1,"interval":2,"start_time":1615287268615},{"elapsed_time":692429,"segment":1,"interval":2,"start_time":1615287268929},{"elapsed_time":702207,"segment":1,"interval":2,"start_time":1615287278707},{"elapsed_time":702373,"segment":1,"interval":2,"start_time":1615287278873},{"elapsed_time":710381,"segment":1,"interval":2,"start_time":1615287286881},{"elapsed_time":711215,"segment":1,"interval":2,"start_time":1615287287715},{"elapsed_time":720391,"segment":1,"interval":2,"start_time":1615287296891},{"elapsed_time":721122,"segment":1,"interval":2,"start_time":1615287297622},{"elapsed_time":729380,"segment":1,"interval":2,"start_time":1615287305880},{"elapsed_time":730400,"segment":1,"interval":3,"start_time":1615287306900},{"elapsed_time":731212,"segment":1,"interval":3,"start_time":1615287307712},{"elapsed_time":741123,"segment":1,"interval":3,"start_time":1615287317623},{"elapsed_time":747418,"segment":1,"interval":3,"start_time":1615287323918},{"elapsed_time":750420,"segment":1,"interval":3,"start_time":1615287326920},{"elapsed_time":751215,"segment":1,"interval":3,"start_time":1615287327715},{"elapsed_time":760429,"segment":1,"interval":3,"start_time":1615287336929},{"elapsed_time":761121,"segment":1,"interval":3,"start_time":1615287337621},{"elapsed_time":766122,"segment":1,"interval":3,"start_time":1615287342622},{"elapsed_time":770440,"segment":1,"interval":3,"start_time":1615287346940},{"elapsed_time":771211,"segment":1,"interval":3,"start_time":1615287347711},{"elapsed_time":780449,"segment":1,"interval":3,"start_time":1615287356949},{"elapsed_time":782205,"segment":1,"interval":3,"start_time":1615287358705},{"elapsed_time":790533,"segment":1,"interval":3,"start_time":1615287367033},{"elapsed_time":792112,"segment":1,"interval":3,"start_time":1615287368612},{"elapsed_time":800470,"segment":1,"interval":3,"start_time":1615287376970},{"elapsed_time":802201,"segment":1,"interval":3,"start_time":1615287378701},{"elapsed_time":803470,"segment":1,"interval":3,"start_time":1615287379970},{"elapsed_time":812111,"segment":1,"interval":3,"start_time":1615287388611},{"elapsed_time":817486,"segment":1,"interval":3,"start_time":1615287393986},{"elapsed_time":820488,"segment":1,"interval":3,"start_time":1615287396988},{"elapsed_time":821123,"segment":1,"interval":3,"start_time":1615287397623},{"elapsed_time":830497,"segment":1,"interval":3,"start_time":1615287406997},{"elapsed_time":831213,"segment":1,"interval":3,"start_time":1615287407713},{"elapsed_time":840508,"segment":1,"interval":3,"start_time":1615287417008},{"elapsed_time":841120,"segment":1,"interval":3,"start_time":1615287417620},{"elapsed_time":842455,"segment":1,"interval":3,"start_time":1615287418955},{"elapsed_time":850518,"segment":1,"interval":3,"start_time":1615287427018},{"elapsed_time":851209,"segment":1,"interval":3,"start_time":1615287427709},{"elapsed_time":860528,"segment":1,"interval":3,"start_time":1615287437028},{"elapsed_time":861121,"segment":1,"interval":3,"start_time":1615287437621},{"elapsed_time":870594,"segment":1,"interval":3,"start_time":1615287447094},{"elapsed_time":871211,"segment":1,"interval":3,"start_time":1615287447711},{"elapsed_time":879523,"segment":1,"interval":3,"start_time":1615287456023},{"elapsed_time":880601,"segment":1,"interval":3,"start_time":1615287457101},{"elapsed_time":882200,"segment":1,"interval":3,"start_time":1615287458700},{"elapsed_time":890557,"segment":1,"interval":3,"start_time":1615287467057},{"elapsed_time":892111,"segment":1,"interval":3,"start_time":1615287468611},{"elapsed_time":901568,"segment":1,"interval":3,"start_time":1615287478068},{"elapsed_time":902201,"segment":1,"interval":3,"start_time":1615287478701},{"elapsed_time":912108,"segment":1,"interval":3,"start_time":1615287488608},{"elapsed_time":914785,"segment":1,"interval":3,"start_time":1615287491285},{"elapsed_time":918585,"segment":1,"interval":3,"start_time":1615287495085},{"elapsed_time":920591,"segment":1,"interval":3,"start_time":1615287497091},{"elapsed_time":921117,"segment":1,"interval":3,"start_time":1615287497617},{"elapsed_time":930596,"segment":1,"interval":3,"start_time":1615287507096},{"elapsed_time":931207,"segment":1,"interval":3,"start_time":1615287507707},{"elapsed_time":940329,"segment":1,"interval":3,"start_time":1615287516829},{"elapsed_time":941117,"segment":1,"interval":3,"start_time":1615287517617},{"elapsed_time":950616,"segment":1,"interval":3,"start_time":1615287527116},{"elapsed_time":951209,"segment":1,"interval":3,"start_time":1615287527709},{"elapsed_time":953217,"segment":1,"interval":3,"start_time":1615287529717},{"elapsed_time":960627,"segment":1,"interval":3,"start_time":1615287537127},{"elapsed_time":961117,"segment":1,"interval":3,"start_time":1615287537617},{"elapsed_time":970635,"segment":1,"interval":3,"start_time":1615287547135},{"elapsed_time":972107,"segment":1,"interval":3,"start_time":1615287548607},{"elapsed_time":980696,"segment":1,"interval":3,"start_time":1615287557196},{"elapsed_time":982199,"segment":1,"interval":3,"start_time":1615287558699},{"elapsed_time":986369,"segment":1,"interval":3,"start_time":1615287562869},{"elapsed_time":990653,"segment":1,"interval":3,"start_time":1615287567153},{"elapsed_time":992107,"segment":1,"interval":3,"start_time":1615287568607},{"elapsed_time":1000674,"segment":1,"interval":3,"start_time":1615287577174},{"elapsed_time":1002196,"segment":1,"interval":3,"start_time":1615287578696},{"elapsed_time":1010672,"segment":1,"interval":3,"start_time":1615287587172},{"elapsed_time":1012107,"segment":1,"interval":3,"start_time":1615287588607},{"elapsed_time":1020711,"segment":1,"interval":3,"start_time":1615287597211},{"elapsed_time":1021117,"segment":1,"interval":3,"start_time":1615287597617},{"elapsed_time":1023006,"segment":1,"interval":3,"start_time":1615287599506},{"elapsed_time":1030692,"segment":1,"interval":3,"start_time":1615287607192},{"elapsed_time":1031207,"segment":1,"interval":3,"start_time":1615287607707},{"elapsed_time":1040740,"segment":1,"interval":3,"start_time":1615287617240},{"elapsed_time":1041115,"segment":1,"interval":3,"start_time":1615287617615},{"elapsed_time":1050720,"segment":1,"interval":3,"start_time":1615287627220},{"elapsed_time":1051204,"segment":1,"interval":3,"start_time":1615287627704},{"elapsed_time":1057150,"segment":1,"interval":3,"start_time":1615287633650},{"elapsed_time":1060726,"segment":1,"interval":3,"start_time":1615287637226},{"elapsed_time":1061115,"segment":1,"interval":3,"start_time":1615287637615},{"elapsed_time":1070814,"segment":1,"interval":3,"start_time":1615287647314},{"elapsed_time":1072287,"segment":1,"interval":3,"start_time":1615287648787},{"elapsed_time":1080745,"segment":1,"interval":3,"start_time":1615287657245},{"elapsed_time":1082194,"segment":1,"interval":3,"start_time":1615287658694},{"elapsed_time":1090751,"segment":1,"interval":3,"start_time":1615287667251},{"elapsed_time":1091939,"segment":1,"interval":3,"start_time":1615287668439},{"elapsed_time":1092107,"segment":1,"interval":4,"start_time":1615287668607},{"elapsed_time":1100761,"segment":1,"interval":4,"start_time":1615287677261},{"elapsed_time":1102197,"segment":1,"interval":4,"start_time":1615287678697},{"elapsed_time":1110772,"segment":1,"interval":4,"start_time":1615287687272},{"elapsed_time":1112104,"segment":1,"interval":4,"start_time":1615287688604},{"elapsed_time":1121112,"segment":1,"interval":4,"start_time":1615287697612},{"elapsed_time":1126710,"segment":1,"interval":4,"start_time":1615287703210},{"elapsed_time":1131202,"segment":1,"interval":4,"start_time":1615287707702},{"elapsed_time":1141113,"segment":1,"interval":4,"start_time":1615287717613},{"elapsed_time":1151205,"segment":1,"interval":4,"start_time":1615287727705},{"elapsed_time":1161295,"segment":1,"interval":4,"start_time":1615287737795},{"elapsed_time":1163274,"segment":1,"interval":4,"start_time":1615287739774},{"elapsed_time":1170347,"segment":1,"interval":4,"start_time":1615287746847},{"elapsed_time":1172103,"segment":1,"interval":4,"start_time":1615287748603},{"elapsed_time":1182195,"segment":1,"interval":4,"start_time":1615287758695},{"elapsed_time":1187851,"segment":1,"interval":4,"start_time":1615287764351},{"elapsed_time":1190850,"segment":1,"interval":4,"start_time":1615287767350},{"elapsed_time":1192285,"segment":1,"interval":4,"start_time":1615287768785},{"elapsed_time":1202191,"segment":1,"interval":4,"start_time":1615287778691},{"elapsed_time":1202862,"segment":1,"interval":4,"start_time":1615287779362},{"elapsed_time":1204159,"segment":1,"interval":4,"start_time":1615287780659},{"elapsed_time":1212101,"segment":1,"interval":4,"start_time":1615287788601},{"elapsed_time":1221111,"segment":1,"interval":4,"start_time":1615287797611},{"elapsed_time":1226887,"segment":1,"interval":4,"start_time":1615287803387},{"elapsed_time":1230928,"segment":1,"interval":4,"start_time":1615287807428},{"elapsed_time":1231203,"segment":1,"interval":4,"start_time":1615287807703},{"elapsed_time":1241110,"segment":1,"interval":4,"start_time":1615287817610},{"elapsed_time":1241900,"segment":1,"interval":4,"start_time":1615287818400},{"elapsed_time":1242222,"segment":1,"interval":4,"start_time":1615287818722},{"elapsed_time":1250918,"segment":1,"interval":4,"start_time":1615287827418},{"elapsed_time":1251199,"segment":1,"interval":4,"start_time":1615287827699},{"elapsed_time":1261111,"segment":1,"interval":4,"start_time":1615287837611},{"elapsed_time":1272100,"segment":1,"interval":4,"start_time":1615287848600},{"elapsed_time":1277133,"segment":1,"interval":4,"start_time":1615287853633},{"elapsed_time":1282190,"segment":1,"interval":4,"start_time":1615287858690},{"elapsed_time":1286968,"segment":1,"interval":4,"start_time":1615287863468},{"elapsed_time":1290949,"segment":1,"interval":4,"start_time":1615287867449},{"elapsed_time":1292105,"segment":1,"interval":4,"start_time":1615287868605},{"elapsed_time":1300958,"segment":1,"interval":4,"start_time":1615287877458},{"elapsed_time":1302191,"segment":1,"interval":4,"start_time":1615287878691},{"elapsed_time":1312101,"segment":1,"interval":4,"start_time":1615287888601},{"elapsed_time":1313187,"segment":1,"interval":4,"start_time":1615287889687},{"elapsed_time":1321291,"segment":1,"interval":4,"start_time":1615287897791},{"elapsed_time":1327234,"segment":1,"interval":4,"start_time":1615287903734},{"elapsed_time":1331197,"segment":1,"interval":4,"start_time":1615287907697},{"elapsed_time":1336993,"segment":1,"interval":4,"start_time":1615287913493},{"elapsed_time":1341109,"segment":1,"interval":4,"start_time":1615287917609},{"elapsed_time":1341152,"segment":1,"interval":4,"start_time":1615287917652},{"elapsed_time":1346009,"segment":1,"interval":4,"start_time":1615287922509},{"elapsed_time":1350012,"segment":1,"interval":4,"start_time":1615287926512},{"elapsed_time":1351199,"segment":1,"interval":4,"start_time":1615287927699},{"elapsed_time":1360052,"segment":1,"interval":4,"start_time":1615287936552},{"elapsed_time":1361289,"segment":1,"interval":4,"start_time":1615287937789},{"elapsed_time":1370029,"segment":1,"interval":4,"start_time":1615287946529},{"elapsed_time":1372278,"segment":1,"interval":4,"start_time":1615287948778},{"elapsed_time":1380036,"segment":1,"interval":4,"start_time":1615287956536},{"elapsed_time":1382190,"segment":1,"interval":4,"start_time":1615287958690},{"elapsed_time":1382975,"segment":1,"interval":4,"start_time":1615287959475},{"elapsed_time":1390100,"segment":1,"interval":4,"start_time":1615287966600},{"elapsed_time":1392097,"segment":1,"interval":4,"start_time":1615287968597},{"elapsed_time":1400095,"segment":1,"interval":4,"start_time":1615287976595},{"elapsed_time":1402187,"segment":1,"interval":4,"start_time":1615287978687},{"elapsed_time":1411195,"segment":1,"interval":4,"start_time":1615287987695},{"elapsed_time":1419509,"segment":1,"interval":4,"start_time":1615287996009},{"elapsed_time":1421286,"segment":1,"interval":4,"start_time":1615287997786},{"elapsed_time":1431197,"segment":1,"interval":4,"start_time":1615288007697},{"elapsed_time":1438092,"segment":1,"interval":4,"start_time":1615288014592},{"elapsed_time":1440095,"segment":1,"interval":4,"start_time":1615288016595},{"elapsed_time":1441104,"segment":1,"interval":4,"start_time":1615288017604},{"elapsed_time":1451194,"segment":1,"interval":4,"start_time":1615288027694},{"elapsed_time":1456121,"segment":1,"interval":4,"start_time":1615288032621},{"elapsed_time":1461105,"segment":1,"interval":5,"start_time":1615288037605},{"elapsed_time":1472095,"segment":1,"interval":5,"start_time":1615288048595},{"elapsed_time":1482158,"segment":1,"interval":5,"start_time":1615288058658},{"elapsed_time":1482185,"segment":1,"interval":5,"start_time":1615288058685},{"elapsed_time":1490143,"segment":1,"interval":5,"start_time":1615288066643},{"elapsed_time":1491585,"segment":1,"interval":5,"start_time":1615288068085},{"elapsed_time":1492095,"segment":1,"interval":5,"start_time":1615288068595},{"elapsed_time":1500154,"segment":1,"interval":5,"start_time":1615288076654},{"elapsed_time":1502187,"segment":1,"interval":5,"start_time":1615288078687},{"elapsed_time":1510169,"segment":1,"interval":5,"start_time":1615288086669},{"elapsed_time":1511195,"segment":1,"interval":5,"start_time":1615288087695},{"elapsed_time":1520173,"segment":1,"interval":5,"start_time":1615288096673},{"elapsed_time":1521102,"segment":1,"interval":5,"start_time":1615288097602},{"elapsed_time":1528566,"segment":1,"interval":5,"start_time":1615288105066},{"elapsed_time":1531193,"segment":1,"interval":5,"start_time":1615288107693},{"elapsed_time":1534189,"segment":1,"interval":5,"start_time":1615288110689},{"elapsed_time":1540193,"segment":1,"interval":5,"start_time":1615288116693},{"elapsed_time":1541106,"segment":1,"interval":5,"start_time":1615288117606},{"elapsed_time":1550202,"segment":1,"interval":5,"start_time":1615288126702},{"elapsed_time":1551195,"segment":1,"interval":5,"start_time":1615288127695},{"elapsed_time":1560212,"segment":1,"interval":5,"start_time":1615288136712},{"elapsed_time":1561285,"segment":1,"interval":5,"start_time":1615288137785},{"elapsed_time":1562964,"segment":1,"interval":5,"start_time":1615288139464},{"elapsed_time":1570222,"segment":1,"interval":5,"start_time":1615288146722},{"elapsed_time":1572273,"segment":1,"interval":5,"start_time":1615288148773},{"elapsed_time":1580231,"segment":1,"interval":5,"start_time":1615288156731},{"elapsed_time":1582186,"segment":1,"interval":5,"start_time":1615288158686},{"elapsed_time":1590242,"segment":1,"interval":5,"start_time":1615288166742},{"elapsed_time":1592091,"segment":1,"interval":5,"start_time":1615288168591},{"elapsed_time":1597811,"segment":1,"interval":5,"start_time":1615288174311},{"elapsed_time":1600263,"segment":1,"interval":5,"start_time":1615288176763},{"elapsed_time":1602182,"segment":1,"interval":5,"start_time":1615288178682},{"elapsed_time":1610260,"segment":1,"interval":5,"start_time":1615288186760},{"elapsed_time":1611191,"segment":1,"interval":5,"start_time":1615288187691},{"elapsed_time":1620270,"segment":1,"interval":5,"start_time":1615288196770},{"elapsed_time":1621280,"segment":1,"interval":5,"start_time":1615288197780},{"elapsed_time":1630334,"segment":1,"interval":5,"start_time":1615288206834},{"elapsed_time":1631193,"segment":1,"interval":5,"start_time":1615288207693},{"elapsed_time":1635001,"segment":1,"interval":5,"start_time":1615288211501},{"elapsed_time":1640290,"segment":1,"interval":5,"start_time":1615288216790},{"elapsed_time":1641099,"segment":1,"interval":5,"start_time":1615288217599},{"elapsed_time":1650300,"segment":1,"interval":5,"start_time":1615288226800},{"elapsed_time":1651190,"segment":1,"interval":5,"start_time":1615288227690},{"elapsed_time":1660309,"segment":1,"interval":5,"start_time":1615288236809},{"elapsed_time":1661101,"segment":1,"interval":5,"start_time":1615288237601},{"elapsed_time":1670320,"segment":1,"interval":5,"start_time":1615288246820},{"elapsed_time":1671369,"segment":1,"interval":5,"start_time":1615288247869},{"elapsed_time":1672274,"segment":1,"interval":5,"start_time":1615288248774},{"elapsed_time":1680373,"segment":1,"interval":5,"start_time":1615288256873},{"elapsed_time":1682180,"segment":1,"interval":5,"start_time":1615288258680},{"elapsed_time":1690339,"segment":1,"interval":5,"start_time":1615288266839},{"elapsed_time":1692270,"segment":1,"interval":5,"start_time":1615288268770},{"elapsed_time":1700403,"segment":1,"interval":5,"start_time":1615288276903},{"elapsed_time":1702182,"segment":1,"interval":5,"start_time":1615288278682},{"elapsed_time":1707159,"segment":1,"interval":5,"start_time":1615288283659},{"elapsed_time":1710360,"segment":1,"interval":5,"start_time":1615288286860},{"elapsed_time":1711192,"segment":1,"interval":5,"start_time":1615288287692},{"elapsed_time":1720368,"segment":1,"interval":5,"start_time":1615288296868},{"elapsed_time":1721282,"segment":1,"interval":5,"start_time":1615288297782},{"elapsed_time":1730377,"segment":1,"interval":5,"start_time":1615288306877},{"elapsed_time":1731188,"segment":1,"interval":5,"start_time":1615288307688},{"elapsed_time":1740387,"segment":1,"interval":5,"start_time":1615288316887},{"elapsed_time":1741277,"segment":1,"interval":5,"start_time":1615288317777},{"elapsed_time":1742665,"segment":1,"interval":5,"start_time":1615288319165},{"elapsed_time":1743451,"segment":1,"interval":5,"start_time":1615288319951},{"elapsed_time":1750422,"segment":1,"interval":5,"start_time":1615288326922},{"elapsed_time":1751189,"segment":1,"interval":5,"start_time":1615288327689},{"elapsed_time":1753241,"segment":1,"interval":5,"start_time":1615288329741},{"elapsed_time":1760432,"segment":1,"interval":5,"start_time":1615288336932},{"elapsed_time":1761279,"segment":1,"interval":5,"start_time":1615288337779},{"elapsed_time":1770418,"segment":1,"interval":5,"start_time":1615288346918},{"elapsed_time":1772268,"segment":1,"interval":5,"start_time":1615288348768},{"elapsed_time":1778368,"segment":1,"interval":5,"start_time":1615288354868},{"elapsed_time":1780427,"segment":1,"interval":5,"start_time":1615288356927},{"elapsed_time":1782180,"segment":1,"interval":5,"start_time":1615288358680},{"elapsed_time":1790436,"segment":1,"interval":5,"start_time":1615288366936},{"elapsed_time":1792270,"segment":1,"interval":5,"start_time":1615288368770},{"elapsed_time":1800468,"segment":1,"interval":5,"start_time":1615288376968},{"elapsed_time":1802177,"segment":1,"interval":5,"start_time":1615288378677},{"elapsed_time":1810456,"segment":1,"interval":5,"start_time":1615288386956},{"elapsed_time":1811186,"segment":1,"interval":5,"start_time":1615288387686},{"elapsed_time":1818057,"segment":1,"interval":5,"start_time":1615288394557},{"elapsed_time":1820502,"segment":1,"interval":6,"start_time":1615288397002},{"elapsed_time":1821098,"segment":1,"interval":6,"start_time":1615288397598},{"elapsed_time":1830528,"segment":1,"interval":6,"start_time":1615288407028},{"elapsed_time":1831188,"segment":1,"interval":6,"start_time":1615288407688},{"elapsed_time":1840486,"segment":1,"interval":6,"start_time":1615288416986},{"elapsed_time":1841094,"segment":1,"interval":6,"start_time":1615288417594},{"elapsed_time":1850495,"segment":1,"interval":6,"start_time":1615288426995},{"elapsed_time":1851184,"segment":1,"interval":6,"start_time":1615288427684},{"elapsed_time":1852917,"segment":1,"interval":6,"start_time":1615288429417},{"elapsed_time":1860505,"segment":1,"interval":6,"start_time":1615288437005},{"elapsed_time":1861274,"segment":1,"interval":6,"start_time":1615288437774},{"elapsed_time":1870515,"segment":1,"interval":6,"start_time":1615288447015},{"elapsed_time":1872268,"segment":1,"interval":6,"start_time":1615288448768},{"elapsed_time":1880544,"segment":1,"interval":6,"start_time":1615288457044},{"elapsed_time":1882175,"segment":1,"interval":6,"start_time":1615288458675},{"elapsed_time":1889874,"segment":1,"interval":6,"start_time":1615288466374},{"elapsed_time":1891535,"segment":1,"interval":6,"start_time":1615288468035},{"elapsed_time":1892265,"segment":1,"interval":6,"start_time":1615288468765},{"elapsed_time":1900584,"segment":1,"interval":6,"start_time":1615288477084},{"elapsed_time":1902179,"segment":1,"interval":6,"start_time":1615288478679},{"elapsed_time":1910554,"segment":1,"interval":6,"start_time":1615288487054},{"elapsed_time":1911185,"segment":1,"interval":6,"start_time":1615288487685},{"elapsed_time":1920600,"segment":1,"interval":6,"start_time":1615288497100},{"elapsed_time":1921276,"segment":1,"interval":6,"start_time":1615288497776},{"elapsed_time":1925942,"segment":1,"interval":6,"start_time":1615288502442},{"elapsed_time":1926170,"segment":1,"interval":6,"start_time":1615288504830}]