[{"elapsed_time":2400,"segment":0,"interval":1,"start_time":1615286560000},{"elapsed_time":4400,"segment":0,"interval":1,"start_time":1615286562000},{"elapsed_time":5400,"segment":0,"interval":1,"start_time":1615286563000},{"elapsed_time":7400,"segment":0,"interval":1,"start_time":1615286565000},{"elapsed_time":9400,"segment":0,"interval":1,"start_time":1615286567000},{"elapsed_time":11400,"segment":0,"interval":1,"start_time":1615286569000},{"elapsed_time":14400,"segment":0,"interval":1,"start_time":1615286572000},{"elapsed_time":16400,"segment":0,"interval":1,"start_time":1615286574000},{"elapsed_time":18400,"segment":0,"interval":1,"start_time":1615286576000},{"elapsed_time":20400,"segment":0,"interval":1,"start_time":1615286578000},{"elapsed_time":22400,"segment":0,"interval":1,"start_time":1615286580000},{"elapsed_time":24400,"segment":0,"interval":1,"start_time":1615286582000},{"elapsed_time":26400,"segment":0,"interval":1,"start_time":1615286584000},{"elapsed_time":28400,"segment":0,"interval":1,"start_time":1615286586000},{"elapsed_time":30400,"segment":0,"interval":1,"start_time":1615286588000},{"elapsed_time":32400,"segment":0,"interval":1,"start_time":1615286590000},{"elapsed_time":34400,"segment":0,"interval":1,"start_time":1615286592000},{"elapsed_time":36400,"segment":0,"interval":1,"start_time":1615286594000},{"elapsed_time":38400,"segment":0,"interval":1,"start_time":1615286596000},{"elapsed_time":40400,"segment":0,"interval":1,"start_time":1615286598000},{"elapsed_time":42400,"segment":0,"interval":1,"start_time":1615286600000},{"elapsed_time":44400,"segment":0,"interval":1,"start_time":1615286602000},{"elapsed_time":46400,"segment":0,"interval":1,"start_time":1615286604000},{"elapsed_time":48400,"segment":0,"interval":1,"start_time":1615286606000},{"elapsed_time":50400,"segment":0,"interval":1,"start_time":1615286608000},{"elapsed_time":52400,"segment":0,"interval":1,"start_time":1615286610000},{"elapsed_time":54400,"segment":0,"interval":1,"start_time":1615286612000},{"elapsed_time":56400,"segment":0,"interval":1,"start_time":1615286614000},{"elapsed_time":58400,"segment":0,"interval":1,"start_time":1615286616000},{"elapsed_time":60400,"segment":0,"interval":1,"start_time":1615286618000},{"elapsed_time":62400,"segment":0,"interval":1,"start_time":1615286620000},{"elapsed_time":64400,"segment":0,"interval":1,"start_time":1615286622000},{"elapsed_time":66400,"segment":0,"interval":1,"start_time":1615286624000},{"elapsed_time":68400,"segment":0,"interval":1,"start_time":1615286626000},{"elapsed_time":70400,"segment":0,"interval":1,"start_time":1615286628000},{"elapsed_time":72400,"segment":0,"interval":1,"start_time":1615286630000},{"elapsed_time":74400,"segment":0,"interval":1,"start_time":1615286632000},{"elapsed_time":76400,"segment":0,"interval":1,"start_time":1615286634000},{"elapsed_time":78400,"segment":0,"interval":1,"start_time":1615286636000},{"elapsed_time":80400,"segment":0,"interval":1,"start_time":1615286638000},{"elapsed_time":82400,"segment":0,"interval":1,"start_time":1615286640000},{"elapsed_time":84400,"segment":0,"interval":1,"start_time":1615286642000},{"elapsed_time":86400,"segment":0,"interval":1,"start_time":1615286644000},{"elapsed_time":88400,"segment":0,"interval":1,"start_time":1615286646000},{"elapsed_time":90400,"segment":0,"interval":1,"start_time":1615286648000},{"elapsed_time":92400,"segment":0,"interval":1,"start_time":1615286650000},{"elapsed_time":94400,"segment":0,"interval":1,"start_time":1615286652000},{"elapsed_time":96400,"segment":0,"interval":1,"start_time":1615286654000},{"elapsed_time":98400,"segment":0,"interval":1,"start_time":1615286656000},{"elapsed_time":100400,"segment":0,"interval":1,"start_time":1615286658000},{"elapsed_time":102400,"segment":0,"interval":1,"start_time":1615286660000},{"elapsed_time":104400,"segment":0,"interval":1,"start_time":1615286662000},{"elapsed_time":106400,"segment":0,"interval":1,"start_time":1615286664000},{"elapsed_time":108400,"segment":0,"interval":1,"start_time":1615286666000},{"elapsed_time":110400,"segment":0,"interval":1,"start_time":1615286668000},{"elapsed_time":112400,"segment":0,"interval":1,"start_time":1615286670000},{"elapsed_time":114400,"segment":0,"interval":1,"start_time":1615286672000},{"elapsed_time":116400,"segment":0,"interval":1,"start_time":1615286674000},{"elapsed_time":118400,"segment":0,"interval":1,"start_time":1615286676000},{"elapsed_time":120400,"segment":0,"interval":1,"start_time":1615286678000},{"elapsed_time":122400,"segment":0,"interval":1,"start_time":1615286680000},{"elapsed_time":124400,"segment":0,"interval":1,"start_time":1615286682000},{"elapsed_time":126400,"segment":0,"interval":1,"start_time":1615286684000},{"elapsed_time":128400,"segment":0,"interval":1,"start_time":1615286686000},{"elapsed_time":130400,"segment":0,"interval":1,"start_time":1615286688000},{"elapsed_time":132400,"segment":0,"interval":1,"start_time":1615286690000},{"elapsed_time":134400,"segment":0,"interval":1,"start_time":1615286692000},{"elapsed_time":136400,"segment":0,"interval":1,"start_time":1615286694000},{"elapsed_time":138400,"segment":0,"interval":1,"start_time":1615286696000},{"elapsed_time":140400,"segment":0,"interval":1,"start_time":1615286698000},{"elapsed_time":142400,"segment":0,"interval":1,"start_time":1615286700000},{"elapsed_time":144400,"segment":0,"interval":1,"start_time":1615286702000},{"elapsed_time":146400,"segment":0,"interval":1,"start_time":1615286704000},{"elapsed_time":148400,"segment":0,"interval":1,"start_time":1615286706000},{"elapsed_time":150400,"segment":0,"interval":1,"start_time":1615286708000},{"elapsed_time":152400,"segment":0,"interval":1,"start_time":1615286710000},{"elapsed_time":154400,"segment":0,"interval":1,"start_time":1615286712000},{"elapsed_time":156400,"segment":0,"interval":1,"start_time":1615286714000},{"elapsed_time":158400,"segment":0,"interval":1,"start_time":1615286716000},{"elapsed_time":160400,"segment":0,"interval":1,"start_time":1615286718000},{"elapsed_time":162400,"segment":0,"interval":1,"start_time":1615286720000},{"elapsed_time":164400,"segment":0,"interval":1,"start_time":1615286722000},{"elapsed_time":166400,"segment":0,"interval":1,"start_time":1615286724000},{"elapsed_time":168400,"segment":0,"interval":1,"start_time":1615286726000},{"elapsed_time":170400,"segment":0,"interval":1,"start_time":1615286728000},{"elapsed_time":172400,"segment":0,"interval":1,"start_time":1615286730000},{"elapsed_time":174400,"segment":0,"interval":1,"start_time":1615286732000},{"elapsed_time":177400,"segment":0,"interval":1,"start_time":1615286735000},{"elapsed_time":179400,"segment":0,"interval":1,"start_time":1615286737000},{"elapsed_time":181400,"segment":0,"interval":1,"start_time":1615286739000},{"elapsed_time":183400,"segment":0,"interval":1,"start_time":1615286741000},{"elapsed_time":185400,"segment":0,"interval":1,"start_time":1615286743000},{"elapsed_time":187400,"segment":0,"interval":1,"start_time":1615286745000},{"elapsed_time":189400,"segment":0,"interval":1,"start_time":1615286747000},{"elapsed_time":191400,"segment":0,"interval":1,"start_time":1615286749000},{"elapsed_time":193400,"segment":0,"interval":1,"start_time":1615286751000},{"elapsed_time":195400,"segment":0,"interval":1,"start_time":1615286753000},{"elapsed_time":197400,"segment":0,"interval":1,"start_time":1615286755000},{"elapsed_time":199400,"segment":0,"interval":1,"start_time":1615286757000},{"elapsed_time":201400,"segment":0,"interval":1,"start_time":1615286759000},{"elapsed_time":203400,"segment":0,"interval":1,"start_time":1615286761000},{"elapsed_time":205400,"segment":0,"interval":1,"start_time":1615286763000},{"elapsed_time":208400,"segment":0,"interval":1,"start_time":1615286766000},{"elapsed_time":210400,"segment":0,"interval":1,"start_time":1615286768000},{"elapsed_time":212400,"segment":0,"interval":1,"start_time":1615286770000},{"elapsed_time":214400,"segment":0,"interval":1,"start_time":1615286772000},{"elapsed_time":216400,"segment":0,"interval":1,"start_time":1615286774000},{"elapsed_time":218400,"segment":0,"interval":1,"start_time":1615286776000},{"elapsed_time":221400,"segment":0,"interval":1,"start_time":1615286779000},{"elapsed_time":223400,"segment":0,"interval":1,"start_time":1615286781000},{"elapsed_time":225400,"segment":0,"interval":1,"start_time":1615286783000},{"elapsed_time":227400,"segment":0,"interval":1,"start_time":1615286785000},{"elapsed_time":229400,"segment":0,"interval":1,"start_time":1615286787000},{"elapsed_time":232400,"segment":0,"interval":1,"start_time":1615286790000},{"elapsed_time":234400,"segment":0,"interval":1,"start_time":1615286792000},{"elapsed_time":236400,"segment":0,"interval":1,"start_time":1615286794000},{"elapsed_time":238400,"segment":0,"interval":1,"start_time":1615286796000},{"elapsed_time":240400,"segment":0,"interval":1,"start_time":1615286798000},{"elapsed_time":242400,"segment":0,"interval":1,"start_time":1615286800000},{"elapsed_time":244400,"segment":0,"interval":1,"start_time":1615286802000},{"elapsed_time":246400,"segment":0,"interval":1,"start_time":1615286804000},{"elapsed_time":248400,"segment":0,"interval":1,"start_time":1615286806000},{"elapsed_time":251400,"segment":0,"interval":1,"start_time":1615286809000},{"elapsed_time":253400,"segment":0,"interval":1,"start_time":1615286811000},{"elapsed_time":255400,"segment":0,"interval":1,"start_time":1615286813000},{"elapsed_time":257400,"segment":0,"interval":1,"start_time":1615286815000},{"elapsed_time":259400,"segment":0,"interval":1,"start_time":1615286817000},{"elapsed_time":261400,"segment":0,"interval":1,"start_time":1615286819000},{"elapsed_time":263400,"segment":0,"interval":1,"start_time":1615286821000},{"elapsed_time":265400,"segment":0,"interval":1,"start_time":1615286823000},{"elapsed_time":267400,"segment":0,"interval":1,"start_time":1615286825000},{"elapsed_time":269400,"segment":0,"interval":1,"start_time":1615286827000},{"elapsed_time":271400,"segment":0,"interval":1,"start_time":1615286829000},{"elapsed_time":274400,"segment":0,"interval":1,"start_time":1615286832000},{"elapsed_time":277400,"segment":0,"interval":1,"start_time":1615286835000},{"elapsed_time":279400,"segment":0,"interval":1,"start_time":1615286837000},{"elapsed_time":282400,"segment":0,"interval":1,"start_time":1615286840000},{"elapsed_time":284400,"segment":0,"interval":1,"start_time":1615286842000},{"elapsed_time":286400,"segment":0,"interval":1,"start_time":1615286844000},{"elapsed_time":288400,"segment":0,"interval":1,"start_time":1615286846000},{"elapsed_time":291400,"segment":0,"interval":1,"start_time":1615286849000},{"elapsed_time":294400,"segment":0,"interval":1,"start_time":1615286852000},{"elapsed_time":297400,"segment":0,"interval":1,"start_time":1615286855000},{"elapsed_time":300400,"segment":0,"interval":1,"start_time":1615286858000},{"elapsed_time":302400,"segment":0,"interval":1,"start_time":1615286860000},{"elapsed_time":304400,"segment":0,"interval":1,"start_time":1615286862000},{"elapsed_time":306400,"segment":0,"interval":1,"start_time":1615286864000},{"elapsed_time":308400,"segment":0,"interval":1,"start_time":1615286866000},{"elapsed_time":310400,"segment":0,"interval":1,"start_time":1615286868000},{"elapsed_time":312400,"segment":0,"interval":1,"start_time":1615286870000},{"elapsed_time":315400,"segment":0,"interval":1,"start_time":1615286873000},{"elapsed_time":317400,"segment":0,"interval":1,"start_time":1615286875000},{"elapsed_time":320400,"segment":0,"interval":1,"start_time":1615286878000},{"elapsed_time":323400,"segment":0,"interval":1,"start_time":1615286881000},{"elapsed_time":325400,"segment":0,"interval":1,"start_time":1615286883000},{"elapsed_time":328400,"segment":0,"interval":1,"start_time":1615286886000},{"elapsed_time":331400,"segment":0,"interval":1,"start_time":1615286889000},{"elapsed_time":333400,"segment":0,"interval":1,"start_time":1615286891000},{"elapsed_time":335400,"segment":0,"interval":1,"start_time":1615286893000},{"elapsed_time":337400,"segment":0,"interval":1,"start_time":1615286895000},{"elapsed_time":339400,"segment":0,"interval":1,"start_time":1615286897000},{"elapsed_time":341400,"segment":0,"interval":1,"start_time":1615286899000},{"elapsed_time":343400,"segment":0,"interval":1,"start_time":1615286901000},{"elapsed_time":345400,"segment":0,"interval":1,"start_time":1615286903000},{"elapsed_time":347400,"segment":0,"interval":1,"start_time":1615286905000},{"elapsed_time":349400,"segment":0,"interval":1,"start_time":1615286907000},{"elapsed_time":352400,"segment":0,"interval":1,"start_time":1615286910000},{"elapsed_time":354400,"segment":0,"interval":1,"start_time":1615286912000},{"elapsed_time":356830,"segment":0,"interval":1,"start_time":1615286933330},{"elapsed_time":358500,"segment":1,"interval":1,"start_time":1615286935000},{"elapsed_time":361500,"segment":1,"interval":1,"start_time":1615286938000},{"elapsed_time":364500,"segment":1,"interval":2,"start_time":1615286941000},{"elapsed_time":366500,"segment":1,"interval":2,"start_time":1615286943000},{"elapsed_time":368500,"segment":1,"interval":2,"start_time":1615286945000},{"elapsed_time":370500,"segment":1,"interval":2,"start_time":1615286947000},{"elapsed_time":372500,"segment":1,"interval":2,"start_time":1615286949000},{"elapsed_time":374500,"segment":1,"interval":2,"start_time":1615286951000},{"elapsed_time":377500,"segment":1,"interval":2,"start_time":1615286954000},{"elapsed_time":379500,"segment":1,"interval":2,"start_time":1615286956000},{"elapsed_time":382500,"segment":1,"interval":2,"start_time":1615286959000},{"elapsed_time":385500,"segment":1,"interval":2,"start_time":1615286962000},{"elapsed_time":387500,"segment":1,"interval":2,"start_time":1615286964000},{"elapsed_time":389500,"segment":1,"interval":2,"start_time":1615286966000},{"elapsed_time":391500,"segment":1,"interval":2,"start_time":1615286968000},{"elapsed_time":393500,"segment":1,"interval":2,"start_time":1615286970000},{"elapsed_time":395500,"segment":1,"interval":2,"start_time":1615286972000},{"elapsed_time":397500,"segment":1,"interval":2,"start_time":1615286974000},{"elapsed_time":399500,"segment":1,"interval":2,"start_time":1615286976000},{"elapsed_time":402500,"segment":1,"interval":2,"start_time":1615286979000},{"elapsed_time":404500,"segment":1,"interval":2,"start_time":1615286981000},{"elapsed_time":407500,"segment":1,"interval":2,"start_time":1615286984000},{"elapsed_time":409500,"segment":1,"interval":2,"start_time":1615286986000},{"elapsed_time":411500,"segment":1,"interval":2,"start_time":1615286988000},{"elapsed_time":414500,"segment":1,"interval":2,"start_time":1615286991000},{"elapsed_time":416500,"segment":1,"interval":2,"start_time":1615286993000},{"elapsed_time":419500,"segment":1,"interval":2,"start_time":1615286996000},{"elapsed_time":421500,"segment":1,"interval":2,"start_time":1615286998000},{"elapsed_time":423500,"segment":1,"interval":2,"start_time":1615287000000},{"elapsed_time":425500,"segment":1,"interval":2,"start_time":1615287002000},{"elapsed_time":428500,"segment":1,"interval":2,"start_time":1615287005000},{"elapsed_time":431500,"segment":1,"interval":2,"start_time":1615287008000},{"elapsed_time":433500,"segment":1,"interval":2,"start_time":1615287010000},{"elapsed_time":436500,"segment":1,"interval":2,"start_time":1615287013000},{"elapsed_time":440500,"segment":1,"interval":2,"start_time":1615287017000},{"elapsed_time":443500,"segment":1,"interval":2,"start_time":1615287020000},{"elapsed_time":445500,"segment":1,"interval":2,"start_time":1615287022000},{"elapsed_time":448500,"segment":1,"interval":2,"start_time":1615287025000},{"elapsed_time":451500,"segment":1,"interval":2,"start_time":1615287028000},{"elapsed_time":454500,"segment":1,"interval":2,"start_time":1615287031000},{"elapsed_time":456500,"segment":1,"interval":2,"start_time":1615287033000},{"elapsed_time":458500,"segment":1,"interval":2,"start_time":1615287035000},{"elapsed_time":461500,"segment":1,"interval":2,"start_time":1615287038000},{"elapsed_time":464500,"segment":1,"interval":2,"start_time":1615287041000},{"elapsed_time":467500,"segment":1,"interval":2,"start_time":1615287044000},{"elapsed_time":469500,"segment":1,"interval":2,"start_time":1615287046000},{"elapsed_time":471500,"segment":1,"interval":2,"start_time":1615287048000},{"elapsed_time":473500,"segment":1,"interval":2,"start_time":1615287050000},{"elapsed_time":475500,"segment":1,"interval":2,"start_time":1615287052000},{"elapsed_time":478500,"segment":1,"interval":2,"start_time":1615287055000},{"elapsed_time":480500,"segment":1,"interval":2,"start_time":1615287057000},{"elapsed_time":482500,"segment":1,"interval":2,"start_time":1615287059000},{"elapsed_time":485500,"segment":1,"interval":2,"start_time":1615287062000},{"elapsed_time":487500,"segment":1,"interval":2,"start_time":1615287064000},{"elapsed_time":489500,"segment":1,"interval":2,"start_time":1615287066000},{"elapsed_time":492500,"segment":1,"interval":2,"start_time":1615287069000},{"elapsed_time":495500,"segment":1,"interval":2,"start_time":1615287072000},{"elapsed_time":498500,"segment":1,"interval":2,"start_time":1615287075000},{"elapsed_time":500500,"segment":1,"interval":2,"start_time":1615287077000},{"elapsed_time":502500,"segment":1,"interval":2,"start_time":1615287079000},{"elapsed_time":505500,"segment":1,"interval":2,"start_time":1615287082000},{"elapsed_time":507500,"segment":1,"interval":2,"start_time":1615287084000},{"elapsed_time":510500,"segment":1,"interval":2,"start_time":1615287087000},{"elapsed_time":513500,"segment":1,"interval":2,"start_time":1615287090000},{"elapsed_time":515500,"segment":1,"interval":2,"start_time":1615287092000},{"elapsed_time":517500,"segment":1,"interval":2,"start_time":1615287094000},{"elapsed_time":518500,"segment":1,"interval":2,"start_time":1615287095000},{"elapsed_time":520500,"segment":1,"interval":2,"start_time":1615287097000},{"elapsed_time":522500,"segment":1,"interval":2,"start_time":1615287099000},{"elapsed_time":524500,"segment":1,"interval":2,"start_time":1615287101000},{"elapsed_time":526500,"segment":1,"interval":2,"start_time":1615287103000},{"elapsed_time":528500,"segment":1,"interval":2,"start_time":1615287105000},{"elapsed_time":530500,"segment":1,"interval":2,"start_time":1615287107000},{"elapsed_time":532500,"segment":1,"interval":2,"start_time":1615287109000},{"elapsed_time":535500,"segment":1,"interval":2,"start_time":1615287112000},{"elapsed_time":538500,"segment":1,"interval":2,"start_time":1615287115000},{"elapsed_time":541500,"segment":1,"interval":2,"start_time":1615287118000},{"elapsed_time":543500,"segment":1,"interval":2,"start_time":1615287120000},{"elapsed_time":546500,"segment":1,"interval":2,"start_time":1615287123000},{"elapsed_time":548500,"segment":1,"interval":2,"start_time":1615287125000},{"elapsed_time":551500,"segment":1,"interval":2,"start_time":1615287128000},{"elapsed_time":553500,"segment":1,"interval":2,"start_time":1615287130000},{"elapsed_time":556500,"segment":1,"interval":2,"start_time":1615287133000},{"elapsed_time":559500,"segment":1,"interval":2,"start_time":1615287136000},{"elapsed_time":561500,"segment":1,"interval":2,"start_time":1615287138000},{"elapsed_time":563500,"segment":1,"interval":2,"start_time":1615287140000},{"elapsed_time":565500,"segment":1,"interval":2,"start_time":1615287142000},{"elapsed_time":567500,"segment":1,"interval":2,"start_time":1615287144000},{"elapsed_time":569500,"segment":1,"interval":2,"start_time":1615287146000},{"elapsed_time":571500,"segment":1,"interval":2,"start_time":1615287148000},{"elapsed_time":573500,"segment":1,"interval":2,"start_time":1615287150000},{"elapsed_time":575500,"segment":1,"interval":2,"start_time":1615287152000},{"elapsed_time":577500,"segment":1,"interval":2,"start_time":1615287154000},{"elapsed_time":579500,"segment":1,"interval":2,"start_time":1615287156000},{"elapsed_time":581500,"segment":1,"interval":2,"start_time":1615287158000},{"elapsed_time":583500,"segment":1,"interval":2,"start_time":1615287160000},{"elapsed_time":585500,"segment":1,"interval":2,"start_time":1615287162000},{"elapsed_time":588500,"segment":1,"interval":2,"start_time":1615287165000},{"elapsed_time":590500,"segment":1,"interval":2,"start_time":1615287167000},{"elapsed_time":592500,"segment":1,"interval":2,"start_time":1615287169000},{"elapsed_time":594500,"segment":1,"interval":2,"start_time":1615287171000},{"elapsed_time":596500,"segment":1,"interval":2,"start_time":1615287173000},{"elapsed_time":598500,"segment":1,"interval":2,"start_time":1615287175000},{"elapsed_time":600500,"segment":1,"interval":2,"start_time":1615287177000},{"elapsed_time":602500,"segment":1,"interval":2,"start_time":1615287179000},{"elapsed_time":604500,"segment":1,"interval":2,"start_time":1615287181000},{"elapsed_time":606500,"segment":1,"interval":2,"start_time":1615287183000},{"elapsed_time":608500,"segment":1,"interval":2,"start_time":1615287185000},{"elapsed_time":611500,"segment":1,"interval":2,"start_time":1615287188000},{"elapsed_time":614500,"segment":1,"interval":2,"start_time":1615287191000},{"elapsed_time":617500,"segment":1,"interval":2,"start_time":1615287194000},{"elapsed_time":619500,"segment":1,"interval":2,"start_time":1615287196000},{"elapsed_time":621500,"segment":1,"interval":2,"start_time":1615287198000},{"elapsed_time":624500,"segment":1,"interval":2,"start_time":1615287201000},{"elapsed_time":627500,"segment":1,"interval":2,"start_time":1615287204000},{"elapsed_time":629500,"segment":1,"interval":2,"start_time":1615287206000},{"elapsed_time":631500,"segment":1,"interval":2,"start_time":1615287208000},{"elapsed_time":633500,"segment":1,"interval":2,"start_time":1615287210000},{"elapsed_time":635500,"segment":1,"interval":2,"start_time":1615287212000},{"elapsed_time":637500,"segment":1,"interval":2,"start_time":1615287214000},{"elapsed_time":639500,"segment":1,"interval":2,"start_time":1615287216000},{"elapsed_time":641500,"segment":1,"interval":2,"start_time":1615287218000},{"elapsed_time":643500,"segment":1,"interval":2,"start_time":1615287220000},{"elapsed_time":645500,"segment":1,"interval":2,"start_time":1615287222000},{"elapsed_time":647500,"segment":1,"interval":2,"start_time":1615287224000},{"elapsed_time":649500,"segment":1,"interval":2,"start_time":1615287226000},{"elapsed_time":651500,"segment":1,"interval":2,"start_time":1615287228000},{"elapsed_time":654500,"segment":1,"interval":2,"start_time":1615287231000},{"elapsed_time":656500,"segment":1,"interval":2,"start_time":1615287233000},{"elapsed_time":658500,"segment":1,"interval":2,"start_time":1615287235000},{"elapsed_time":661500,"segment":1,"interval":2,"start_time":1615287238000},{"elapsed_time":663500,"segment":1,"interval":2,"start_time":1615287240000},{"elapsed_time":665500,"segment":1,"interval":2,"start_time":1615287242000},{"elapsed_time":667500,"segment":1,"interval":2,"start_time":1615287244000},{"elapsed_time":669500,"segment":1,"interval":2,"start_time":1615287246000},{"elapsed_time":671500,"segment":1,"interval":2,"start_time":1615287248000},{"elapsed_time":673500,"segment":1,"interval":2,"start_time":1615287250000},{"elapsed_time":676500,"segment":1,"interval":2,"start_time":1615287253000},{"elapsed_time":678500,"segment":1,"interval":2,"start_time":1615287255000},{"elapsed_time":680500,"segment":1,"interval":2,"start_time":1615287257000},{"elapsed_time":683500,"segment":1,"interval":2,"start_time":1615287260000},{"elapsed_time":685500,"segment":1,"interval":2,"start_time":1615287262000},{"elapsed_time":687500,"segment":1,"interval":2,"start_time":1615287264000},{"elapsed_time":689500,"segment":1,"interval":2,"start_time":1615287266000},{"elapsed_time":691500,"segment":1,"interval":2,"start_time":1615287268000},{"elapsed_time":693500,"segment":1,"interval":2,"start_time":1615287270000},{"elapsed_time":696500,"segment":1,"interval":2,"start_time":1615287273000},{"elapsed_time":698500,"segment":1,"interval":2,"start_time":1615287275000},{"elapsed_time":700500,"segment":1,"interval":2,"start_time":1615287277000},{"elapsed_time":702500,"segment":1,"interval":2,"start_time":1615287279000},{"elapsed_time":704500,"segment":1,"interval":2,"start_time":1615287281000},{"elapsed_time":706500,"segment":1,"interval":2,"start_time":1615287283000},{"elapsed_time":708500,"segment":1,"interval":2,"start_time":1615287285000},{"elapsed_time":710500,"segment":1,"interval":2,"start_time":1615287287000},{"elapsed_time":712500,"segment":1,"interval":2,"start_time":1615287289000},{"elapsed_time":714500,"segment":1,"interval":2,"start_time":1615287291000},{"elapsed_time":717500,"segment":1,"interval":2,"start_time":1615287294000},{"elapsed_time":719500,"segment":1,"interval":2,"start_time":1615287296000},{"elapsed_time":722500,"segment":1,"interval":2,"start_time":1615287299000},{"elapsed_time":724500,"segment":1,"interval":2,"start_time":1615287301000},{"elapsed_time":727500,"segment":1,"interval":2,"start_time":1615287304000},{"elapsed_time":729500,"segment":1,"interval":3,"start_time":1615287306000},{"elapsed_time":731500,"segment":1,"interval":3,"start_time":1615287308000},{"elapsed_time":733500,"segment":1,"interval":3,"start_time":1615287310000},{"elapsed_time":736500,"segment":1,"interval":3,"start_time":1615287313000},{"elapsed_time":738500,"segment":1,"interval":3,"start_time":1615287315000},{"elapsed_time":740500,"segment":1,"interval":3,"start_time":1615287317000},{"elapsed_time":742500,"segment":1,"interval":3,"start_time":1615287319000},{"elapsed_time":744500,"segment":1,"interval":3,"start_time":1615287321000},{"elapsed_time":746500,"segment":1,"interval":3,"start_time":1615287323000},{"elapsed_time":749500,"segment":1,"interval":3,"start_time":1615287326000},{"elapsed_time":751500,"segment":1,"interval":3,"start_time":1615287328000},{"elapsed_time":753500,"segment":1,"interval":3,"start_time":1615287330000},{"elapsed_time":755500,"segment":1,"interval":3,"start_time":1615287332000},{"elapsed_time":758500,"segment":1,"interval":3,"start_time":1615287335000},{"elapsed_time":760500,"segment":1,"interval":3,"start_time":1615287337000},{"elapsed_time":763500,"segment":1,"interval":3,"start_time":1615287340000},{"elapsed_time":765500,"segment":1,"interval":3,"start_time":1615287342000},{"elapsed_time":768500,"segment":1,"interval":3,"start_time":1615287345000},{"elapsed_time":770500,"segment":1,"interval":3,"start_time":1615287347000},{"elapsed_time":772500,"segment":1,"interval":3,"start_time":1615287349000},{"elapsed_time":774500,"segment":1,"interval":3,"start_time":1615287351000},{"elapsed_time":776500,"segment":1,"interval":3,"start_time":1615287353000},{"elapsed_time":778500,"segment":1,"interval":3,"start_time":1615287355000},{"elapsed_time":780500,"segment":1,"interval":3,"start_time":1615287357000},{"elapsed_time":782500,"segment":1,"interval":3,"start_time":1615287359000},{"elapsed_time":784500,"segment":1,"interval":3,"start_time":1615287361000},{"elapsed_time":786500,"segment":1,"interval":3,"start_time":1615287363000},{"elapsed_time":788500,"segment":1,"interval":3,"start_time":1615287365000},{"elapsed_time":791500,"segment":1,"interval":3,"start_time":1615287368000},{"elapsed_time":793500,"segment":1,"interval":3,"start_time":1615287370000},{"elapsed_time":796500,"segment":1,"interval":3,"start_time":1615287373000},{"elapsed_time":798500,"segment":1,"interval":3,"start_time":1615287375000},{"elapsed_time":800500,"segment":1,"interval":3,"start_time":1615287377000},{"elapsed_time":802500,"segment":1,"interval":3,"start_time":1615287379000},{"elapsed_time":805500,"segment":1,"interval":3,"start_time":1615287382000},{"elapsed_time":807500,"segment":1,"interval":3,"start_time":1615287384000},{"elapsed_time":809500,"segment":1,"interval":3,"start_time":1615287386000},{"elapsed_time":812500,"segment":1,"interval":3,"start_time":1615287389000},{"elapsed_time":814500,"segment":1,"interval":3,"start_time":1615287391000},{"elapsed_time":817500,"segment":1,"interval":3,"start_time":1615287394000},{"elapsed_time":820500,"segment":1,"interval":3,"start_time":1615287397000},{"elapsed_time":822500,"segment":1,"interval":3,"start_time":1615287399000},{"elapsed_time":824500,"segment":1,"interval":3,"start_time":1615287401000},{"elapsed_time":826500,"segment":1,"interval":3,"start_time":1615287403000},{"elapsed_time":829500,"segment":1,"interval":3,"start_time":1615287406000},{"elapsed_time":831500,"segment":1,"interval":3,"start_time":1615287408000},{"elapsed_time":833500,"segment":1,"interval":3,"start_time":1615287410000},{"elapsed_time":836500,"segment":1,"interval":3,"start_time":1615287413000},{"elapsed_time":839500,"segment":1,"interval":3,"start_time":1615287416000},{"elapsed_time":841500,"segment":1,"interval":3,"start_time":1615287418000},{"elapsed_time":843500,"segment":1,"interval":3,"start_time":1615287420000},{"elapsed_time":845500,"segment":1,"interval":3,"start_time":1615287422000},{"elapsed_time":847500,"segment":1,"interval":3,"start_time":1615287424000},{"elapsed_time":849500,"segment":1,"interval":3,"start_time":1615287426000},{"elapsed_time":851500,"segment":1,"interval":3,"start_time":1615287428000},{"elapsed_time":853500,"segment":1,"interval":3,"start_time":1615287430000},{"elapsed_time":855500,"segment":1,"interval":3,"start_time":1615287432000},{"elapsed_time":857500,"segment":1,"interval":3,"start_time":1615287434000},{"elapsed_time":859500,"segment":1,"interval":3,"start_time":1615287436000},{"elapsed_time":861500,"segment":1,"interval":3,"start_time":1615287438000},{"elapsed_time":863500,"segment":1,"interval":3,"start_time":1615287440000},{"elapsed_time":865500,"segment":1,"interval":3,"start_time":1615287442000},{"elapsed_time":867500,"segment":1,"interval":3,"start_time":1615287444000},{"elapsed_time":869500,"segment":1,"interval":3,"start_time":1615287446000},{"elapsed_time":872500,"segment":1,"interval":3,"start_time":1615287449000},{"elapsed_time":874500,"segment":1,"interval":3,"start_time":1615287451000},{"elapsed_time":876500,"segment":1,"interval":3,"start_time":1615287453000},{"elapsed_time":878500,"segment":1,"interval":3,"start_time":1615287455000},{"elapsed_time":880500,"segment":1,"interval":3,"start_time":1615287457000},{"elapsed_time":882500,"segment":1,"interval":3,"start_time":1615287459000},{"elapsed_time":884500,"segment":1,"interval":3,"start_time":1615287461000},{"elapsed_time":886500,"segment":1,"interval":3,"start_time":1615287463000},{"elapsed_time":888500,"segment":1,"interval":3,"start_time":1615287465000},{"elapsed_time":890500,"segment":1,"interval":3,"start_time":1615287467000},{"elapsed_time":892500,"segment":1,"interval":3,"start_time":1615287469000},{"elapsed_time":894500,"segment":1,"interval":3,"start_time":1615287471000},{"elapsed_time":896500,"segment":1,"interval":3,"start_time":1615287473000},{"elapsed_time":898500,"segment":1,"interval":3,"start_time":1615287475000},{"elapsed_time":900500,"segment":1,"interval":3,"start_time":1615287477000},{"elapsed_time":902500,"segment":1,"interval":3,"start_time":1615287479000},{"elapsed_time":904500,"segment":1,"interval":3,"start_time":1615287481000},{"elapsed_time":906500,"segment":1,"interval":3,"start_time":1615287483000},{"elapsed_time":908500,"segment":1,"interval":3,"start_time":1615287485000},{"elapsed_time":910500,"segment":1,"interval":3,"start_time":1615287487000},{"elapsed_time":913500,"segment":1,"interval":3,"start_time":1615287490000},{"elapsed_time":915500,"segment":1,"interval":3,"start_time":1615287492000},{"elapsed_time":918500,"segment":1,"interval":3,"start_time":1615287495000},{"elapsed_time":922500,"segment":1,"interval":3,"start_time":1615287499000},{"elapsed_time":925500,"segment":1,"interval":3,"start_time":1615287502000},{"elapsed_time":927500,"segment":1,"interval":3,"start_time":1615287504000},{"elapsed_time":930500,"segment":1,"interval":3,"start_time":1615287507000},{"elapsed_time":932500,"segment":1,"interval":3,"start_time":1615287509000},{"elapsed_time":934500,"segment":1,"interval":3,"start_time":1615287511000},{"elapsed_time":936500,"segment":1,"interval":3,"start_time":1615287513000},{"elapsed_time":938500,"segment":1,"interval":3,"start_time":1615287515000},{"elapsed_time":941500,"segment":1,"interval":3,"start_time":1615287518000},{"elapsed_time":944500,"segment":1,"interval":3,"start_time":1615287521000},{"elapsed_time":946500,"segment":1,"interval":3,"start_time":1615287523000},{"elapsed_time":948500,"segment":1,"interval":3,"start_time":1615287525000},{"elapsed_time":951500,"segment":1,"interval":3,"start_time":1615287528000},{"elapsed_time":953500,"segment":1,"interval":3,"start_time":1615287530000},{"elapsed_time":955500,"segment":1,"interval":3,"start_time":1615287532000},{"elapsed_time":957500,"segment":1,"interval":3,"start_time":1615287534000},{"elapsed_time":959500,"segment":1,"interval":3,"start_time":1615287536000},{"elapsed_time":961500,"segment":1,"interval":3,"start_time":1615287538000},{"elapsed_time":963500,"segment":1,"interval":3,"start_time":1615287540000},{"elapsed_time":965500,"segment":1,"interval":3,"start_time":1615287542000},{"elapsed_time":968500,"segment":1,"interval":3,"start_time":1615287545000},{"elapsed_time":970500,"segment":1,"interval":3,"start_time":1615287547000},{"elapsed_time":972500,"segment":1,"interval":3,"start_time":1615287549000},{"elapsed_time":974500,"segment":1,"interval":3,"start_time":1615287551000},{"elapsed_time":976500,"segment":1,"interval":3,"start_time":1615287553000},{"elapsed_time":978500,"segment":1,"interval":3,"start_time":1615287555000},{"elapsed_time":980500,"segment":1,"interval":3,"start_time":1615287557000},{"elapsed_time":982500,"segment":1,"interval":3,"start_time":1615287559000},{"elapsed_time":984500,"segment":1,"interval":3,"start_time":1615287561000},{"elapsed_time":986500,"segment":1,"interval":3,"start_time":1615287563000},{"elapsed_time":989500,"segment":1,"interval":3,"start_time":1615287566000},{"elapsed_time":991500,"segment":1,"interval":3,"start_time":1615287568000},{"elapsed_time":993500,"segment":1,"interval":3,"start_time":1615287570000},{"elapsed_time":995500,"segment":1,"interval":3,"start_time":1615287572000},{"elapsed_time":997500,"segment":1,"interval":3,"start_time":1615287574000},{"elapsed_time":999500,"segment":1,"interval":3,"start_time":1615287576000},{"elapsed_time":1001500,"segment":1,"interval":3,"start_time":1615287578000},{"elapsed_time":1004500,"segment":1,"interval":3,"start_time":1615287581000},{"elapsed_time":1006500,"segment":1,"interval":3,"start_time":1615287583000},{"elapsed_time":1009500,"segment":1,"interval":3,"start_time":1615287586000},{"elapsed_time":1011500,"segment":1,"interval":3,"start_time":1615287588000},{"elapsed_time":1013500,"segment":1,"interval":3,"start_time":1615287590000},{"elapsed_time":1015500,"segment":1,"interval":3,"start_time":1615287592000},{"elapsed_time":1018500,"segment":1,"interval":3,"start_time":1615287595000},{"elapsed_time":1021500,"segment":1,"interval":3,"start_time":1615287598000},{"elapsed_time":1023500,"segment":1,"interval":3,"start_time":1615287600000},{"elapsed_time":1025500,"segment":1,"interval":3,"start_time":1615287602000},{"elapsed_time":1027500,"segment":1,"interval":3,"start_time":1615287604000},{"elapsed_time":1030500,"segment":1,"interval":3,"start_time":1615287607000},{"elapsed_time":1032500,"segment":1,"interval":3,"start_time":1615287609000},{"elapsed_time":1034500,"segment":1,"interval":3,"start_time":1615287611000},{"elapsed_time":1036500,"segment":1,"interval":3,"start_time":1615287613000},{"elapsed_time":1038500,"segment":1,"interval":3,"start_time":1615287615000},{"elapsed_time":1040500,"segment":1,"interval":3,"start_time":1615287617000},{"elapsed_time":1043500,"segment":1,"interval":3,"start_time":1615287620000},{"elapsed_time":1045500,"segment":1,"interval":3,"start_time":1615287622000},{"elapsed_time":1047500,"segment":1,"interval":3,"start_time":1615287624000},{"elapsed_time":1049500,"segment":1,"interval":3,"start_time":1615287626000},{"elapsed_time":1051500,"segment":1,"interval":3,"start_time":1615287628000},{"elapsed_time":1053500,"segment":1,"interval":3,"start_time":1615287630000},{"elapsed_time":1055500,"segment":1,"interval":3,"start_time":1615287632000},{"elapsed_time":1057500,"segment":1,"interval":3,"start_time":1615287634000},{"elapsed_time":1059500,"segment":1,"interval":3,"start_time":1615287636000},{"elapsed_time":1061500,"segment":1,"interval":3,"start_time":1615287638000},{"elapsed_time":1063500,"segment":1,"interval":3,"start_time":1615287640000},{"elapsed_time":1065500,"segment":1,"interval":3,"start_time":1615287642000},{"elapsed_time":1067500,"segment":1,"interval":3,"start_time":1615287644000},{"elapsed_time":1070500,"segment":1,"interval":3,"start_time":1615287647000},{"elapsed_time":1072500,"segment":1,"interval":3,"start_time":1615287649000},{"elapsed_time":1074500,"segment":1,"interval":3,"start_time":1615287651000},{"elapsed_time":1076500,"segment":1,"interval":3,"start_time":1615287653000},{"elapsed_time":1078500,"segment":1,"interval":3,"start_time":1615287655000},{"elapsed_time":1080500,"segment":1,"interval":3,"start_time":1615287657000},{"elapsed_time":1082500,"segment":1,"interval":3,"start_time":1615287659000},{"elapsed_time":1084500,"segment":1,"interval":3,"start_time":1615287661000},{"elapsed_time":1086500,"segment":1,"interval":3,"start_time":1615287663000},{"elapsed_time":1088500,"segment":1,"interval":3,"start_time":1615287665000},{"elapsed_time":1090500,"segment":1,"interval":3,"start_time":1615287667000},{"elapsed_time":1092500,"segment":1,"interval":4,"start_time":1615287669000},{"elapsed_time":1094500,"segment":1,"interval":4,"start_time":1615287671000},{"elapsed_time":1096500,"segment":1,"interval":4,"start_time":1615287673000},{"elapsed_time":1098500,"segment":1,"interval":4,"start_time":1615287675000},{"elapsed_time":1101500,"segment":1,"interval":4,"start_time":1615287678000},{"elapsed_time":1103500,"segment":1,"interval":4,"start_time":1615287680000},{"elapsed_time":1105500,"segment":1,"interval":4,"start_time":1615287682000},{"elapsed_time":1107500,"segment":1,"interval":4,"start_time":1615287684000},{"elapsed_time":1109500,"segment":1,"interval":4,"start_time":1615287686000},{"elapsed_time":1111500,"segment":1,"interval":4,"start_time":1615287688000},{"elapsed_time":1113500,"segment":1,"interval":4,"start_time":1615287690000},{"elapsed_time":1115500,"segment":1,"interval":4,"start_time":1615287692000},{"elapsed_time":1117500,"segment":1,"interval":4,"start_time":1615287694000},{"elapsed_time":1119500,"segment":1,"interval":4,"start_time":1615287696000},{"elapsed_time":1121500,"segment":1,"interval":4,"start_time":1615287698000},{"elapsed_time":1124500,"segment":1,"interval":4,"start_time":1615287701000},{"elapsed_time":1126500,"segment":1,"interval":4,"start_time":1615287703000},{"elapsed_time":1128500,"segment":1,"interval":4,"start_time":1615287705000},{"elapsed_time":1131500,"segment":1,"interval":4,"start_time":1615287708000},{"elapsed_time":1133500,"segment":1,"interval":4,"start_time":1615287710000},{"elapsed_time":1135500,"segment":1,"interval":4,"start_time":1615287712000},{"elapsed_time":1138500,"segment":1,"interval":4,"start_time":1615287715000},{"elapsed_time":1140500,"segment":1,"interval":4,"start_time":1615287717000},{"elapsed_time":1143500,"segment":1,"interval":4,"start_time":1615287720000},{"elapsed_time":1145500,"segment":1,"interval":4,"start_time":1615287722000},{"elapsed_time":1147500,"segment":1,"interval":4,"start_time":1615287724000},{"elapsed_time":1149500,"segment":1,"interval":4,"start_time":1615287726000},{"elapsed_time":1151500,"segment":1,"interval":4,"start_time":1615287728000},{"elapsed_time":1154500,"segment":1,"interval":4,"start_time":1615287731000},{"elapsed_time":1157500,"segment":1,"interval":4,"start_time":1615287734000},{"elapsed_time":1159500,"segment":1,"interval":4,"start_time":1615287736000},{"elapsed_time":1161500,"segment":1,"interval":4,"start_time":1615287738000},{"elapsed_time":1164500,"segment":1,"interval":4,"start_time":1615287741000},{"elapsed_time":1166500,"segment":1,"interval":4,"start_time":1615287743000},{"elapsed_time":1168500,"segment":1,"interval":4,"start_time":1615287745000},{"elapsed_time":1170500,"segment":1,"interval":4,"start_time":1615287747000},{"elapsed_time":1173500,"segment":1,"interval":4,"start_time":1615287750000},{"elapsed_time":1175500,"segment":1,"interval":4,"start_time":1615287752000},{"elapsed_time":1178500,"segment":1,"interval":4,"start_time":1615287755000},{"elapsed_time":1181500,"segment":1,"interval":4,"start_time":1615287758000},{"elapsed_time":1184500,"segment":1,"interval":4,"start_time":1615287761000},{"elapsed_time":1187500,"segment":1,"interval":4,"start_time":1615287764000},{"elapsed_time":1189500,"segment":1,"interval":4,"start_time":1615287766000},{"elapsed_time":1191500,"segment":1,"interval":4,"start_time":1615287768000},{"elapsed_time":1193500,"segment":1,"interval":4,"start_time":1615287770000},{"elapsed_time":1196500,"segment":1,"interval":4,"start_time":1615287773000},{"elapsed_time":1199500,"segment":1,"interval":4,"start_time":1615287776000},{"elapsed_time":1202500,"segment":1,"interval":4,"start_time":1615287779000},{"elapsed_time":1205500,"segment":1,"interval":4,"start_time":1615287782000},{"elapsed_time":1207500,"segment":1,"interval":4,"start_time":1615287784000},{"elapsed_time":1209500,"segment":1,"interval":4,"start_time":1615287786000},{"elapsed_time":1211500,"segment":1,"interval":4,"start_time":1615287788000},{"elapsed_time":1213500,"segment":1,"interval":4,"start_time":1615287790000},{"elapsed_time":1216500,"segment":1,"interval":4,"start_time":1615287793000},{"elapsed_time":1218500,"segment":1,"interval":4,"start_time":1615287795000},{"elapsed_time":1221500,"segment":1,"interval":4,"start_time":1615287798000},{"elapsed_time":1223500,"segment":1,"interval":4,"start_time":1615287800000},{"elapsed_time":1226500,"segment":1,"interval":4,"start_time":1615287803000},{"elapsed_time":1228500,"segment":1,"interval":4,"start_time":1615287805000},{"elapsed_time":1230500,"segment":1,"interval":4,"start_time":1615287807000},{"elapsed_time":1233500,"segment":1,"interval":4,"start_time":1615287810000},{"elapsed_time":1235500,"segment":1,"interval":4,"start_time":1615287812000},{"elapsed_time":1237500,"segment":1,"interval":4,"start_time":1615287814000},{"elapsed_time":1239500,"segment":1,"interval":4,"start_time":1615287816000},{"elapsed_time":1241500,"segment":1,"interval":4,"start_time":1615287818000},{"elapsed_time":1243500,"segment":1,"interval":4,"start_time":1615287820000},{"elapsed_time":1245500,"segment":1,"interval":4,"start_time":1615287822000},{"elapsed_time":1247500,"segment":1,"interval":4,"start_time":1615287824000},{"elapsed_time":1249500,"segment":1,"interval":4,"start_time":1615287826000},{"elapsed_time":1251500,"segment":1,"interval":4,"start_time":1615287828000},{"elapsed_time":1253500,"segment":1,"interval":4,"start_time":1615287830000},{"elapsed_time":1255500,"segment":1,"interval":4,"start_time":1615287832000},{"elapsed_time":1257500,"segment":1,"interval":4,"start_time":1615287834000},{"elapsed_time":1259500,"segment":1,"interval":4,"start_time":1615287836000},{"elapsed_time":1261500,"segment":1,"interval":4,"start_time":1615287838000},{"elapsed_time":1264500,"segment":1,"interval":4,"start_time":1615287841000},{"elapsed_time":1266500,"segment":1,"interval":4,"start_time":1615287843000},{"elapsed_time":1268500,"segment":1,"interval":4,"start_time":1615287845000},{"elapsed_time":1270500,"segment":1,"interval":4,"start_time":1615287847000},{"elapsed_time":1272500,"segment":1,"interval":4,"start_time":1615287849000},{"elapsed_time":1274500,"segment":1,"interval":4,"start_time":1615287851000},{"elapsed_time":1276500,"segment":1,"interval":4,"start_time":1615287853000},{"elapsed_time":1278500,"segment":1,"interval":4,"start_time":1615287855000},{"elapsed_time":1281500,"segment":1,"interval":4,"start_time":1615287858000},{"elapsed_time":1284500,"segment":1,"interval":4,"start_time":1615287861000},{"elapsed_time":1286500,"segment":1,"interval":4,"start_time":1615287863000},{"elapsed_time":1288500,"segment":1,"interval":4,"start_time":1615287865000},{"elapsed_time":1290500,"segment":1,"interval":4,"start_time":1615287867000},{"elapsed_time":1292500,"segment":1,"interval":4,"start_time":1615287869000},{"elapsed_time":1295500,"segment":1,"interval":4,"start_time":1615287872000},{"elapsed_time":1297500,"segment":1,"interval":4,"start_time":1615287874000},{"elapsed_time":1299500,"segment":1,"interval":4,"start_time":1615287876000},{"elapsed_time":1301500,"segment":1,"interval":4,"start_time":1615287878000},{"elapsed_time":1303500,"segment":1,"interval":4,"start_time":1615287880000},{"elapsed_time":1305500,"segment":1,"interval":4,"start_time":1615287882000},{"elapsed_time":1307500,"segment":1,"interval":4,"start_time":1615287884000},{"elapsed_time":1309500,"segment":1,"interval":4,"start_time":1615287886000},{"elapsed_time":1311500,"segment":1,"interval":4,"start_time":1615287888000},{"elapsed_time":1313500,"segment":1,"interval":4,"start_time":1615287890000},{"elapsed_time":1315500,"segment":1,"interval":4,"start_time":1615287892000},{"elapsed_time":1317500,"segment":1,"interval":4,"start_time":1615287894000},{"elapsed_time":1319500,"segment":1,"interval":4,"start_time":1615287896000},{"elapsed_time":1321500,"segment":1,"interval":4,"start_time":1615287898000},{"elapsed_time":1323500,"segment":1,"interval":4,"start_time":1615287900000},{"elapsed_time":1325500,"segment":1,"interval":4,"start_time":1615287902000},{"elapsed_time":1327500,"segment":1,"interval":4,"start_time":1615287904000},{"elapsed_time":1329500,"segment":1,"interval":4,"start_time":1615287906000},{"elapsed_time":1331500,"segment":1,"interval":4,"start_time":1615287908000},{"elapsed_time":1333500,"segment":1,"interval":4,"start_time":1615287910000},{"elapsed_time":1335500,"segment":1,"interval":4,"start_time":1615287912000},{"elapsed_time":1337500,"segment":1,"interval":4,"start_time":1615287914000},{"elapsed_time":1339500,"segment":1,"interval":4,"start_time":1615287916000},{"elapsed_time":1341500,"segment":1,"interval":4,"start_time":1615287918000},{"elapsed_time":1343500,"segment":1,"interval":4,"start_time":1615287920000},{"elapsed_time":1345500,"segment":1,"interval":4,"start_time":1615287922000},{"elapsed_time":1347500,"segment":1,"interval":4,"start_time":1615287924000},{"elapsed_time":1349500,"segment":1,"interval":4,"start_time":1615287926000},{"elapsed_time":1351500,"segment":1,"interval":4,"start_time":1615287928000},{"elapsed_time":1353500,"segment":1,"interval":4,"start_time":1615287930000},{"elapsed_time":1355500,"segment":1,"interval":4,"start_time":1615287932000},{"elapsed_time":1357500,"segment":1,"interval":4,"start_time":1615287934000},{"elapsed_time":1359500,"segment":1,"interval":4,"start_time":1615287936000},{"elapsed_time":1361500,"segment":1,"interval":4,"start_time":1615287938000},{"elapsed_time":1364500,"segment":1,"interval":4,"start_time":1615287941000},{"elapsed_time":1367500,"segment":1,"interval":4,"start_time":1615287944000},{"elapsed_time":1369500,"segment":1,"interval":4,"start_time":1615287946000},{"elapsed_time":1371500,"segment":1,"interval":4,"start_time":1615287948000},{"elapsed_time":1373500,"segment":1,"interval":4,"start_time":1615287950000},{"elapsed_time":1376500,"segment":1,"interval":4,"start_time":1615287953000},{"elapsed_time":1378500,"segment":1,"interval":4,"start_time":1615287955000},{"elapsed_time":1380500,"segment":1,"interval":4,"start_time":1615287957000},{"elapsed_time":1382500,"segment":1,"interval":4,"start_time":1615287959000},{"elapsed_time":1384500,"segment":1,"interval":4,"start_time":1615287961000},{"elapsed_time":1386500,"segment":1,"interval":4,"start_time":1615287963000},{"elapsed_time":1388500,"segment":1,"interval":4,"start_time":1615287965000},{"elapsed_time":1390500,"segment":1,"interval":4,"start_time":1615287967000},{"elapsed_time":1392500,"segment":1,"interval":4,"start_time":1615287969000},{"elapsed_time":1395500,"segment":1,"interval":4,"start_time":1615287972000},{"elapsed_time":1398500,"segment":1,"interval":4,"start_time":1615287975000},{"elapsed_time":1400500,"segment":1,"interval":4,"start_time":1615287977000},{"elapsed_time":1402500,"segment":1,"interval":4,"start_time":1615287979000},{"elapsed_time":1404500,"segment":1,"interval":4,"start_time":1615287981000},{"elapsed_time":1407500,"segment":1,"interval":4,"start_time":1615287984000},{"elapsed_time":1409500,"segment":1,"interval":4,"start_time":1615287986000},{"elapsed_time":1411500,"segment":1,"interval":4,"start_time":1615287988000},{"elapsed_time":1413500,"segment":1,"interval":4,"start_time":1615287990000},{"elapsed_time":1415500,"segment":1,"interval":4,"start_time":1615287992000},{"elapsed_time":1417500,"segment":1,"interval":4,"start_time":1615287994000},{"elapsed_time":1419500,"segment":1,"interval":4,"start_time":1615287996000},{"elapsed_time":1421500,"segment":1,"interval":4,"start_time":1615287998000},{"elapsed_time":1423500,"segment":1,"interval":4,"start_time":1615288000000},{"elapsed_time":1425500,"segment":1,"interval":4,"start_time":1615288002000},{"elapsed_time":1427500,"segment":1,"interval":4,"start_time":1615288004000},{"elapsed_time":1429500,"segment":1,"interval":4,"start_time":1615288006000},{"elapsed_time":1431500,"segment":1,"interval":4,"start_time":1615288008000},{"elapsed_time":1433500,"segment":1,"interval":4,"start_time":1615288010000},{"elapsed_time":1435500,"segment":1,"interval":4,"start_time":1615288012000},{"elapsed_time":1438500,"segment":1,"interval":4,"start_time":1615288015000},{"elapsed_time":1440500,"segment":1,"interval":4,"start_time":1615288017000},{"elapsed_time":1442500,"segment":1,"interval":4,"start_time":1615288019000},{"elapsed_time":1444500,"segment":1,"interval":4,"start_time":1615288021000},{"elapsed_time":1447500,"segment":1,"interval":4,"start_time":1615288024000},{"elapsed_time":1449500,"segment":1,"interval":4,"start_time":1615288026000},{"elapsed_time":1451500,"segment":1,"interval":4,"start_time":1615288028000},{"elapsed_time":1453500,"segment":1,"interval":4,"start_time":1615288030000},{"elapsed_time":1455500,"segment":1,"interval":4,"start_time":1615288032000},{"elapsed_time":1457500,"segment":1,"interval":5,"start_time":1615288034000},{"elapsed_time":1459500,"segment":1,"interval":5,"start_time":1615288036000},{"elapsed_time":1461500,"segment":1,"interval":5,"start_time":1615288038000},{"elapsed_time":1464500,"segment":1,"interval":5,"start_time":1615288041000},{"elapsed_time":1467500,"segment":1,"interval":5,"start_time":1615288044000},{"elapsed_time":1469500,"segment":1,"interval":5,"start_time":1615288046000},{"elapsed_time":1471500,"segment":1,"interval":5,"start_time":1615288048000},{"elapsed_time":1473500,"segment":1,"interval":5,"start_time":1615288050000},{"elapsed_time":1475500,"segment":1,"interval":5,"start_time":1615288052000},{"elapsed_time":1477500,"segment":1,"interval":5,"start_time":1615288054000},{"elapsed_time":1479500,"segment":1,"interval":5,"start_time":1615288056000},{"elapsed_time":1481500,"segment":1,"interval":5,"start_time":1615288058000},{"elapsed_time":1483500,"segment":1,"interval":5,"start_time":1615288060000},{"elapsed_time":1485500,"segment":1,"interval":5,"start_time":1615288062000},{"elapsed_time":1487500,"segment":1,"interval":5,"start_time":1615288064000},{"elapsed_time":1489500,"segment":1,"interval":5,"start_time":1615288066000},{"elapsed_time":1491500,"segment":1,"interval":5,"start_time":1615288068000},{"elapsed_time":1493500,"segment":1,"interval":5,"start_time":1615288070000},{"elapsed_time":1495500,"segment":1,"interval":5,"start_time":1615288072000},{"elapsed_time":1497500,"segment":1,"interval":5,"start_time":1615288074000},{"elapsed_time":1500500,"segment":1,"interval":5,"start_time":1615288077000},{"elapsed_time":1502500,"segment":1,"interval":5,"start_time":1615288079000},{"elapsed_time":1504500,"segment":1,"interval":5,"start_time":1615288081000},{"elapsed_time":1506500,"segment":1,"interval":5,"start_time":1615288083000},{"elapsed_time":1509500,"segment":1,"interval":5,"start_time":1615288086000},{"elapsed_time":1511500,"segment":1,"interval":5,"start_time":1615288088000},{"elapsed_time":1514500,"segment":1,"interval":5,"start_time":1615288091000},{"elapsed_time":1516500,"segment":1,"interval":5,"start_time":1615288093000},{"elapsed_time":1518500,"segment":1,"interval":5,"start_time":1615288095000},{"elapsed_time":1520500,"segment":1,"interval":5,"start_time":1615288097000},{"elapsed_time":1522500,"segment":1,"interval":5,"start_time":1615288099000},{"elapsed_time":1525500,"segment":1,"interval":5,"start_time":1615288102000},{"elapsed_time":1527500,"segment":1,"interval":5,"start_time":1615288104000},{"elapsed_time":1529500,"segment":1,"interval":5,"start_time":1615288106000},{"elapsed_time":1531500,"segment":1,"interval":5,"start_time":1615288108000},{"elapsed_time":1533500,"segment":1,"interval":5,"start_time":1615288110000},{"elapsed_time":1535500,"segment":1,"interval":5,"start_time":1615288112000},{"elapsed_time":1538500,"segment":1,"interval":5,"start_time":1615288115000},{"elapsed_time":1540500,"segment":1,"interval":5,"start_time":1615288117000},{"elapsed_time":1542500,"segment":1,"interval":5,"start_time":1615288119000},{"elapsed_time":1544500,"segment":1,"interval":5,"start_time":1615288121000},{"elapsed_time":1547500,"segment":1,"interval":5,"start_time":1615288124000},{"elapsed_time":1549500,"segment":1,"interval":5,"start_time":1615288126000},{"elapsed_time":1551500,"segment":1,"interval":5,"start_time":1615288128000},{"elapsed_time":1553500,"segment":1,"interval":5,"start_time":1615288130000},{"elapsed_time":1555500,"segment":1,"interval":5,"start_time":1615288132000},{"elapsed_time":1557500,"segment":1,"interval":5,"start_time":1615288134000},{"elapsed_time":1559500,"segment":1,"interval":5,"start_time":1615288136000},{"elapsed_time":1561500,"segment":1,"interval":5,"start_time":1615288138000},{"elapsed_time":1563500,"segment":1,"interval":5,"start_time":1615288140000},{"elapsed_time":1565500,"segment":1,"interval":5,"start_time":1615288142000},{"elapsed_time":1567500,"segment":1,"interval":5,"start_time":1615288144000},{"elapsed_time":1569500,"segment":1,"interval":5,"start_time":1615288146000},{"elapsed_time":1572500,"segment":1,"interval":5,"start_time":1615288149000},{"elapsed_time":1575500,"segment":1,"interval":5,"start_time":1615288152000},{"elapsed_time":1577500,"segment":1,"interval":5,"start_time":1615288154000},{"elapsed_time":1579500,"segment":1,"interval":5,"start_time":1615288156000},{"elapsed_time":1581500,"segment":1,"interval":5,"start_time":1615288158000},{"elapsed_time":1583500,"segment":1,"interval":5,"start_time":1615288160000},{"elapsed_time":1585500,"segment":1,"interval":5,"start_time":1615288162000},{"elapsed_time":1587500,"segment":1,"interval":5,"start_time":1615288164000},{"elapsed_time":1589500,"segment":1,"interval":5,"start_time":1615288166000},{"elapsed_time":1591500,"segment":1,"interval":5,"start_time":1615288168000},{"elapsed_time":1593500,"segment":1,"interval":5,"start_time":1615288170000},{"elapsed_time":1595500,"segment":1,"interval":5,"start_time":1615288172000},{"elapsed_time":1597500,"segment":1,"interval":5,"start_time":1615288174000},{"elapsed_time":1599500,"segment":1,"interval":5,"start_time":1615288176000},{"elapsed_time":1601500,"segment":1,"interval":5,"start_time":1615288178000},{"elapsed_time":1603500,"segment":1,"interval":5,"start_time":1615288180000},{"elapsed_time":1605500,"segment":1,"interval":5,"start_time":1615288182000},{"elapsed_time":1607500,"segment":1,"interval":5,"start_time":1615288184000},{"elapsed_time":1609500,"segment":1,"interval":5,"start_time":1615288186000},{"elapsed_time":1612500,"segment":1,"interval":5,"start_time":1615288189000},{"elapsed_time":1615500,"segment":1,"interval":5,"start_time":1615288192000},{"elapsed_time":1618500,"segment":1,"interval":5,"start_time":1615288195000},{"elapsed_time":1620500,"segment":1,"interval":5,"start_time":1615288197000},{"elapsed_time":1623500,"segment":1,"interval":5,"start_time":1615288200000},{"elapsed_time":1625500,"segment":1,"interval":5,"start_time":1615288202000},{"elapsed_time":1628500,"segment":1,"interval":5,"start_time":1615288205000},{"elapsed_time":1630500,"segment":1,"interval":5,"start_time":1615288207000},{"elapsed_time":1632500,"segment":1,"interval":5,"start_time":1615288209000},{"elapsed_time":1634500,"segment":1,"interval":5,"start_time":1615288211000},{"elapsed_time":1636500,"segment":1,"interval":5,"start_time":1615288213000},{"elapsed_time":1638500,"segment":1,"interval":5,"start_time":1615288215000},{"elapsed_time":1640500,"segment":1,"interval":5,"start_time":1615288217000},{"elapsed_time":1642500,"segment":1,"interval":5,"start_time":1615288219000},{"elapsed_time":1645500,"segment":1,"interval":5,"start_time":1615288222000},{"elapsed_time":1647500,"segment":1,"interval":5,"start_time":1615288224000},{"elapsed_time":1649500,"segment":1,"interval":5,"start_time":1615288226000},{"elapsed_time":1651500,"segment":1,"interval":5,"start_time":1615288228000},{"elapsed_time":1654500,"segment":1,"interval":5,"start_time":1615288231000},{"elapsed_time":1657500,"segment":1,"interval":5,"start_time":1615288234000},{"elapsed_time":1659500,"segment":1,"interval":5,"start_time":1615288236000},{"elapsed_time":1661500,"segment":1,"interval":5,"start_time":1615288238000},{"elapsed_time":1663500,"segment":1,"interval":5,"start_time":1615288240000},{"elapsed_time":1666500,"segment":1,"interval":5,"start_time":1615288243000},{"elapsed_time":1668500,"segment":1,"interval":5,"start_time":1615288245000},{"elapsed_time":1670500,"segment":1,"interval":5,"start_time":1615288247000},{"elapsed_time":1672500,"segment":1,"interval":5,"start_time":1615288249000},{"elapsed_time":1674500,"segment":1,"interval":5,"start_time":1615288251000},{"elapsed_time":1676500,"segment":1,"interval":5,"start_time":1615288253000},{"elapsed_time":1678500,"segment":1,"interval":5,"start_time":1615288255000},{"elapsed_time":1680500,"segment":1,"interval":5,"start_time":1615288257000},{"elapsed_time":1682500,"segment":1,"interval":5,"start_time":1615288259000},{"elapsed_time":1685500,"segment":1,"interval":5,"start_time":1615288262000},{"elapsed_time":1687500,"segment":1,"interval":5,"start_time":1615288264000},{"elapsed_time":1689500,"segment":1,"interval":5,"start_time":1615288266000},{"elapsed_time":1692500,"segment":1,"interval":5,"start_time":1615288269000},{"elapsed_time":1694500,"segment":1,"interval":5,"start_time":1615288271000},{"elapsed_time":1696500,"segment":1,"interval":5,"start_time":1615288273000},{"elapsed_time":1698500,"segment":1,"interval":5,"start_time":1615288275000},{"elapsed_time":1700500,"segment":1,"interval":5,"start_time":1615288277000},{"elapsed_time":1702500,"segment":1,"interval":5,"start_time":1615288279000},{"elapsed_time":1704500,"segment":1,"interval":5,"start_time":1615288281000},{"elapsed_time":1707500,"segment":1,"interval":5,"start_time":1615288284000},{"elapsed_time":1710500,"segment":1,"interval":5,"start_time":1615288287000},{"elapsed_time":1712500,"segment":1,"interval":5,"start_time":1615288289000},{"elapsed_time":1714500,"segment":1,"interval":5,"start_time":1615288291000},{"elapsed_time":1716500,"segment":1,"interval":5,"start_time":1615288293000},{"elapsed_time":1718500,"segment":1,"interval":5,"start_time":1615288295000},{"elapsed_time":1720500,"segment":1,"interval":5,"start_time":1615288297000},{"elapsed_time":1722500,"segment":1,"interval":5,"start_time":1615288299000},{"elapsed_time":1724500,"segment":1,"interval":5,"start_time":1615288301000},{"elapsed_time":1726500,"segment":1,"interval":5,"start_time":1615288303000},{"elapsed_time":1729500,"segment":1,"interval":5,"start_time":1615288306000},{"elapsed_time":1731500,"segment":1,"interval":5,"start_time":1615288308000},{"elapsed_time":1734500,"segment":1,"interval":5,"start_time":1615288311000},{"elapsed_time":1736500,"segment":1,"interval":5,"start_time":1615288313000},{"elapsed_time":1738500,"segment":1,"interval":5,"start_time":1615288315000},{"elapsed_time":1740500,"segment":1,"interval":5,"start_time":1615288317000},{"elapsed_time":1742500,"segment":1,"interval":5,"start_time":1615288319000},{"elapsed_time":1744500,"segment":1,"interval":5,"start_time":1615288321000},{"elapsed_time":1746500,"segment":1,"interval":5,"start_time":1615288323000},{"elapsed_time":1748500,"segment":1,"interval":5,"start_time":1615288325000},{"elapsed_time":1751500,"segment":1,"interval":5,"start_time":1615288328000},{"elapsed_time":1753500,"segment":1,"interval":5,"start_time":1615288330000},{"elapsed_time":1755500,"segment":1,"interval":5,"start_time":1615288332000},{"elapsed_time":1757500,"segment":1,"interval":5,"start_time":1615288334000},{"elapsed_time":1760500,"segment":1,"interval":5,"start_time":1615288337000},{"elapsed_time":1762500,"segment":1,"interval":5,"start_time":1615288339000},{"elapsed_time":1764500,"segment":1,"interval":5,"start_time":1615288341000},{"elapsed_time":1766500,"segment":1,"interval":5,"start_time":1615288343000},{"elapsed_time":1768500,"segment":1,"interval":5,"start_time":1615288345000},{"elapsed_time":1771500,"segment":1,"interval":5,"start_time":1615288348000},{"elapsed_time":1773500,"segment":1,"interval":5,"start_time":1615288350000},{"elapsed_time":1775500,"segment":1,"interval":5,"start_time":1615288352000},{"elapsed_time":1777500,"segment":1,"interval":5,"start_time":1615288354000},{"elapsed_time":1779500,"segment":1,"interval":5,"start_time":1615288356000},{"elapsed_time":1781500,"segment":1,"interval":5,"start_time":1615288358000},{"elapsed_time":1783500,"segment":1,"interval":5,"start_time":1615288360000},{"elapsed_time":1786500,"segment":1,"interval":5,"start_time":1615288363000},{"elapsed_time":1788500,"segment":1,"interval":5,"start_time":1615288365000},{"elapsed_time":1790500,"segment":1,"interval":5,"start_time":1615288367000},{"elapsed_time":1792500,"segment":1,"interval":5,"start_time":1615288369000},{"elapsed_time":1794500,"segment":1,"interval":5,"start_time":1615288371000},{"elapsed_time":1796500,"segment":1,"interval":5,"start_time":1615288373000},{"elapsed_time":1798500,"segment":1,"interval":5,"start_time":1615288375000},{"elapsed_time":1800500,"segment":1,"interval":5,"start_time":1615288377000},{"elapsed_time":1802500,"segment":1,"interval":5,"start_time":1615288379000},{"elapsed_time":1804500,"segment":1,"interval":5,"start_time":1615288381000},{"elapsed_time":1807500,"segment":1,"interval":5,"start_time":1615288384000},{"elapsed_time":1810500,"segment":1,"interval":5,"start_time":1615288387000},{"elapsed_time":1813500,"segment":1,"interval":5,"start_time":1615288390000},{"elapsed_time":1815500,"segment":1,"interval":5,"start_time":1615288392000},{"elapsed_time":1817500,"segment":1,"interval":5,"start_time":1615288394000},{"elapsed_time":1819500,"segment":1,"interval":6,"start_time":1615288396000},{"elapsed_time":1821500,"segment":1,"interval":6,"start_time":1615288398000},{"elapsed_time":1823500,"segment":1,"interval":6,"start_time":1615288400000},{"elapsed_time":1825500,"segment":1,"interval":6,"start_time":1615288402000},{"elapsed_time":1827500,"segment":1,"interval":6,"start_time":1615288404000},{"elapsed_time":1829500,"segment":1,"interval":6,"start_time":1615288406000},{"elapsed_time":1831500,"segment":1,"interval":6,"start_time":1615288408000},{"elapsed_time":1833500,"segment":1,"interval":6,"start_time":1615288410000},{"elapsed_time":1836500,"segment":1,"interval":6,"start_time":1615288413000},{"elapsed_time":1838500,"segment":1,"interval":6,"start_time":1615288415000},{"elapsed_time":1840500,"segment":1,"interval":6,"start_time":1615288417000},{"elapsed_time":1842500,"segment":1,"interval":6,"start_time":1615288419000},{"elapsed_time":1844500,"segment":1,"interval":6,"start_time":1615288421000},{"elapsed_time":1846500,"segment":1,"interval":6,"start_time":1615288423000},{"elapsed_time":1848500,"segment":1,"interval":6,"start_time":1615288425000},{"elapsed_time":1851500,"segment":1,"interval":6,"start_time":1615288428000},{"elapsed_time":1853500,"segment":1,"interval":6,"start_time":1615288430000},{"elapsed_time":1855500,"segment":1,"interval":6,"start_time":1615288432000},{"elapsed_time":1857500,"segment":1,"interval":6,"start_time":1615288434000},{"elapsed_time":1859500,"segment":1,"interval":6,"start_time":1615288436000},{"elapsed_time":1861500,"segment":1,"interval":6,"start_time":1615288438000},{"elapsed_time":1863500,"segment":1,"interval":6,"start_time":1615288440000},{"elapsed_time":1866500,"segment":1,"interval":6,"start_time":1615288443000},{"elapsed_time":1868500,"segment":1,"interval":6,"start_time":1615288445000},{"elapsed_time":1870500,"segment":1,"interval":6,"start_time":1615288447000},{"elapsed_time":1872500,"segment":1,"interval":6,"start_time":1615288449000},{"elapsed_time":1874500,"segment":1,"interval":6,"start_time":1615288451000},{"elapsed_time":1876500,"segment":1,"interval":6,"start_time":1615288453000},{"elapsed_time":1878500,"segment":1,"interval":6,"start_time":1615288455000},{"elapsed_time":1880500,"segment":1,"interval":6,"start_time":1615288457000},{"elapsed_time":1883500,"segment":1,"interval":6,"start_time":1615288460000},{"elapsed_time":1886500,"segment":1,"interval":6,"start_time":1615288463000},{"elapsed_time":1888500,"segment":1,"interval":6,"start_time":1615288465000},{"elapsed_time":1890500,"segment":1,"interval":6,"start_time":1615288467000},{"elapsed_time":1892500,"segment":1,"interval":6,"start_time":1615288469000},{"elapsed_time":1895500,"segment":1,"interval":6,"start_time":1615288472000},{"elapsed_time":1897500,"segment":1,"interval":6,"start_time":1615288474000},{"elapsed_time":1899500,"segment":1,"interval":6,"start_time":1615288476000},{"elapsed_time":1901500,"segment":1,"interval":6,"start_time":1615288478000},{"elapsed_time":1903500,"segment":1,"interval":6,"start_time":1615288480000},{"elapsed_time":1905500,"segment":1,"interval":6,"start_time":1615288482000},{"elapsed_time":1907500,"segment":1,"interval":6,"start_time":1615288484000},{"elapsed_time":1910500,"segment":1,"interval":6,"start_time":1615288487000},{"elapsed_time":1912500,"segment":1,"interval":6,"start_time":1615288489000},{"elapsed_time":1914500,"segment":1,"interval":6,"start_time":1615288491000},{"elapsed_time":1916500,"segment":1,"interval":6,"start_time":1615288493000},{"elapsed_time":1918500,"segment":1,"interval":6,"start_time":1615288495000},{"elapsed_time":1920500,"segment":1,"interval":6,"start_time":1615288497000},{"elapsed_time":1922500,"segment":1,"interval":6,"start_time":1615288499000},{"elapsed_time":1924500,"segment":1,"interval":6,"start_time":1615288501000},{"elapsed_time":1926170,"segment":1,"interval":6,"start_time":1615288504830}]