[{"elapsed_time":0,"segment":0,"interval":1,"start_time":1608857131760},{"elapsed_time":1450,"segment":0,"interval":1,"start_time":1608857133210},{"elapsed_time":5219,"segment":0,"interval":1,"start_time":1608857136979},{"elapsed_time":10450,"segment":0,"interval":1,"start_time":1608857142210},{"elapsed_time":16957,"segment":0,"interval":1,"start_time":1608857148717},{"elapsed_time":18960,"segment":0,"interval":1,"start_time":1608857150720},{"elapsed_time":20480,"segment":0,"interval":1,"start_time":1608857152240},{"elapsed_time":20962,"segment":0,"interval":1,"start_time":1608857152722},{"elapsed_time":28859,"segment":0,"interval":1,"start_time":1608857160619},{"elapsed_time":30496,"segment":0,"interval":1,"start_time":1608857162256},{"elapsed_time":30998,"segment":0,"interval":1,"start_time":1608857162758},{"elapsed_time":40495,"segment":0,"interval":1,"start_time":1608857172255},{"elapsed_time":44954,"segment":0,"interval":1,"start_time":1608857176714},{"elapsed_time":50500,"segment":0,"interval":1,"start_time":1608857182260},{"elapsed_time":59977,"segment":0,"interval":1,"start_time":1608857191737},{"elapsed_time":61512,"segment":0,"interval":1,"start_time":1608857193272},{"elapsed_time":71508,"segment":0,"interval":1,"start_time":1608857203268},{"elapsed_time":75889,"segment":0,"interval":1,"start_time":1608857207649},{"elapsed_time":76033,"segment":0,"interval":1,"start_time":1608857207793},{"elapsed_time":80035,"segment":0,"interval":1,"start_time":1608857211795},{"elapsed_time":81505,"segment":0,"interval":1,"start_time":1608857213265},{"elapsed_time":91505,"segment":0,"interval":1,"start_time":1608857223265},{"elapsed_time":94725,"segment":0,"interval":1,"start_time":1608857226485},{"elapsed_time":100503,"segment":0,"interval":1,"start_time":1608857232263},{"elapsed_time":108061,"segment":0,"interval":1,"start_time":1608857239821},{"elapsed_time":110061,"segment":0,"interval":1,"start_time":1608857241821},{"elapsed_time":110493,"segment":0,"interval":1,"start_time":1608857242253},{"elapsed_time":115149,"segment":0,"interval":1,"start_time":1608857246909},{"elapsed_time":120086,"segment":0,"interval":1,"start_time":1608857251846},{"elapsed_time":120499,"segment":0,"interval":1,"start_time":1608857252259},{"elapsed_time":130088,"segment":0,"interval":1,"start_time":1608857261848},{"elapsed_time":130494,"segment":0,"interval":1,"start_time":1608857262254},{"elapsed_time":136991,"segment":0,"interval":1,"start_time":1608857268751},{"elapsed_time":140489,"segment":0,"interval":1,"start_time":1608857272249},{"elapsed_time":150492,"segment":0,"interval":1,"start_time":1608857282252},{"elapsed_time":155258,"segment":0,"interval":1,"start_time":1608857287018},{"elapsed_time":161493,"segment":0,"interval":1,"start_time":1608857293253},{"elapsed_time":162118,"segment":0,"interval":1,"start_time":1608857293878},{"elapsed_time":170119,"segment":0,"interval":1,"start_time":1608857301879},{"elapsed_time":170959,"segment":0,"interval":1,"start_time":1608857302719},{"elapsed_time":171494,"segment":0,"interval":1,"start_time":1608857303254},{"elapsed_time":181498,"segment":0,"interval":1,"start_time":1608857313258},{"elapsed_time":187397,"segment":0,"interval":1,"start_time":1608857319157},{"elapsed_time":190398,"segment":0,"interval":1,"start_time":1608857322158},{"elapsed_time":191499,"segment":0,"interval":1,"start_time":1608857323259},{"elapsed_time":194813,"segment":0,"interval":1,"start_time":1608857326573},{"elapsed_time":200177,"segment":0,"interval":2,"start_time":1608857331937},{"elapsed_time":200490,"segment":0,"interval":2,"start_time":1608857332250},{"elapsed_time":202178,"segment":0,"interval":2,"start_time":1608857333938},{"elapsed_time":210518,"segment":0,"interval":2,"start_time":1608857342278},{"elapsed_time":220514,"segment":0,"interval":2,"start_time":1608857352274},{"elapsed_time":230494,"segment":0,"interval":2,"start_time":1608857362254},{"elapsed_time":232340,"segment":0,"interval":2,"start_time":1608857364100},{"elapsed_time":240497,"segment":0,"interval":2,"start_time":1608857372257},{"elapsed_time":247205,"segment":0,"interval":2,"start_time":1608857378965},{"elapsed_time":248355,"segment":0,"interval":2,"start_time":1608857380115},{"elapsed_time":250206,"segment":0,"interval":2,"start_time":1608857381966},{"elapsed_time":250496,"segment":0,"interval":2,"start_time":1608857382256},{"elapsed_time":261493,"segment":0,"interval":2,"start_time":1608857393253},{"elapsed_time":263539,"segment":0,"interval":2,"start_time":1608857395299},{"elapsed_time":271498,"segment":0,"interval":2,"start_time":1608857403258},{"elapsed_time":278088,"segment":0,"interval":2,"start_time":1608857409848},{"elapsed_time":281501,"segment":0,"interval":2,"start_time":1608857413261},{"elapsed_time":291491,"segment":0,"interval":2,"start_time":1608857423251},{"elapsed_time":294399,"segment":0,"interval":2,"start_time":1608857426159},{"elapsed_time":300495,"segment":0,"interval":2,"start_time":1608857432255},{"elapsed_time":310498,"segment":0,"interval":2,"start_time":1608857442258},{"elapsed_time":311567,"segment":0,"interval":2,"start_time":1608857443327},{"elapsed_time":313415,"segment":0,"interval":2,"start_time":1608857445175},{"elapsed_time":320495,"segment":0,"interval":2,"start_time":1608857452255},{"elapsed_time":329592,"segment":0,"interval":2,"start_time":1608857461352},{"elapsed_time":330499,"segment":0,"interval":2,"start_time":1608857462259},{"elapsed_time":340503,"segment":0,"interval":2,"start_time":1608857472263},{"elapsed_time":350069,"segment":0,"interval":2,"start_time":1608857481829},{"elapsed_time":350491,"segment":0,"interval":2,"start_time":1608857482251},{"elapsed_time":361502,"segment":0,"interval":2,"start_time":1608857493262},{"elapsed_time":371495,"segment":0,"interval":2,"start_time":1608857503255},{"elapsed_time":381345,"segment":0,"interval":2,"start_time":1608857513105},{"elapsed_time":381491,"segment":0,"interval":2,"start_time":1608857513251},{"elapsed_time":390349,"segment":0,"interval":2,"start_time":1608857522109},{"elapsed_time":391489,"segment":0,"interval":2,"start_time":1608857523249},{"elapsed_time":400351,"segment":0,"interval":2,"start_time":1608857532111},{"elapsed_time":400492,"segment":0,"interval":2,"start_time":1608857532252},{"elapsed_time":410498,"segment":0,"interval":2,"start_time":1608857542258},{"elapsed_time":410894,"segment":0,"interval":2,"start_time":1608857542654},{"elapsed_time":414612,"segment":0,"interval":2,"start_time":1608857546372},{"elapsed_time":420503,"segment":0,"interval":2,"start_time":1608857552263},{"elapsed_time":422895,"segment":0,"interval":2,"start_time":1608857554655},{"elapsed_time":430500,"segment":0,"interval":2,"start_time":1608857562260},{"elapsed_time":430778,"segment":0,"interval":2,"start_time":1608857562538},{"elapsed_time":430896,"segment":0,"interval":3,"start_time":1608857562656},{"elapsed_time":440398,"segment":0,"interval":3,"start_time":1608857572158},{"elapsed_time":440518,"segment":0,"interval":3,"start_time":1608857572278},{"elapsed_time":448058,"segment":0,"interval":3,"start_time":1608857579818},{"elapsed_time":450402,"segment":0,"interval":3,"start_time":1608857582162},{"elapsed_time":450487,"segment":0,"interval":3,"start_time":1608857582247},{"elapsed_time":460403,"segment":0,"interval":3,"start_time":1608857592163},{"elapsed_time":461502,"segment":0,"interval":3,"start_time":1608857593262},{"elapsed_time":464936,"segment":0,"interval":3,"start_time":1608857596696},{"elapsed_time":470427,"segment":0,"interval":3,"start_time":1608857602187},{"elapsed_time":471493,"segment":0,"interval":3,"start_time":1608857603253},{"elapsed_time":480429,"segment":0,"interval":3,"start_time":1608857612189},{"elapsed_time":481501,"segment":0,"interval":3,"start_time":1608857613261},{"elapsed_time":484047,"segment":0,"interval":3,"start_time":1608857615807},{"elapsed_time":490431,"segment":0,"interval":3,"start_time":1608857622191},{"elapsed_time":491491,"segment":0,"interval":3,"start_time":1608857623251},{"elapsed_time":500501,"segment":0,"interval":3,"start_time":1608857632261},{"elapsed_time":510490,"segment":0,"interval":3,"start_time":1608857642250},{"elapsed_time":519463,"segment":0,"interval":3,"start_time":1608857651223},{"elapsed_time":520463,"segment":0,"interval":3,"start_time":1608857652223},{"elapsed_time":520498,"segment":0,"interval":3,"start_time":1608857652258},{"elapsed_time":521389,"segment":0,"interval":3,"start_time":1608857653149},{"elapsed_time":530486,"segment":0,"interval":3,"start_time":1608857662246},{"elapsed_time":530490,"segment":0,"interval":3,"start_time":1608857662250},{"elapsed_time":537087,"segment":0,"interval":3,"start_time":1608857668847},{"elapsed_time":540487,"segment":0,"interval":3,"start_time":1608857672247},{"elapsed_time":540489,"segment":0,"interval":3,"start_time":1608857672249},{"elapsed_time":550489,"segment":0,"interval":3,"start_time":1608857682249},{"elapsed_time":550492,"segment":0,"interval":3,"start_time":1608857682252},{"elapsed_time":560516,"segment":0,"interval":3,"start_time":1608857692276},{"elapsed_time":561502,"segment":0,"interval":3,"start_time":1608857693262},{"elapsed_time":570517,"segment":0,"interval":3,"start_time":1608857702277},{"elapsed_time":571492,"segment":0,"interval":3,"start_time":1608857703252},{"elapsed_time":580519,"segment":0,"interval":3,"start_time":1608857712279},{"elapsed_time":581498,"segment":0,"interval":3,"start_time":1608857713258},{"elapsed_time":590498,"segment":0,"interval":3,"start_time":1608857722258},{"elapsed_time":590546,"segment":0,"interval":3,"start_time":1608857722306},{"elapsed_time":600499,"segment":0,"interval":3,"start_time":1608857732259},{"elapsed_time":600550,"segment":0,"interval":3,"start_time":1608857732310},{"elapsed_time":602325,"segment":0,"interval":3,"start_time":1608857734085},{"elapsed_time":610500,"segment":0,"interval":3,"start_time":1608857742260},{"elapsed_time":610552,"segment":0,"interval":3,"start_time":1608857742312},{"elapsed_time":620485,"segment":0,"interval":3,"start_time":1608857752245},{"elapsed_time":620574,"segment":0,"interval":3,"start_time":1608857752334},{"elapsed_time":630487,"segment":0,"interval":3,"start_time":1608857762247},{"elapsed_time":640487,"segment":0,"interval":3,"start_time":1608857772247},{"elapsed_time":650487,"segment":0,"interval":3,"start_time":1608857782247},{"elapsed_time":654604,"segment":0,"interval":3,"start_time":1608857786364},{"elapsed_time":660607,"segment":0,"interval":3,"start_time":1608857792367},{"elapsed_time":661493,"segment":0,"interval":3,"start_time":1608857793253},{"elapsed_time":668608,"segment":0,"interval":3,"start_time":1608857800368},{"elapsed_time":670610,"segment":0,"interval":3,"start_time":1608857802370},{"elapsed_time":671488,"segment":0,"interval":3,"start_time":1608857803248},{"elapsed_time":680633,"segment":0,"interval":3,"start_time":1608857812393},{"elapsed_time":681482,"segment":0,"interval":3,"start_time":1608857813242},{"elapsed_time":685089,"segment":0,"interval":3,"start_time":1608857816849},{"elapsed_time":690634,"segment":0,"interval":3,"start_time":1608857822394},{"elapsed_time":691487,"segment":0,"interval":3,"start_time":1608857823247},{"elapsed_time":700484,"segment":0,"interval":3,"start_time":1608857832244},{"elapsed_time":700636,"segment":0,"interval":3,"start_time":1608857832396},{"elapsed_time":701238,"segment":0,"interval":3,"start_time":1608857832998},{"elapsed_time":710490,"segment":0,"interval":3,"start_time":1608857842250},{"elapsed_time":710823,"segment":0,"interval":3,"start_time":1608857842583},{"elapsed_time":717777,"segment":0,"interval":3,"start_time":1608857849537},{"elapsed_time":720469,"segment":0,"interval":4,"start_time":1608857852229},{"elapsed_time":720645,"segment":0,"interval":4,"start_time":1608857852405},{"elapsed_time":730497,"segment":0,"interval":4,"start_time":1608857862257},{"elapsed_time":730654,"segment":0,"interval":4,"start_time":1608857862414},{"elapsed_time":734742,"segment":0,"interval":4,"start_time":1608857866502},{"elapsed_time":740489,"segment":0,"interval":4,"start_time":1608857872249},{"elapsed_time":740690,"segment":0,"interval":4,"start_time":1608857872450},{"elapsed_time":750487,"segment":0,"interval":4,"start_time":1608857882247},{"elapsed_time":755186,"segment":0,"interval":4,"start_time":1608857886946},{"elapsed_time":757693,"segment":0,"interval":4,"start_time":1608857889453},{"elapsed_time":759404,"segment":0,"interval":4,"start_time":1608857891164},{"elapsed_time":760697,"segment":0,"interval":4,"start_time":1608857892457},{"elapsed_time":761483,"segment":0,"interval":4,"start_time":1608857893243},{"elapsed_time":770721,"segment":0,"interval":4,"start_time":1608857902481},{"elapsed_time":771493,"segment":0,"interval":4,"start_time":1608857903253},{"elapsed_time":781484,"segment":0,"interval":4,"start_time":1608857913244},{"elapsed_time":791483,"segment":0,"interval":4,"start_time":1608857923243},{"elapsed_time":800483,"segment":0,"interval":4,"start_time":1608857932243},{"elapsed_time":810488,"segment":0,"interval":4,"start_time":1608857942248},{"elapsed_time":820493,"segment":0,"interval":4,"start_time":1608857952253},{"elapsed_time":830486,"segment":0,"interval":4,"start_time":1608857962246},{"elapsed_time":840490,"segment":0,"interval":4,"start_time":1608857972250},{"elapsed_time":850487,"segment":0,"interval":4,"start_time":1608857982247},{"elapsed_time":850960,"segment":0,"interval":4,"start_time":1608857982720},{"elapsed_time":855870,"segment":0,"interval":4,"start_time":1608857989510}]