[{"elapsed_time":5240,"segment":0,"interval":1,"start_time":1608857137000},{"elapsed_time":7240,"segment":0,"interval":1,"start_time":1608857139000},{"elapsed_time":9240,"segment":0,"interval":1,"start_time":1608857141000},{"elapsed_time":11240,"segment":0,"interval":1,"start_time":1608857143000},{"elapsed_time":12240,"segment":0,"interval":1,"start_time":1608857144000},{"elapsed_time":13240,"segment":0,"interval":1,"start_time":1608857145000},{"elapsed_time":14240,"segment":0,"interval":1,"start_time":1608857146000},{"elapsed_time":15240,"segment":0,"interval":1,"start_time":1608857147000},{"elapsed_time":16240,"segment":0,"interval":1,"start_time":1608857148000},{"elapsed_time":17240,"segment":0,"interval":1,"start_time":1608857149000},{"elapsed_time":18240,"segment":0,"interval":1,"start_time":1608857150000},{"elapsed_time":19240,"segment":0,"interval":1,"start_time":1608857151000},{"elapsed_time":21240,"segment":0,"interval":1,"start_time":1608857153000},{"elapsed_time":22240,"segment":0,"interval":1,"start_time":1608857154000},{"elapsed_time":23240,"segment":0,"interval":1,"start_time":1608857155000},{"elapsed_time":24240,"segment":0,"interval":1,"start_time":1608857156000},{"elapsed_time":26240,"segment":0,"interval":1,"start_time":1608857158000},{"elapsed_time":28240,"segment":0,"interval":1,"start_time":1608857160000},{"elapsed_time":30240,"segment":0,"interval":1,"start_time":1608857162000},{"elapsed_time":32240,"segment":0,"interval":1,"start_time":1608857164000},{"elapsed_time":33240,"segment":0,"interval":1,"start_time":1608857165000},{"elapsed_time":34240,"segment":0,"interval":1,"start_time":1608857166000},{"elapsed_time":35240,"segment":0,"interval":1,"start_time":1608857167000},{"elapsed_time":36240,"segment":0,"interval":1,"start_time":1608857168000},{"elapsed_time":37240,"segment":0,"interval":1,"start_time":1608857169000},{"elapsed_time":38240,"segment":0,"interval":1,"start_time":1608857170000},{"elapsed_time":39240,"segment":0,"interval":1,"start_time":1608857171000},{"elapsed_time":40240,"segment":0,"interval":1,"start_time":1608857172000},{"elapsed_time":41240,"segment":0,"interval":1,"start_time":1608857173000},{"elapsed_time":42240,"segment":0,"interval":1,"start_time":1608857174000},{"elapsed_time":43240,"segment":0,"interval":1,"start_time":1608857175000},{"elapsed_time":44240,"segment":0,"interval":1,"start_time":1608857176000},{"elapsed_time":45240,"segment":0,"interval":1,"start_time":1608857177000},{"elapsed_time":46240,"segment":0,"interval":1,"start_time":1608857178000},{"elapsed_time":47240,"segment":0,"interval":1,"start_time":1608857179000},{"elapsed_time":48240,"segment":0,"interval":1,"start_time":1608857180000},{"elapsed_time":49240,"segment":0,"interval":1,"start_time":1608857181000},{"elapsed_time":50240,"segment":0,"interval":1,"start_time":1608857182000},{"elapsed_time":51240,"segment":0,"interval":1,"start_time":1608857183000},{"elapsed_time":52240,"segment":0,"interval":1,"start_time":1608857184000},{"elapsed_time":53240,"segment":0,"interval":1,"start_time":1608857185000},{"elapsed_time":54240,"segment":0,"interval":1,"start_time":1608857186000},{"elapsed_time":55240,"segment":0,"interval":1,"start_time":1608857187000},{"elapsed_time":56240,"segment":0,"interval":1,"start_time":1608857188000},{"elapsed_time":57240,"segment":0,"interval":1,"start_time":1608857189000},{"elapsed_time":58240,"segment":0,"interval":1,"start_time":1608857190000},{"elapsed_time":59240,"segment":0,"interval":1,"start_time":1608857191000},{"elapsed_time":60240,"segment":0,"interval":1,"start_time":1608857192000},{"elapsed_time":61240,"segment":0,"interval":1,"start_time":1608857193000},{"elapsed_time":62240,"segment":0,"interval":1,"start_time":1608857194000},{"elapsed_time":63240,"segment":0,"interval":1,"start_time":1608857195000},{"elapsed_time":64240,"segment":0,"interval":1,"start_time":1608857196000},{"elapsed_time":65240,"segment":0,"interval":1,"start_time":1608857197000},{"elapsed_time":66240,"segment":0,"interval":1,"start_time":1608857198000},{"elapsed_time":67240,"segment":0,"interval":1,"start_time":1608857199000},{"elapsed_time":68240,"segment":0,"interval":1,"start_time":1608857200000},{"elapsed_time":69240,"segment":0,"interval":1,"start_time":1608857201000},{"elapsed_time":70240,"segment":0,"interval":1,"start_time":1608857202000},{"elapsed_time":71240,"segment":0,"interval":1,"start_time":1608857203000},{"elapsed_time":72240,"segment":0,"interval":1,"start_time":1608857204000},{"elapsed_time":73240,"segment":0,"interval":1,"start_time":1608857205000},{"elapsed_time":74240,"segment":0,"interval":1,"start_time":1608857206000},{"elapsed_time":75240,"segment":0,"interval":1,"start_time":1608857207000},{"elapsed_time":76240,"segment":0,"interval":1,"start_time":1608857208000},{"elapsed_time":77240,"segment":0,"interval":1,"start_time":1608857209000},{"elapsed_time":78240,"segment":0,"interval":1,"start_time":1608857210000},{"elapsed_time":79240,"segment":0,"interval":1,"start_time":1608857211000},{"elapsed_time":80240,"segment":0,"interval":1,"start_time":1608857212000},{"elapsed_time":81240,"segment":0,"interval":1,"start_time":1608857213000},{"elapsed_time":82240,"segment":0,"interval":1,"start_time":1608857214000},{"elapsed_time":83240,"segment":0,"interval":1,"start_time":1608857215000},{"elapsed_time":84240,"segment":0,"interval":1,"start_time":1608857216000},{"elapsed_time":85240,"segment":0,"interval":1,"start_time":1608857217000},{"elapsed_time":86240,"segment":0,"interval":1,"start_time":1608857218000},{"elapsed_time":87240,"segment":0,"interval":1,"start_time":1608857219000},{"elapsed_time":89240,"segment":0,"interval":1,"start_time":1608857221000},{"elapsed_time":91240,"segment":0,"interval":1,"start_time":1608857223000},{"elapsed_time":93240,"segment":0,"interval":1,"start_time":1608857225000},{"elapsed_time":95240,"segment":0,"interval":1,"start_time":1608857227000},{"elapsed_time":97240,"segment":0,"interval":1,"start_time":1608857229000},{"elapsed_time":99240,"segment":0,"interval":1,"start_time":1608857231000},{"elapsed_time":101240,"segment":0,"interval":1,"start_time":1608857233000},{"elapsed_time":103240,"segment":0,"interval":1,"start_time":1608857235000},{"elapsed_time":104240,"segment":0,"interval":1,"start_time":1608857236000},{"elapsed_time":105240,"segment":0,"interval":1,"start_time":1608857237000},{"elapsed_time":106240,"segment":0,"interval":1,"start_time":1608857238000},{"elapsed_time":107240,"segment":0,"interval":1,"start_time":1608857239000},{"elapsed_time":108240,"segment":0,"interval":1,"start_time":1608857240000},{"elapsed_time":109240,"segment":0,"interval":1,"start_time":1608857241000},{"elapsed_time":110240,"segment":0,"interval":1,"start_time":1608857242000},{"elapsed_time":111240,"segment":0,"interval":1,"start_time":1608857243000},{"elapsed_time":112240,"segment":0,"interval":1,"start_time":1608857244000},{"elapsed_time":113240,"segment":0,"interval":1,"start_time":1608857245000},{"elapsed_time":114240,"segment":0,"interval":1,"start_time":1608857246000},{"elapsed_time":115240,"segment":0,"interval":1,"start_time":1608857247000},{"elapsed_time":116240,"segment":0,"interval":1,"start_time":1608857248000},{"elapsed_time":117240,"segment":0,"interval":1,"start_time":1608857249000},{"elapsed_time":118240,"segment":0,"interval":1,"start_time":1608857250000},{"elapsed_time":119240,"segment":0,"interval":1,"start_time":1608857251000},{"elapsed_time":121240,"segment":0,"interval":1,"start_time":1608857253000},{"elapsed_time":123240,"segment":0,"interval":1,"start_time":1608857255000},{"elapsed_time":124240,"segment":0,"interval":1,"start_time":1608857256000},{"elapsed_time":125240,"segment":0,"interval":1,"start_time":1608857257000},{"elapsed_time":127240,"segment":0,"interval":1,"start_time":1608857259000},{"elapsed_time":129240,"segment":0,"interval":1,"start_time":1608857261000},{"elapsed_time":131240,"segment":0,"interval":1,"start_time":1608857263000},{"elapsed_time":133240,"segment":0,"interval":1,"start_time":1608857265000},{"elapsed_time":135240,"segment":0,"interval":1,"start_time":1608857267000},{"elapsed_time":136240,"segment":0,"interval":1,"start_time":1608857268000},{"elapsed_time":137240,"segment":0,"interval":1,"start_time":1608857269000},{"elapsed_time":138240,"segment":0,"interval":1,"start_time":1608857270000},{"elapsed_time":139240,"segment":0,"interval":1,"start_time":1608857271000},{"elapsed_time":140240,"segment":0,"interval":1,"start_time":1608857272000},{"elapsed_time":141240,"segment":0,"interval":1,"start_time":1608857273000},{"elapsed_time":142240,"segment":0,"interval":1,"start_time":1608857274000},{"elapsed_time":143240,"segment":0,"interval":1,"start_time":1608857275000},{"elapsed_time":144240,"segment":0,"interval":1,"start_time":1608857276000},{"elapsed_time":145240,"segment":0,"interval":1,"start_time":1608857277000},{"elapsed_time":146240,"segment":0,"interval":1,"start_time":1608857278000},{"elapsed_time":147240,"segment":0,"interval":1,"start_time":1608857279000},{"elapsed_time":148240,"segment":0,"interval":1,"start_time":1608857280000},{"elapsed_time":149240,"segment":0,"interval":1,"start_time":1608857281000},{"elapsed_time":150240,"segment":0,"interval":1,"start_time":1608857282000},{"elapsed_time":151240,"segment":0,"interval":1,"start_time":1608857283000},{"elapsed_time":152240,"segment":0,"interval":1,"start_time":1608857284000},{"elapsed_time":153240,"segment":0,"interval":1,"start_time":1608857285000},{"elapsed_time":154240,"segment":0,"interval":1,"start_time":1608857286000},{"elapsed_time":155240,"segment":0,"interval":1,"start_time":1608857287000},{"elapsed_time":156240,"segment":0,"interval":1,"start_time":1608857288000},{"elapsed_time":157240,"segment":0,"interval":1,"start_time":1608857289000},{"elapsed_time":158240,"segment":0,"interval":1,"start_time":1608857290000},{"elapsed_time":159240,"segment":0,"interval":1,"start_time":1608857291000},{"elapsed_time":160240,"segment":0,"interval":1,"start_time":1608857292000},{"elapsed_time":161240,"segment":0,"interval":1,"start_time":1608857293000},{"elapsed_time":162240,"segment":0,"interval":1,"start_time":1608857294000},{"elapsed_time":163240,"segment":0,"interval":1,"start_time":1608857295000},{"elapsed_time":164240,"segment":0,"interval":1,"start_time":1608857296000},{"elapsed_time":165240,"segment":0,"interval":1,"start_time":1608857297000},{"elapsed_time":166240,"segment":0,"interval":1,"start_time":1608857298000},{"elapsed_time":167240,"segment":0,"interval":1,"start_time":1608857299000},{"elapsed_time":168240,"segment":0,"interval":1,"start_time":1608857300000},{"elapsed_time":169240,"segment":0,"interval":1,"start_time":1608857301000},{"elapsed_time":170240,"segment":0,"interval":1,"start_time":1608857302000},{"elapsed_time":171240,"segment":0,"interval":1,"start_time":1608857303000},{"elapsed_time":172240,"segment":0,"interval":1,"start_time":1608857304000},{"elapsed_time":173240,"segment":0,"interval":1,"start_time":1608857305000},{"elapsed_time":174240,"segment":0,"interval":1,"start_time":1608857306000},{"elapsed_time":175240,"segment":0,"interval":1,"start_time":1608857307000},{"elapsed_time":176240,"segment":0,"interval":1,"start_time":1608857308000},{"elapsed_time":178240,"segment":0,"interval":1,"start_time":1608857310000},{"elapsed_time":179240,"segment":0,"interval":1,"start_time":1608857311000},{"elapsed_time":180240,"segment":0,"interval":1,"start_time":1608857312000},{"elapsed_time":181240,"segment":0,"interval":1,"start_time":1608857313000},{"elapsed_time":182240,"segment":0,"interval":1,"start_time":1608857314000},{"elapsed_time":184240,"segment":0,"interval":1,"start_time":1608857316000},{"elapsed_time":186240,"segment":0,"interval":1,"start_time":1608857318000},{"elapsed_time":189240,"segment":0,"interval":1,"start_time":1608857321000},{"elapsed_time":191240,"segment":0,"interval":1,"start_time":1608857323000},{"elapsed_time":194240,"segment":0,"interval":1,"start_time":1608857326000},{"elapsed_time":196240,"segment":0,"interval":2,"start_time":1608857328000},{"elapsed_time":206240,"segment":0,"interval":2,"start_time":1608857338000},{"elapsed_time":216240,"segment":0,"interval":2,"start_time":1608857348000},{"elapsed_time":218240,"segment":0,"interval":2,"start_time":1608857350000},{"elapsed_time":220240,"segment":0,"interval":2,"start_time":1608857352000},{"elapsed_time":222240,"segment":0,"interval":2,"start_time":1608857354000},{"elapsed_time":223240,"segment":0,"interval":2,"start_time":1608857355000},{"elapsed_time":224240,"segment":0,"interval":2,"start_time":1608857356000},{"elapsed_time":225240,"segment":0,"interval":2,"start_time":1608857357000},{"elapsed_time":226240,"segment":0,"interval":2,"start_time":1608857358000},{"elapsed_time":227240,"segment":0,"interval":2,"start_time":1608857359000},{"elapsed_time":228240,"segment":0,"interval":2,"start_time":1608857360000},{"elapsed_time":229240,"segment":0,"interval":2,"start_time":1608857361000},{"elapsed_time":230240,"segment":0,"interval":2,"start_time":1608857362000},{"elapsed_time":231240,"segment":0,"interval":2,"start_time":1608857363000},{"elapsed_time":232240,"segment":0,"interval":2,"start_time":1608857364000},{"elapsed_time":233240,"segment":0,"interval":2,"start_time":1608857365000},{"elapsed_time":234240,"segment":0,"interval":2,"start_time":1608857366000},{"elapsed_time":235240,"segment":0,"interval":2,"start_time":1608857367000},{"elapsed_time":236240,"segment":0,"interval":2,"start_time":1608857368000},{"elapsed_time":237240,"segment":0,"interval":2,"start_time":1608857369000},{"elapsed_time":238240,"segment":0,"interval":2,"start_time":1608857370000},{"elapsed_time":239240,"segment":0,"interval":2,"start_time":1608857371000},{"elapsed_time":240240,"segment":0,"interval":2,"start_time":1608857372000},{"elapsed_time":241240,"segment":0,"interval":2,"start_time":1608857373000},{"elapsed_time":242240,"segment":0,"interval":2,"start_time":1608857374000},{"elapsed_time":243240,"segment":0,"interval":2,"start_time":1608857375000},{"elapsed_time":244240,"segment":0,"interval":2,"start_time":1608857376000},{"elapsed_time":245240,"segment":0,"interval":2,"start_time":1608857377000},{"elapsed_time":246240,"segment":0,"interval":2,"start_time":1608857378000},{"elapsed_time":247240,"segment":0,"interval":2,"start_time":1608857379000},{"elapsed_time":248240,"segment":0,"interval":2,"start_time":1608857380000},{"elapsed_time":249240,"segment":0,"interval":2,"start_time":1608857381000},{"elapsed_time":250240,"segment":0,"interval":2,"start_time":1608857382000},{"elapsed_time":251240,"segment":0,"interval":2,"start_time":1608857383000},{"elapsed_time":252240,"segment":0,"interval":2,"start_time":1608857384000},{"elapsed_time":253240,"segment":0,"interval":2,"start_time":1608857385000},{"elapsed_time":254240,"segment":0,"interval":2,"start_time":1608857386000},{"elapsed_time":255240,"segment":0,"interval":2,"start_time":1608857387000},{"elapsed_time":256240,"segment":0,"interval":2,"start_time":1608857388000},{"elapsed_time":257240,"segment":0,"interval":2,"start_time":1608857389000},{"elapsed_time":258240,"segment":0,"interval":2,"start_time":1608857390000},{"elapsed_time":259240,"segment":0,"interval":2,"start_time":1608857391000},{"elapsed_time":260240,"segment":0,"interval":2,"start_time":1608857392000},{"elapsed_time":261240,"segment":0,"interval":2,"start_time":1608857393000},{"elapsed_time":262240,"segment":0,"interval":2,"start_time":1608857394000},{"elapsed_time":263240,"segment":0,"interval":2,"start_time":1608857395000},{"elapsed_time":264240,"segment":0,"interval":2,"start_time":1608857396000},{"elapsed_time":265240,"segment":0,"interval":2,"start_time":1608857397000},{"elapsed_time":266240,"segment":0,"interval":2,"start_time":1608857398000},{"elapsed_time":267240,"segment":0,"interval":2,"start_time":1608857399000},{"elapsed_time":268240,"segment":0,"interval":2,"start_time":1608857400000},{"elapsed_time":269240,"segment":0,"interval":2,"start_time":1608857401000},{"elapsed_time":270240,"segment":0,"interval":2,"start_time":1608857402000},{"elapsed_time":271240,"segment":0,"interval":2,"start_time":1608857403000},{"elapsed_time":272240,"segment":0,"interval":2,"start_time":1608857404000},{"elapsed_time":273240,"segment":0,"interval":2,"start_time":1608857405000},{"elapsed_time":274240,"segment":0,"interval":2,"start_time":1608857406000},{"elapsed_time":275240,"segment":0,"interval":2,"start_time":1608857407000},{"elapsed_time":276240,"segment":0,"interval":2,"start_time":1608857408000},{"elapsed_time":277240,"segment":0,"interval":2,"start_time":1608857409000},{"elapsed_time":278240,"segment":0,"interval":2,"start_time":1608857410000},{"elapsed_time":279240,"segment":0,"interval":2,"start_time":1608857411000},{"elapsed_time":280240,"segment":0,"interval":2,"start_time":1608857412000},{"elapsed_time":281240,"segment":0,"interval":2,"start_time":1608857413000},{"elapsed_time":282240,"segment":0,"interval":2,"start_time":1608857414000},{"elapsed_time":283240,"segment":0,"interval":2,"start_time":1608857415000},{"elapsed_time":284240,"segment":0,"interval":2,"start_time":1608857416000},{"elapsed_time":285240,"segment":0,"interval":2,"start_time":1608857417000},{"elapsed_time":286240,"segment":0,"interval":2,"start_time":1608857418000},{"elapsed_time":287240,"segment":0,"interval":2,"start_time":1608857419000},{"elapsed_time":288240,"segment":0,"interval":2,"start_time":1608857420000},{"elapsed_time":289240,"segment":0,"interval":2,"start_time":1608857421000},{"elapsed_time":290240,"segment":0,"interval":2,"start_time":1608857422000},{"elapsed_time":291240,"segment":0,"interval":2,"start_time":1608857423000},{"elapsed_time":292240,"segment":0,"interval":2,"start_time":1608857424000},{"elapsed_time":293240,"segment":0,"interval":2,"start_time":1608857425000},{"elapsed_time":294240,"segment":0,"interval":2,"start_time":1608857426000},{"elapsed_time":295240,"segment":0,"interval":2,"start_time":1608857427000},{"elapsed_time":296240,"segment":0,"interval":2,"start_time":1608857428000},{"elapsed_time":297240,"segment":0,"interval":2,"start_time":1608857429000},{"elapsed_time":298240,"segment":0,"interval":2,"start_time":1608857430000},{"elapsed_time":299240,"segment":0,"interval":2,"start_time":1608857431000},{"elapsed_time":300240,"segment":0,"interval":2,"start_time":1608857432000},{"elapsed_time":301240,"segment":0,"interval":2,"start_time":1608857433000},{"elapsed_time":302240,"segment":0,"interval":2,"start_time":1608857434000},{"elapsed_time":303240,"segment":0,"interval":2,"start_time":1608857435000},{"elapsed_time":304240,"segment":0,"interval":2,"start_time":1608857436000},{"elapsed_time":305240,"segment":0,"interval":2,"start_time":1608857437000},{"elapsed_time":306240,"segment":0,"interval":2,"start_time":1608857438000},{"elapsed_time":308240,"segment":0,"interval":2,"start_time":1608857440000},{"elapsed_time":310240,"segment":0,"interval":2,"start_time":1608857442000},{"elapsed_time":311240,"segment":0,"interval":2,"start_time":1608857443000},{"elapsed_time":312240,"segment":0,"interval":2,"start_time":1608857444000},{"elapsed_time":313240,"segment":0,"interval":2,"start_time":1608857445000},{"elapsed_time":314240,"segment":0,"interval":2,"start_time":1608857446000},{"elapsed_time":315240,"segment":0,"interval":2,"start_time":1608857447000},{"elapsed_time":316240,"segment":0,"interval":2,"start_time":1608857448000},{"elapsed_time":317240,"segment":0,"interval":2,"start_time":1608857449000},{"elapsed_time":318240,"segment":0,"interval":2,"start_time":1608857450000},{"elapsed_time":319240,"segment":0,"interval":2,"start_time":1608857451000},{"elapsed_time":320240,"segment":0,"interval":2,"start_time":1608857452000},{"elapsed_time":321240,"segment":0,"interval":2,"start_time":1608857453000},{"elapsed_time":322240,"segment":0,"interval":2,"start_time":1608857454000},{"elapsed_time":323240,"segment":0,"interval":2,"start_time":1608857455000},{"elapsed_time":324240,"segment":0,"interval":2,"start_time":1608857456000},{"elapsed_time":325240,"segment":0,"interval":2,"start_time":1608857457000},{"elapsed_time":326240,"segment":0,"interval":2,"start_time":1608857458000},{"elapsed_time":327240,"segment":0,"interval":2,"start_time":1608857459000},{"elapsed_time":328240,"segment":0,"interval":2,"start_time":1608857460000},{"elapsed_time":329240,"segment":0,"interval":2,"start_time":1608857461000},{"elapsed_time":330240,"segment":0,"interval":2,"start_time":1608857462000},{"elapsed_time":331240,"segment":0,"interval":2,"start_time":1608857463000},{"elapsed_time":332240,"segment":0,"interval":2,"start_time":1608857464000},{"elapsed_time":334240,"segment":0,"interval":2,"start_time":1608857466000},{"elapsed_time":336240,"segment":0,"interval":2,"start_time":1608857468000},{"elapsed_time":337240,"segment":0,"interval":2,"start_time":1608857469000},{"elapsed_time":339240,"segment":0,"interval":2,"start_time":1608857471000},{"elapsed_time":341240,"segment":0,"interval":2,"start_time":1608857473000},{"elapsed_time":343240,"segment":0,"interval":2,"start_time":1608857475000},{"elapsed_time":345240,"segment":0,"interval":2,"start_time":1608857477000},{"elapsed_time":347240,"segment":0,"interval":2,"start_time":1608857479000},{"elapsed_time":348240,"segment":0,"interval":2,"start_time":1608857480000},{"elapsed_time":349240,"segment":0,"interval":2,"start_time":1608857481000},{"elapsed_time":350240,"segment":0,"interval":2,"start_time":1608857482000},{"elapsed_time":351240,"segment":0,"interval":2,"start_time":1608857483000},{"elapsed_time":353240,"segment":0,"interval":2,"start_time":1608857485000},{"elapsed_time":355240,"segment":0,"interval":2,"start_time":1608857487000},{"elapsed_time":357240,"segment":0,"interval":2,"start_time":1608857489000},{"elapsed_time":360240,"segment":0,"interval":2,"start_time":1608857492000},{"elapsed_time":370240,"segment":0,"interval":2,"start_time":1608857502000},{"elapsed_time":380240,"segment":0,"interval":2,"start_time":1608857512000},{"elapsed_time":390240,"segment":0,"interval":2,"start_time":1608857522000},{"elapsed_time":400240,"segment":0,"interval":2,"start_time":1608857532000},{"elapsed_time":404240,"segment":0,"interval":2,"start_time":1608857536000},{"elapsed_time":406240,"segment":0,"interval":2,"start_time":1608857538000},{"elapsed_time":407240,"segment":0,"interval":2,"start_time":1608857539000},{"elapsed_time":408240,"segment":0,"interval":2,"start_time":1608857540000},{"elapsed_time":409240,"segment":0,"interval":2,"start_time":1608857541000},{"elapsed_time":410240,"segment":0,"interval":2,"start_time":1608857542000},{"elapsed_time":411240,"segment":0,"interval":2,"start_time":1608857543000},{"elapsed_time":412240,"segment":0,"interval":2,"start_time":1608857544000},{"elapsed_time":413240,"segment":0,"interval":2,"start_time":1608857545000},{"elapsed_time":414240,"segment":0,"interval":2,"start_time":1608857546000},{"elapsed_time":415240,"segment":0,"interval":2,"start_time":1608857547000},{"elapsed_time":416240,"segment":0,"interval":2,"start_time":1608857548000},{"elapsed_time":417240,"segment":0,"interval":2,"start_time":1608857549000},{"elapsed_time":418240,"segment":0,"interval":2,"start_time":1608857550000},{"elapsed_time":419240,"segment":0,"interval":2,"start_time":1608857551000},{"elapsed_time":420240,"segment":0,"interval":2,"start_time":1608857552000},{"elapsed_time":421240,"segment":0,"interval":2,"start_time":1608857553000},{"elapsed_time":422240,"segment":0,"interval":2,"start_time":1608857554000},{"elapsed_time":423240,"segment":0,"interval":2,"start_time":1608857555000},{"elapsed_time":424240,"segment":0,"interval":2,"start_time":1608857556000},{"elapsed_time":425240,"segment":0,"interval":2,"start_time":1608857557000},{"elapsed_time":426240,"segment":0,"interval":2,"start_time":1608857558000},{"elapsed_time":427240,"segment":0,"interval":2,"start_time":1608857559000},{"elapsed_time":428240,"segment":0,"interval":2,"start_time":1608857560000},{"elapsed_time":429240,"segment":0,"interval":2,"start_time":1608857561000},{"elapsed_time":430240,"segment":0,"interval":2,"start_time":1608857562000},{"elapsed_time":431240,"segment":0,"interval":3,"start_time":1608857563000},{"elapsed_time":432240,"segment":0,"interval":3,"start_time":1608857564000},{"elapsed_time":433240,"segment":0,"interval":3,"start_time":1608857565000},{"elapsed_time":434240,"segment":0,"interval":3,"start_time":1608857566000},{"elapsed_time":435240,"segment":0,"interval":3,"start_time":1608857567000},{"elapsed_time":436240,"segment":0,"interval":3,"start_time":1608857568000},{"elapsed_time":437240,"segment":0,"interval":3,"start_time":1608857569000},{"elapsed_time":438240,"segment":0,"interval":3,"start_time":1608857570000},{"elapsed_time":439240,"segment":0,"interval":3,"start_time":1608857571000},{"elapsed_time":440240,"segment":0,"interval":3,"start_time":1608857572000},{"elapsed_time":441240,"segment":0,"interval":3,"start_time":1608857573000},{"elapsed_time":442240,"segment":0,"interval":3,"start_time":1608857574000},{"elapsed_time":443240,"segment":0,"interval":3,"start_time":1608857575000},{"elapsed_time":444240,"segment":0,"interval":3,"start_time":1608857576000},{"elapsed_time":445240,"segment":0,"interval":3,"start_time":1608857577000},{"elapsed_time":446240,"segment":0,"interval":3,"start_time":1608857578000},{"elapsed_time":447240,"segment":0,"interval":3,"start_time":1608857579000},{"elapsed_time":448240,"segment":0,"interval":3,"start_time":1608857580000},{"elapsed_time":449240,"segment":0,"interval":3,"start_time":1608857581000},{"elapsed_time":450240,"segment":0,"interval":3,"start_time":1608857582000},{"elapsed_time":451240,"segment":0,"interval":3,"start_time":1608857583000},{"elapsed_time":452240,"segment":0,"interval":3,"start_time":1608857584000},{"elapsed_time":453240,"segment":0,"interval":3,"start_time":1608857585000},{"elapsed_time":454240,"segment":0,"interval":3,"start_time":1608857586000},{"elapsed_time":455240,"segment":0,"interval":3,"start_time":1608857587000},{"elapsed_time":456240,"segment":0,"interval":3,"start_time":1608857588000},{"elapsed_time":457240,"segment":0,"interval":3,"start_time":1608857589000},{"elapsed_time":458240,"segment":0,"interval":3,"start_time":1608857590000},{"elapsed_time":459240,"segment":0,"interval":3,"start_time":1608857591000},{"elapsed_time":460240,"segment":0,"interval":3,"start_time":1608857592000},{"elapsed_time":461240,"segment":0,"interval":3,"start_time":1608857593000},{"elapsed_time":462240,"segment":0,"interval":3,"start_time":1608857594000},{"elapsed_time":463240,"segment":0,"interval":3,"start_time":1608857595000},{"elapsed_time":464240,"segment":0,"interval":3,"start_time":1608857596000},{"elapsed_time":465240,"segment":0,"interval":3,"start_time":1608857597000},{"elapsed_time":466240,"segment":0,"interval":3,"start_time":1608857598000},{"elapsed_time":467240,"segment":0,"interval":3,"start_time":1608857599000},{"elapsed_time":468240,"segment":0,"interval":3,"start_time":1608857600000},{"elapsed_time":469240,"segment":0,"interval":3,"start_time":1608857601000},{"elapsed_time":470240,"segment":0,"interval":3,"start_time":1608857602000},{"elapsed_time":471240,"segment":0,"interval":3,"start_time":1608857603000},{"elapsed_time":472240,"segment":0,"interval":3,"start_time":1608857604000},{"elapsed_time":473240,"segment":0,"interval":3,"start_time":1608857605000},{"elapsed_time":474240,"segment":0,"interval":3,"start_time":1608857606000},{"elapsed_time":475240,"segment":0,"interval":3,"start_time":1608857607000},{"elapsed_time":476240,"segment":0,"interval":3,"start_time":1608857608000},{"elapsed_time":477240,"segment":0,"interval":3,"start_time":1608857609000},{"elapsed_time":478240,"segment":0,"interval":3,"start_time":1608857610000},{"elapsed_time":479240,"segment":0,"interval":3,"start_time":1608857611000},{"elapsed_time":481240,"segment":0,"interval":3,"start_time":1608857613000},{"elapsed_time":483240,"segment":0,"interval":3,"start_time":1608857615000},{"elapsed_time":485240,"segment":0,"interval":3,"start_time":1608857617000},{"elapsed_time":487240,"segment":0,"interval":3,"start_time":1608857619000},{"elapsed_time":489240,"segment":0,"interval":3,"start_time":1608857621000},{"elapsed_time":499240,"segment":0,"interval":3,"start_time":1608857631000},{"elapsed_time":509240,"segment":0,"interval":3,"start_time":1608857641000},{"elapsed_time":511240,"segment":0,"interval":3,"start_time":1608857643000},{"elapsed_time":512240,"segment":0,"interval":3,"start_time":1608857644000},{"elapsed_time":513240,"segment":0,"interval":3,"start_time":1608857645000},{"elapsed_time":514240,"segment":0,"interval":3,"start_time":1608857646000},{"elapsed_time":515240,"segment":0,"interval":3,"start_time":1608857647000},{"elapsed_time":516240,"segment":0,"interval":3,"start_time":1608857648000},{"elapsed_time":517240,"segment":0,"interval":3,"start_time":1608857649000},{"elapsed_time":518240,"segment":0,"interval":3,"start_time":1608857650000},{"elapsed_time":519240,"segment":0,"interval":3,"start_time":1608857651000},{"elapsed_time":520240,"segment":0,"interval":3,"start_time":1608857652000},{"elapsed_time":521240,"segment":0,"interval":3,"start_time":1608857653000},{"elapsed_time":522240,"segment":0,"interval":3,"start_time":1608857654000},{"elapsed_time":523240,"segment":0,"interval":3,"start_time":1608857655000},{"elapsed_time":524240,"segment":0,"interval":3,"start_time":1608857656000},{"elapsed_time":525240,"segment":0,"interval":3,"start_time":1608857657000},{"elapsed_time":526240,"segment":0,"interval":3,"start_time":1608857658000},{"elapsed_time":527240,"segment":0,"interval":3,"start_time":1608857659000},{"elapsed_time":528240,"segment":0,"interval":3,"start_time":1608857660000},{"elapsed_time":529240,"segment":0,"interval":3,"start_time":1608857661000},{"elapsed_time":530240,"segment":0,"interval":3,"start_time":1608857662000},{"elapsed_time":531240,"segment":0,"interval":3,"start_time":1608857663000},{"elapsed_time":532240,"segment":0,"interval":3,"start_time":1608857664000},{"elapsed_time":533240,"segment":0,"interval":3,"start_time":1608857665000},{"elapsed_time":534240,"segment":0,"interval":3,"start_time":1608857666000},{"elapsed_time":535240,"segment":0,"interval":3,"start_time":1608857667000},{"elapsed_time":536240,"segment":0,"interval":3,"start_time":1608857668000},{"elapsed_time":538240,"segment":0,"interval":3,"start_time":1608857670000},{"elapsed_time":540240,"segment":0,"interval":3,"start_time":1608857672000},{"elapsed_time":542240,"segment":0,"interval":3,"start_time":1608857674000},{"elapsed_time":544240,"segment":0,"interval":3,"start_time":1608857676000},{"elapsed_time":546240,"segment":0,"interval":3,"start_time":1608857678000},{"elapsed_time":556240,"segment":0,"interval":3,"start_time":1608857688000},{"elapsed_time":566240,"segment":0,"interval":3,"start_time":1608857698000},{"elapsed_time":576240,"segment":0,"interval":3,"start_time":1608857708000},{"elapsed_time":586240,"segment":0,"interval":3,"start_time":1608857718000},{"elapsed_time":588240,"segment":0,"interval":3,"start_time":1608857720000},{"elapsed_time":590240,"segment":0,"interval":3,"start_time":1608857722000},{"elapsed_time":592240,"segment":0,"interval":3,"start_time":1608857724000},{"elapsed_time":594240,"segment":0,"interval":3,"start_time":1608857726000},{"elapsed_time":596240,"segment":0,"interval":3,"start_time":1608857728000},{"elapsed_time":598240,"segment":0,"interval":3,"start_time":1608857730000},{"elapsed_time":599240,"segment":0,"interval":3,"start_time":1608857731000},{"elapsed_time":601240,"segment":0,"interval":3,"start_time":1608857733000},{"elapsed_time":602240,"segment":0,"interval":3,"start_time":1608857734000},{"elapsed_time":603240,"segment":0,"interval":3,"start_time":1608857735000},{"elapsed_time":604240,"segment":0,"interval":3,"start_time":1608857736000},{"elapsed_time":605240,"segment":0,"interval":3,"start_time":1608857737000},{"elapsed_time":606240,"segment":0,"interval":3,"start_time":1608857738000},{"elapsed_time":607240,"segment":0,"interval":3,"start_time":1608857739000},{"elapsed_time":608240,"segment":0,"interval":3,"start_time":1608857740000},{"elapsed_time":609240,"segment":0,"interval":3,"start_time":1608857741000},{"elapsed_time":610240,"segment":0,"interval":3,"start_time":1608857742000},{"elapsed_time":611240,"segment":0,"interval":3,"start_time":1608857743000},{"elapsed_time":612240,"segment":0,"interval":3,"start_time":1608857744000},{"elapsed_time":613240,"segment":0,"interval":3,"start_time":1608857745000},{"elapsed_time":614240,"segment":0,"interval":3,"start_time":1608857746000},{"elapsed_time":615240,"segment":0,"interval":3,"start_time":1608857747000},{"elapsed_time":616240,"segment":0,"interval":3,"start_time":1608857748000},{"elapsed_time":618240,"segment":0,"interval":3,"start_time":1608857750000},{"elapsed_time":628240,"segment":0,"interval":3,"start_time":1608857760000},{"elapsed_time":638240,"segment":0,"interval":3,"start_time":1608857770000},{"elapsed_time":648240,"segment":0,"interval":3,"start_time":1608857780000},{"elapsed_time":658240,"segment":0,"interval":3,"start_time":1608857790000},{"elapsed_time":668240,"segment":0,"interval":3,"start_time":1608857800000},{"elapsed_time":670240,"segment":0,"interval":3,"start_time":1608857802000},{"elapsed_time":671240,"segment":0,"interval":3,"start_time":1608857803000},{"elapsed_time":672240,"segment":0,"interval":3,"start_time":1608857804000},{"elapsed_time":673240,"segment":0,"interval":3,"start_time":1608857805000},{"elapsed_time":674240,"segment":0,"interval":3,"start_time":1608857806000},{"elapsed_time":675240,"segment":0,"interval":3,"start_time":1608857807000},{"elapsed_time":676240,"segment":0,"interval":3,"start_time":1608857808000},{"elapsed_time":677240,"segment":0,"interval":3,"start_time":1608857809000},{"elapsed_time":678240,"segment":0,"interval":3,"start_time":1608857810000},{"elapsed_time":679240,"segment":0,"interval":3,"start_time":1608857811000},{"elapsed_time":680240,"segment":0,"interval":3,"start_time":1608857812000},{"elapsed_time":681240,"segment":0,"interval":3,"start_time":1608857813000},{"elapsed_time":682240,"segment":0,"interval":3,"start_time":1608857814000},{"elapsed_time":683240,"segment":0,"interval":3,"start_time":1608857815000},{"elapsed_time":684240,"segment":0,"interval":3,"start_time":1608857816000},{"elapsed_time":685240,"segment":0,"interval":3,"start_time":1608857817000},{"elapsed_time":686240,"segment":0,"interval":3,"start_time":1608857818000},{"elapsed_time":687240,"segment":0,"interval":3,"start_time":1608857819000},{"elapsed_time":688240,"segment":0,"interval":3,"start_time":1608857820000},{"elapsed_time":689240,"segment":0,"interval":3,"start_time":1608857821000},{"elapsed_time":690240,"segment":0,"interval":3,"start_time":1608857822000},{"elapsed_time":691240,"segment":0,"interval":3,"start_time":1608857823000},{"elapsed_time":692240,"segment":0,"interval":3,"start_time":1608857824000},{"elapsed_time":693240,"segment":0,"interval":3,"start_time":1608857825000},{"elapsed_time":694240,"segment":0,"interval":3,"start_time":1608857826000},{"elapsed_time":695240,"segment":0,"interval":3,"start_time":1608857827000},{"elapsed_time":696240,"segment":0,"interval":3,"start_time":1608857828000},{"elapsed_time":697240,"segment":0,"interval":3,"start_time":1608857829000},{"elapsed_time":698240,"segment":0,"interval":3,"start_time":1608857830000},{"elapsed_time":699240,"segment":0,"interval":3,"start_time":1608857831000},{"elapsed_time":700240,"segment":0,"interval":3,"start_time":1608857832000},{"elapsed_time":701240,"segment":0,"interval":3,"start_time":1608857833000},{"elapsed_time":702240,"segment":0,"interval":3,"start_time":1608857834000},{"elapsed_time":703240,"segment":0,"interval":3,"start_time":1608857835000},{"elapsed_time":704240,"segment":0,"interval":3,"start_time":1608857836000},{"elapsed_time":705240,"segment":0,"interval":3,"start_time":1608857837000},{"elapsed_time":706240,"segment":0,"interval":3,"start_time":1608857838000},{"elapsed_time":707240,"segment":0,"interval":3,"start_time":1608857839000},{"elapsed_time":708240,"segment":0,"interval":3,"start_time":1608857840000},{"elapsed_time":709240,"segment":0,"interval":3,"start_time":1608857841000},{"elapsed_time":710240,"segment":0,"interval":3,"start_time":1608857842000},{"elapsed_time":711240,"segment":0,"interval":3,"start_time":1608857843000},{"elapsed_time":712240,"segment":0,"interval":3,"start_time":1608857844000},{"elapsed_time":713240,"segment":0,"interval":3,"start_time":1608857845000},{"elapsed_time":714240,"segment":0,"interval":3,"start_time":1608857846000},{"elapsed_time":715240,"segment":0,"interval":3,"start_time":1608857847000},{"elapsed_time":716240,"segment":0,"interval":3,"start_time":1608857848000},{"elapsed_time":717240,"segment":0,"interval":3,"start_time":1608857849000},{"elapsed_time":718240,"segment":0,"interval":4,"start_time":1608857850000},{"elapsed_time":719240,"segment":0,"interval":4,"start_time":1608857851000},{"elapsed_time":720240,"segment":0,"interval":4,"start_time":1608857852000},{"elapsed_time":721240,"segment":0,"interval":4,"start_time":1608857853000},{"elapsed_time":722240,"segment":0,"interval":4,"start_time":1608857854000},{"elapsed_time":723240,"segment":0,"interval":4,"start_time":1608857855000},{"elapsed_time":724240,"segment":0,"interval":4,"start_time":1608857856000},{"elapsed_time":725240,"segment":0,"interval":4,"start_time":1608857857000},{"elapsed_time":726240,"segment":0,"interval":4,"start_time":1608857858000},{"elapsed_time":727240,"segment":0,"interval":4,"start_time":1608857859000},{"elapsed_time":728240,"segment":0,"interval":4,"start_time":1608857860000},{"elapsed_time":729240,"segment":0,"interval":4,"start_time":1608857861000},{"elapsed_time":730240,"segment":0,"interval":4,"start_time":1608857862000},{"elapsed_time":731240,"segment":0,"interval":4,"start_time":1608857863000},{"elapsed_time":732240,"segment":0,"interval":4,"start_time":1608857864000},{"elapsed_time":733240,"segment":0,"interval":4,"start_time":1608857865000},{"elapsed_time":734240,"segment":0,"interval":4,"start_time":1608857866000},{"elapsed_time":735240,"segment":0,"interval":4,"start_time":1608857867000},{"elapsed_time":736240,"segment":0,"interval":4,"start_time":1608857868000},{"elapsed_time":737240,"segment":0,"interval":4,"start_time":1608857869000},{"elapsed_time":739240,"segment":0,"interval":4,"start_time":1608857871000},{"elapsed_time":741240,"segment":0,"interval":4,"start_time":1608857873000},{"elapsed_time":743240,"segment":0,"interval":4,"start_time":1608857875000},{"elapsed_time":744240,"segment":0,"interval":4,"start_time":1608857876000},{"elapsed_time":745240,"segment":0,"interval":4,"start_time":1608857877000},{"elapsed_time":746240,"segment":0,"interval":4,"start_time":1608857878000},{"elapsed_time":747240,"segment":0,"interval":4,"start_time":1608857879000},{"elapsed_time":748240,"segment":0,"interval":4,"start_time":1608857880000},{"elapsed_time":750240,"segment":0,"interval":4,"start_time":1608857882000},{"elapsed_time":751240,"segment":0,"interval":4,"start_time":1608857883000},{"elapsed_time":752240,"segment":0,"interval":4,"start_time":1608857884000},{"elapsed_time":753240,"segment":0,"interval":4,"start_time":1608857885000},{"elapsed_time":755240,"segment":0,"interval":4,"start_time":1608857887000},{"elapsed_time":757240,"segment":0,"interval":4,"start_time":1608857889000},{"elapsed_time":759240,"segment":0,"interval":4,"start_time":1608857891000},{"elapsed_time":760240,"segment":0,"interval":4,"start_time":1608857892000},{"elapsed_time":762240,"segment":0,"interval":4,"start_time":1608857894000},{"elapsed_time":764240,"segment":0,"interval":4,"start_time":1608857896000},{"elapsed_time":766240,"segment":0,"interval":4,"start_time":1608857898000},{"elapsed_time":767240,"segment":0,"interval":4,"start_time":1608857899000},{"elapsed_time":768240,"segment":0,"interval":4,"start_time":1608857900000},{"elapsed_time":769240,"segment":0,"interval":4,"start_time":1608857901000},{"elapsed_time":770240,"segment":0,"interval":4,"start_time":1608857902000},{"elapsed_time":771240,"segment":0,"interval":4,"start_time":1608857903000},{"elapsed_time":772240,"segment":0,"interval":4,"start_time":1608857904000},{"elapsed_time":782240,"segment":0,"interval":4,"start_time":1608857914000},{"elapsed_time":792240,"segment":0,"interval":4,"start_time":1608857924000},{"elapsed_time":802240,"segment":0,"interval":4,"start_time":1608857934000},{"elapsed_time":812240,"segment":0,"interval":4,"start_time":1608857944000},{"elapsed_time":822240,"segment":0,"interval":4,"start_time":1608857954000},{"elapsed_time":832240,"segment":0,"interval":4,"start_time":1608857964000},{"elapsed_time":842240,"segment":0,"interval":4,"start_time":1608857974000},{"elapsed_time":851240,"segment":0,"interval":4,"start_time":1608857983000},{"elapsed_time":856240,"segment":0,"interval":4,"start_time":1608857989880}]