[{"elapsed_time":0,"segment":0,"interval":1,"start_time":1613909853960},{"elapsed_time":1341,"segment":0,"interval":1,"start_time":1613909855301},{"elapsed_time":2381,"segment":0,"interval":1,"start_time":1613909856341},{"elapsed_time":6553,"segment":0,"interval":1,"start_time":1613909860513},{"elapsed_time":11232,"segment":0,"interval":1,"start_time":1613909865192},{"elapsed_time":21138,"segment":0,"interval":1,"start_time":1613909875098},{"elapsed_time":31229,"segment":0,"interval":1,"start_time":1613909885189},{"elapsed_time":39520,"segment":0,"interval":1,"start_time":1613909893480},{"elapsed_time":41142,"segment":0,"interval":1,"start_time":1613909895102},{"elapsed_time":42708,"segment":0,"interval":1,"start_time":1613909896668},{"elapsed_time":51232,"segment":0,"interval":1,"start_time":1613909905192},{"elapsed_time":61139,"segment":0,"interval":1,"start_time":1613909915099},{"elapsed_time":70974,"segment":0,"interval":1,"start_time":1613909924934},{"elapsed_time":71228,"segment":0,"interval":1,"start_time":1613909925188},{"elapsed_time":81143,"segment":0,"interval":1,"start_time":1613909935103},{"elapsed_time":91231,"segment":0,"interval":1,"start_time":1613909945191},{"elapsed_time":101320,"segment":0,"interval":1,"start_time":1613909955280},{"elapsed_time":107422,"segment":0,"interval":1,"start_time":1613909961382},{"elapsed_time":111227,"segment":0,"interval":1,"start_time":1613909965187},{"elapsed_time":121138,"segment":0,"interval":1,"start_time":1613909975098},{"elapsed_time":131229,"segment":0,"interval":1,"start_time":1613909985189},{"elapsed_time":141136,"segment":0,"interval":1,"start_time":1613909995096},{"elapsed_time":141509,"segment":0,"interval":1,"start_time":1613909995469},{"elapsed_time":151227,"segment":0,"interval":1,"start_time":1613910005187},{"elapsed_time":161140,"segment":0,"interval":1,"start_time":1613910015100},{"elapsed_time":171228,"segment":0,"interval":1,"start_time":1613910025188},{"elapsed_time":174585,"segment":0,"interval":1,"start_time":1613910028545},{"elapsed_time":181137,"segment":0,"interval":1,"start_time":1613910035097},{"elapsed_time":191225,"segment":0,"interval":1,"start_time":1613910045185},{"elapsed_time":201315,"segment":0,"interval":1,"start_time":1613910055275},{"elapsed_time":210130,"segment":0,"interval":1,"start_time":1613910064090},{"elapsed_time":211227,"segment":0,"interval":1,"start_time":1613910065187},{"elapsed_time":221134,"segment":0,"interval":1,"start_time":1613910075094},{"elapsed_time":231226,"segment":0,"interval":1,"start_time":1613910085186},{"elapsed_time":241135,"segment":0,"interval":1,"start_time":1613910095095},{"elapsed_time":243273,"segment":0,"interval":1,"start_time":1613910097233},{"elapsed_time":251227,"segment":0,"interval":1,"start_time":1613910105187},{"elapsed_time":261133,"segment":0,"interval":1,"start_time":1613910115093},{"elapsed_time":271223,"segment":0,"interval":1,"start_time":1613910125183},{"elapsed_time":271941,"segment":0,"interval":1,"start_time":1613910125901},{"elapsed_time":277126,"segment":0,"interval":1,"start_time":1613910131086},{"elapsed_time":281314,"segment":0,"interval":1,"start_time":1613910135274},{"elapsed_time":291225,"segment":0,"interval":1,"start_time":1613910145185},{"elapsed_time":301132,"segment":0,"interval":1,"start_time":1613910155092},{"elapsed_time":311223,"segment":0,"interval":1,"start_time":1613910165183},{"elapsed_time":313091,"segment":0,"interval":1,"start_time":1613910167051},{"elapsed_time":321135,"segment":0,"interval":1,"start_time":1613910175095},{"elapsed_time":331225,"segment":0,"interval":1,"start_time":1613910185185},{"elapsed_time":341131,"segment":0,"interval":1,"start_time":1613910195091},{"elapsed_time":344047,"segment":0,"interval":1,"start_time":1613910198007},{"elapsed_time":351221,"segment":0,"interval":1,"start_time":1613910205181},{"elapsed_time":361133,"segment":0,"interval":1,"start_time":1613910215093},{"elapsed_time":371223,"segment":0,"interval":1,"start_time":1613910225183},{"elapsed_time":378330,"segment":0,"interval":1,"start_time":1613910232290},{"elapsed_time":381130,"segment":0,"interval":1,"start_time":1613910235090},{"elapsed_time":391220,"segment":0,"interval":1,"start_time":1613910245180},{"elapsed_time":401310,"segment":0,"interval":1,"start_time":1613910255270},{"elapsed_time":411223,"segment":0,"interval":1,"start_time":1613910265183},{"elapsed_time":411654,"segment":0,"interval":1,"start_time":1613910265614},{"elapsed_time":421313,"segment":0,"interval":1,"start_time":1613910275273},{"elapsed_time":431219,"segment":0,"interval":1,"start_time":1613910285179},{"elapsed_time":441132,"segment":0,"interval":1,"start_time":1613910295092},{"elapsed_time":445064,"segment":0,"interval":1,"start_time":1613910299024},{"elapsed_time":451221,"segment":0,"interval":1,"start_time":1613910305181},{"elapsed_time":461128,"segment":0,"interval":1,"start_time":1613910315088},{"elapsed_time":471218,"segment":0,"interval":1,"start_time":1613910325178},{"elapsed_time":478150,"segment":0,"interval":1,"start_time":1613910332110},{"elapsed_time":481129,"segment":0,"interval":1,"start_time":1613910335089},{"elapsed_time":491221,"segment":0,"interval":1,"start_time":1613910345181},{"elapsed_time":501128,"segment":0,"interval":1,"start_time":1613910355088},{"elapsed_time":510247,"segment":0,"interval":1,"start_time":1613910364207},{"elapsed_time":511154,"segment":0,"interval":1,"start_time":1613910365114},{"elapsed_time":511217,"segment":0,"interval":1,"start_time":1613910365177},{"elapsed_time":521308,"segment":0,"interval":1,"start_time":1613910375268},{"elapsed_time":531220,"segment":0,"interval":1,"start_time":1613910385180},{"elapsed_time":540229,"segment":0,"interval":1,"start_time":1613910394189},{"elapsed_time":547239,"segment":0,"interval":1,"start_time":1613910401199},{"elapsed_time":550702,"segment":0,"interval":1,"start_time":1613910404662},{"elapsed_time":551216,"segment":0,"interval":1,"start_time":1613910405176},{"elapsed_time":555332,"segment":0,"interval":1,"start_time":1613910409292},{"elapsed_time":561306,"segment":0,"interval":1,"start_time":1613910415266},{"elapsed_time":571219,"segment":0,"interval":1,"start_time":1613910425179},{"elapsed_time":577816,"segment":0,"interval":1,"start_time":1613910431776},{"elapsed_time":580816,"segment":0,"interval":1,"start_time":1613910434776},{"elapsed_time":581125,"segment":0,"interval":1,"start_time":1613910435085},{"elapsed_time":581194,"segment":0,"interval":1,"start_time":1613910435154},{"elapsed_time":591216,"segment":0,"interval":1,"start_time":1613910445176},{"elapsed_time":601129,"segment":0,"interval":1,"start_time":1613910455089},{"elapsed_time":610432,"segment":0,"interval":1,"start_time":1613910464392},{"elapsed_time":611217,"segment":0,"interval":1,"start_time":1613910465177},{"elapsed_time":613250,"segment":0,"interval":1,"start_time":1613910467210},{"elapsed_time":620196,"segment":0,"interval":1,"start_time":1613910474156},{"elapsed_time":621126,"segment":0,"interval":1,"start_time":1613910475086},{"elapsed_time":631215,"segment":0,"interval":1,"start_time":1613910485175},{"elapsed_time":640224,"segment":0,"interval":1,"start_time":1613910494184},{"elapsed_time":645512,"segment":0,"interval":1,"start_time":1613910499472},{"elapsed_time":649962,"segment":0,"interval":1,"start_time":1613910503922},{"elapsed_time":650962,"segment":0,"interval":1,"start_time":1613910504922},{"elapsed_time":651217,"segment":0,"interval":1,"start_time":1613910505177},{"elapsed_time":661308,"segment":0,"interval":1,"start_time":1613910515268},{"elapsed_time":671213,"segment":0,"interval":1,"start_time":1613910525173},{"elapsed_time":675953,"segment":0,"interval":1,"start_time":1613910529913},{"elapsed_time":681303,"segment":0,"interval":1,"start_time":1613910535263},{"elapsed_time":691215,"segment":0,"interval":1,"start_time":1613910545175},{"elapsed_time":701122,"segment":0,"interval":1,"start_time":1613910555082},{"elapsed_time":708005,"segment":0,"interval":1,"start_time":1613910561965},{"elapsed_time":711213,"segment":0,"interval":1,"start_time":1613910565173},{"elapsed_time":718334,"segment":0,"interval":1,"start_time":1613910572294},{"elapsed_time":720334,"segment":0,"interval":1,"start_time":1613910574294},{"elapsed_time":721303,"segment":0,"interval":1,"start_time":1613910575263},{"elapsed_time":731215,"segment":0,"interval":1,"start_time":1613910585175},{"elapsed_time":740223,"segment":0,"interval":1,"start_time":1613910594183},{"elapsed_time":740625,"segment":0,"interval":1,"start_time":1613910594585},{"elapsed_time":751211,"segment":0,"interval":1,"start_time":1613910605171},{"elapsed_time":761124,"segment":0,"interval":1,"start_time":1613910615084},{"elapsed_time":762497,"segment":0,"interval":1,"start_time":1613910616457},{"elapsed_time":770301,"segment":0,"interval":1,"start_time":1613910624261},{"elapsed_time":770522,"segment":0,"interval":1,"start_time":1613910624482},{"elapsed_time":771214,"segment":0,"interval":1,"start_time":1613910625174},{"elapsed_time":780412,"segment":0,"interval":1,"start_time":1613910634372},{"elapsed_time":781121,"segment":0,"interval":1,"start_time":1613910635081},{"elapsed_time":791210,"segment":0,"interval":1,"start_time":1613910645170},{"elapsed_time":801123,"segment":0,"interval":1,"start_time":1613910655083},{"elapsed_time":802156,"segment":0,"interval":1,"start_time":1613910656116},{"elapsed_time":806577,"segment":0,"interval":1,"start_time":1613910660537},{"elapsed_time":810577,"segment":0,"interval":1,"start_time":1613910664537},{"elapsed_time":811213,"segment":0,"interval":1,"start_time":1613910665173},{"elapsed_time":820588,"segment":0,"interval":1,"start_time":1613910674548},{"elapsed_time":821304,"segment":0,"interval":1,"start_time":1613910675264},{"elapsed_time":831210,"segment":0,"interval":1,"start_time":1613910685170},{"elapsed_time":835528,"segment":0,"interval":1,"start_time":1613910689488},{"elapsed_time":836577,"segment":0,"interval":1,"start_time":1613910690537},{"elapsed_time":840107,"segment":0,"interval":1,"start_time":1613910694067},{"elapsed_time":840219,"segment":0,"interval":1,"start_time":1613910694179},{"elapsed_time":851213,"segment":0,"interval":1,"start_time":1613910705173},{"elapsed_time":861119,"segment":0,"interval":1,"start_time":1613910715079},{"elapsed_time":869284,"segment":0,"interval":1,"start_time":1613910723244},{"elapsed_time":871209,"segment":0,"interval":1,"start_time":1613910725169},{"elapsed_time":880139,"segment":0,"interval":1,"start_time":1613910734099},{"elapsed_time":881298,"segment":0,"interval":1,"start_time":1613910735258},{"elapsed_time":891211,"segment":0,"interval":1,"start_time":1613910745171},{"elapsed_time":899554,"segment":0,"interval":1,"start_time":1613910753514},{"elapsed_time":901118,"segment":0,"interval":1,"start_time":1613910755078},{"elapsed_time":911208,"segment":0,"interval":1,"start_time":1613910765168},{"elapsed_time":917539,"segment":0,"interval":1,"start_time":1613910771499},{"elapsed_time":920539,"segment":0,"interval":1,"start_time":1613910774499},{"elapsed_time":921298,"segment":0,"interval":1,"start_time":1613910775258},{"elapsed_time":930348,"segment":0,"interval":1,"start_time":1613910784308},{"elapsed_time":931210,"segment":0,"interval":1,"start_time":1613910785170},{"elapsed_time":935803,"segment":0,"interval":1,"start_time":1613910789763},{"elapsed_time":941117,"segment":0,"interval":1,"start_time":1613910795077},{"elapsed_time":951207,"segment":0,"interval":1,"start_time":1613910805167},{"elapsed_time":961296,"segment":0,"interval":1,"start_time":1613910815256},{"elapsed_time":963145,"segment":0,"interval":1,"start_time":1613910817105},{"elapsed_time":970558,"segment":0,"interval":1,"start_time":1613910824518},{"elapsed_time":971211,"segment":0,"interval":1,"start_time":1613910825171},{"elapsed_time":980683,"segment":0,"interval":1,"start_time":1613910834643},{"elapsed_time":981115,"segment":0,"interval":1,"start_time":1613910835075},{"elapsed_time":991206,"segment":0,"interval":1,"start_time":1613910845166},{"elapsed_time":991368,"segment":0,"interval":1,"start_time":1613910845328},{"elapsed_time":997895,"segment":0,"interval":1,"start_time":1613910851855},{"elapsed_time":1001295,"segment":0,"interval":1,"start_time":1613910855255},{"elapsed_time":1011207,"segment":0,"interval":1,"start_time":1613910865167},{"elapsed_time":1011374,"segment":0,"interval":1,"start_time":1613910865334},{"elapsed_time":1020607,"segment":0,"interval":1,"start_time":1613910874567},{"elapsed_time":1021115,"segment":0,"interval":1,"start_time":1613910875075},{"elapsed_time":1028941,"segment":0,"interval":1,"start_time":1613910882901},{"elapsed_time":1031205,"segment":0,"interval":1,"start_time":1613910885165},{"elapsed_time":1032340,"segment":0,"interval":1,"start_time":1613910886300},{"elapsed_time":1040340,"segment":0,"interval":1,"start_time":1613910894300},{"elapsed_time":1041115,"segment":0,"interval":1,"start_time":1613910895075},{"elapsed_time":1050868,"segment":0,"interval":1,"start_time":1613910904828},{"elapsed_time":1051207,"segment":0,"interval":1,"start_time":1613910905167},{"elapsed_time":1060481,"segment":0,"interval":1,"start_time":1613910914441},{"elapsed_time":1061114,"segment":0,"interval":1,"start_time":1613910915074},{"elapsed_time":1067440,"segment":0,"interval":1,"start_time":1613910921400},{"elapsed_time":1069722,"segment":0,"interval":1,"start_time":1613910923682},{"elapsed_time":1070722,"segment":0,"interval":1,"start_time":1613910924682},{"elapsed_time":1071204,"segment":0,"interval":1,"start_time":1613910925164},{"elapsed_time":1080723,"segment":0,"interval":1,"start_time":1613910934683},{"elapsed_time":1081294,"segment":0,"interval":1,"start_time":1613910935254},{"elapsed_time":1091206,"segment":0,"interval":1,"start_time":1613910945166},{"elapsed_time":1096174,"segment":0,"interval":1,"start_time":1613910950134},{"elapsed_time":1101113,"segment":0,"interval":1,"start_time":1613910955073},{"elapsed_time":1103720,"segment":0,"interval":1,"start_time":1613910957680},{"elapsed_time":1111203,"segment":0,"interval":1,"start_time":1613910965163},{"elapsed_time":1121116,"segment":0,"interval":1,"start_time":1613910975076},{"elapsed_time":1121855,"segment":0,"interval":1,"start_time":1613910975815},{"elapsed_time":1128092,"segment":0,"interval":1,"start_time":1613910982052},{"elapsed_time":1130776,"segment":0,"interval":1,"start_time":1613910984736},{"elapsed_time":1131207,"segment":0,"interval":1,"start_time":1613910985167},{"elapsed_time":1140214,"segment":0,"interval":1,"start_time":1613910994174},{"elapsed_time":1146780,"segment":0,"interval":1,"start_time":1613911000740},{"elapsed_time":1150780,"segment":0,"interval":1,"start_time":1613911004740},{"elapsed_time":1151202,"segment":0,"interval":1,"start_time":1613911005162},{"elapsed_time":1160464,"segment":0,"interval":1,"start_time":1613911014424},{"elapsed_time":1161114,"segment":0,"interval":1,"start_time":1613911015074},{"elapsed_time":1162593,"segment":0,"interval":1,"start_time":1613911016553},{"elapsed_time":1170593,"segment":0,"interval":1,"start_time":1613911024553},{"elapsed_time":1171203,"segment":0,"interval":1,"start_time":1613911025163},{"elapsed_time":1180764,"segment":0,"interval":1,"start_time":1613911034724},{"elapsed_time":1181293,"segment":0,"interval":1,"start_time":1613911035253},{"elapsed_time":1190797,"segment":0,"interval":1,"start_time":1613911044757},{"elapsed_time":1191201,"segment":0,"interval":1,"start_time":1613911045161},{"elapsed_time":1192976,"segment":0,"interval":1,"start_time":1613911046936},{"elapsed_time":1200389,"segment":0,"interval":1,"start_time":1613911054349},{"elapsed_time":1201291,"segment":0,"interval":1,"start_time":1613911055251},{"elapsed_time":1210462,"segment":0,"interval":1,"start_time":1613911064422},{"elapsed_time":1211204,"segment":0,"interval":1,"start_time":1613911065164},{"elapsed_time":1220620,"segment":0,"interval":1,"start_time":1613911074580},{"elapsed_time":1221111,"segment":0,"interval":1,"start_time":1613911075071},{"elapsed_time":1227789,"segment":0,"interval":1,"start_time":1613911081749},{"elapsed_time":1230460,"segment":0,"interval":1,"start_time":1613911084420},{"elapsed_time":1231200,"segment":0,"interval":1,"start_time":1613911085160},{"elapsed_time":1241113,"segment":0,"interval":1,"start_time":1613911095073},{"elapsed_time":1246293,"segment":0,"interval":1,"start_time":1613911100253},{"elapsed_time":1250293,"segment":0,"interval":1,"start_time":1613911104253},{"elapsed_time":1251202,"segment":0,"interval":1,"start_time":1613911105162},{"elapsed_time":1260306,"segment":0,"interval":1,"start_time":1613911114266},{"elapsed_time":1261293,"segment":0,"interval":1,"start_time":1613911115253},{"elapsed_time":1264761,"segment":0,"interval":1,"start_time":1613911118721},{"elapsed_time":1270761,"segment":0,"interval":1,"start_time":1613911124721},{"elapsed_time":1271199,"segment":0,"interval":1,"start_time":1613911125159},{"elapsed_time":1281112,"segment":0,"interval":1,"start_time":1613911135072},{"elapsed_time":1291202,"segment":0,"interval":1,"start_time":1613911145162},{"elapsed_time":1293780,"segment":0,"interval":1,"start_time":1613911147740},{"elapsed_time":1295449,"segment":0,"interval":1,"start_time":1613911149409},{"elapsed_time":1300787,"segment":0,"interval":1,"start_time":1613911154747},{"elapsed_time":1301291,"segment":0,"interval":1,"start_time":1613911155251},{"elapsed_time":1310596,"segment":0,"interval":1,"start_time":1613911164556},{"elapsed_time":1311198,"segment":0,"interval":1,"start_time":1613911165158},{"elapsed_time":1321288,"segment":0,"interval":1,"start_time":1613911175248},{"elapsed_time":1324197,"segment":0,"interval":1,"start_time":1613911178157},{"elapsed_time":1331201,"segment":0,"interval":1,"start_time":1613911185161},{"elapsed_time":1331482,"segment":0,"interval":1,"start_time":1613911185442},{"elapsed_time":1340210,"segment":0,"interval":1,"start_time":1613911194170},{"elapsed_time":1341388,"segment":0,"interval":1,"start_time":1613911195348},{"elapsed_time":1351197,"segment":0,"interval":1,"start_time":1613911205157},{"elapsed_time":1355995,"segment":0,"interval":1,"start_time":1613911209955},{"elapsed_time":1359180,"segment":0,"interval":1,"start_time":1613911213140},{"elapsed_time":1360999,"segment":0,"interval":1,"start_time":1613911214959},{"elapsed_time":1361287,"segment":0,"interval":1,"start_time":1613911215247},{"elapsed_time":1370000,"segment":0,"interval":1,"start_time":1613911223960},{"elapsed_time":1371200,"segment":0,"interval":1,"start_time":1613911225160},{"elapsed_time":1380651,"segment":0,"interval":1,"start_time":1613911234611},{"elapsed_time":1381106,"segment":0,"interval":1,"start_time":1613911235066},{"elapsed_time":1390557,"segment":0,"interval":1,"start_time":1613911244517},{"elapsed_time":1391196,"segment":0,"interval":1,"start_time":1613911245156},{"elapsed_time":1393439,"segment":0,"interval":1,"start_time":1613911247399},{"elapsed_time":1401286,"segment":0,"interval":1,"start_time":1613911255246},{"elapsed_time":1411061,"segment":0,"interval":1,"start_time":1613911265021},{"elapsed_time":1411198,"segment":0,"interval":1,"start_time":1613911265158},{"elapsed_time":1421071,"segment":0,"interval":1,"start_time":1613911275031},{"elapsed_time":1421289,"segment":0,"interval":1,"start_time":1613911275249},{"elapsed_time":1426962,"segment":0,"interval":1,"start_time":1613911280922},{"elapsed_time":1430386,"segment":0,"interval":1,"start_time":1613911284346},{"elapsed_time":1431195,"segment":0,"interval":1,"start_time":1613911285155},{"elapsed_time":1440204,"segment":0,"interval":1,"start_time":1613911294164},{"elapsed_time":1440688,"segment":0,"interval":1,"start_time":1613911294648},{"elapsed_time":1451198,"segment":0,"interval":1,"start_time":1613911305158},{"elapsed_time":1453689,"segment":0,"interval":1,"start_time":1613911307649},{"elapsed_time":1458034,"segment":0,"interval":1,"start_time":1613911311994},{"elapsed_time":1460105,"segment":0,"interval":1,"start_time":1613911314065},{"elapsed_time":1461288,"segment":0,"interval":1,"start_time":1613911315248},{"elapsed_time":1471194,"segment":0,"interval":1,"start_time":1613911325154},{"elapsed_time":1473106,"segment":0,"interval":1,"start_time":1613911327066},{"elapsed_time":1480108,"segment":0,"interval":1,"start_time":1613911334068},{"elapsed_time":1481284,"segment":0,"interval":1,"start_time":1613911335244},{"elapsed_time":1486108,"segment":0,"interval":1,"start_time":1613911340068},{"elapsed_time":1490646,"segment":0,"interval":1,"start_time":1613911344606},{"elapsed_time":1491076,"segment":0,"interval":1,"start_time":1613911345036},{"elapsed_time":1491196,"segment":0,"interval":1,"start_time":1613911345156},{"elapsed_time":1500249,"segment":0,"interval":1,"start_time":1613911354209},{"elapsed_time":1501104,"segment":0,"interval":1,"start_time":1613911355064},{"elapsed_time":1510200,"segment":0,"interval":1,"start_time":1613911364160},{"elapsed_time":1511193,"segment":0,"interval":1,"start_time":1613911365153},{"elapsed_time":1520246,"segment":0,"interval":1,"start_time":1613911374206},{"elapsed_time":1521106,"segment":0,"interval":1,"start_time":1613911375066},{"elapsed_time":1527382,"segment":0,"interval":1,"start_time":1613911381342},{"elapsed_time":1530802,"segment":0,"interval":1,"start_time":1613911384762},{"elapsed_time":1531197,"segment":0,"interval":1,"start_time":1613911385157},{"elapsed_time":1540204,"segment":0,"interval":1,"start_time":1613911394164},{"elapsed_time":1551193,"segment":0,"interval":1,"start_time":1613911405153},{"elapsed_time":1554459,"segment":0,"interval":1,"start_time":1613911408419},{"elapsed_time":1559888,"segment":0,"interval":1,"start_time":1613911413848},{"elapsed_time":1560464,"segment":0,"interval":1,"start_time":1613911414424},{"elapsed_time":1561282,"segment":0,"interval":1,"start_time":1613911415242},{"elapsed_time":1571194,"segment":0,"interval":1,"start_time":1613911425154},{"elapsed_time":1581219,"segment":0,"interval":1,"start_time":1613911435179},{"elapsed_time":1581284,"segment":0,"interval":1,"start_time":1613911435244},{"elapsed_time":1590220,"segment":0,"interval":1,"start_time":1613911444180},{"elapsed_time":1591191,"segment":0,"interval":1,"start_time":1613911445151},{"elapsed_time":1596418,"segment":0,"interval":1,"start_time":1613911450378},{"elapsed_time":1600223,"segment":0,"interval":1,"start_time":1613911454183},{"elapsed_time":1601281,"segment":0,"interval":1,"start_time":1613911455241},{"elapsed_time":1607188,"segment":0,"interval":1,"start_time":1613911461148},{"elapsed_time":1610102,"segment":0,"interval":1,"start_time":1613911464062},{"elapsed_time":1611194,"segment":0,"interval":1,"start_time":1613911465154},{"elapsed_time":1621284,"segment":0,"interval":1,"start_time":1613911475244},{"elapsed_time":1630640,"segment":0,"interval":1,"start_time":1613911484600},{"elapsed_time":1631190,"segment":0,"interval":1,"start_time":1613911485150},{"elapsed_time":1634721,"segment":0,"interval":1,"start_time":1613911488681},{"elapsed_time":1640199,"segment":0,"interval":1,"start_time":1613911494159},{"elapsed_time":1640722,"segment":0,"interval":1,"start_time":1613911494682},{"elapsed_time":1651192,"segment":0,"interval":1,"start_time":1613911505152},{"elapsed_time":1654294,"segment":0,"interval":1,"start_time":1613911508254},{"elapsed_time":1660605,"segment":0,"interval":1,"start_time":1613911514565},{"elapsed_time":1661282,"segment":0,"interval":1,"start_time":1613911515242},{"elapsed_time":1664893,"segment":0,"interval":1,"start_time":1613911518853},{"elapsed_time":1670353,"segment":0,"interval":1,"start_time":1613911524313},{"elapsed_time":1671189,"segment":0,"interval":1,"start_time":1613911525149},{"elapsed_time":1680354,"segment":0,"interval":1,"start_time":1613911534314},{"elapsed_time":1681279,"segment":0,"interval":1,"start_time":1613911535239},{"elapsed_time":1690184,"segment":0,"interval":1,"start_time":1613911544144},{"elapsed_time":1691192,"segment":0,"interval":1,"start_time":1613911545152},{"elapsed_time":1698179,"segment":0,"interval":1,"start_time":1613911552139},{"elapsed_time":1700141,"segment":0,"interval":1,"start_time":1613911554101},{"elapsed_time":1701282,"segment":0,"interval":1,"start_time":1613911555242},{"elapsed_time":1710444,"segment":0,"interval":1,"start_time":1613911564404},{"elapsed_time":1711188,"segment":0,"interval":1,"start_time":1613911565148},{"elapsed_time":1720374,"segment":0,"interval":1,"start_time":1613911574334},{"elapsed_time":1721278,"segment":0,"interval":1,"start_time":1613911575238},{"elapsed_time":1730438,"segment":0,"interval":1,"start_time":1613911584398},{"elapsed_time":1731190,"segment":0,"interval":1,"start_time":1613911585150},{"elapsed_time":1732303,"segment":0,"interval":1,"start_time":1613911586263},{"elapsed_time":1740612,"segment":0,"interval":1,"start_time":1613911594572},{"elapsed_time":1741097,"segment":0,"interval":1,"start_time":1613911595057},{"elapsed_time":1750577,"segment":0,"interval":1,"start_time":1613911604537},{"elapsed_time":1751187,"segment":0,"interval":1,"start_time":1613911605147},{"elapsed_time":1760203,"segment":0,"interval":1,"start_time":1613911614163},{"elapsed_time":1761277,"segment":0,"interval":1,"start_time":1613911615237},{"elapsed_time":1767320,"segment":0,"interval":1,"start_time":1613911621280},{"elapsed_time":1770328,"segment":0,"interval":1,"start_time":1613911624288},{"elapsed_time":1771190,"segment":0,"interval":1,"start_time":1613911625150},{"elapsed_time":1778770,"segment":0,"interval":1,"start_time":1613911635130}]