[{"elapsed_time":115360,"segment":1,"interval":1,"start_time":1616406888000},{"elapsed_time":119360,"segment":1,"interval":1,"start_time":1616406892000},{"elapsed_time":122360,"segment":1,"interval":1,"start_time":1616406895000},{"elapsed_time":125360,"segment":1,"interval":1,"start_time":1616406898000},{"elapsed_time":128360,"segment":1,"interval":1,"start_time":1616406901000},{"elapsed_time":130360,"segment":1,"interval":1,"start_time":1616406903000},{"elapsed_time":133360,"segment":1,"interval":1,"start_time":1616406906000},{"elapsed_time":136360,"segment":1,"interval":1,"start_time":1616406909000},{"elapsed_time":138360,"segment":1,"interval":1,"start_time":1616406911000},{"elapsed_time":140360,"segment":1,"interval":1,"start_time":1616406913000},{"elapsed_time":143360,"segment":1,"interval":1,"start_time":1616406916000},{"elapsed_time":145360,"segment":1,"interval":1,"start_time":1616406918000},{"elapsed_time":147360,"segment":1,"interval":1,"start_time":1616406920000},{"elapsed_time":149360,"segment":1,"interval":1,"start_time":1616406922000},{"elapsed_time":151360,"segment":1,"interval":1,"start_time":1616406924000},{"elapsed_time":153360,"segment":1,"interval":1,"start_time":1616406926000},{"elapsed_time":155360,"segment":1,"interval":1,"start_time":1616406928000},{"elapsed_time":157360,"segment":1,"interval":1,"start_time":1616406930000},{"elapsed_time":159360,"segment":1,"interval":1,"start_time":1616406932000},{"elapsed_time":161360,"segment":1,"interval":1,"start_time":1616406934000},{"elapsed_time":163360,"segment":1,"interval":1,"start_time":1616406936000},{"elapsed_time":165360,"segment":1,"interval":1,"start_time":1616406938000},{"elapsed_time":167360,"segment":1,"interval":1,"start_time":1616406940000},{"elapsed_time":169360,"segment":1,"interval":1,"start_time":1616406942000},{"elapsed_time":171360,"segment":1,"interval":1,"start_time":1616406944000},{"elapsed_time":173360,"segment":1,"interval":1,"start_time":1616406946000},{"elapsed_time":175360,"segment":1,"interval":1,"start_time":1616406948000},{"elapsed_time":177360,"segment":1,"interval":1,"start_time":1616406950000},{"elapsed_time":180360,"segment":1,"interval":1,"start_time":1616406953000},{"elapsed_time":183360,"segment":1,"interval":1,"start_time":1616406956000},{"elapsed_time":185360,"segment":1,"interval":1,"start_time":1616406958000},{"elapsed_time":187360,"segment":1,"interval":1,"start_time":1616406960000},{"elapsed_time":189360,"segment":1,"interval":1,"start_time":1616406962000},{"elapsed_time":191360,"segment":1,"interval":1,"start_time":1616406964000},{"elapsed_time":193360,"segment":1,"interval":1,"start_time":1616406966000},{"elapsed_time":195360,"segment":1,"interval":1,"start_time":1616406968000},{"elapsed_time":197360,"segment":1,"interval":1,"start_time":1616406970000},{"elapsed_time":199360,"segment":1,"interval":1,"start_time":1616406972000},{"elapsed_time":203360,"segment":1,"interval":1,"start_time":1616406976000},{"elapsed_time":209360,"segment":1,"interval":1,"start_time":1616406982000},{"elapsed_time":212360,"segment":1,"interval":1,"start_time":1616406985000},{"elapsed_time":214360,"segment":1,"interval":1,"start_time":1616406987000},{"elapsed_time":216360,"segment":1,"interval":1,"start_time":1616406989000},{"elapsed_time":218360,"segment":1,"interval":1,"start_time":1616406991000},{"elapsed_time":220360,"segment":1,"interval":1,"start_time":1616406993000},{"elapsed_time":222360,"segment":1,"interval":1,"start_time":1616406995000},{"elapsed_time":224360,"segment":1,"interval":1,"start_time":1616406997000},{"elapsed_time":226360,"segment":1,"interval":1,"start_time":1616406999000},{"elapsed_time":228360,"segment":1,"interval":1,"start_time":1616407001000},{"elapsed_time":230360,"segment":1,"interval":1,"start_time":1616407003000},{"elapsed_time":232360,"segment":1,"interval":1,"start_time":1616407005000},{"elapsed_time":234360,"segment":1,"interval":1,"start_time":1616407007000},{"elapsed_time":236360,"segment":1,"interval":1,"start_time":1616407009000},{"elapsed_time":238360,"segment":1,"interval":1,"start_time":1616407011000},{"elapsed_time":240360,"segment":1,"interval":1,"start_time":1616407013000},{"elapsed_time":242360,"segment":1,"interval":1,"start_time":1616407015000},{"elapsed_time":244360,"segment":1,"interval":1,"start_time":1616407017000},{"elapsed_time":246360,"segment":1,"interval":1,"start_time":1616407019000},{"elapsed_time":248360,"segment":1,"interval":1,"start_time":1616407021000},{"elapsed_time":250360,"segment":1,"interval":1,"start_time":1616407023000},{"elapsed_time":252360,"segment":1,"interval":1,"start_time":1616407025000},{"elapsed_time":254360,"segment":1,"interval":1,"start_time":1616407027000},{"elapsed_time":256360,"segment":1,"interval":1,"start_time":1616407029000},{"elapsed_time":258360,"segment":1,"interval":1,"start_time":1616407031000},{"elapsed_time":260360,"segment":1,"interval":1,"start_time":1616407033000},{"elapsed_time":263360,"segment":1,"interval":1,"start_time":1616407036000},{"elapsed_time":265360,"segment":1,"interval":1,"start_time":1616407038000},{"elapsed_time":267360,"segment":1,"interval":1,"start_time":1616407040000},{"elapsed_time":269360,"segment":1,"interval":1,"start_time":1616407042000},{"elapsed_time":272360,"segment":1,"interval":1,"start_time":1616407045000},{"elapsed_time":275360,"segment":1,"interval":1,"start_time":1616407048000},{"elapsed_time":278360,"segment":1,"interval":1,"start_time":1616407051000},{"elapsed_time":281360,"segment":1,"interval":1,"start_time":1616407054000},{"elapsed_time":283360,"segment":1,"interval":1,"start_time":1616407056000},{"elapsed_time":285360,"segment":1,"interval":1,"start_time":1616407058000},{"elapsed_time":287360,"segment":1,"interval":1,"start_time":1616407060000},{"elapsed_time":289360,"segment":1,"interval":1,"start_time":1616407062000},{"elapsed_time":291360,"segment":1,"interval":1,"start_time":1616407064000},{"elapsed_time":293360,"segment":1,"interval":1,"start_time":1616407066000},{"elapsed_time":295360,"segment":1,"interval":1,"start_time":1616407068000},{"elapsed_time":297360,"segment":1,"interval":1,"start_time":1616407070000},{"elapsed_time":298360,"segment":1,"interval":1,"start_time":1616407071000},{"elapsed_time":299360,"segment":1,"interval":1,"start_time":1616407072000},{"elapsed_time":301360,"segment":1,"interval":1,"start_time":1616407074000},{"elapsed_time":303360,"segment":1,"interval":1,"start_time":1616407076000},{"elapsed_time":305360,"segment":1,"interval":1,"start_time":1616407078000},{"elapsed_time":307360,"segment":1,"interval":1,"start_time":1616407080000},{"elapsed_time":309360,"segment":1,"interval":1,"start_time":1616407082000},{"elapsed_time":311360,"segment":1,"interval":1,"start_time":1616407084000},{"elapsed_time":313360,"segment":1,"interval":1,"start_time":1616407086000},{"elapsed_time":315360,"segment":1,"interval":1,"start_time":1616407088000},{"elapsed_time":318360,"segment":1,"interval":1,"start_time":1616407091000},{"elapsed_time":320360,"segment":1,"interval":1,"start_time":1616407093000},{"elapsed_time":322360,"segment":1,"interval":1,"start_time":1616407095000},{"elapsed_time":324360,"segment":1,"interval":1,"start_time":1616407097000},{"elapsed_time":326360,"segment":1,"interval":1,"start_time":1616407099000},{"elapsed_time":328360,"segment":1,"interval":1,"start_time":1616407101000},{"elapsed_time":330360,"segment":1,"interval":1,"start_time":1616407103000},{"elapsed_time":333360,"segment":1,"interval":1,"start_time":1616407106000},{"elapsed_time":335360,"segment":1,"interval":1,"start_time":1616407108000},{"elapsed_time":337360,"segment":1,"interval":1,"start_time":1616407110000},{"elapsed_time":339360,"segment":1,"interval":1,"start_time":1616407112000},{"elapsed_time":341360,"segment":1,"interval":1,"start_time":1616407114000},{"elapsed_time":344360,"segment":1,"interval":1,"start_time":1616407117000},{"elapsed_time":347360,"segment":1,"interval":1,"start_time":1616407120000},{"elapsed_time":349360,"segment":1,"interval":1,"start_time":1616407122000},{"elapsed_time":352360,"segment":1,"interval":1,"start_time":1616407125000},{"elapsed_time":355360,"segment":1,"interval":1,"start_time":1616407128000},{"elapsed_time":359360,"segment":1,"interval":1,"start_time":1616407132000},{"elapsed_time":362360,"segment":1,"interval":1,"start_time":1616407135000},{"elapsed_time":365360,"segment":1,"interval":1,"start_time":1616407138000},{"elapsed_time":368360,"segment":1,"interval":1,"start_time":1616407141000},{"elapsed_time":371360,"segment":1,"interval":1,"start_time":1616407144000},{"elapsed_time":374360,"segment":1,"interval":1,"start_time":1616407147000},{"elapsed_time":376360,"segment":1,"interval":1,"start_time":1616407149000},{"elapsed_time":378360,"segment":1,"interval":1,"start_time":1616407151000},{"elapsed_time":380360,"segment":1,"interval":1,"start_time":1616407153000},{"elapsed_time":383360,"segment":1,"interval":1,"start_time":1616407156000},{"elapsed_time":385360,"segment":1,"interval":2,"start_time":1616407158000},{"elapsed_time":387360,"segment":1,"interval":2,"start_time":1616407160000},{"elapsed_time":389360,"segment":1,"interval":2,"start_time":1616407162000},{"elapsed_time":391360,"segment":1,"interval":2,"start_time":1616407164000},{"elapsed_time":393360,"segment":1,"interval":2,"start_time":1616407166000},{"elapsed_time":395360,"segment":1,"interval":2,"start_time":1616407168000},{"elapsed_time":397360,"segment":1,"interval":2,"start_time":1616407170000},{"elapsed_time":399360,"segment":1,"interval":2,"start_time":1616407172000},{"elapsed_time":401360,"segment":1,"interval":2,"start_time":1616407174000},{"elapsed_time":403360,"segment":1,"interval":2,"start_time":1616407176000},{"elapsed_time":405360,"segment":1,"interval":2,"start_time":1616407178000},{"elapsed_time":407360,"segment":1,"interval":2,"start_time":1616407180000},{"elapsed_time":409360,"segment":1,"interval":2,"start_time":1616407182000},{"elapsed_time":411360,"segment":1,"interval":2,"start_time":1616407184000},{"elapsed_time":413360,"segment":1,"interval":2,"start_time":1616407186000},{"elapsed_time":415360,"segment":1,"interval":2,"start_time":1616407188000},{"elapsed_time":417360,"segment":1,"interval":2,"start_time":1616407190000},{"elapsed_time":419360,"segment":1,"interval":2,"start_time":1616407192000},{"elapsed_time":421360,"segment":1,"interval":2,"start_time":1616407194000},{"elapsed_time":423360,"segment":1,"interval":2,"start_time":1616407196000},{"elapsed_time":425360,"segment":1,"interval":2,"start_time":1616407198000},{"elapsed_time":427360,"segment":1,"interval":2,"start_time":1616407200000},{"elapsed_time":429360,"segment":1,"interval":2,"start_time":1616407202000},{"elapsed_time":431360,"segment":1,"interval":2,"start_time":1616407204000},{"elapsed_time":434360,"segment":1,"interval":2,"start_time":1616407207000},{"elapsed_time":436360,"segment":1,"interval":2,"start_time":1616407209000},{"elapsed_time":438360,"segment":1,"interval":2,"start_time":1616407211000},{"elapsed_time":441360,"segment":1,"interval":2,"start_time":1616407214000},{"elapsed_time":443360,"segment":1,"interval":2,"start_time":1616407216000},{"elapsed_time":445360,"segment":1,"interval":2,"start_time":1616407218000},{"elapsed_time":447360,"segment":1,"interval":2,"start_time":1616407220000},{"elapsed_time":449360,"segment":1,"interval":2,"start_time":1616407222000},{"elapsed_time":451360,"segment":1,"interval":2,"start_time":1616407224000},{"elapsed_time":453360,"segment":1,"interval":2,"start_time":1616407226000},{"elapsed_time":455360,"segment":1,"interval":2,"start_time":1616407228000},{"elapsed_time":457360,"segment":1,"interval":2,"start_time":1616407230000},{"elapsed_time":459360,"segment":1,"interval":2,"start_time":1616407232000},{"elapsed_time":462360,"segment":1,"interval":2,"start_time":1616407235000},{"elapsed_time":464360,"segment":1,"interval":2,"start_time":1616407237000},{"elapsed_time":466360,"segment":1,"interval":2,"start_time":1616407239000},{"elapsed_time":468360,"segment":1,"interval":2,"start_time":1616407241000},{"elapsed_time":470360,"segment":1,"interval":2,"start_time":1616407243000},{"elapsed_time":472360,"segment":1,"interval":2,"start_time":1616407245000},{"elapsed_time":474360,"segment":1,"interval":2,"start_time":1616407247000},{"elapsed_time":476360,"segment":1,"interval":2,"start_time":1616407249000},{"elapsed_time":478360,"segment":1,"interval":2,"start_time":1616407251000},{"elapsed_time":480360,"segment":1,"interval":2,"start_time":1616407253000},{"elapsed_time":482360,"segment":1,"interval":2,"start_time":1616407255000},{"elapsed_time":484360,"segment":1,"interval":2,"start_time":1616407257000},{"elapsed_time":486360,"segment":1,"interval":2,"start_time":1616407259000},{"elapsed_time":488360,"segment":1,"interval":2,"start_time":1616407261000},{"elapsed_time":490360,"segment":1,"interval":2,"start_time":1616407263000},{"elapsed_time":493360,"segment":1,"interval":2,"start_time":1616407266000},{"elapsed_time":495360,"segment":1,"interval":2,"start_time":1616407268000},{"elapsed_time":497360,"segment":1,"interval":2,"start_time":1616407270000},{"elapsed_time":499360,"segment":1,"interval":2,"start_time":1616407272000},{"elapsed_time":501360,"segment":1,"interval":2,"start_time":1616407274000},{"elapsed_time":503360,"segment":1,"interval":2,"start_time":1616407276000},{"elapsed_time":505360,"segment":1,"interval":2,"start_time":1616407278000},{"elapsed_time":507360,"segment":1,"interval":2,"start_time":1616407280000},{"elapsed_time":509360,"segment":1,"interval":2,"start_time":1616407282000},{"elapsed_time":512360,"segment":1,"interval":2,"start_time":1616407285000},{"elapsed_time":514360,"segment":1,"interval":2,"start_time":1616407287000},{"elapsed_time":516360,"segment":1,"interval":2,"start_time":1616407289000},{"elapsed_time":518360,"segment":1,"interval":2,"start_time":1616407291000},{"elapsed_time":520360,"segment":1,"interval":2,"start_time":1616407293000},{"elapsed_time":522360,"segment":1,"interval":2,"start_time":1616407295000},{"elapsed_time":526360,"segment":1,"interval":2,"start_time":1616407299000},{"elapsed_time":529360,"segment":1,"interval":2,"start_time":1616407302000},{"elapsed_time":531360,"segment":1,"interval":2,"start_time":1616407304000},{"elapsed_time":533360,"segment":1,"interval":2,"start_time":1616407306000},{"elapsed_time":535360,"segment":1,"interval":2,"start_time":1616407308000},{"elapsed_time":537360,"segment":1,"interval":2,"start_time":1616407310000},{"elapsed_time":539360,"segment":1,"interval":2,"start_time":1616407312000},{"elapsed_time":541360,"segment":1,"interval":2,"start_time":1616407314000},{"elapsed_time":543360,"segment":1,"interval":2,"start_time":1616407316000},{"elapsed_time":547360,"segment":1,"interval":2,"start_time":1616407320000},{"elapsed_time":550360,"segment":1,"interval":2,"start_time":1616407323000},{"elapsed_time":552360,"segment":1,"interval":2,"start_time":1616407325000},{"elapsed_time":554360,"segment":1,"interval":2,"start_time":1616407327000},{"elapsed_time":557360,"segment":1,"interval":2,"start_time":1616407330000},{"elapsed_time":560360,"segment":1,"interval":2,"start_time":1616407333000},{"elapsed_time":562360,"segment":1,"interval":2,"start_time":1616407335000},{"elapsed_time":564360,"segment":1,"interval":2,"start_time":1616407337000},{"elapsed_time":566360,"segment":1,"interval":2,"start_time":1616407339000},{"elapsed_time":569360,"segment":1,"interval":2,"start_time":1616407342000},{"elapsed_time":572360,"segment":1,"interval":2,"start_time":1616407345000},{"elapsed_time":574360,"segment":1,"interval":2,"start_time":1616407347000},{"elapsed_time":576360,"segment":1,"interval":2,"start_time":1616407349000},{"elapsed_time":578360,"segment":1,"interval":2,"start_time":1616407351000},{"elapsed_time":580360,"segment":1,"interval":2,"start_time":1616407353000},{"elapsed_time":582360,"segment":1,"interval":2,"start_time":1616407355000},{"elapsed_time":584360,"segment":1,"interval":2,"start_time":1616407357000},{"elapsed_time":587360,"segment":1,"interval":2,"start_time":1616407360000},{"elapsed_time":589360,"segment":1,"interval":2,"start_time":1616407362000},{"elapsed_time":592360,"segment":1,"interval":2,"start_time":1616407365000},{"elapsed_time":594360,"segment":1,"interval":2,"start_time":1616407367000},{"elapsed_time":596360,"segment":1,"interval":2,"start_time":1616407369000},{"elapsed_time":598360,"segment":1,"interval":2,"start_time":1616407371000},{"elapsed_time":601360,"segment":1,"interval":2,"start_time":1616407374000},{"elapsed_time":604360,"segment":1,"interval":2,"start_time":1616407377000},{"elapsed_time":607360,"segment":1,"interval":2,"start_time":1616407380000},{"elapsed_time":609360,"segment":1,"interval":2,"start_time":1616407382000},{"elapsed_time":611360,"segment":1,"interval":2,"start_time":1616407384000},{"elapsed_time":614360,"segment":1,"interval":2,"start_time":1616407387000},{"elapsed_time":616360,"segment":1,"interval":2,"start_time":1616407389000},{"elapsed_time":618360,"segment":1,"interval":2,"start_time":1616407391000},{"elapsed_time":620360,"segment":1,"interval":2,"start_time":1616407393000},{"elapsed_time":622360,"segment":1,"interval":2,"start_time":1616407395000},{"elapsed_time":624360,"segment":1,"interval":2,"start_time":1616407397000},{"elapsed_time":626360,"segment":1,"interval":2,"start_time":1616407399000},{"elapsed_time":628360,"segment":1,"interval":2,"start_time":1616407401000},{"elapsed_time":630360,"segment":1,"interval":2,"start_time":1616407403000},{"elapsed_time":633360,"segment":1,"interval":2,"start_time":1616407406000},{"elapsed_time":636360,"segment":1,"interval":2,"start_time":1616407409000},{"elapsed_time":640360,"segment":1,"interval":2,"start_time":1616407413000},{"elapsed_time":642360,"segment":1,"interval":2,"start_time":1616407415000},{"elapsed_time":644360,"segment":1,"interval":2,"start_time":1616407417000},{"elapsed_time":646360,"segment":1,"interval":2,"start_time":1616407419000},{"elapsed_time":648360,"segment":1,"interval":2,"start_time":1616407421000},{"elapsed_time":650360,"segment":1,"interval":2,"start_time":1616407423000},{"elapsed_time":652360,"segment":1,"interval":2,"start_time":1616407425000},{"elapsed_time":655360,"segment":1,"interval":2,"start_time":1616407428000},{"elapsed_time":657360,"segment":1,"interval":2,"start_time":1616407430000},{"elapsed_time":660360,"segment":1,"interval":2,"start_time":1616407433000},{"elapsed_time":662360,"segment":1,"interval":2,"start_time":1616407435000},{"elapsed_time":664360,"segment":1,"interval":2,"start_time":1616407437000},{"elapsed_time":666360,"segment":1,"interval":2,"start_time":1616407439000},{"elapsed_time":668360,"segment":1,"interval":2,"start_time":1616407441000},{"elapsed_time":670360,"segment":1,"interval":2,"start_time":1616407443000},{"elapsed_time":673360,"segment":1,"interval":2,"start_time":1616407446000},{"elapsed_time":675360,"segment":1,"interval":2,"start_time":1616407448000},{"elapsed_time":677360,"segment":1,"interval":2,"start_time":1616407450000},{"elapsed_time":679360,"segment":1,"interval":2,"start_time":1616407452000},{"elapsed_time":681360,"segment":1,"interval":2,"start_time":1616407454000},{"elapsed_time":683360,"segment":1,"interval":2,"start_time":1616407456000},{"elapsed_time":685360,"segment":1,"interval":2,"start_time":1616407458000},{"elapsed_time":687360,"segment":1,"interval":2,"start_time":1616407460000},{"elapsed_time":689360,"segment":1,"interval":2,"start_time":1616407462000},{"elapsed_time":691360,"segment":1,"interval":2,"start_time":1616407464000},{"elapsed_time":693360,"segment":1,"interval":2,"start_time":1616407466000},{"elapsed_time":695360,"segment":1,"interval":2,"start_time":1616407468000},{"elapsed_time":697360,"segment":1,"interval":2,"start_time":1616407470000},{"elapsed_time":699360,"segment":1,"interval":2,"start_time":1616407472000},{"elapsed_time":701360,"segment":1,"interval":2,"start_time":1616407474000},{"elapsed_time":703360,"segment":1,"interval":2,"start_time":1616407476000},{"elapsed_time":705360,"segment":1,"interval":2,"start_time":1616407478000},{"elapsed_time":707360,"segment":1,"interval":2,"start_time":1616407480000},{"elapsed_time":709360,"segment":1,"interval":2,"start_time":1616407482000},{"elapsed_time":711360,"segment":1,"interval":2,"start_time":1616407484000},{"elapsed_time":713360,"segment":1,"interval":2,"start_time":1616407486000},{"elapsed_time":715360,"segment":1,"interval":2,"start_time":1616407488000},{"elapsed_time":717360,"segment":1,"interval":2,"start_time":1616407490000},{"elapsed_time":720360,"segment":1,"interval":2,"start_time":1616407493000},{"elapsed_time":722360,"segment":1,"interval":2,"start_time":1616407495000},{"elapsed_time":724360,"segment":1,"interval":2,"start_time":1616407497000},{"elapsed_time":726360,"segment":1,"interval":2,"start_time":1616407499000},{"elapsed_time":728360,"segment":1,"interval":2,"start_time":1616407501000},{"elapsed_time":730360,"segment":1,"interval":2,"start_time":1616407503000},{"elapsed_time":732360,"segment":1,"interval":2,"start_time":1616407505000},{"elapsed_time":734360,"segment":1,"interval":2,"start_time":1616407507000},{"elapsed_time":736360,"segment":1,"interval":3,"start_time":1616407509000},{"elapsed_time":739360,"segment":1,"interval":3,"start_time":1616407512000},{"elapsed_time":742360,"segment":1,"interval":3,"start_time":1616407515000},{"elapsed_time":746360,"segment":1,"interval":3,"start_time":1616407519000},{"elapsed_time":749360,"segment":1,"interval":3,"start_time":1616407522000},{"elapsed_time":752360,"segment":1,"interval":3,"start_time":1616407525000},{"elapsed_time":759360,"segment":1,"interval":3,"start_time":1616407532000},{"elapsed_time":761360,"segment":1,"interval":3,"start_time":1616407534000},{"elapsed_time":763360,"segment":1,"interval":3,"start_time":1616407536000},{"elapsed_time":765360,"segment":1,"interval":3,"start_time":1616407538000},{"elapsed_time":767360,"segment":1,"interval":3,"start_time":1616407540000},{"elapsed_time":769360,"segment":1,"interval":3,"start_time":1616407542000},{"elapsed_time":771360,"segment":1,"interval":3,"start_time":1616407544000},{"elapsed_time":773360,"segment":1,"interval":3,"start_time":1616407546000},{"elapsed_time":775360,"segment":1,"interval":3,"start_time":1616407548000},{"elapsed_time":777360,"segment":1,"interval":3,"start_time":1616407550000},{"elapsed_time":779360,"segment":1,"interval":3,"start_time":1616407552000},{"elapsed_time":781360,"segment":1,"interval":3,"start_time":1616407554000},{"elapsed_time":783360,"segment":1,"interval":3,"start_time":1616407556000},{"elapsed_time":784360,"segment":1,"interval":3,"start_time":1616407557000},{"elapsed_time":785360,"segment":1,"interval":3,"start_time":1616407558000},{"elapsed_time":786360,"segment":1,"interval":3,"start_time":1616407559000},{"elapsed_time":788360,"segment":1,"interval":3,"start_time":1616407561000},{"elapsed_time":791360,"segment":1,"interval":3,"start_time":1616407564000},{"elapsed_time":794360,"segment":1,"interval":3,"start_time":1616407567000},{"elapsed_time":797360,"segment":1,"interval":3,"start_time":1616407570000},{"elapsed_time":800360,"segment":1,"interval":3,"start_time":1616407573000},{"elapsed_time":802360,"segment":1,"interval":3,"start_time":1616407575000},{"elapsed_time":804360,"segment":1,"interval":3,"start_time":1616407577000},{"elapsed_time":806360,"segment":1,"interval":3,"start_time":1616407579000},{"elapsed_time":808360,"segment":1,"interval":3,"start_time":1616407581000},{"elapsed_time":810360,"segment":1,"interval":3,"start_time":1616407583000},{"elapsed_time":813360,"segment":1,"interval":3,"start_time":1616407586000},{"elapsed_time":815360,"segment":1,"interval":3,"start_time":1616407588000},{"elapsed_time":817360,"segment":1,"interval":3,"start_time":1616407590000},{"elapsed_time":819360,"segment":1,"interval":3,"start_time":1616407592000},{"elapsed_time":821360,"segment":1,"interval":3,"start_time":1616407594000},{"elapsed_time":823360,"segment":1,"interval":3,"start_time":1616407596000},{"elapsed_time":825360,"segment":1,"interval":3,"start_time":1616407598000},{"elapsed_time":827360,"segment":1,"interval":3,"start_time":1616407600000},{"elapsed_time":829360,"segment":1,"interval":3,"start_time":1616407602000},{"elapsed_time":832360,"segment":1,"interval":3,"start_time":1616407605000},{"elapsed_time":835360,"segment":1,"interval":3,"start_time":1616407608000},{"elapsed_time":838360,"segment":1,"interval":3,"start_time":1616407611000},{"elapsed_time":841360,"segment":1,"interval":3,"start_time":1616407614000},{"elapsed_time":843360,"segment":1,"interval":3,"start_time":1616407616000},{"elapsed_time":845360,"segment":1,"interval":3,"start_time":1616407618000},{"elapsed_time":847360,"segment":1,"interval":3,"start_time":1616407620000},{"elapsed_time":851360,"segment":1,"interval":3,"start_time":1616407624000},{"elapsed_time":853360,"segment":1,"interval":3,"start_time":1616407626000},{"elapsed_time":855360,"segment":1,"interval":3,"start_time":1616407628000},{"elapsed_time":857360,"segment":1,"interval":3,"start_time":1616407630000},{"elapsed_time":859360,"segment":1,"interval":3,"start_time":1616407632000},{"elapsed_time":861360,"segment":1,"interval":3,"start_time":1616407634000},{"elapsed_time":863360,"segment":1,"interval":3,"start_time":1616407636000},{"elapsed_time":865360,"segment":1,"interval":3,"start_time":1616407638000},{"elapsed_time":867360,"segment":1,"interval":3,"start_time":1616407640000},{"elapsed_time":869360,"segment":1,"interval":3,"start_time":1616407642000},{"elapsed_time":871360,"segment":1,"interval":3,"start_time":1616407644000},{"elapsed_time":873360,"segment":1,"interval":3,"start_time":1616407646000},{"elapsed_time":875360,"segment":1,"interval":3,"start_time":1616407648000},{"elapsed_time":877360,"segment":1,"interval":3,"start_time":1616407650000},{"elapsed_time":879360,"segment":1,"interval":3,"start_time":1616407652000},{"elapsed_time":881360,"segment":1,"interval":3,"start_time":1616407654000},{"elapsed_time":883360,"segment":1,"interval":3,"start_time":1616407656000},{"elapsed_time":885360,"segment":1,"interval":3,"start_time":1616407658000},{"elapsed_time":887360,"segment":1,"interval":3,"start_time":1616407660000},{"elapsed_time":889360,"segment":1,"interval":3,"start_time":1616407662000},{"elapsed_time":891360,"segment":1,"interval":3,"start_time":1616407664000},{"elapsed_time":893360,"segment":1,"interval":3,"start_time":1616407666000},{"elapsed_time":895360,"segment":1,"interval":3,"start_time":1616407668000},{"elapsed_time":897360,"segment":1,"interval":3,"start_time":1616407670000},{"elapsed_time":899360,"segment":1,"interval":3,"start_time":1616407672000},{"elapsed_time":901360,"segment":1,"interval":3,"start_time":1616407674000},{"elapsed_time":903360,"segment":1,"interval":3,"start_time":1616407676000},{"elapsed_time":905360,"segment":1,"interval":3,"start_time":1616407678000},{"elapsed_time":907360,"segment":1,"interval":3,"start_time":1616407680000},{"elapsed_time":909360,"segment":1,"interval":3,"start_time":1616407682000},{"elapsed_time":911360,"segment":1,"interval":3,"start_time":1616407684000},{"elapsed_time":913360,"segment":1,"interval":3,"start_time":1616407686000},{"elapsed_time":915360,"segment":1,"interval":3,"start_time":1616407688000},{"elapsed_time":917360,"segment":1,"interval":3,"start_time":1616407690000},{"elapsed_time":919360,"segment":1,"interval":3,"start_time":1616407692000},{"elapsed_time":921360,"segment":1,"interval":3,"start_time":1616407694000},{"elapsed_time":923360,"segment":1,"interval":3,"start_time":1616407696000},{"elapsed_time":925360,"segment":1,"interval":3,"start_time":1616407698000},{"elapsed_time":928360,"segment":1,"interval":3,"start_time":1616407701000},{"elapsed_time":930360,"segment":1,"interval":3,"start_time":1616407703000},{"elapsed_time":932360,"segment":1,"interval":3,"start_time":1616407705000},{"elapsed_time":934360,"segment":1,"interval":3,"start_time":1616407707000},{"elapsed_time":936360,"segment":1,"interval":3,"start_time":1616407709000},{"elapsed_time":938360,"segment":1,"interval":3,"start_time":1616407711000},{"elapsed_time":940360,"segment":1,"interval":3,"start_time":1616407713000},{"elapsed_time":942360,"segment":1,"interval":3,"start_time":1616407715000},{"elapsed_time":944360,"segment":1,"interval":3,"start_time":1616407717000},{"elapsed_time":946360,"segment":1,"interval":3,"start_time":1616407719000},{"elapsed_time":948360,"segment":1,"interval":3,"start_time":1616407721000},{"elapsed_time":950360,"segment":1,"interval":3,"start_time":1616407723000},{"elapsed_time":952360,"segment":1,"interval":3,"start_time":1616407725000},{"elapsed_time":954360,"segment":1,"interval":3,"start_time":1616407727000},{"elapsed_time":956360,"segment":1,"interval":3,"start_time":1616407729000},{"elapsed_time":958360,"segment":1,"interval":3,"start_time":1616407731000},{"elapsed_time":960360,"segment":1,"interval":3,"start_time":1616407733000},{"elapsed_time":962360,"segment":1,"interval":3,"start_time":1616407735000},{"elapsed_time":964360,"segment":1,"interval":3,"start_time":1616407737000},{"elapsed_time":966360,"segment":1,"interval":3,"start_time":1616407739000},{"elapsed_time":968360,"segment":1,"interval":3,"start_time":1616407741000},{"elapsed_time":970360,"segment":1,"interval":3,"start_time":1616407743000},{"elapsed_time":973360,"segment":1,"interval":3,"start_time":1616407746000},{"elapsed_time":975360,"segment":1,"interval":3,"start_time":1616407748000},{"elapsed_time":977360,"segment":1,"interval":3,"start_time":1616407750000},{"elapsed_time":980360,"segment":1,"interval":3,"start_time":1616407753000},{"elapsed_time":982360,"segment":1,"interval":3,"start_time":1616407755000},{"elapsed_time":984360,"segment":1,"interval":3,"start_time":1616407757000},{"elapsed_time":986360,"segment":1,"interval":3,"start_time":1616407759000},{"elapsed_time":988360,"segment":1,"interval":3,"start_time":1616407761000},{"elapsed_time":990360,"segment":1,"interval":3,"start_time":1616407763000},{"elapsed_time":993360,"segment":1,"interval":3,"start_time":1616407766000},{"elapsed_time":995360,"segment":1,"interval":3,"start_time":1616407768000},{"elapsed_time":997360,"segment":1,"interval":3,"start_time":1616407770000},{"elapsed_time":1000360,"segment":1,"interval":3,"start_time":1616407773000},{"elapsed_time":1002360,"segment":1,"interval":3,"start_time":1616407775000},{"elapsed_time":1004360,"segment":1,"interval":3,"start_time":1616407777000},{"elapsed_time":1006360,"segment":1,"interval":3,"start_time":1616407779000},{"elapsed_time":1008360,"segment":1,"interval":3,"start_time":1616407781000},{"elapsed_time":1010360,"segment":1,"interval":3,"start_time":1616407783000},{"elapsed_time":1012360,"segment":1,"interval":3,"start_time":1616407785000},{"elapsed_time":1014360,"segment":1,"interval":3,"start_time":1616407787000},{"elapsed_time":1017360,"segment":1,"interval":3,"start_time":1616407790000},{"elapsed_time":1019360,"segment":1,"interval":3,"start_time":1616407792000},{"elapsed_time":1021360,"segment":1,"interval":3,"start_time":1616407794000},{"elapsed_time":1023360,"segment":1,"interval":3,"start_time":1616407796000},{"elapsed_time":1025360,"segment":1,"interval":3,"start_time":1616407798000},{"elapsed_time":1027360,"segment":1,"interval":3,"start_time":1616407807550},{"elapsed_time":1027810,"segment":2,"interval":3,"start_time":1616407808000},{"elapsed_time":1029810,"segment":2,"interval":3,"start_time":1616407810000},{"elapsed_time":1031810,"segment":2,"interval":3,"start_time":1616407812000},{"elapsed_time":1033810,"segment":2,"interval":3,"start_time":1616407814000},{"elapsed_time":1036810,"segment":2,"interval":3,"start_time":1616407817000},{"elapsed_time":1039810,"segment":2,"interval":3,"start_time":1616407820000},{"elapsed_time":1042810,"segment":2,"interval":3,"start_time":1616407823000},{"elapsed_time":1044810,"segment":2,"interval":3,"start_time":1616407825000},{"elapsed_time":1046810,"segment":2,"interval":3,"start_time":1616407827000},{"elapsed_time":1048810,"segment":2,"interval":3,"start_time":1616407829000},{"elapsed_time":1050810,"segment":2,"interval":3,"start_time":1616407831000},{"elapsed_time":1052810,"segment":2,"interval":3,"start_time":1616407833000},{"elapsed_time":1055810,"segment":2,"interval":3,"start_time":1616407836000},{"elapsed_time":1057810,"segment":2,"interval":3,"start_time":1616407838000},{"elapsed_time":1059810,"segment":2,"interval":3,"start_time":1616407840000},{"elapsed_time":1061810,"segment":2,"interval":3,"start_time":1616407842000},{"elapsed_time":1063810,"segment":2,"interval":3,"start_time":1616407844000},{"elapsed_time":1065810,"segment":2,"interval":3,"start_time":1616407846000},{"elapsed_time":1067810,"segment":2,"interval":3,"start_time":1616407848000},{"elapsed_time":1069810,"segment":2,"interval":3,"start_time":1616407850000},{"elapsed_time":1071810,"segment":2,"interval":3,"start_time":1616407852000},{"elapsed_time":1073810,"segment":2,"interval":3,"start_time":1616407854000},{"elapsed_time":1076810,"segment":2,"interval":3,"start_time":1616407857000},{"elapsed_time":1078810,"segment":2,"interval":3,"start_time":1616407859000},{"elapsed_time":1080810,"segment":2,"interval":3,"start_time":1616407861000},{"elapsed_time":1082810,"segment":2,"interval":3,"start_time":1616407863000},{"elapsed_time":1084810,"segment":2,"interval":3,"start_time":1616407865000},{"elapsed_time":1086810,"segment":2,"interval":3,"start_time":1616407867000},{"elapsed_time":1089810,"segment":2,"interval":4,"start_time":1616407870000},{"elapsed_time":1091810,"segment":2,"interval":4,"start_time":1616407872000},{"elapsed_time":1093810,"segment":2,"interval":4,"start_time":1616407874000},{"elapsed_time":1095810,"segment":2,"interval":4,"start_time":1616407876000},{"elapsed_time":1097810,"segment":2,"interval":4,"start_time":1616407878000},{"elapsed_time":1099810,"segment":2,"interval":4,"start_time":1616407880000},{"elapsed_time":1101810,"segment":2,"interval":4,"start_time":1616407882000},{"elapsed_time":1103810,"segment":2,"interval":4,"start_time":1616407884000},{"elapsed_time":1105810,"segment":2,"interval":4,"start_time":1616407886000},{"elapsed_time":1108810,"segment":2,"interval":4,"start_time":1616407889000},{"elapsed_time":1110810,"segment":2,"interval":4,"start_time":1616407891000},{"elapsed_time":1112810,"segment":2,"interval":4,"start_time":1616407893000},{"elapsed_time":1114810,"segment":2,"interval":4,"start_time":1616407895000},{"elapsed_time":1116810,"segment":2,"interval":4,"start_time":1616407897000},{"elapsed_time":1118810,"segment":2,"interval":4,"start_time":1616407899000},{"elapsed_time":1120810,"segment":2,"interval":4,"start_time":1616407901000},{"elapsed_time":1122810,"segment":2,"interval":4,"start_time":1616407903000},{"elapsed_time":1124810,"segment":2,"interval":4,"start_time":1616407905000},{"elapsed_time":1126810,"segment":2,"interval":4,"start_time":1616407907000},{"elapsed_time":1128810,"segment":2,"interval":4,"start_time":1616407909000},{"elapsed_time":1130810,"segment":2,"interval":4,"start_time":1616407911000},{"elapsed_time":1132810,"segment":2,"interval":4,"start_time":1616407913000},{"elapsed_time":1134810,"segment":2,"interval":4,"start_time":1616407915000},{"elapsed_time":1136810,"segment":2,"interval":4,"start_time":1616407917000},{"elapsed_time":1138810,"segment":2,"interval":4,"start_time":1616407919000},{"elapsed_time":1140810,"segment":2,"interval":4,"start_time":1616407921000},{"elapsed_time":1143810,"segment":2,"interval":4,"start_time":1616407924000},{"elapsed_time":1145810,"segment":2,"interval":4,"start_time":1616407926000},{"elapsed_time":1147810,"segment":2,"interval":4,"start_time":1616407928000},{"elapsed_time":1149810,"segment":2,"interval":4,"start_time":1616407930000},{"elapsed_time":1151810,"segment":2,"interval":4,"start_time":1616407932000},{"elapsed_time":1153810,"segment":2,"interval":4,"start_time":1616407934000},{"elapsed_time":1155810,"segment":2,"interval":4,"start_time":1616407936000},{"elapsed_time":1158810,"segment":2,"interval":4,"start_time":1616407939000},{"elapsed_time":1160810,"segment":2,"interval":4,"start_time":1616407941000},{"elapsed_time":1162810,"segment":2,"interval":4,"start_time":1616407943000},{"elapsed_time":1165200,"segment":2,"interval":4,"start_time":1616408037430},{"elapsed_time":1165770,"segment":3,"interval":4,"start_time":1616408038000},{"elapsed_time":1168770,"segment":3,"interval":4,"start_time":1616408041000},{"elapsed_time":1171770,"segment":3,"interval":4,"start_time":1616408044000},{"elapsed_time":1173770,"segment":3,"interval":4,"start_time":1616408046000},{"elapsed_time":1175770,"segment":3,"interval":4,"start_time":1616408048000},{"elapsed_time":1177770,"segment":3,"interval":4,"start_time":1616408050000},{"elapsed_time":1179770,"segment":3,"interval":4,"start_time":1616408052000},{"elapsed_time":1181770,"segment":3,"interval":4,"start_time":1616408054000},{"elapsed_time":1183770,"segment":3,"interval":4,"start_time":1616408056000},{"elapsed_time":1186770,"segment":3,"interval":4,"start_time":1616408059000},{"elapsed_time":1189770,"segment":3,"interval":4,"start_time":1616408062000},{"elapsed_time":1191770,"segment":3,"interval":4,"start_time":1616408064000},{"elapsed_time":1193770,"segment":3,"interval":4,"start_time":1616408066000},{"elapsed_time":1195770,"segment":3,"interval":4,"start_time":1616408068000},{"elapsed_time":1197770,"segment":3,"interval":4,"start_time":1616408070000},{"elapsed_time":1199770,"segment":3,"interval":4,"start_time":1616408072000},{"elapsed_time":1201770,"segment":3,"interval":4,"start_time":1616408074000},{"elapsed_time":1203770,"segment":3,"interval":4,"start_time":1616408076000},{"elapsed_time":1205770,"segment":3,"interval":4,"start_time":1616408078000},{"elapsed_time":1207770,"segment":3,"interval":4,"start_time":1616408080000},{"elapsed_time":1209770,"segment":3,"interval":4,"start_time":1616408082000},{"elapsed_time":1211770,"segment":3,"interval":4,"start_time":1616408084000},{"elapsed_time":1213770,"segment":3,"interval":4,"start_time":1616408086000},{"elapsed_time":1215770,"segment":3,"interval":4,"start_time":1616408088000},{"elapsed_time":1217770,"segment":3,"interval":4,"start_time":1616408090000},{"elapsed_time":1219770,"segment":3,"interval":4,"start_time":1616408092000},{"elapsed_time":1222770,"segment":3,"interval":4,"start_time":1616408095000},{"elapsed_time":1225770,"segment":3,"interval":4,"start_time":1616408098000},{"elapsed_time":1227770,"segment":3,"interval":4,"start_time":1616408100000},{"elapsed_time":1230770,"segment":3,"interval":4,"start_time":1616408103000},{"elapsed_time":1232770,"segment":3,"interval":4,"start_time":1616408105000},{"elapsed_time":1234770,"segment":3,"interval":4,"start_time":1616408107000},{"elapsed_time":1237770,"segment":3,"interval":4,"start_time":1616408110000},{"elapsed_time":1239770,"segment":3,"interval":4,"start_time":1616408112000},{"elapsed_time":1241770,"segment":3,"interval":4,"start_time":1616408114000},{"elapsed_time":1243770,"segment":3,"interval":4,"start_time":1616408116000},{"elapsed_time":1245770,"segment":3,"interval":4,"start_time":1616408118000},{"elapsed_time":1247770,"segment":3,"interval":4,"start_time":1616408120000},{"elapsed_time":1249770,"segment":3,"interval":4,"start_time":1616408122000},{"elapsed_time":1251770,"segment":3,"interval":4,"start_time":1616408124000},{"elapsed_time":1254770,"segment":3,"interval":4,"start_time":1616408127000},{"elapsed_time":1256770,"segment":3,"interval":4,"start_time":1616408129000},{"elapsed_time":1258770,"segment":3,"interval":4,"start_time":1616408131000},{"elapsed_time":1260770,"segment":3,"interval":4,"start_time":1616408133000},{"elapsed_time":1262770,"segment":3,"interval":4,"start_time":1616408135000},{"elapsed_time":1265770,"segment":3,"interval":4,"start_time":1616408138000},{"elapsed_time":1267770,"segment":3,"interval":4,"start_time":1616408140000},{"elapsed_time":1269770,"segment":3,"interval":4,"start_time":1616408142000},{"elapsed_time":1271770,"segment":3,"interval":4,"start_time":1616408144000},{"elapsed_time":1273770,"segment":3,"interval":4,"start_time":1616408146000},{"elapsed_time":1275770,"segment":3,"interval":4,"start_time":1616408148000},{"elapsed_time":1277770,"segment":3,"interval":4,"start_time":1616408150000},{"elapsed_time":1279770,"segment":3,"interval":4,"start_time":1616408152000},{"elapsed_time":1282770,"segment":3,"interval":4,"start_time":1616408155000},{"elapsed_time":1284770,"segment":3,"interval":4,"start_time":1616408157000},{"elapsed_time":1286770,"segment":3,"interval":4,"start_time":1616408159000},{"elapsed_time":1288770,"segment":3,"interval":4,"start_time":1616408161000},{"elapsed_time":1291770,"segment":3,"interval":4,"start_time":1616408164000},{"elapsed_time":1292770,"segment":3,"interval":4,"start_time":1616408165000},{"elapsed_time":1295770,"segment":3,"interval":4,"start_time":1616408168000},{"elapsed_time":1298770,"segment":3,"interval":4,"start_time":1616408171000},{"elapsed_time":1300770,"segment":3,"interval":4,"start_time":1616408173000},{"elapsed_time":1302770,"segment":3,"interval":4,"start_time":1616408175000},{"elapsed_time":1304770,"segment":3,"interval":4,"start_time":1616408177000},{"elapsed_time":1306770,"segment":3,"interval":4,"start_time":1616408179000},{"elapsed_time":1308770,"segment":3,"interval":4,"start_time":1616408181000},{"elapsed_time":1311770,"segment":3,"interval":4,"start_time":1616408184000},{"elapsed_time":1314770,"segment":3,"interval":4,"start_time":1616408187000},{"elapsed_time":1316770,"segment":3,"interval":4,"start_time":1616408189000},{"elapsed_time":1318770,"segment":3,"interval":4,"start_time":1616408191000},{"elapsed_time":1321770,"segment":3,"interval":4,"start_time":1616408194000},{"elapsed_time":1323770,"segment":3,"interval":4,"start_time":1616408196000},{"elapsed_time":1325770,"segment":3,"interval":4,"start_time":1616408198000},{"elapsed_time":1327770,"segment":3,"interval":4,"start_time":1616408200000},{"elapsed_time":1329770,"segment":3,"interval":4,"start_time":1616408202000},{"elapsed_time":1331770,"segment":3,"interval":4,"start_time":1616408204000},{"elapsed_time":1333770,"segment":3,"interval":4,"start_time":1616408206000},{"elapsed_time":1335770,"segment":3,"interval":4,"start_time":1616408208000},{"elapsed_time":1337770,"segment":3,"interval":4,"start_time":1616408210000},{"elapsed_time":1339770,"segment":3,"interval":4,"start_time":1616408212000},{"elapsed_time":1341770,"segment":3,"interval":4,"start_time":1616408214000},{"elapsed_time":1343770,"segment":3,"interval":4,"start_time":1616408216000},{"elapsed_time":1345770,"segment":3,"interval":4,"start_time":1616408218000},{"elapsed_time":1347770,"segment":3,"interval":4,"start_time":1616408220000},{"elapsed_time":1349770,"segment":3,"interval":4,"start_time":1616408222000},{"elapsed_time":1351770,"segment":3,"interval":4,"start_time":1616408224000},{"elapsed_time":1354770,"segment":3,"interval":4,"start_time":1616408227000},{"elapsed_time":1356770,"segment":3,"interval":4,"start_time":1616408229000},{"elapsed_time":1358770,"segment":3,"interval":4,"start_time":1616408231000},{"elapsed_time":1360770,"segment":3,"interval":4,"start_time":1616408233000},{"elapsed_time":1363770,"segment":3,"interval":4,"start_time":1616408236000},{"elapsed_time":1366770,"segment":3,"interval":4,"start_time":1616408239000},{"elapsed_time":1369770,"segment":3,"interval":4,"start_time":1616408242000},{"elapsed_time":1372770,"segment":3,"interval":4,"start_time":1616408245000},{"elapsed_time":1374770,"segment":3,"interval":4,"start_time":1616408247000},{"elapsed_time":1376770,"segment":3,"interval":4,"start_time":1616408249000},{"elapsed_time":1378770,"segment":3,"interval":4,"start_time":1616408251000},{"elapsed_time":1380770,"segment":3,"interval":4,"start_time":1616408253000},{"elapsed_time":1382770,"segment":3,"interval":4,"start_time":1616408255000},{"elapsed_time":1384770,"segment":3,"interval":4,"start_time":1616408257000},{"elapsed_time":1386770,"segment":3,"interval":4,"start_time":1616408259000},{"elapsed_time":1388770,"segment":3,"interval":4,"start_time":1616408261000},{"elapsed_time":1390770,"segment":3,"interval":4,"start_time":1616408263000},{"elapsed_time":1392770,"segment":3,"interval":4,"start_time":1616408265000},{"elapsed_time":1394770,"segment":3,"interval":4,"start_time":1616408267000},{"elapsed_time":1396770,"segment":3,"interval":4,"start_time":1616408269000},{"elapsed_time":1398770,"segment":3,"interval":4,"start_time":1616408271000},{"elapsed_time":1400770,"segment":3,"interval":4,"start_time":1616408273000},{"elapsed_time":1402770,"segment":3,"interval":4,"start_time":1616408275000},{"elapsed_time":1404770,"segment":3,"interval":4,"start_time":1616408277000},{"elapsed_time":1406770,"segment":3,"interval":4,"start_time":1616408279000},{"elapsed_time":1408770,"segment":3,"interval":4,"start_time":1616408281000},{"elapsed_time":1410770,"segment":3,"interval":4,"start_time":1616408283000},{"elapsed_time":1412770,"segment":3,"interval":4,"start_time":1616408285000},{"elapsed_time":1414770,"segment":3,"interval":4,"start_time":1616408287000},{"elapsed_time":1416770,"segment":3,"interval":4,"start_time":1616408289000},{"elapsed_time":1418770,"segment":3,"interval":4,"start_time":1616408291000},{"elapsed_time":1420770,"segment":3,"interval":4,"start_time":1616408293000},{"elapsed_time":1422770,"segment":3,"interval":4,"start_time":1616408295000},{"elapsed_time":1424770,"segment":3,"interval":4,"start_time":1616408297000},{"elapsed_time":1426770,"segment":3,"interval":4,"start_time":1616408299000},{"elapsed_time":1428770,"segment":3,"interval":4,"start_time":1616408301000},{"elapsed_time":1430770,"segment":3,"interval":4,"start_time":1616408303000},{"elapsed_time":1432770,"segment":3,"interval":4,"start_time":1616408305000},{"elapsed_time":1434770,"segment":3,"interval":5,"start_time":1616408307000},{"elapsed_time":1436770,"segment":3,"interval":5,"start_time":1616408309000},{"elapsed_time":1438770,"segment":3,"interval":5,"start_time":1616408311000},{"elapsed_time":1440770,"segment":3,"interval":5,"start_time":1616408313000},{"elapsed_time":1442770,"segment":3,"interval":5,"start_time":1616408315000},{"elapsed_time":1444770,"segment":3,"interval":5,"start_time":1616408317000},{"elapsed_time":1446770,"segment":3,"interval":5,"start_time":1616408319000},{"elapsed_time":1448770,"segment":3,"interval":5,"start_time":1616408321000},{"elapsed_time":1451770,"segment":3,"interval":5,"start_time":1616408324000},{"elapsed_time":1453770,"segment":3,"interval":5,"start_time":1616408326000},{"elapsed_time":1455770,"segment":3,"interval":5,"start_time":1616408328000},{"elapsed_time":1457770,"segment":3,"interval":5,"start_time":1616408330000},{"elapsed_time":1459770,"segment":3,"interval":5,"start_time":1616408332000},{"elapsed_time":1461770,"segment":3,"interval":5,"start_time":1616408334000},{"elapsed_time":1463770,"segment":3,"interval":5,"start_time":1616408336000},{"elapsed_time":1465770,"segment":3,"interval":5,"start_time":1616408338000},{"elapsed_time":1467770,"segment":3,"interval":5,"start_time":1616408340000},{"elapsed_time":1469770,"segment":3,"interval":5,"start_time":1616408342000},{"elapsed_time":1472770,"segment":3,"interval":5,"start_time":1616408345000},{"elapsed_time":1474770,"segment":3,"interval":5,"start_time":1616408347000},{"elapsed_time":1476770,"segment":3,"interval":5,"start_time":1616408349000},{"elapsed_time":1478770,"segment":3,"interval":5,"start_time":1616408351000},{"elapsed_time":1480770,"segment":3,"interval":5,"start_time":1616408353000},{"elapsed_time":1482770,"segment":3,"interval":5,"start_time":1616408355000},{"elapsed_time":1484770,"segment":3,"interval":5,"start_time":1616408357000},{"elapsed_time":1486770,"segment":3,"interval":5,"start_time":1616408359000},{"elapsed_time":1488770,"segment":3,"interval":5,"start_time":1616408361000},{"elapsed_time":1490770,"segment":3,"interval":5,"start_time":1616408363000},{"elapsed_time":1492770,"segment":3,"interval":5,"start_time":1616408365000},{"elapsed_time":1494770,"segment":3,"interval":5,"start_time":1616408367000},{"elapsed_time":1496770,"segment":3,"interval":5,"start_time":1616408369000},{"elapsed_time":1499770,"segment":3,"interval":5,"start_time":1616408372000},{"elapsed_time":1501770,"segment":3,"interval":5,"start_time":1616408374000},{"elapsed_time":1503770,"segment":3,"interval":5,"start_time":1616408376000},{"elapsed_time":1505770,"segment":3,"interval":5,"start_time":1616408378000},{"elapsed_time":1507770,"segment":3,"interval":5,"start_time":1616408380000},{"elapsed_time":1509770,"segment":3,"interval":5,"start_time":1616408382000},{"elapsed_time":1511770,"segment":3,"interval":5,"start_time":1616408384000},{"elapsed_time":1513770,"segment":3,"interval":5,"start_time":1616408386000},{"elapsed_time":1515770,"segment":3,"interval":5,"start_time":1616408388000},{"elapsed_time":1517770,"segment":3,"interval":5,"start_time":1616408390000},{"elapsed_time":1519770,"segment":3,"interval":5,"start_time":1616408392000},{"elapsed_time":1521770,"segment":3,"interval":5,"start_time":1616408394000},{"elapsed_time":1523770,"segment":3,"interval":5,"start_time":1616408396000},{"elapsed_time":1525770,"segment":3,"interval":5,"start_time":1616408398000},{"elapsed_time":1527770,"segment":3,"interval":5,"start_time":1616408400000},{"elapsed_time":1529770,"segment":3,"interval":5,"start_time":1616408402000},{"elapsed_time":1531770,"segment":3,"interval":5,"start_time":1616408404000},{"elapsed_time":1534770,"segment":3,"interval":5,"start_time":1616408407000},{"elapsed_time":1537770,"segment":3,"interval":5,"start_time":1616408410000},{"elapsed_time":1539770,"segment":3,"interval":5,"start_time":1616408412000},{"elapsed_time":1541770,"segment":3,"interval":5,"start_time":1616408414000},{"elapsed_time":1544650,"segment":4,"interval":5,"start_time":1616408502000},{"elapsed_time":1547650,"segment":4,"interval":5,"start_time":1616408505000},{"elapsed_time":1549650,"segment":4,"interval":5,"start_time":1616408507000},{"elapsed_time":1551650,"segment":4,"interval":5,"start_time":1616408509000},{"elapsed_time":1553650,"segment":4,"interval":5,"start_time":1616408511000},{"elapsed_time":1555650,"segment":4,"interval":5,"start_time":1616408513000},{"elapsed_time":1557650,"segment":4,"interval":5,"start_time":1616408515000},{"elapsed_time":1559650,"segment":4,"interval":5,"start_time":1616408517000},{"elapsed_time":1561650,"segment":4,"interval":5,"start_time":1616408519000},{"elapsed_time":1563650,"segment":4,"interval":5,"start_time":1616408521000},{"elapsed_time":1565650,"segment":4,"interval":5,"start_time":1616408523000},{"elapsed_time":1567650,"segment":4,"interval":5,"start_time":1616408525000},{"elapsed_time":1569650,"segment":4,"interval":5,"start_time":1616408527000},{"elapsed_time":1571650,"segment":4,"interval":5,"start_time":1616408529000},{"elapsed_time":1573650,"segment":4,"interval":5,"start_time":1616408531000},{"elapsed_time":1575650,"segment":4,"interval":5,"start_time":1616408533000},{"elapsed_time":1578650,"segment":4,"interval":5,"start_time":1616408536000},{"elapsed_time":1581650,"segment":4,"interval":5,"start_time":1616408539000},{"elapsed_time":1583650,"segment":4,"interval":5,"start_time":1616408541000},{"elapsed_time":1585650,"segment":4,"interval":5,"start_time":1616408543000},{"elapsed_time":1588650,"segment":4,"interval":5,"start_time":1616408546000},{"elapsed_time":1591650,"segment":4,"interval":5,"start_time":1616408549000},{"elapsed_time":1593650,"segment":4,"interval":5,"start_time":1616408551000},{"elapsed_time":1595650,"segment":4,"interval":5,"start_time":1616408553000},{"elapsed_time":1597650,"segment":4,"interval":5,"start_time":1616408555000},{"elapsed_time":1599650,"segment":4,"interval":5,"start_time":1616408557000},{"elapsed_time":1601650,"segment":4,"interval":5,"start_time":1616408559000},{"elapsed_time":1603650,"segment":4,"interval":5,"start_time":1616408561000},{"elapsed_time":1605650,"segment":4,"interval":5,"start_time":1616408563000},{"elapsed_time":1607650,"segment":4,"interval":5,"start_time":1616408565000},{"elapsed_time":1609650,"segment":4,"interval":5,"start_time":1616408567000},{"elapsed_time":1611650,"segment":4,"interval":5,"start_time":1616408569000},{"elapsed_time":1613650,"segment":4,"interval":5,"start_time":1616408571000},{"elapsed_time":1615650,"segment":4,"interval":5,"start_time":1616408573000},{"elapsed_time":1617650,"segment":4,"interval":5,"start_time":1616408575000},{"elapsed_time":1620650,"segment":4,"interval":5,"start_time":1616408578000},{"elapsed_time":1622650,"segment":4,"interval":5,"start_time":1616408580000},{"elapsed_time":1624650,"segment":4,"interval":5,"start_time":1616408582000},{"elapsed_time":1626650,"segment":4,"interval":5,"start_time":1616408584000},{"elapsed_time":1628650,"segment":4,"interval":5,"start_time":1616408586000},{"elapsed_time":1630650,"segment":4,"interval":5,"start_time":1616408588000},{"elapsed_time":1632650,"segment":4,"interval":5,"start_time":1616408590000},{"elapsed_time":1634650,"segment":4,"interval":5,"start_time":1616408592000},{"elapsed_time":1636650,"segment":4,"interval":5,"start_time":1616408594000},{"elapsed_time":1638650,"segment":4,"interval":5,"start_time":1616408596000},{"elapsed_time":1640650,"segment":4,"interval":5,"start_time":1616408598000},{"elapsed_time":1642650,"segment":4,"interval":5,"start_time":1616408600000},{"elapsed_time":1644650,"segment":4,"interval":5,"start_time":1616408602000},{"elapsed_time":1646650,"segment":4,"interval":5,"start_time":1616408604000},{"elapsed_time":1648650,"segment":4,"interval":5,"start_time":1616408606000},{"elapsed_time":1650650,"segment":4,"interval":5,"start_time":1616408608000},{"elapsed_time":1652650,"segment":4,"interval":5,"start_time":1616408610000},{"elapsed_time":1655650,"segment":4,"interval":5,"start_time":1616408613000},{"elapsed_time":1657650,"segment":4,"interval":5,"start_time":1616408615000},{"elapsed_time":1659650,"segment":4,"interval":5,"start_time":1616408617000},{"elapsed_time":1661650,"segment":4,"interval":5,"start_time":1616408619000},{"elapsed_time":1663650,"segment":4,"interval":5,"start_time":1616408621000},{"elapsed_time":1665650,"segment":4,"interval":5,"start_time":1616408623000},{"elapsed_time":1667650,"segment":4,"interval":5,"start_time":1616408625000},{"elapsed_time":1669650,"segment":4,"interval":5,"start_time":1616408627000},{"elapsed_time":1671650,"segment":4,"interval":5,"start_time":1616408629000},{"elapsed_time":1673650,"segment":4,"interval":5,"start_time":1616408631000},{"elapsed_time":1675650,"segment":4,"interval":5,"start_time":1616408633000},{"elapsed_time":1677650,"segment":4,"interval":5,"start_time":1616408635000},{"elapsed_time":1679650,"segment":4,"interval":5,"start_time":1616408637000},{"elapsed_time":1681650,"segment":4,"interval":5,"start_time":1616408639000},{"elapsed_time":1683650,"segment":4,"interval":5,"start_time":1616408641000},{"elapsed_time":1685650,"segment":4,"interval":5,"start_time":1616408643000},{"elapsed_time":1687650,"segment":4,"interval":5,"start_time":1616408645000},{"elapsed_time":1689650,"segment":4,"interval":5,"start_time":1616408647000},{"elapsed_time":1691650,"segment":4,"interval":5,"start_time":1616408649000},{"elapsed_time":1693650,"segment":4,"interval":5,"start_time":1616408651000},{"elapsed_time":1695650,"segment":4,"interval":5,"start_time":1616408653000},{"elapsed_time":1697650,"segment":4,"interval":5,"start_time":1616408655000},{"elapsed_time":1700650,"segment":4,"interval":5,"start_time":1616408658000},{"elapsed_time":1702650,"segment":4,"interval":5,"start_time":1616408660000},{"elapsed_time":1704650,"segment":4,"interval":5,"start_time":1616408662000},{"elapsed_time":1706650,"segment":4,"interval":5,"start_time":1616408664000},{"elapsed_time":1708650,"segment":4,"interval":5,"start_time":1616408666000},{"elapsed_time":1710650,"segment":4,"interval":5,"start_time":1616408668000},{"elapsed_time":1712650,"segment":4,"interval":5,"start_time":1616408670000},{"elapsed_time":1714650,"segment":4,"interval":5,"start_time":1616408672000},{"elapsed_time":1716650,"segment":4,"interval":5,"start_time":1616408674000},{"elapsed_time":1718650,"segment":4,"interval":5,"start_time":1616408676000},{"elapsed_time":1720650,"segment":4,"interval":5,"start_time":1616408678000},{"elapsed_time":1722650,"segment":4,"interval":5,"start_time":1616408680000},{"elapsed_time":1724650,"segment":4,"interval":5,"start_time":1616408682000},{"elapsed_time":1726650,"segment":4,"interval":5,"start_time":1616408684000},{"elapsed_time":1729650,"segment":4,"interval":5,"start_time":1616408687000},{"elapsed_time":1731650,"segment":4,"interval":5,"start_time":1616408689000},{"elapsed_time":1734650,"segment":4,"interval":5,"start_time":1616408692000},{"elapsed_time":1736650,"segment":4,"interval":5,"start_time":1616408694000},{"elapsed_time":1738650,"segment":4,"interval":5,"start_time":1616408696000},{"elapsed_time":1741650,"segment":4,"interval":5,"start_time":1616408699000},{"elapsed_time":1743650,"segment":4,"interval":5,"start_time":1616408701000},{"elapsed_time":1745650,"segment":4,"interval":5,"start_time":1616408703000},{"elapsed_time":1747650,"segment":4,"interval":5,"start_time":1616408705000},{"elapsed_time":1749650,"segment":4,"interval":5,"start_time":1616408707000},{"elapsed_time":1751650,"segment":4,"interval":5,"start_time":1616408709000},{"elapsed_time":1754650,"segment":4,"interval":5,"start_time":1616408712000},{"elapsed_time":1756650,"segment":4,"interval":5,"start_time":1616408714000},{"elapsed_time":1758650,"segment":4,"interval":5,"start_time":1616408716000},{"elapsed_time":1760650,"segment":4,"interval":5,"start_time":1616408718000},{"elapsed_time":1762650,"segment":4,"interval":5,"start_time":1616408720000},{"elapsed_time":1764650,"segment":4,"interval":5,"start_time":1616408722000},{"elapsed_time":1766650,"segment":4,"interval":5,"start_time":1616408724000},{"elapsed_time":1768650,"segment":4,"interval":5,"start_time":1616408726000},{"elapsed_time":1770650,"segment":4,"interval":5,"start_time":1616408728000},{"elapsed_time":1772650,"segment":4,"interval":5,"start_time":1616408730000},{"elapsed_time":1774650,"segment":4,"interval":5,"start_time":1616408732000},{"elapsed_time":1778650,"segment":4,"interval":6,"start_time":1616408736000},{"elapsed_time":1780650,"segment":4,"interval":6,"start_time":1616408738000},{"elapsed_time":1782650,"segment":4,"interval":6,"start_time":1616408740000},{"elapsed_time":1784650,"segment":4,"interval":6,"start_time":1616408742000},{"elapsed_time":1786650,"segment":4,"interval":6,"start_time":1616408744000},{"elapsed_time":1788650,"segment":4,"interval":6,"start_time":1616408746000},{"elapsed_time":1790650,"segment":4,"interval":6,"start_time":1616408748000},{"elapsed_time":1792650,"segment":4,"interval":6,"start_time":1616408750000},{"elapsed_time":1794650,"segment":4,"interval":6,"start_time":1616408752000},{"elapsed_time":1797650,"segment":4,"interval":6,"start_time":1616408755000},{"elapsed_time":1799650,"segment":4,"interval":6,"start_time":1616408757000},{"elapsed_time":1801650,"segment":4,"interval":6,"start_time":1616408759000},{"elapsed_time":1803650,"segment":4,"interval":6,"start_time":1616408761000},{"elapsed_time":1805650,"segment":4,"interval":6,"start_time":1616408763000},{"elapsed_time":1807650,"segment":4,"interval":6,"start_time":1616408765000},{"elapsed_time":1809650,"segment":4,"interval":6,"start_time":1616408767000},{"elapsed_time":1812650,"segment":4,"interval":6,"start_time":1616408770000},{"elapsed_time":1815650,"segment":4,"interval":6,"start_time":1616408773000},{"elapsed_time":1817650,"segment":4,"interval":6,"start_time":1616408775000},{"elapsed_time":1819650,"segment":4,"interval":6,"start_time":1616408777000},{"elapsed_time":1821650,"segment":4,"interval":6,"start_time":1616408779000},{"elapsed_time":1823650,"segment":4,"interval":6,"start_time":1616408781000},{"elapsed_time":1825650,"segment":4,"interval":6,"start_time":1616408783000},{"elapsed_time":1827650,"segment":4,"interval":6,"start_time":1616408785000},{"elapsed_time":1829650,"segment":4,"interval":6,"start_time":1616408787000},{"elapsed_time":1831650,"segment":4,"interval":6,"start_time":1616408789000},{"elapsed_time":1833650,"segment":4,"interval":6,"start_time":1616408791000},{"elapsed_time":1835650,"segment":4,"interval":6,"start_time":1616408793000},{"elapsed_time":1837650,"segment":4,"interval":6,"start_time":1616408795000},{"elapsed_time":1839650,"segment":4,"interval":6,"start_time":1616408797000},{"elapsed_time":1841650,"segment":4,"interval":6,"start_time":1616408799000},{"elapsed_time":1843650,"segment":4,"interval":6,"start_time":1616408801000},{"elapsed_time":1846650,"segment":4,"interval":6,"start_time":1616408804000},{"elapsed_time":1848650,"segment":4,"interval":6,"start_time":1616408806000},{"elapsed_time":1850650,"segment":4,"interval":6,"start_time":1616408808000},{"elapsed_time":1852650,"segment":4,"interval":6,"start_time":1616408810000},{"elapsed_time":1854650,"segment":4,"interval":6,"start_time":1616408812000},{"elapsed_time":1856650,"segment":4,"interval":6,"start_time":1616408814000},{"elapsed_time":1858650,"segment":4,"interval":6,"start_time":1616408816000},{"elapsed_time":1860650,"segment":4,"interval":6,"start_time":1616408818000},{"elapsed_time":1862650,"segment":4,"interval":6,"start_time":1616408820000},{"elapsed_time":1864650,"segment":4,"interval":6,"start_time":1616408822000},{"elapsed_time":1866650,"segment":4,"interval":6,"start_time":1616408824000},{"elapsed_time":1868650,"segment":4,"interval":6,"start_time":1616408826000},{"elapsed_time":1870650,"segment":4,"interval":6,"start_time":1616408828000},{"elapsed_time":1872650,"segment":4,"interval":6,"start_time":1616408830000},{"elapsed_time":1874650,"segment":4,"interval":6,"start_time":1616408832000},{"elapsed_time":1876650,"segment":4,"interval":6,"start_time":1616408834000},{"elapsed_time":1878650,"segment":4,"interval":6,"start_time":1616408836000},{"elapsed_time":1880650,"segment":4,"interval":6,"start_time":1616408838000},{"elapsed_time":1882650,"segment":4,"interval":6,"start_time":1616408840000},{"elapsed_time":1884650,"segment":4,"interval":6,"start_time":1616408842000},{"elapsed_time":1886650,"segment":4,"interval":6,"start_time":1616408844000},{"elapsed_time":1888650,"segment":4,"interval":6,"start_time":1616408846000},{"elapsed_time":1890650,"segment":4,"interval":6,"start_time":1616408848000},{"elapsed_time":1892650,"segment":4,"interval":6,"start_time":1616408850000},{"elapsed_time":1894650,"segment":4,"interval":6,"start_time":1616408852000},{"elapsed_time":1896650,"segment":4,"interval":6,"start_time":1616408854000},{"elapsed_time":1898650,"segment":4,"interval":6,"start_time":1616408856000},{"elapsed_time":1900650,"segment":4,"interval":6,"start_time":1616408858000},{"elapsed_time":1902650,"segment":4,"interval":6,"start_time":1616408860000},{"elapsed_time":1905650,"segment":4,"interval":6,"start_time":1616408863000},{"elapsed_time":1909650,"segment":4,"interval":6,"start_time":1616408867000},{"elapsed_time":1911650,"segment":4,"interval":6,"start_time":1616408869000},{"elapsed_time":1913650,"segment":4,"interval":6,"start_time":1616408871000},{"elapsed_time":1915650,"segment":4,"interval":6,"start_time":1616408873000},{"elapsed_time":1917650,"segment":4,"interval":6,"start_time":1616408875000},{"elapsed_time":1919650,"segment":4,"interval":6,"start_time":1616408877000},{"elapsed_time":1921650,"segment":4,"interval":6,"start_time":1616408879000},{"elapsed_time":1923650,"segment":4,"interval":6,"start_time":1616408881000},{"elapsed_time":1925650,"segment":4,"interval":6,"start_time":1616408883000},{"elapsed_time":1927650,"segment":4,"interval":6,"start_time":1616408885000},{"elapsed_time":1930650,"segment":4,"interval":6,"start_time":1616408888000},{"elapsed_time":1932650,"segment":4,"interval":6,"start_time":1616408890000},{"elapsed_time":1934650,"segment":4,"interval":6,"start_time":1616408892000},{"elapsed_time":1937650,"segment":4,"interval":6,"start_time":1616408895000},{"elapsed_time":1939650,"segment":4,"interval":6,"start_time":1616408897000},{"elapsed_time":1941650,"segment":4,"interval":6,"start_time":1616408899000},{"elapsed_time":1943650,"segment":4,"interval":6,"start_time":1616408901000},{"elapsed_time":1945650,"segment":4,"interval":6,"start_time":1616408903000},{"elapsed_time":1947650,"segment":4,"interval":6,"start_time":1616408905000},{"elapsed_time":1949650,"segment":4,"interval":6,"start_time":1616408907000},{"elapsed_time":1951650,"segment":4,"interval":6,"start_time":1616408909000},{"elapsed_time":1953650,"segment":4,"interval":6,"start_time":1616408911000},{"elapsed_time":1955650,"segment":4,"interval":6,"start_time":1616408913000},{"elapsed_time":1957650,"segment":4,"interval":6,"start_time":1616408915000},{"elapsed_time":1959650,"segment":4,"interval":6,"start_time":1616408917000},{"elapsed_time":1962650,"segment":4,"interval":6,"start_time":1616408920000},{"elapsed_time":1964650,"segment":4,"interval":6,"start_time":1616408922000},{"elapsed_time":1966650,"segment":4,"interval":6,"start_time":1616408924000},{"elapsed_time":1969650,"segment":4,"interval":6,"start_time":1616408927000},{"elapsed_time":1972650,"segment":4,"interval":6,"start_time":1616408930000},{"elapsed_time":1975650,"segment":4,"interval":6,"start_time":1616408933000},{"elapsed_time":1978650,"segment":4,"interval":6,"start_time":1616408936000},{"elapsed_time":1981650,"segment":4,"interval":6,"start_time":1616408939000},{"elapsed_time":1983650,"segment":4,"interval":6,"start_time":1616408941000},{"elapsed_time":1985650,"segment":4,"interval":6,"start_time":1616408943000},{"elapsed_time":1987650,"segment":4,"interval":6,"start_time":1616408945000},{"elapsed_time":1989650,"segment":4,"interval":6,"start_time":1616408947000},{"elapsed_time":1991650,"segment":4,"interval":6,"start_time":1616408949000},{"elapsed_time":1993650,"segment":4,"interval":6,"start_time":1616408951000},{"elapsed_time":1995650,"segment":4,"interval":6,"start_time":1616408953000},{"elapsed_time":1997650,"segment":4,"interval":6,"start_time":1616408955000},{"elapsed_time":1999650,"segment":4,"interval":6,"start_time":1616408957000},{"elapsed_time":2001650,"segment":4,"interval":6,"start_time":1616408959000},{"elapsed_time":2003650,"segment":4,"interval":6,"start_time":1616408961000},{"elapsed_time":2005650,"segment":4,"interval":6,"start_time":1616408963000},{"elapsed_time":2007650,"segment":4,"interval":6,"start_time":1616408965000},{"elapsed_time":2009650,"segment":4,"interval":6,"start_time":1616408967000},{"elapsed_time":2011650,"segment":4,"interval":6,"start_time":1616408969000},{"elapsed_time":2013650,"segment":4,"interval":6,"start_time":1616408971000},{"elapsed_time":2015650,"segment":4,"interval":6,"start_time":1616408973000},{"elapsed_time":2017650,"segment":4,"interval":6,"start_time":1616408975000},{"elapsed_time":2019650,"segment":4,"interval":6,"start_time":1616408977000},{"elapsed_time":2021650,"segment":4,"interval":6,"start_time":1616408979000},{"elapsed_time":2024650,"segment":4,"interval":6,"start_time":1616408982000},{"elapsed_time":2026650,"segment":4,"interval":6,"start_time":1616408984000},{"elapsed_time":2028650,"segment":4,"interval":6,"start_time":1616408986000},{"elapsed_time":2030650,"segment":4,"interval":6,"start_time":1616408988000},{"elapsed_time":2032650,"segment":4,"interval":6,"start_time":1616408990000},{"elapsed_time":2034650,"segment":4,"interval":6,"start_time":1616408992000},{"elapsed_time":2036650,"segment":4,"interval":6,"start_time":1616408994000},{"elapsed_time":2038650,"segment":4,"interval":6,"start_time":1616408996000},{"elapsed_time":2041650,"segment":4,"interval":6,"start_time":1616408999000},{"elapsed_time":2043650,"segment":4,"interval":6,"start_time":1616409001000},{"elapsed_time":2045650,"segment":4,"interval":6,"start_time":1616409003000},{"elapsed_time":2047650,"segment":4,"interval":6,"start_time":1616409005000},{"elapsed_time":2049650,"segment":4,"interval":6,"start_time":1616409007000},{"elapsed_time":2051650,"segment":4,"interval":6,"start_time":1616409009000},{"elapsed_time":2054650,"segment":4,"interval":6,"start_time":1616409012000},{"elapsed_time":2057650,"segment":4,"interval":6,"start_time":1616409015000},{"elapsed_time":2060650,"segment":4,"interval":6,"start_time":1616409018000},{"elapsed_time":2063650,"segment":4,"interval":6,"start_time":1616409021000},{"elapsed_time":2067650,"segment":4,"interval":6,"start_time":1616409025000},{"elapsed_time":2069650,"segment":4,"interval":6,"start_time":1616409027000},{"elapsed_time":2072650,"segment":4,"interval":6,"start_time":1616409030000},{"elapsed_time":2074650,"segment":4,"interval":6,"start_time":1616409032000},{"elapsed_time":2076650,"segment":4,"interval":6,"start_time":1616409034000},{"elapsed_time":2078650,"segment":4,"interval":6,"start_time":1616409036000},{"elapsed_time":2080650,"segment":4,"interval":6,"start_time":1616409038000},{"elapsed_time":2082650,"segment":4,"interval":6,"start_time":1616409040000},{"elapsed_time":2084650,"segment":4,"interval":6,"start_time":1616409042000},{"elapsed_time":2086650,"segment":4,"interval":6,"start_time":1616409044000},{"elapsed_time":2088650,"segment":4,"interval":6,"start_time":1616409046000},{"elapsed_time":2090650,"segment":4,"interval":6,"start_time":1616409048000},{"elapsed_time":2093650,"segment":4,"interval":6,"start_time":1616409051000},{"elapsed_time":2096650,"segment":4,"interval":6,"start_time":1616409054000},{"elapsed_time":2098650,"segment":4,"interval":6,"start_time":1616409056000},{"elapsed_time":2100650,"segment":4,"interval":6,"start_time":1616409058000},{"elapsed_time":2103650,"segment":4,"interval":6,"start_time":1616409061000},{"elapsed_time":2105260,"segment":4,"interval":6,"start_time":1616409064510}]