[{"elapsed_time":0,"segment":0,"interval":1,"start_time":1608982032080},{"elapsed_time":447,"segment":0,"interval":1,"start_time":1608982032527},{"elapsed_time":1460,"segment":0,"interval":1,"start_time":1608982033540},{"elapsed_time":1499,"segment":0,"interval":1,"start_time":1608982033579},{"elapsed_time":10941,"segment":0,"interval":1,"start_time":1608982043021},{"elapsed_time":20946,"segment":0,"interval":1,"start_time":1608982053026},{"elapsed_time":30931,"segment":0,"interval":1,"start_time":1608982063011},{"elapsed_time":40934,"segment":0,"interval":1,"start_time":1608982073014},{"elapsed_time":42906,"segment":0,"interval":1,"start_time":1608982074986},{"elapsed_time":50926,"segment":0,"interval":1,"start_time":1608982083006},{"elapsed_time":58510,"segment":0,"interval":1,"start_time":1608982090590},{"elapsed_time":60942,"segment":0,"interval":1,"start_time":1608982093022},{"elapsed_time":70929,"segment":0,"interval":1,"start_time":1608982103009},{"elapsed_time":75004,"segment":0,"interval":1,"start_time":1608982107084},{"elapsed_time":80930,"segment":0,"interval":1,"start_time":1608982113010},{"elapsed_time":90932,"segment":0,"interval":1,"start_time":1608982123012},{"elapsed_time":95587,"segment":0,"interval":1,"start_time":1608982127667},{"elapsed_time":100929,"segment":0,"interval":1,"start_time":1608982133009},{"elapsed_time":109813,"segment":0,"interval":1,"start_time":1608982141893},{"elapsed_time":110930,"segment":0,"interval":1,"start_time":1608982143010},{"elapsed_time":113208,"segment":0,"interval":1,"start_time":1608982145288},{"elapsed_time":120210,"segment":0,"interval":1,"start_time":1608982152290},{"elapsed_time":120925,"segment":0,"interval":1,"start_time":1608982153005},{"elapsed_time":125790,"segment":0,"interval":1,"start_time":1608982157870},{"elapsed_time":130930,"segment":0,"interval":1,"start_time":1608982163010},{"elapsed_time":134212,"segment":0,"interval":1,"start_time":1608982166292},{"elapsed_time":140929,"segment":0,"interval":1,"start_time":1608982173009},{"elapsed_time":150248,"segment":0,"interval":1,"start_time":1608982182328},{"elapsed_time":150927,"segment":0,"interval":1,"start_time":1608982183007},{"elapsed_time":160928,"segment":0,"interval":1,"start_time":1608982193008},{"elapsed_time":168787,"segment":0,"interval":1,"start_time":1608982200867},{"elapsed_time":170926,"segment":0,"interval":1,"start_time":1608982203006},{"elapsed_time":180924,"segment":0,"interval":1,"start_time":1608982213004},{"elapsed_time":183793,"segment":0,"interval":1,"start_time":1608982215873},{"elapsed_time":185278,"segment":0,"interval":1,"start_time":1608982217358},{"elapsed_time":190925,"segment":0,"interval":1,"start_time":1608982223005},{"elapsed_time":199906,"segment":0,"interval":1,"start_time":1608982231986},{"elapsed_time":200924,"segment":0,"interval":1,"start_time":1608982233004},{"elapsed_time":210929,"segment":0,"interval":1,"start_time":1608982243009},{"elapsed_time":212304,"segment":0,"interval":1,"start_time":1608982244384},{"elapsed_time":220929,"segment":0,"interval":1,"start_time":1608982253009},{"elapsed_time":227508,"segment":0,"interval":1,"start_time":1608982259588},{"elapsed_time":230911,"segment":0,"interval":2,"start_time":1608982262991},{"elapsed_time":240933,"segment":0,"interval":2,"start_time":1608982273013},{"elapsed_time":244176,"segment":0,"interval":2,"start_time":1608982276256},{"elapsed_time":249377,"segment":0,"interval":2,"start_time":1608982281457},{"elapsed_time":250377,"segment":0,"interval":2,"start_time":1608982282457},{"elapsed_time":250927,"segment":0,"interval":2,"start_time":1608982283007},{"elapsed_time":255379,"segment":0,"interval":2,"start_time":1608982287459},{"elapsed_time":260917,"segment":0,"interval":2,"start_time":1608982292997},{"elapsed_time":261391,"segment":0,"interval":2,"start_time":1608982293471},{"elapsed_time":270932,"segment":0,"interval":2,"start_time":1608982303012},{"elapsed_time":276258,"segment":0,"interval":2,"start_time":1608982308338},{"elapsed_time":280923,"segment":0,"interval":2,"start_time":1608982313003},{"elapsed_time":290926,"segment":0,"interval":2,"start_time":1608982323006},{"elapsed_time":300927,"segment":0,"interval":2,"start_time":1608982333007},{"elapsed_time":310923,"segment":0,"interval":2,"start_time":1608982343003},{"elapsed_time":311109,"segment":0,"interval":2,"start_time":1608982343189},{"elapsed_time":320923,"segment":0,"interval":2,"start_time":1608982353003},{"elapsed_time":330926,"segment":0,"interval":2,"start_time":1608982363006},{"elapsed_time":340920,"segment":0,"interval":2,"start_time":1608982373000},{"elapsed_time":344662,"segment":0,"interval":2,"start_time":1608982376742},{"elapsed_time":350929,"segment":0,"interval":2,"start_time":1608982383009},{"elapsed_time":360923,"segment":0,"interval":2,"start_time":1608982393003},{"elapsed_time":370928,"segment":0,"interval":2,"start_time":1608982403008},{"elapsed_time":380475,"segment":0,"interval":2,"start_time":1608982412555},{"elapsed_time":380922,"segment":0,"interval":2,"start_time":1608982413002},{"elapsed_time":382918,"segment":0,"interval":2,"start_time":1608982414998},{"elapsed_time":390929,"segment":0,"interval":2,"start_time":1608982423009},{"elapsed_time":400938,"segment":0,"interval":2,"start_time":1608982433018},{"elapsed_time":409844,"segment":0,"interval":2,"start_time":1608982441924},{"elapsed_time":410929,"segment":0,"interval":2,"start_time":1608982443009},{"elapsed_time":420933,"segment":0,"interval":2,"start_time":1608982453013},{"elapsed_time":423911,"segment":0,"interval":2,"start_time":1608982455991},{"elapsed_time":430916,"segment":0,"interval":2,"start_time":1608982462996},{"elapsed_time":435302,"segment":0,"interval":2,"start_time":1608982467382},{"elapsed_time":440924,"segment":0,"interval":2,"start_time":1608982473004},{"elapsed_time":447732,"segment":0,"interval":2,"start_time":1608982479812},{"elapsed_time":450909,"segment":0,"interval":3,"start_time":1608982482989},{"elapsed_time":460932,"segment":0,"interval":3,"start_time":1608982493012},{"elapsed_time":463249,"segment":0,"interval":3,"start_time":1608982495329},{"elapsed_time":470919,"segment":0,"interval":3,"start_time":1608982502999},{"elapsed_time":480187,"segment":0,"interval":3,"start_time":1608982512267},{"elapsed_time":480928,"segment":0,"interval":3,"start_time":1608982513008},{"elapsed_time":490923,"segment":0,"interval":3,"start_time":1608982523003},{"elapsed_time":493556,"segment":0,"interval":3,"start_time":1608982525636},{"elapsed_time":500917,"segment":0,"interval":3,"start_time":1608982532997},{"elapsed_time":506337,"segment":0,"interval":3,"start_time":1608982538417},{"elapsed_time":510925,"segment":0,"interval":3,"start_time":1608982543005},{"elapsed_time":519771,"segment":0,"interval":3,"start_time":1608982551851},{"elapsed_time":520928,"segment":0,"interval":3,"start_time":1608982553008},{"elapsed_time":530912,"segment":0,"interval":3,"start_time":1608982562992},{"elapsed_time":533068,"segment":0,"interval":3,"start_time":1608982565148},{"elapsed_time":540922,"segment":0,"interval":3,"start_time":1608982573002},{"elapsed_time":548569,"segment":0,"interval":3,"start_time":1608982580649},{"elapsed_time":550924,"segment":0,"interval":3,"start_time":1608982583004},{"elapsed_time":560930,"segment":0,"interval":3,"start_time":1608982593010},{"elapsed_time":568208,"segment":0,"interval":3,"start_time":1608982600288},{"elapsed_time":570921,"segment":0,"interval":3,"start_time":1608982603001},{"elapsed_time":580924,"segment":0,"interval":3,"start_time":1608982613004},{"elapsed_time":585477,"segment":0,"interval":3,"start_time":1608982617557},{"elapsed_time":590941,"segment":0,"interval":3,"start_time":1608982623021},{"elapsed_time":600084,"segment":0,"interval":3,"start_time":1608982632164},{"elapsed_time":600925,"segment":0,"interval":4,"start_time":1608982633005},{"elapsed_time":610924,"segment":0,"interval":4,"start_time":1608982643004},{"elapsed_time":612985,"segment":0,"interval":4,"start_time":1608982645065},{"elapsed_time":620929,"segment":0,"interval":4,"start_time":1608982653009},{"elapsed_time":630927,"segment":0,"interval":4,"start_time":1608982663007},{"elapsed_time":640926,"segment":0,"interval":4,"start_time":1608982673006},{"elapsed_time":650924,"segment":0,"interval":4,"start_time":1608982683004},{"elapsed_time":660931,"segment":0,"interval":4,"start_time":1608982693011},{"elapsed_time":670936,"segment":0,"interval":4,"start_time":1608982703016},{"elapsed_time":680931,"segment":0,"interval":4,"start_time":1608982713011},{"elapsed_time":690921,"segment":0,"interval":4,"start_time":1608982723001},{"elapsed_time":700933,"segment":0,"interval":4,"start_time":1608982733013},{"elapsed_time":708319,"segment":0,"interval":4,"start_time":1608982740399},{"elapsed_time":710924,"segment":0,"interval":4,"start_time":1608982743004},{"elapsed_time":711822,"segment":0,"interval":4,"start_time":1608982743902},{"elapsed_time":720931,"segment":0,"interval":4,"start_time":1608982753011},{"elapsed_time":729468,"segment":0,"interval":4,"start_time":1608982761548},{"elapsed_time":730920,"segment":0,"interval":4,"start_time":1608982763000},{"elapsed_time":740921,"segment":0,"interval":4,"start_time":1608982773001},{"elapsed_time":750230,"segment":0,"interval":4,"start_time":1608982784030}]