[{"elapsed_time":0,"segment":0,"interval":1,"start_time":1607676557750},{"elapsed_time":16061,"segment":0,"interval":1,"start_time":1607676573811},{"elapsed_time":20068,"segment":0,"interval":1,"start_time":1607676577818},{"elapsed_time":20385,"segment":0,"interval":1,"start_time":1607676578135},{"elapsed_time":30078,"segment":0,"interval":1,"start_time":1607676587828},{"elapsed_time":30394,"segment":0,"interval":1,"start_time":1607676588144},{"elapsed_time":40092,"segment":0,"interval":1,"start_time":1607676597842},{"elapsed_time":50076,"segment":0,"interval":1,"start_time":1607676607826},{"elapsed_time":61085,"segment":0,"interval":1,"start_time":1607676618835},{"elapsed_time":66111,"segment":0,"interval":1,"start_time":1607676623861},{"elapsed_time":69435,"segment":0,"interval":1,"start_time":1607676627185},{"elapsed_time":70103,"segment":0,"interval":1,"start_time":1607676627853},{"elapsed_time":70437,"segment":0,"interval":1,"start_time":1607676628187},{"elapsed_time":80077,"segment":0,"interval":1,"start_time":1607676637827},{"elapsed_time":80534,"segment":0,"interval":1,"start_time":1607676638284},{"elapsed_time":86820,"segment":0,"interval":1,"start_time":1607676644570},{"elapsed_time":90066,"segment":0,"interval":1,"start_time":1607676647816},{"elapsed_time":95461,"segment":0,"interval":1,"start_time":1607676653211},{"elapsed_time":100077,"segment":0,"interval":1,"start_time":1607676657827},{"elapsed_time":100464,"segment":0,"interval":1,"start_time":1607676658214},{"elapsed_time":103655,"segment":0,"interval":1,"start_time":1607676661405},{"elapsed_time":110067,"segment":0,"interval":1,"start_time":1607676667817},{"elapsed_time":120060,"segment":0,"interval":1,"start_time":1607676677810},{"elapsed_time":122222,"segment":0,"interval":1,"start_time":1607676679972},{"elapsed_time":130073,"segment":0,"interval":1,"start_time":1607676687823},{"elapsed_time":139199,"segment":0,"interval":1,"start_time":1607676696949},{"elapsed_time":140064,"segment":0,"interval":1,"start_time":1607676697814},{"elapsed_time":150074,"segment":0,"interval":1,"start_time":1607676707824},{"elapsed_time":153336,"segment":0,"interval":1,"start_time":1607676711086},{"elapsed_time":161088,"segment":0,"interval":1,"start_time":1607676718838},{"elapsed_time":168525,"segment":0,"interval":1,"start_time":1607676726275},{"elapsed_time":171076,"segment":0,"interval":1,"start_time":1607676728826},{"elapsed_time":180078,"segment":0,"interval":1,"start_time":1607676737828},{"elapsed_time":185591,"segment":0,"interval":1,"start_time":1607676743341},{"elapsed_time":187550,"segment":0,"interval":1,"start_time":1607676745300},{"elapsed_time":190084,"segment":0,"interval":1,"start_time":1607676747834},{"elapsed_time":190551,"segment":0,"interval":1,"start_time":1607676748301},{"elapsed_time":200086,"segment":0,"interval":1,"start_time":1607676757836},{"elapsed_time":203646,"segment":0,"interval":1,"start_time":1607676761396},{"elapsed_time":210072,"segment":0,"interval":1,"start_time":1607676767822},{"elapsed_time":220074,"segment":0,"interval":1,"start_time":1607676777824},{"elapsed_time":226097,"segment":0,"interval":1,"start_time":1607676783847},{"elapsed_time":230051,"segment":0,"interval":2,"start_time":1607676787801},{"elapsed_time":240078,"segment":0,"interval":2,"start_time":1607676797828},{"elapsed_time":242101,"segment":0,"interval":2,"start_time":1607676799851},{"elapsed_time":250071,"segment":0,"interval":2,"start_time":1607676807821},{"elapsed_time":259517,"segment":0,"interval":2,"start_time":1607676817267},{"elapsed_time":261074,"segment":0,"interval":2,"start_time":1607676818824},{"elapsed_time":263624,"segment":0,"interval":2,"start_time":1607676821374},{"elapsed_time":270633,"segment":0,"interval":2,"start_time":1607676828383},{"elapsed_time":271076,"segment":0,"interval":2,"start_time":1607676828826},{"elapsed_time":274987,"segment":0,"interval":2,"start_time":1607676832737},{"elapsed_time":280085,"segment":0,"interval":2,"start_time":1607676837835},{"elapsed_time":280641,"segment":0,"interval":2,"start_time":1607676838391},{"elapsed_time":290071,"segment":0,"interval":2,"start_time":1607676847821},{"elapsed_time":292817,"segment":0,"interval":2,"start_time":1607676850567},{"elapsed_time":300080,"segment":0,"interval":2,"start_time":1607676857830},{"elapsed_time":307670,"segment":0,"interval":2,"start_time":1607676865420},{"elapsed_time":309429,"segment":0,"interval":2,"start_time":1607676867179},{"elapsed_time":310078,"segment":0,"interval":2,"start_time":1607676867828},{"elapsed_time":310674,"segment":0,"interval":2,"start_time":1607676868424},{"elapsed_time":320081,"segment":0,"interval":2,"start_time":1607676877831},{"elapsed_time":320680,"segment":0,"interval":2,"start_time":1607676878430},{"elapsed_time":327073,"segment":0,"interval":2,"start_time":1607676884823},{"elapsed_time":328892,"segment":0,"interval":2,"start_time":1607676886642},{"elapsed_time":330069,"segment":0,"interval":2,"start_time":1607676887819},{"elapsed_time":330691,"segment":0,"interval":2,"start_time":1607676888441},{"elapsed_time":340078,"segment":0,"interval":2,"start_time":1607676897828},{"elapsed_time":346718,"segment":0,"interval":2,"start_time":1607676904468},{"elapsed_time":350076,"segment":0,"interval":2,"start_time":1607676907826},{"elapsed_time":361072,"segment":0,"interval":2,"start_time":1607676918822},{"elapsed_time":364636,"segment":0,"interval":2,"start_time":1607676922386},{"elapsed_time":366726,"segment":0,"interval":2,"start_time":1607676924476},{"elapsed_time":370753,"segment":0,"interval":2,"start_time":1607676928503},{"elapsed_time":371077,"segment":0,"interval":2,"start_time":1607676928827},{"elapsed_time":380061,"segment":0,"interval":2,"start_time":1607676937811},{"elapsed_time":385489,"segment":0,"interval":2,"start_time":1607676943239},{"elapsed_time":390081,"segment":0,"interval":2,"start_time":1607676947831},{"elapsed_time":400080,"segment":0,"interval":2,"start_time":1607676957830},{"elapsed_time":404897,"segment":0,"interval":2,"start_time":1607676962647},{"elapsed_time":410074,"segment":0,"interval":3,"start_time":1607676967824},{"elapsed_time":410775,"segment":0,"interval":3,"start_time":1607676968525},{"elapsed_time":420073,"segment":0,"interval":3,"start_time":1607676977823},{"elapsed_time":420778,"segment":0,"interval":3,"start_time":1607676978528},{"elapsed_time":427745,"segment":0,"interval":3,"start_time":1607676985495},{"elapsed_time":430076,"segment":0,"interval":3,"start_time":1607676987826},{"elapsed_time":430789,"segment":0,"interval":3,"start_time":1607676988539},{"elapsed_time":440079,"segment":0,"interval":3,"start_time":1607676997829},{"elapsed_time":444861,"segment":0,"interval":3,"start_time":1607677002611},{"elapsed_time":450070,"segment":0,"interval":3,"start_time":1607677007820},{"elapsed_time":450806,"segment":0,"interval":3,"start_time":1607677008556},{"elapsed_time":460817,"segment":0,"interval":3,"start_time":1607677018567},{"elapsed_time":461076,"segment":0,"interval":3,"start_time":1607677018826},{"elapsed_time":470829,"segment":0,"interval":3,"start_time":1607677028579},{"elapsed_time":471069,"segment":0,"interval":3,"start_time":1607677028819},{"elapsed_time":480077,"segment":0,"interval":3,"start_time":1607677037827},{"elapsed_time":480837,"segment":0,"interval":3,"start_time":1607677038587},{"elapsed_time":490100,"segment":0,"interval":3,"start_time":1607677047850},{"elapsed_time":490846,"segment":0,"interval":3,"start_time":1607677048596},{"elapsed_time":500067,"segment":0,"interval":3,"start_time":1607677057817},{"elapsed_time":500856,"segment":0,"interval":3,"start_time":1607677058606},{"elapsed_time":510095,"segment":0,"interval":3,"start_time":1607677067845},{"elapsed_time":520067,"segment":0,"interval":3,"start_time":1607677077817},{"elapsed_time":529886,"segment":0,"interval":3,"start_time":1607677087636},{"elapsed_time":530073,"segment":0,"interval":3,"start_time":1607677087823},{"elapsed_time":530898,"segment":0,"interval":3,"start_time":1607677088648},{"elapsed_time":534580,"segment":0,"interval":3,"start_time":1607677092330},{"elapsed_time":540066,"segment":0,"interval":3,"start_time":1607677097816},{"elapsed_time":550064,"segment":0,"interval":3,"start_time":1607677107814},{"elapsed_time":554920,"segment":0,"interval":3,"start_time":1607677112670},{"elapsed_time":561072,"segment":0,"interval":3,"start_time":1607677118822},{"elapsed_time":571077,"segment":0,"interval":3,"start_time":1607677128827},{"elapsed_time":575929,"segment":0,"interval":3,"start_time":1607677133679},{"elapsed_time":579399,"segment":0,"interval":3,"start_time":1607677137149},{"elapsed_time":580074,"segment":0,"interval":3,"start_time":1607677137824},{"elapsed_time":585938,"segment":0,"interval":3,"start_time":1607677143688},{"elapsed_time":590083,"segment":0,"interval":3,"start_time":1607677147833},{"elapsed_time":595948,"segment":0,"interval":3,"start_time":1607677153698},{"elapsed_time":600076,"segment":0,"interval":3,"start_time":1607677157826},{"elapsed_time":600924,"segment":0,"interval":3,"start_time":1607677158674},{"elapsed_time":600955,"segment":0,"interval":3,"start_time":1607677158705},{"elapsed_time":610071,"segment":0,"interval":3,"start_time":1607677167821},{"elapsed_time":610964,"segment":0,"interval":3,"start_time":1607677168714},{"elapsed_time":620074,"segment":0,"interval":3,"start_time":1607677177824},{"elapsed_time":624582,"segment":0,"interval":3,"start_time":1607677182332},{"elapsed_time":630073,"segment":0,"interval":3,"start_time":1607677187823},{"elapsed_time":639993,"segment":0,"interval":3,"start_time":1607677197743},{"elapsed_time":640075,"segment":0,"interval":3,"start_time":1607677197825},{"elapsed_time":640994,"segment":0,"interval":3,"start_time":1607677198744},{"elapsed_time":649572,"segment":0,"interval":3,"start_time":1607677207322},{"elapsed_time":650001,"segment":0,"interval":3,"start_time":1607677207751},{"elapsed_time":650079,"segment":0,"interval":3,"start_time":1607677207829},{"elapsed_time":660011,"segment":0,"interval":3,"start_time":1607677217761},{"elapsed_time":661075,"segment":0,"interval":3,"start_time":1607677218825},{"elapsed_time":670021,"segment":0,"interval":3,"start_time":1607677227771},{"elapsed_time":671070,"segment":0,"interval":3,"start_time":1607677228820},{"elapsed_time":673045,"segment":0,"interval":3,"start_time":1607677230795},{"elapsed_time":680031,"segment":0,"interval":3,"start_time":1607677237781},{"elapsed_time":680075,"segment":0,"interval":3,"start_time":1607677237825},{"elapsed_time":690077,"segment":0,"interval":3,"start_time":1607677247827},{"elapsed_time":700077,"segment":0,"interval":3,"start_time":1607677257827},{"elapsed_time":709060,"segment":0,"interval":3,"start_time":1607677266810},{"elapsed_time":709355,"segment":0,"interval":3,"start_time":1607677267105},{"elapsed_time":710061,"segment":0,"interval":3,"start_time":1607677267811},{"elapsed_time":710080,"segment":0,"interval":3,"start_time":1607677267830},{"elapsed_time":720078,"segment":0,"interval":3,"start_time":1607677277828},{"elapsed_time":720088,"segment":0,"interval":3,"start_time":1607677277838},{"elapsed_time":730080,"segment":0,"interval":3,"start_time":1607677287830},{"elapsed_time":730082,"segment":0,"interval":3,"start_time":1607677287832},{"elapsed_time":734212,"segment":0,"interval":3,"start_time":1607677291962},{"elapsed_time":740075,"segment":0,"interval":4,"start_time":1607677297825},{"elapsed_time":740089,"segment":0,"interval":4,"start_time":1607677297839},{"elapsed_time":750086,"segment":0,"interval":4,"start_time":1607677307836},{"elapsed_time":755105,"segment":0,"interval":4,"start_time":1607677312855},{"elapsed_time":759362,"segment":0,"interval":4,"start_time":1607677317112},{"elapsed_time":760109,"segment":0,"interval":4,"start_time":1607677317859},{"elapsed_time":761072,"segment":0,"interval":4,"start_time":1607677318822},{"elapsed_time":771070,"segment":0,"interval":4,"start_time":1607677328820},{"elapsed_time":771120,"segment":0,"interval":4,"start_time":1607677328870},{"elapsed_time":780091,"segment":0,"interval":4,"start_time":1607677337841},{"elapsed_time":780128,"segment":0,"interval":4,"start_time":1607677337878},{"elapsed_time":787819,"segment":0,"interval":4,"start_time":1607677345569},{"elapsed_time":790080,"segment":0,"interval":4,"start_time":1607677347830},{"elapsed_time":790138,"segment":0,"interval":4,"start_time":1607677347888},{"elapsed_time":793344,"segment":0,"interval":4,"start_time":1607677351094},{"elapsed_time":800079,"segment":0,"interval":4,"start_time":1607677357829},{"elapsed_time":803151,"segment":0,"interval":4,"start_time":1607677360901},{"elapsed_time":810078,"segment":0,"interval":4,"start_time":1607677367828},{"elapsed_time":816587,"segment":0,"interval":4,"start_time":1607677374337},{"elapsed_time":820080,"segment":0,"interval":4,"start_time":1607677377830},{"elapsed_time":830068,"segment":0,"interval":4,"start_time":1607677387818},{"elapsed_time":840069,"segment":0,"interval":4,"start_time":1607677397819},{"elapsed_time":842321,"segment":0,"interval":4,"start_time":1607677400071},{"elapsed_time":850067,"segment":0,"interval":4,"start_time":1607677407817},{"elapsed_time":861070,"segment":0,"interval":4,"start_time":1607677418820},{"elapsed_time":864533,"segment":0,"interval":4,"start_time":1607677422283},{"elapsed_time":865211,"segment":0,"interval":4,"start_time":1607677422961},{"elapsed_time":871067,"segment":0,"interval":4,"start_time":1607677428817},{"elapsed_time":880071,"segment":0,"interval":4,"start_time":1607677437821},{"elapsed_time":884972,"segment":0,"interval":4,"start_time":1607677442722},{"elapsed_time":890078,"segment":0,"interval":4,"start_time":1607677447828},{"elapsed_time":900079,"segment":0,"interval":4,"start_time":1607677457829},{"elapsed_time":904356,"segment":0,"interval":4,"start_time":1607677462106},{"elapsed_time":910073,"segment":0,"interval":4,"start_time":1607677467823},{"elapsed_time":920078,"segment":0,"interval":4,"start_time":1607677477828},{"elapsed_time":925286,"segment":0,"interval":4,"start_time":1607677483036},{"elapsed_time":930072,"segment":0,"interval":4,"start_time":1607677487822},{"elapsed_time":940069,"segment":0,"interval":4,"start_time":1607677497819},{"elapsed_time":946291,"segment":0,"interval":4,"start_time":1607677504041},{"elapsed_time":948558,"segment":0,"interval":4,"start_time":1607677506308},{"elapsed_time":950296,"segment":0,"interval":4,"start_time":1607677508046},{"elapsed_time":951074,"segment":0,"interval":4,"start_time":1607677508824},{"elapsed_time":960305,"segment":0,"interval":4,"start_time":1607677518055},{"elapsed_time":961080,"segment":0,"interval":4,"start_time":1607677518830},{"elapsed_time":971048,"segment":0,"interval":4,"start_time":1607677528798},{"elapsed_time":973800,"segment":0,"interval":4,"start_time":1607677531550},{"elapsed_time":977320,"segment":0,"interval":5,"start_time":1607677535070},{"elapsed_time":980067,"segment":0,"interval":5,"start_time":1607677537817},{"elapsed_time":980324,"segment":0,"interval":5,"start_time":1607677538074},{"elapsed_time":990086,"segment":0,"interval":5,"start_time":1607677547836},{"elapsed_time":990373,"segment":0,"interval":5,"start_time":1607677548123},{"elapsed_time":1000093,"segment":0,"interval":5,"start_time":1607677557843},{"elapsed_time":1010072,"segment":0,"interval":5,"start_time":1607677567822},{"elapsed_time":1020081,"segment":0,"interval":5,"start_time":1607677577831},{"elapsed_time":1030072,"segment":0,"interval":5,"start_time":1607677587822},{"elapsed_time":1040077,"segment":0,"interval":5,"start_time":1607677597827},{"elapsed_time":1051077,"segment":0,"interval":5,"start_time":1607677608827},{"elapsed_time":1061084,"segment":0,"interval":5,"start_time":1607677618834},{"elapsed_time":1070080,"segment":0,"interval":5,"start_time":1607677627830},{"elapsed_time":1080053,"segment":0,"interval":5,"start_time":1607677637803},{"elapsed_time":1090055,"segment":0,"interval":5,"start_time":1607677647805},{"elapsed_time":1104035,"segment":0,"interval":5,"start_time":1607677661785},{"elapsed_time":1183523,"segment":0,"interval":5,"start_time":1607677741273},{"elapsed_time":1190529,"segment":0,"interval":5,"start_time":1607677748279},{"elapsed_time":1200539,"segment":0,"interval":5,"start_time":1607677758289},{"elapsed_time":1210549,"segment":0,"interval":5,"start_time":1607677768299},{"elapsed_time":1220560,"segment":0,"interval":5,"start_time":1607677778310},{"elapsed_time":1235573,"segment":0,"interval":5,"start_time":1607677793323},{"elapsed_time":1257594,"segment":0,"interval":5,"start_time":1607677815344},{"elapsed_time":1260599,"segment":0,"interval":5,"start_time":1607677818349},{"elapsed_time":1281638,"segment":0,"interval":5,"start_time":1607677839388},{"elapsed_time":1338674,"segment":0,"interval":5,"start_time":1607677896424},{"elapsed_time":1340676,"segment":0,"interval":5,"start_time":1607677898426},{"elapsed_time":1416071,"segment":0,"interval":5,"start_time":1607677973821},{"elapsed_time":1420062,"segment":0,"interval":5,"start_time":1607677977812},{"elapsed_time":1430062,"segment":0,"interval":5,"start_time":1607677987812},{"elapsed_time":1440072,"segment":0,"interval":5,"start_time":1607677997822},{"elapsed_time":1451065,"segment":0,"interval":5,"start_time":1607678008815},{"elapsed_time":1461061,"segment":0,"interval":5,"start_time":1607678018811},{"elapsed_time":1470072,"segment":0,"interval":5,"start_time":1607678027822},{"elapsed_time":1474002,"segment":0,"interval":5,"start_time":1607678031752},{"elapsed_time":1474808,"segment":0,"interval":5,"start_time":1607678032558},{"elapsed_time":1480054,"segment":0,"interval":5,"start_time":1607678037804},{"elapsed_time":1480814,"segment":0,"interval":5,"start_time":1607678038564},{"elapsed_time":1490079,"segment":0,"interval":5,"start_time":1607678047829},{"elapsed_time":1498375,"segment":0,"interval":5,"start_time":1607678056125},{"elapsed_time":1499832,"segment":0,"interval":5,"start_time":1607678057582},{"elapsed_time":1500074,"segment":0,"interval":5,"start_time":1607678057824},{"elapsed_time":1500834,"segment":0,"interval":5,"start_time":1607678058584},{"elapsed_time":1510067,"segment":0,"interval":5,"start_time":1607678067817},{"elapsed_time":1510843,"segment":0,"interval":5,"start_time":1607678068593},{"elapsed_time":1520072,"segment":0,"interval":5,"start_time":1607678077822},{"elapsed_time":1520104,"segment":0,"interval":5,"start_time":1607678077854},{"elapsed_time":1520853,"segment":0,"interval":5,"start_time":1607678078603},{"elapsed_time":1530067,"segment":0,"interval":5,"start_time":1607678087817},{"elapsed_time":1530871,"segment":0,"interval":5,"start_time":1607678088621},{"elapsed_time":1540061,"segment":0,"interval":5,"start_time":1607678097811},{"elapsed_time":1540872,"segment":0,"interval":5,"start_time":1607678098622},{"elapsed_time":1550883,"segment":0,"interval":5,"start_time":1607678108633},{"elapsed_time":1551064,"segment":0,"interval":5,"start_time":1607678108814},{"elapsed_time":1551694,"segment":0,"interval":5,"start_time":1607678109444},{"elapsed_time":1560891,"segment":0,"interval":5,"start_time":1607678118641},{"elapsed_time":1561072,"segment":0,"interval":5,"start_time":1607678118822},{"elapsed_time":1570062,"segment":0,"interval":5,"start_time":1607678127812},{"elapsed_time":1570901,"segment":0,"interval":5,"start_time":1607678128651},{"elapsed_time":1578089,"segment":0,"interval":5,"start_time":1607678135839},{"elapsed_time":1580060,"segment":0,"interval":5,"start_time":1607678137810},{"elapsed_time":1580911,"segment":0,"interval":5,"start_time":1607678138661},{"elapsed_time":1590075,"segment":0,"interval":5,"start_time":1607678147825},{"elapsed_time":1590921,"segment":0,"interval":5,"start_time":1607678148671},{"elapsed_time":1600056,"segment":0,"interval":5,"start_time":1607678157806},{"elapsed_time":1600930,"segment":0,"interval":5,"start_time":1607678158680},{"elapsed_time":1610062,"segment":0,"interval":5,"start_time":1607678167812},{"elapsed_time":1620066,"segment":0,"interval":5,"start_time":1607678177816},{"elapsed_time":1630063,"segment":0,"interval":5,"start_time":1607678187813},{"elapsed_time":1636968,"segment":0,"interval":5,"start_time":1607678194718},{"elapsed_time":1640097,"segment":0,"interval":5,"start_time":1607678197847},{"elapsed_time":1640968,"segment":0,"interval":5,"start_time":1607678198718},{"elapsed_time":1651050,"segment":0,"interval":5,"start_time":1607678208800},{"elapsed_time":1661110,"segment":0,"interval":5,"start_time":1607678218860},{"elapsed_time":1671039,"segment":0,"interval":5,"start_time":1607678228789},{"elapsed_time":1698026,"segment":0,"interval":5,"start_time":1607678255776},{"elapsed_time":1700027,"segment":0,"interval":5,"start_time":1607678257777},{"elapsed_time":1740065,"segment":0,"interval":5,"start_time":1607678297815},{"elapsed_time":1750074,"segment":0,"interval":5,"start_time":1607678307824},{"elapsed_time":1777104,"segment":0,"interval":5,"start_time":1607678334854},{"elapsed_time":1780103,"segment":0,"interval":5,"start_time":1607678337853},{"elapsed_time":1790113,"segment":0,"interval":5,"start_time":1607678347863},{"elapsed_time":1800123,"segment":0,"interval":5,"start_time":1607678357873},{"elapsed_time":1810134,"segment":0,"interval":5,"start_time":1607678367884},{"elapsed_time":1820143,"segment":0,"interval":5,"start_time":1607678377893},{"elapsed_time":1830153,"segment":0,"interval":5,"start_time":1607678387903},{"elapsed_time":1831155,"segment":0,"interval":5,"start_time":1607678388905},{"elapsed_time":1873216,"segment":0,"interval":5,"start_time":1607678430966},{"elapsed_time":1889213,"segment":0,"interval":5,"start_time":1607678446963},{"elapsed_time":1890214,"segment":0,"interval":5,"start_time":1607678447964},{"elapsed_time":1912235,"segment":0,"interval":5,"start_time":1607678469985},{"elapsed_time":1920242,"segment":0,"interval":5,"start_time":1607678477992},{"elapsed_time":1930252,"segment":0,"interval":5,"start_time":1607678488002},{"elapsed_time":1940262,"segment":0,"interval":5,"start_time":1607678498012},{"elapsed_time":1950272,"segment":0,"interval":5,"start_time":1607678508022},{"elapsed_time":1960279,"segment":0,"interval":5,"start_time":1607678518029},{"elapsed_time":1970291,"segment":0,"interval":5,"start_time":1607678528041},{"elapsed_time":1980305,"segment":0,"interval":5,"start_time":1607678538055},{"elapsed_time":1990338,"segment":0,"interval":5,"start_time":1607678548088},{"elapsed_time":2000320,"segment":0,"interval":5,"start_time":1607678558070},{"elapsed_time":2010328,"segment":0,"interval":5,"start_time":1607678568078},{"elapsed_time":2020341,"segment":0,"interval":5,"start_time":1607678578091},{"elapsed_time":2035355,"segment":0,"interval":5,"start_time":1607678593105},{"elapsed_time":2040361,"segment":0,"interval":5,"start_time":1607678598111},{"elapsed_time":2050372,"segment":0,"interval":5,"start_time":1607678608122},{"elapsed_time":2073396,"segment":0,"interval":5,"start_time":1607678631146},{"elapsed_time":2104424,"segment":0,"interval":5,"start_time":1607678662174},{"elapsed_time":2110427,"segment":0,"interval":5,"start_time":1607678668177},{"elapsed_time":2120437,"segment":0,"interval":5,"start_time":1607678678187},{"elapsed_time":2140869,"segment":0,"interval":5,"start_time":1607678698619},{"elapsed_time":2143488,"segment":0,"interval":5,"start_time":1607678701238},{"elapsed_time":2153469,"segment":0,"interval":5,"start_time":1607678711219},{"elapsed_time":2160478,"segment":0,"interval":5,"start_time":1607678718228},{"elapsed_time":2176491,"segment":0,"interval":5,"start_time":1607678734241},{"elapsed_time":2180494,"segment":0,"interval":5,"start_time":1607678738244},{"elapsed_time":2190505,"segment":0,"interval":5,"start_time":1607678748255},{"elapsed_time":2200515,"segment":0,"interval":5,"start_time":1607678758265},{"elapsed_time":2210525,"segment":0,"interval":5,"start_time":1607678768275},{"elapsed_time":2220535,"segment":0,"interval":5,"start_time":1607678778285},{"elapsed_time":2230545,"segment":0,"interval":5,"start_time":1607678788295},{"elapsed_time":2242556,"segment":0,"interval":5,"start_time":1607678800306},{"elapsed_time":2285600,"segment":0,"interval":5,"start_time":1607678843350},{"elapsed_time":2300053,"segment":0,"interval":5,"start_time":1607678857803},{"elapsed_time":2308620,"segment":0,"interval":5,"start_time":1607678866370},{"elapsed_time":2310054,"segment":0,"interval":5,"start_time":1607678867804},{"elapsed_time":2310634,"segment":0,"interval":5,"start_time":1607678868384},{"elapsed_time":2321576,"segment":1,"interval":5,"start_time":1607679080526},{"elapsed_time":2324633,"segment":1,"interval":5,"start_time":1607679083583},{"elapsed_time":2324815,"segment":1,"interval":5,"start_time":1607679083765},{"elapsed_time":2330639,"segment":1,"interval":5,"start_time":1607679089589},{"elapsed_time":2334848,"segment":1,"interval":5,"start_time":1607679093798},{"elapsed_time":2340649,"segment":1,"interval":5,"start_time":1607679099599},{"elapsed_time":2343499,"segment":1,"interval":5,"start_time":1607679102449},{"elapsed_time":2343859,"segment":1,"interval":5,"start_time":1607679102809},{"elapsed_time":2350477,"segment":1,"interval":5,"start_time":1607679109427},{"elapsed_time":2350658,"segment":1,"interval":5,"start_time":1607679109608},{"elapsed_time":2353863,"segment":1,"interval":5,"start_time":1607679112813},{"elapsed_time":2360668,"segment":1,"interval":5,"start_time":1607679119618},{"elapsed_time":2363863,"segment":1,"interval":5,"start_time":1607679122813},{"elapsed_time":2364713,"segment":1,"interval":5,"start_time":1607679123663},{"elapsed_time":2370678,"segment":1,"interval":5,"start_time":1607679129628},{"elapsed_time":2373864,"segment":1,"interval":5,"start_time":1607679132814},{"elapsed_time":2380688,"segment":1,"interval":5,"start_time":1607679139638},{"elapsed_time":2383869,"segment":1,"interval":5,"start_time":1607679142819},{"elapsed_time":2387125,"segment":1,"interval":5,"start_time":1607679146075},{"elapsed_time":2390698,"segment":1,"interval":6,"start_time":1607679149648},{"elapsed_time":2393857,"segment":1,"interval":6,"start_time":1607679152807},{"elapsed_time":2400708,"segment":1,"interval":6,"start_time":1607679159658},{"elapsed_time":2403854,"segment":1,"interval":6,"start_time":1607679162804},{"elapsed_time":2410717,"segment":1,"interval":6,"start_time":1607679169667},{"elapsed_time":2413847,"segment":1,"interval":6,"start_time":1607679172797},{"elapsed_time":2415918,"segment":1,"interval":6,"start_time":1607679174868},{"elapsed_time":2420728,"segment":1,"interval":6,"start_time":1607679179678},{"elapsed_time":2424856,"segment":1,"interval":6,"start_time":1607679183806},{"elapsed_time":2430736,"segment":1,"interval":6,"start_time":1607679189686},{"elapsed_time":2430966,"segment":1,"interval":6,"start_time":1607679189916},{"elapsed_time":2434867,"segment":1,"interval":6,"start_time":1607679193817},{"elapsed_time":2440746,"segment":1,"interval":6,"start_time":1607679199696},{"elapsed_time":2443883,"segment":1,"interval":6,"start_time":1607679202833},{"elapsed_time":2453875,"segment":1,"interval":6,"start_time":1607679212825},{"elapsed_time":2455650,"segment":1,"interval":6,"start_time":1607679214600},{"elapsed_time":2463772,"segment":1,"interval":6,"start_time":1607679222722},{"elapsed_time":2463878,"segment":1,"interval":6,"start_time":1607679222828},{"elapsed_time":2470776,"segment":1,"interval":6,"start_time":1607679229726},{"elapsed_time":2473772,"segment":1,"interval":6,"start_time":1607679232722},{"elapsed_time":2473863,"segment":1,"interval":6,"start_time":1607679232813},{"elapsed_time":2483858,"segment":1,"interval":6,"start_time":1607679242808},{"elapsed_time":2490677,"segment":1,"interval":6,"start_time":1607679249627},{"elapsed_time":2490797,"segment":1,"interval":6,"start_time":1607679249747},{"elapsed_time":2493868,"segment":1,"interval":6,"start_time":1607679252818},{"elapsed_time":2500807,"segment":1,"interval":6,"start_time":1607679259757},{"elapsed_time":2503869,"segment":1,"interval":6,"start_time":1607679262819},{"elapsed_time":2506520,"segment":1,"interval":6,"start_time":1607679265470},{"elapsed_time":2510816,"segment":1,"interval":6,"start_time":1607679269766},{"elapsed_time":2513862,"segment":1,"interval":6,"start_time":1607679272812},{"elapsed_time":2520825,"segment":1,"interval":6,"start_time":1607679279775},{"elapsed_time":2522540,"segment":1,"interval":6,"start_time":1607679281490},{"elapsed_time":2524859,"segment":1,"interval":6,"start_time":1607679283809},{"elapsed_time":2530835,"segment":1,"interval":6,"start_time":1607679289785},{"elapsed_time":2534860,"segment":1,"interval":6,"start_time":1607679293810},{"elapsed_time":2538514,"segment":1,"interval":6,"start_time":1607679297464},{"elapsed_time":2540845,"segment":1,"interval":6,"start_time":1607679299795},{"elapsed_time":2543866,"segment":1,"interval":6,"start_time":1607679302816},{"elapsed_time":2550855,"segment":1,"interval":6,"start_time":1607679309805},{"elapsed_time":2551849,"segment":1,"interval":6,"start_time":1607679310799},{"elapsed_time":2553874,"segment":1,"interval":6,"start_time":1607679312824},{"elapsed_time":2560865,"segment":1,"interval":6,"start_time":1607679319815},{"elapsed_time":2562513,"segment":1,"interval":6,"start_time":1607679321463},{"elapsed_time":2563876,"segment":1,"interval":7,"start_time":1607679322826},{"elapsed_time":2572173,"segment":1,"interval":7,"start_time":1607679331123},{"elapsed_time":2573859,"segment":1,"interval":7,"start_time":1607679332809},{"elapsed_time":2576880,"segment":1,"interval":7,"start_time":1607679335830},{"elapsed_time":2580884,"segment":1,"interval":7,"start_time":1607679339834},{"elapsed_time":2582291,"segment":1,"interval":7,"start_time":1607679341241},{"elapsed_time":2583872,"segment":1,"interval":7,"start_time":1607679342822},{"elapsed_time":2590894,"segment":1,"interval":7,"start_time":1607679349844},{"elapsed_time":2593864,"segment":1,"interval":7,"start_time":1607679352814},{"elapsed_time":2594037,"segment":1,"interval":7,"start_time":1607679352987},{"elapsed_time":2600904,"segment":1,"interval":7,"start_time":1607679359854},{"elapsed_time":2603865,"segment":1,"interval":7,"start_time":1607679362815},{"elapsed_time":2606237,"segment":1,"interval":7,"start_time":1607679365187},{"elapsed_time":2610913,"segment":1,"interval":7,"start_time":1607679369863},{"elapsed_time":2611444,"segment":1,"interval":7,"start_time":1607679370394},{"elapsed_time":2613866,"segment":1,"interval":7,"start_time":1607679372816},{"elapsed_time":2620923,"segment":1,"interval":7,"start_time":1607679379873},{"elapsed_time":2624859,"segment":1,"interval":7,"start_time":1607679383809},{"elapsed_time":2630933,"segment":1,"interval":7,"start_time":1607679389883},{"elapsed_time":2634863,"segment":1,"interval":7,"start_time":1607679393813},{"elapsed_time":2643866,"segment":1,"interval":7,"start_time":1607679402816},{"elapsed_time":2653390,"segment":1,"interval":7,"start_time":1607679412340},{"elapsed_time":2653877,"segment":1,"interval":7,"start_time":1607679412827},{"elapsed_time":2663869,"segment":1,"interval":7,"start_time":1607679422819},{"elapsed_time":2673859,"segment":1,"interval":7,"start_time":1607679432809},{"elapsed_time":2683864,"segment":1,"interval":7,"start_time":1607679442814},{"elapsed_time":2685814,"segment":1,"interval":7,"start_time":1607679444764},{"elapsed_time":2693869,"segment":1,"interval":7,"start_time":1607679452819},{"elapsed_time":2699000,"segment":1,"interval":7,"start_time":1607679457950},{"elapsed_time":2700000,"segment":1,"interval":7,"start_time":1607679458950},{"elapsed_time":2703868,"segment":1,"interval":7,"start_time":1607679462818},{"elapsed_time":2711199,"segment":1,"interval":7,"start_time":1607679470149},{"elapsed_time":2714868,"segment":1,"interval":7,"start_time":1607679473818},{"elapsed_time":2724864,"segment":1,"interval":7,"start_time":1607679483814},{"elapsed_time":2733874,"segment":1,"interval":7,"start_time":1607679492824},{"elapsed_time":2740401,"segment":1,"interval":7,"start_time":1607679499351},{"elapsed_time":2743868,"segment":1,"interval":7,"start_time":1607679502818},{"elapsed_time":2753873,"segment":1,"interval":7,"start_time":1607679512823},{"elapsed_time":2763868,"segment":1,"interval":7,"start_time":1607679522818},{"elapsed_time":2768812,"segment":1,"interval":7,"start_time":1607679527762},{"elapsed_time":2773867,"segment":1,"interval":7,"start_time":1607679532817},{"elapsed_time":2783869,"segment":1,"interval":7,"start_time":1607679542819},{"elapsed_time":2791839,"segment":1,"interval":7,"start_time":1607679550789},{"elapsed_time":2793872,"segment":1,"interval":8,"start_time":1607679552822},{"elapsed_time":2803871,"segment":1,"interval":8,"start_time":1607679562821},{"elapsed_time":2813693,"segment":1,"interval":8,"start_time":1607679572643},{"elapsed_time":2814867,"segment":1,"interval":8,"start_time":1607679573817},{"elapsed_time":2824870,"segment":1,"interval":8,"start_time":1607679583820},{"elapsed_time":2828124,"segment":1,"interval":8,"start_time":1607679587074},{"elapsed_time":2830126,"segment":1,"interval":8,"start_time":1607679589076},{"elapsed_time":2834862,"segment":1,"interval":8,"start_time":1607679593812},{"elapsed_time":2840135,"segment":1,"interval":8,"start_time":1607679599085},{"elapsed_time":2843861,"segment":1,"interval":8,"start_time":1607679602811},{"elapsed_time":2853875,"segment":1,"interval":8,"start_time":1607679612825},{"elapsed_time":2863860,"segment":1,"interval":8,"start_time":1607679622810},{"elapsed_time":2873869,"segment":1,"interval":8,"start_time":1607679632819},{"elapsed_time":2883864,"segment":1,"interval":8,"start_time":1607679642814},{"elapsed_time":2893869,"segment":1,"interval":8,"start_time":1607679652819},{"elapsed_time":2903864,"segment":1,"interval":8,"start_time":1607679662814},{"elapsed_time":2914872,"segment":1,"interval":8,"start_time":1607679673822},{"elapsed_time":2916103,"segment":1,"interval":8,"start_time":1607679675053},{"elapsed_time":2924860,"segment":1,"interval":8,"start_time":1607679683810},{"elapsed_time":2933872,"segment":1,"interval":8,"start_time":1607679692822},{"elapsed_time":2943859,"segment":1,"interval":8,"start_time":1607679702809},{"elapsed_time":2945569,"segment":1,"interval":8,"start_time":1607679704519},{"elapsed_time":2953874,"segment":1,"interval":8,"start_time":1607679712824},{"elapsed_time":2963858,"segment":1,"interval":8,"start_time":1607679722808},{"elapsed_time":2973856,"segment":1,"interval":8,"start_time":1607679732806},{"elapsed_time":2975683,"segment":1,"interval":8,"start_time":1607679734633},{"elapsed_time":2983865,"segment":1,"interval":8,"start_time":1607679742815},{"elapsed_time":2993867,"segment":1,"interval":8,"start_time":1607679752817},{"elapsed_time":3003861,"segment":1,"interval":8,"start_time":1607679762811},{"elapsed_time":3006366,"segment":1,"interval":8,"start_time":1607679765316},{"elapsed_time":3014858,"segment":1,"interval":8,"start_time":1607679773808},{"elapsed_time":3024864,"segment":1,"interval":8,"start_time":1607679783814},{"elapsed_time":3033871,"segment":1,"interval":8,"start_time":1607679792821},{"elapsed_time":3042213,"segment":1,"interval":8,"start_time":1607679801163},{"elapsed_time":3043859,"segment":1,"interval":8,"start_time":1607679802809},{"elapsed_time":3053869,"segment":1,"interval":8,"start_time":1607679812819},{"elapsed_time":3063860,"segment":1,"interval":8,"start_time":1607679822810},{"elapsed_time":3073863,"segment":1,"interval":8,"start_time":1607679832813},{"elapsed_time":3076725,"segment":1,"interval":8,"start_time":1607679835675},{"elapsed_time":3083865,"segment":1,"interval":8,"start_time":1607679842815},{"elapsed_time":3093866,"segment":1,"interval":8,"start_time":1607679852816},{"elapsed_time":3103869,"segment":1,"interval":8,"start_time":1607679862819},{"elapsed_time":3110791,"segment":1,"interval":8,"start_time":1607679869741},{"elapsed_time":3114864,"segment":1,"interval":8,"start_time":1607679873814},{"elapsed_time":3124869,"segment":1,"interval":8,"start_time":1607679883819},{"elapsed_time":3133866,"segment":1,"interval":8,"start_time":1607679892816},{"elapsed_time":3143864,"segment":1,"interval":8,"start_time":1607679902814},{"elapsed_time":3144867,"segment":1,"interval":8,"start_time":1607679903817},{"elapsed_time":3153870,"segment":1,"interval":8,"start_time":1607679912820},{"elapsed_time":3163860,"segment":1,"interval":8,"start_time":1607679922810},{"elapsed_time":3173858,"segment":1,"interval":8,"start_time":1607679932808},{"elapsed_time":3175791,"segment":1,"interval":8,"start_time":1607679934741},{"elapsed_time":3183877,"segment":1,"interval":9,"start_time":1607679942827},{"elapsed_time":3193866,"segment":1,"interval":9,"start_time":1607679952816},{"elapsed_time":3195485,"segment":1,"interval":9,"start_time":1607679954435},{"elapsed_time":3197907,"segment":1,"interval":9,"start_time":1607679956857},{"elapsed_time":3200489,"segment":1,"interval":9,"start_time":1607679959439},{"elapsed_time":3203857,"segment":1,"interval":9,"start_time":1607679962807},{"elapsed_time":3210498,"segment":1,"interval":9,"start_time":1607679969448},{"elapsed_time":3211370,"segment":1,"interval":9,"start_time":1607679970320},{"elapsed_time":3214853,"segment":1,"interval":9,"start_time":1607679973803},{"elapsed_time":3220510,"segment":1,"interval":9,"start_time":1607679979460},{"elapsed_time":3224854,"segment":1,"interval":9,"start_time":1607679983804},{"elapsed_time":3230518,"segment":1,"interval":9,"start_time":1607679989468},{"elapsed_time":3230593,"segment":1,"interval":9,"start_time":1607679989543},{"elapsed_time":3233881,"segment":1,"interval":9,"start_time":1607679992831},{"elapsed_time":3240530,"segment":1,"interval":9,"start_time":1607679999480},{"elapsed_time":3243864,"segment":1,"interval":9,"start_time":1607680002814},{"elapsed_time":3250537,"segment":1,"interval":9,"start_time":1607680009487},{"elapsed_time":3253845,"segment":1,"interval":9,"start_time":1607680012795},{"elapsed_time":3253918,"segment":1,"interval":9,"start_time":1607680012868},{"elapsed_time":3260549,"segment":1,"interval":9,"start_time":1607680019499},{"elapsed_time":3263857,"segment":1,"interval":9,"start_time":1607680022807},{"elapsed_time":3270557,"segment":1,"interval":9,"start_time":1607680029507},{"elapsed_time":3273862,"segment":1,"interval":9,"start_time":1607680032812},{"elapsed_time":3280745,"segment":2,"interval":9,"start_time":1607681655855},{"elapsed_time":3285326,"segment":2,"interval":9,"start_time":1607681660436},{"elapsed_time":3293759,"segment":2,"interval":9,"start_time":1607681668869},{"elapsed_time":3297625,"segment":2,"interval":9,"start_time":1607681672735},{"elapsed_time":3302653,"segment":2,"interval":9,"start_time":1607681677763},{"elapsed_time":3312694,"segment":2,"interval":9,"start_time":1607681687804},{"elapsed_time":3320392,"segment":2,"interval":9,"start_time":1607681695502},{"elapsed_time":3322681,"segment":2,"interval":9,"start_time":1607681697791},{"elapsed_time":3332702,"segment":2,"interval":9,"start_time":1607681707812},{"elapsed_time":3342691,"segment":2,"interval":9,"start_time":1607681717801},{"elapsed_time":3347554,"segment":2,"interval":9,"start_time":1607681722664},{"elapsed_time":3351817,"segment":2,"interval":9,"start_time":1607681726927},{"elapsed_time":3352689,"segment":2,"interval":9,"start_time":1607681727799},{"elapsed_time":3360845,"segment":2,"interval":9,"start_time":1607681735955},{"elapsed_time":3363687,"segment":2,"interval":9,"start_time":1607681738797},{"elapsed_time":3370833,"segment":2,"interval":9,"start_time":1607681745943},{"elapsed_time":3371698,"segment":2,"interval":9,"start_time":1607681746808},{"elapsed_time":3373800,"segment":2,"interval":9,"start_time":1607681748910},{"elapsed_time":3382724,"segment":2,"interval":9,"start_time":1607681757834},{"elapsed_time":3383868,"segment":2,"interval":9,"start_time":1607681758978},{"elapsed_time":3392700,"segment":2,"interval":9,"start_time":1607681767810},{"elapsed_time":3392855,"segment":2,"interval":9,"start_time":1607681767965},{"elapsed_time":3400863,"segment":2,"interval":9,"start_time":1607681775973},{"elapsed_time":3401642,"segment":2,"interval":9,"start_time":1607681776752},{"elapsed_time":3402704,"segment":2,"interval":9,"start_time":1607681777814},{"elapsed_time":3412694,"segment":2,"interval":9,"start_time":1607681787804},{"elapsed_time":3419882,"segment":2,"interval":9,"start_time":1607681794992},{"elapsed_time":3420882,"segment":2,"interval":9,"start_time":1607681795992},{"elapsed_time":3420943,"segment":2,"interval":9,"start_time":1607681796053},{"elapsed_time":3422704,"segment":2,"interval":9,"start_time":1607681797814},{"elapsed_time":3432727,"segment":2,"interval":9,"start_time":1607681807837},{"elapsed_time":3434897,"segment":2,"interval":9,"start_time":1607681810007},{"elapsed_time":3435491,"segment":2,"interval":9,"start_time":1607681810601},{"elapsed_time":3442697,"segment":2,"interval":10,"start_time":1607681817807},{"elapsed_time":3449409,"segment":2,"interval":10,"start_time":1607681824519},{"elapsed_time":3452698,"segment":2,"interval":10,"start_time":1607681827808},{"elapsed_time":3463695,"segment":2,"interval":10,"start_time":1607681838805},{"elapsed_time":3473706,"segment":2,"interval":10,"start_time":1607681848816},{"elapsed_time":3483686,"segment":2,"interval":10,"start_time":1607681858796},{"elapsed_time":3492697,"segment":2,"interval":10,"start_time":1607681867807},{"elapsed_time":3499235,"segment":2,"interval":10,"start_time":1607681874345},{"elapsed_time":3502702,"segment":2,"interval":10,"start_time":1607681877812},{"elapsed_time":3512694,"segment":2,"interval":10,"start_time":1607681887804},{"elapsed_time":3518472,"segment":2,"interval":10,"start_time":1607681893582},{"elapsed_time":3522706,"segment":2,"interval":10,"start_time":1607681897816},{"elapsed_time":3532714,"segment":2,"interval":10,"start_time":1607681907824},{"elapsed_time":3537198,"segment":2,"interval":10,"start_time":1607681912308},{"elapsed_time":3542700,"segment":2,"interval":10,"start_time":1607681917810},{"elapsed_time":3549306,"segment":2,"interval":10,"start_time":1607681924416},{"elapsed_time":3552691,"segment":2,"interval":10,"start_time":1607681927801},{"elapsed_time":3562020,"segment":2,"interval":10,"start_time":1607681937130},{"elapsed_time":3563701,"segment":2,"interval":10,"start_time":1607681938811},{"elapsed_time":3567636,"segment":2,"interval":10,"start_time":1607681942746},{"elapsed_time":3570026,"segment":2,"interval":10,"start_time":1607681945136},{"elapsed_time":3573694,"segment":2,"interval":10,"start_time":1607681948804},{"elapsed_time":3573989,"segment":2,"interval":10,"start_time":1607681949099},{"elapsed_time":3582713,"segment":2,"interval":10,"start_time":1607681957823},{"elapsed_time":3583055,"segment":2,"interval":10,"start_time":1607681958165},{"elapsed_time":3584668,"segment":2,"interval":10,"start_time":1607681959778},{"elapsed_time":3590046,"segment":2,"interval":10,"start_time":1607681965156},{"elapsed_time":3592704,"segment":2,"interval":10,"start_time":1607681967814},{"elapsed_time":3599372,"segment":2,"interval":10,"start_time":1607681974482},{"elapsed_time":3600069,"segment":2,"interval":10,"start_time":1607681975179},{"elapsed_time":3602701,"segment":2,"interval":10,"start_time":1607681977811},{"elapsed_time":3610070,"segment":2,"interval":10,"start_time":1607681985180},{"elapsed_time":3611847,"segment":2,"interval":10,"start_time":1607681986957},{"elapsed_time":3612707,"segment":2,"interval":10,"start_time":1607681987817},{"elapsed_time":3620077,"segment":2,"interval":10,"start_time":1607681995187},{"elapsed_time":3622058,"segment":2,"interval":10,"start_time":1607681997168},{"elapsed_time":3622694,"segment":2,"interval":11,"start_time":1607681997804},{"elapsed_time":3630086,"segment":2,"interval":11,"start_time":1607682005196},{"elapsed_time":3632709,"segment":2,"interval":11,"start_time":1607682007819},{"elapsed_time":3633891,"segment":2,"interval":11,"start_time":1607682009001},{"elapsed_time":3640099,"segment":2,"interval":11,"start_time":1607682015209},{"elapsed_time":3642673,"segment":2,"interval":11,"start_time":1607682017783},{"elapsed_time":3647183,"segment":2,"interval":11,"start_time":1607682022293},{"elapsed_time":3650107,"segment":2,"interval":11,"start_time":1607682025217},{"elapsed_time":3652694,"segment":2,"interval":11,"start_time":1607682027804},{"elapsed_time":3660117,"segment":2,"interval":11,"start_time":1607682035227},{"elapsed_time":3663700,"segment":2,"interval":11,"start_time":1607682038810},{"elapsed_time":3673175,"segment":2,"interval":11,"start_time":1607682048285},{"elapsed_time":3673704,"segment":2,"interval":11,"start_time":1607682048814},{"elapsed_time":3675133,"segment":2,"interval":11,"start_time":1607682050243},{"elapsed_time":3680170,"segment":2,"interval":11,"start_time":1607682055280},{"elapsed_time":3682697,"segment":2,"interval":11,"start_time":1607682057807},{"elapsed_time":3690157,"segment":2,"interval":11,"start_time":1607682065267},{"elapsed_time":3692696,"segment":2,"interval":11,"start_time":1607682067806},{"elapsed_time":3702711,"segment":2,"interval":11,"start_time":1607682077821},{"elapsed_time":3712701,"segment":2,"interval":11,"start_time":1607682087811},{"elapsed_time":3720431,"segment":2,"interval":11,"start_time":1607682095541},{"elapsed_time":3722695,"segment":2,"interval":11,"start_time":1607682097805},{"elapsed_time":3731185,"segment":2,"interval":11,"start_time":1607682106295},{"elapsed_time":3732736,"segment":2,"interval":11,"start_time":1607682107846},{"elapsed_time":3740195,"segment":2,"interval":11,"start_time":1607682115305},{"elapsed_time":3742696,"segment":2,"interval":11,"start_time":1607682117806},{"elapsed_time":3743545,"segment":2,"interval":11,"start_time":1607682118655},{"elapsed_time":3750206,"segment":2,"interval":11,"start_time":1607682125316},{"elapsed_time":3752701,"segment":2,"interval":11,"start_time":1607682127811},{"elapsed_time":3760218,"segment":2,"interval":11,"start_time":1607682135328},{"elapsed_time":3763696,"segment":2,"interval":11,"start_time":1607682138806},{"elapsed_time":3773700,"segment":2,"interval":11,"start_time":1607682148810},{"elapsed_time":3777850,"segment":2,"interval":11,"start_time":1607682152960}]