[{"elapsed_time":0,"segment":0,"interval":1,"start_time":1607785207160},{"elapsed_time":4653,"segment":0,"interval":1,"start_time":1607785211813},{"elapsed_time":6381,"segment":0,"interval":1,"start_time":1607785213541},{"elapsed_time":10659,"segment":0,"interval":1,"start_time":1607785217819},{"elapsed_time":10883,"segment":0,"interval":1,"start_time":1607785218043},{"elapsed_time":20795,"segment":0,"interval":1,"start_time":1607785227955},{"elapsed_time":20799,"segment":0,"interval":1,"start_time":1607785227959},{"elapsed_time":30679,"segment":0,"interval":1,"start_time":1607785237839},{"elapsed_time":30702,"segment":0,"interval":1,"start_time":1607785237862},{"elapsed_time":40538,"segment":0,"interval":1,"start_time":1607785247698},{"elapsed_time":40615,"segment":0,"interval":1,"start_time":1607785247775},{"elapsed_time":40688,"segment":0,"interval":1,"start_time":1607785247848},{"elapsed_time":50521,"segment":0,"interval":1,"start_time":1607785257681},{"elapsed_time":50698,"segment":0,"interval":1,"start_time":1607785257858},{"elapsed_time":60860,"segment":0,"interval":1,"start_time":1607785268020},{"elapsed_time":61332,"segment":0,"interval":1,"start_time":1607785268492},{"elapsed_time":70791,"segment":0,"interval":1,"start_time":1607785277951},{"elapsed_time":71244,"segment":0,"interval":1,"start_time":1607785278404},{"elapsed_time":80865,"segment":0,"interval":1,"start_time":1607785288025},{"elapsed_time":81151,"segment":0,"interval":1,"start_time":1607785288311},{"elapsed_time":83242,"segment":0,"interval":1,"start_time":1607785290402},{"elapsed_time":90784,"segment":0,"interval":1,"start_time":1607785297944},{"elapsed_time":91064,"segment":0,"interval":1,"start_time":1607785298224},{"elapsed_time":100072,"segment":0,"interval":1,"start_time":1607785307232},{"elapsed_time":100743,"segment":0,"interval":1,"start_time":1607785307903},{"elapsed_time":110787,"segment":0,"interval":1,"start_time":1607785317947},{"elapsed_time":110807,"segment":0,"interval":1,"start_time":1607785317967},{"elapsed_time":120771,"segment":0,"interval":1,"start_time":1607785327931},{"elapsed_time":125800,"segment":0,"interval":1,"start_time":1607785332960},{"elapsed_time":130447,"segment":0,"interval":1,"start_time":1607785337607},{"elapsed_time":130832,"segment":0,"interval":1,"start_time":1607785337992},{"elapsed_time":135849,"segment":0,"interval":1,"start_time":1607785343009},{"elapsed_time":140785,"segment":0,"interval":1,"start_time":1607785347945},{"elapsed_time":145836,"segment":0,"interval":1,"start_time":1607785352996},{"elapsed_time":150833,"segment":0,"interval":1,"start_time":1607785357993},{"elapsed_time":150875,"segment":0,"interval":1,"start_time":1607785358035},{"elapsed_time":160809,"segment":0,"interval":1,"start_time":1607785367969},{"elapsed_time":160840,"segment":0,"interval":1,"start_time":1607785368000},{"elapsed_time":165076,"segment":0,"interval":1,"start_time":1607785372236},{"elapsed_time":170808,"segment":0,"interval":1,"start_time":1607785377968},{"elapsed_time":170816,"segment":0,"interval":1,"start_time":1607785377976},{"elapsed_time":180817,"segment":0,"interval":1,"start_time":1607785387977},{"elapsed_time":180829,"segment":0,"interval":1,"start_time":1607785387989},{"elapsed_time":190786,"segment":0,"interval":1,"start_time":1607785397946},{"elapsed_time":190854,"segment":0,"interval":1,"start_time":1607785398014},{"elapsed_time":200812,"segment":0,"interval":1,"start_time":1607785407972},{"elapsed_time":200961,"segment":0,"interval":1,"start_time":1607785408121},{"elapsed_time":201546,"segment":0,"interval":1,"start_time":1607785408706},{"elapsed_time":210813,"segment":0,"interval":1,"start_time":1607785417973},{"elapsed_time":210887,"segment":0,"interval":1,"start_time":1607785418047},{"elapsed_time":220924,"segment":0,"interval":1,"start_time":1607785428084},{"elapsed_time":225817,"segment":0,"interval":1,"start_time":1607785432977},{"elapsed_time":230937,"segment":0,"interval":1,"start_time":1607785438097},{"elapsed_time":235780,"segment":0,"interval":1,"start_time":1607785442940},{"elapsed_time":236057,"segment":0,"interval":1,"start_time":1607785443217},{"elapsed_time":240885,"segment":0,"interval":1,"start_time":1607785448045},{"elapsed_time":245798,"segment":0,"interval":1,"start_time":1607785452958},{"elapsed_time":250797,"segment":0,"interval":1,"start_time":1607785457957},{"elapsed_time":250893,"segment":0,"interval":1,"start_time":1607785458053},{"elapsed_time":260834,"segment":0,"interval":1,"start_time":1607785467994},{"elapsed_time":261006,"segment":0,"interval":1,"start_time":1607785468166},{"elapsed_time":269997,"segment":0,"interval":1,"start_time":1607785477157},{"elapsed_time":270828,"segment":0,"interval":1,"start_time":1607785477988},{"elapsed_time":270914,"segment":0,"interval":1,"start_time":1607785478074},{"elapsed_time":280824,"segment":0,"interval":1,"start_time":1607785487984},{"elapsed_time":280924,"segment":0,"interval":1,"start_time":1607785488084},{"elapsed_time":290810,"segment":0,"interval":1,"start_time":1607785497970},{"elapsed_time":291045,"segment":0,"interval":1,"start_time":1607785498205},{"elapsed_time":300196,"segment":0,"interval":1,"start_time":1607785507356},{"elapsed_time":300811,"segment":0,"interval":1,"start_time":1607785507971},{"elapsed_time":301016,"segment":0,"interval":1,"start_time":1607785508176},{"elapsed_time":310817,"segment":0,"interval":1,"start_time":1607785517977},{"elapsed_time":310952,"segment":0,"interval":1,"start_time":1607785518112},{"elapsed_time":320011,"segment":0,"interval":1,"start_time":1607785527171},{"elapsed_time":325800,"segment":0,"interval":1,"start_time":1607785532960},{"elapsed_time":330064,"segment":0,"interval":1,"start_time":1607785537224},{"elapsed_time":335805,"segment":0,"interval":1,"start_time":1607785542965},{"elapsed_time":337124,"segment":0,"interval":1,"start_time":1607785544284},{"elapsed_time":341058,"segment":0,"interval":1,"start_time":1607785548218},{"elapsed_time":345836,"segment":0,"interval":1,"start_time":1607785552996},{"elapsed_time":350843,"segment":0,"interval":1,"start_time":1607785558003},{"elapsed_time":360798,"segment":0,"interval":1,"start_time":1607785567958},{"elapsed_time":370807,"segment":0,"interval":1,"start_time":1607785577967},{"elapsed_time":374024,"segment":0,"interval":1,"start_time":1607785581184},{"elapsed_time":380791,"segment":0,"interval":1,"start_time":1607785587951},{"elapsed_time":390802,"segment":0,"interval":1,"start_time":1607785597962},{"elapsed_time":400805,"segment":0,"interval":1,"start_time":1607785607965},{"elapsed_time":404043,"segment":0,"interval":1,"start_time":1607785611203},{"elapsed_time":410048,"segment":0,"interval":1,"start_time":1607785617208},{"elapsed_time":410820,"segment":0,"interval":1,"start_time":1607785617980},{"elapsed_time":411183,"segment":0,"interval":1,"start_time":1607785618343},{"elapsed_time":420059,"segment":0,"interval":1,"start_time":1607785627219},{"elapsed_time":425834,"segment":0,"interval":1,"start_time":1607785632994},{"elapsed_time":435830,"segment":0,"interval":1,"start_time":1607785642990},{"elapsed_time":436107,"segment":0,"interval":1,"start_time":1607785643267},{"elapsed_time":440077,"segment":0,"interval":1,"start_time":1607785647237},{"elapsed_time":445845,"segment":0,"interval":1,"start_time":1607785653005},{"elapsed_time":446821,"segment":0,"interval":1,"start_time":1607785653981},{"elapsed_time":450857,"segment":0,"interval":1,"start_time":1607785658017},{"elapsed_time":460812,"segment":0,"interval":1,"start_time":1607785667972},{"elapsed_time":470814,"segment":0,"interval":1,"start_time":1607785677974},{"elapsed_time":471154,"segment":0,"interval":1,"start_time":1607785678314},{"elapsed_time":480843,"segment":0,"interval":1,"start_time":1607785688003},{"elapsed_time":481039,"segment":0,"interval":1,"start_time":1607785688199},{"elapsed_time":482119,"segment":0,"interval":1,"start_time":1607785689279},{"elapsed_time":490804,"segment":0,"interval":1,"start_time":1607785697964},{"elapsed_time":500808,"segment":0,"interval":1,"start_time":1607785707968},{"elapsed_time":509150,"segment":0,"interval":1,"start_time":1607785716310},{"elapsed_time":510145,"segment":0,"interval":1,"start_time":1607785717305},{"elapsed_time":510798,"segment":0,"interval":1,"start_time":1607785717958},{"elapsed_time":514363,"segment":0,"interval":1,"start_time":1607785721523},{"elapsed_time":520156,"segment":0,"interval":1,"start_time":1607785727316},{"elapsed_time":525790,"segment":0,"interval":1,"start_time":1607785732950},{"elapsed_time":530165,"segment":0,"interval":1,"start_time":1607785737325},{"elapsed_time":535791,"segment":0,"interval":1,"start_time":1607785742951},{"elapsed_time":545844,"segment":0,"interval":1,"start_time":1607785753004},{"elapsed_time":547182,"segment":0,"interval":1,"start_time":1607785754342},{"elapsed_time":548275,"segment":0,"interval":1,"start_time":1607785755435},{"elapsed_time":550185,"segment":0,"interval":1,"start_time":1607785757345},{"elapsed_time":550814,"segment":0,"interval":1,"start_time":1607785757974},{"elapsed_time":560195,"segment":0,"interval":1,"start_time":1607785767355},{"elapsed_time":560791,"segment":0,"interval":1,"start_time":1607785767951},{"elapsed_time":570205,"segment":0,"interval":1,"start_time":1607785777365},{"elapsed_time":570806,"segment":0,"interval":1,"start_time":1607785777966},{"elapsed_time":580214,"segment":0,"interval":1,"start_time":1607785787374},{"elapsed_time":580807,"segment":0,"interval":1,"start_time":1607785787967},{"elapsed_time":583818,"segment":0,"interval":1,"start_time":1607785790978},{"elapsed_time":584309,"segment":0,"interval":1,"start_time":1607785791469},{"elapsed_time":587521,"segment":0,"interval":1,"start_time":1607785794681},{"elapsed_time":590808,"segment":0,"interval":1,"start_time":1607785797968},{"elapsed_time":600799,"segment":0,"interval":1,"start_time":1607785807959},{"elapsed_time":610841,"segment":0,"interval":1,"start_time":1607785818001},{"elapsed_time":617375,"segment":0,"interval":1,"start_time":1607785824535},{"elapsed_time":625788,"segment":0,"interval":1,"start_time":1607785832948},{"elapsed_time":635798,"segment":0,"interval":1,"start_time":1607785842958},{"elapsed_time":638272,"segment":0,"interval":1,"start_time":1607785845432},{"elapsed_time":640273,"segment":0,"interval":1,"start_time":1607785847433},{"elapsed_time":640804,"segment":0,"interval":1,"start_time":1607785847964},{"elapsed_time":650797,"segment":0,"interval":1,"start_time":1607785857957},{"elapsed_time":651274,"segment":0,"interval":1,"start_time":1607785858434},{"elapsed_time":660828,"segment":0,"interval":1,"start_time":1607785867988},{"elapsed_time":670808,"segment":0,"interval":1,"start_time":1607785877968},{"elapsed_time":680791,"segment":0,"interval":1,"start_time":1607785887951},{"elapsed_time":684340,"segment":0,"interval":1,"start_time":1607785891500},{"elapsed_time":686042,"segment":0,"interval":1,"start_time":1607785893202},{"elapsed_time":690791,"segment":0,"interval":1,"start_time":1607785897951},{"elapsed_time":698330,"segment":0,"interval":1,"start_time":1607785905490},{"elapsed_time":700331,"segment":0,"interval":1,"start_time":1607785907491},{"elapsed_time":700791,"segment":0,"interval":1,"start_time":1607785907951},{"elapsed_time":710347,"segment":0,"interval":1,"start_time":1607785917507},{"elapsed_time":710802,"segment":0,"interval":1,"start_time":1607785917962},{"elapsed_time":720394,"segment":0,"interval":1,"start_time":1607785927554},{"elapsed_time":725797,"segment":0,"interval":1,"start_time":1607785932957},{"elapsed_time":735778,"segment":0,"interval":1,"start_time":1607785942938},{"elapsed_time":740792,"segment":0,"interval":1,"start_time":1607785947952},{"elapsed_time":750838,"segment":0,"interval":1,"start_time":1607785957998},{"elapsed_time":755386,"segment":0,"interval":1,"start_time":1607785962546},{"elapsed_time":755906,"segment":0,"interval":1,"start_time":1607785963066},{"elapsed_time":760818,"segment":0,"interval":1,"start_time":1607785967978},{"elapsed_time":770827,"segment":0,"interval":1,"start_time":1607785977987},{"elapsed_time":780414,"segment":0,"interval":1,"start_time":1607785987574},{"elapsed_time":780785,"segment":0,"interval":1,"start_time":1607785987945},{"elapsed_time":788840,"segment":0,"interval":1,"start_time":1607785996000},{"elapsed_time":790798,"segment":0,"interval":1,"start_time":1607785997958},{"elapsed_time":800801,"segment":0,"interval":1,"start_time":1607786007961},{"elapsed_time":801638,"segment":0,"interval":1,"start_time":1607786008798},{"elapsed_time":810440,"segment":0,"interval":1,"start_time":1607786017600},{"elapsed_time":810833,"segment":0,"interval":1,"start_time":1607786017993},{"elapsed_time":819558,"segment":0,"interval":1,"start_time":1607786026718},{"elapsed_time":825786,"segment":0,"interval":1,"start_time":1607786032946},{"elapsed_time":835795,"segment":0,"interval":1,"start_time":1607786042955},{"elapsed_time":840816,"segment":0,"interval":1,"start_time":1607786047976},{"elapsed_time":850788,"segment":0,"interval":1,"start_time":1607786057948},{"elapsed_time":852196,"segment":0,"interval":1,"start_time":1607786059356},{"elapsed_time":859540,"segment":0,"interval":1,"start_time":1607786066700},{"elapsed_time":860488,"segment":0,"interval":1,"start_time":1607786067648},{"elapsed_time":860784,"segment":0,"interval":1,"start_time":1607786067944},{"elapsed_time":870789,"segment":0,"interval":1,"start_time":1607786077949},{"elapsed_time":880794,"segment":0,"interval":1,"start_time":1607786087954},{"elapsed_time":886142,"segment":0,"interval":1,"start_time":1607786093302},{"elapsed_time":890839,"segment":0,"interval":1,"start_time":1607786097999},{"elapsed_time":900797,"segment":0,"interval":1,"start_time":1607786107957},{"elapsed_time":906534,"segment":0,"interval":1,"start_time":1607786113694},{"elapsed_time":910642,"segment":0,"interval":1,"start_time":1607786117802},{"elapsed_time":910827,"segment":0,"interval":1,"start_time":1607786117987},{"elapsed_time":919222,"segment":0,"interval":1,"start_time":1607786126382},{"elapsed_time":922548,"segment":0,"interval":1,"start_time":1607786129708},{"elapsed_time":925828,"segment":0,"interval":1,"start_time":1607786132988},{"elapsed_time":935807,"segment":0,"interval":1,"start_time":1607786142967},{"elapsed_time":937675,"segment":0,"interval":1,"start_time":1607786144835},{"elapsed_time":940573,"segment":0,"interval":1,"start_time":1607786147733},{"elapsed_time":940816,"segment":0,"interval":1,"start_time":1607786147976},{"elapsed_time":950747,"segment":0,"interval":1,"start_time":1607786157907},{"elapsed_time":950826,"segment":0,"interval":1,"start_time":1607786157986},{"elapsed_time":960619,"segment":0,"interval":1,"start_time":1607786167779},{"elapsed_time":960671,"segment":0,"interval":1,"start_time":1607786167831},{"elapsed_time":960813,"segment":0,"interval":1,"start_time":1607786167973},{"elapsed_time":970806,"segment":0,"interval":1,"start_time":1607786177966},{"elapsed_time":972598,"segment":0,"interval":1,"start_time":1607786179758},{"elapsed_time":980860,"segment":0,"interval":1,"start_time":1607786188020},{"elapsed_time":980883,"segment":0,"interval":1,"start_time":1607786188043},{"elapsed_time":990617,"segment":0,"interval":1,"start_time":1607786197777},{"elapsed_time":990815,"segment":0,"interval":1,"start_time":1607786197975},{"elapsed_time":996571,"segment":0,"interval":1,"start_time":1607786203731},{"elapsed_time":1000625,"segment":0,"interval":1,"start_time":1607786207785},{"elapsed_time":1000803,"segment":0,"interval":1,"start_time":1607786207963},{"elapsed_time":1010638,"segment":0,"interval":1,"start_time":1607786217798},{"elapsed_time":1010790,"segment":0,"interval":1,"start_time":1607786217950},{"elapsed_time":1020780,"segment":0,"interval":1,"start_time":1607786227940},{"elapsed_time":1025812,"segment":0,"interval":1,"start_time":1607786232972},{"elapsed_time":1031694,"segment":0,"interval":1,"start_time":1607786238854},{"elapsed_time":1035858,"segment":0,"interval":1,"start_time":1607786243018},{"elapsed_time":1038771,"segment":0,"interval":1,"start_time":1607786245931},{"elapsed_time":1040721,"segment":0,"interval":1,"start_time":1607786247881},{"elapsed_time":1040840,"segment":0,"interval":1,"start_time":1607786248000},{"elapsed_time":1050673,"segment":0,"interval":1,"start_time":1607786257833},{"elapsed_time":1050794,"segment":0,"interval":1,"start_time":1607786257954},{"elapsed_time":1060725,"segment":0,"interval":1,"start_time":1607786267885},{"elapsed_time":1060794,"segment":0,"interval":1,"start_time":1607786267954},{"elapsed_time":1065841,"segment":0,"interval":1,"start_time":1607786273001},{"elapsed_time":1070818,"segment":0,"interval":1,"start_time":1607786277978},{"elapsed_time":1080716,"segment":0,"interval":1,"start_time":1607786287876},{"elapsed_time":1080828,"segment":0,"interval":1,"start_time":1607786287988},{"elapsed_time":1090769,"segment":0,"interval":1,"start_time":1607786297929},{"elapsed_time":1090798,"segment":0,"interval":1,"start_time":1607786297958},{"elapsed_time":1100722,"segment":0,"interval":1,"start_time":1607786307882},{"elapsed_time":1100827,"segment":0,"interval":1,"start_time":1607786307987},{"elapsed_time":1102298,"segment":0,"interval":1,"start_time":1607786309458},{"elapsed_time":1110833,"segment":0,"interval":1,"start_time":1607786317993},{"elapsed_time":1112734,"segment":0,"interval":1,"start_time":1607786319894},{"elapsed_time":1122746,"segment":0,"interval":1,"start_time":1607786329906},{"elapsed_time":1125838,"segment":0,"interval":1,"start_time":1607786332998},{"elapsed_time":1135847,"segment":0,"interval":1,"start_time":1607786343007},{"elapsed_time":1137054,"segment":0,"interval":1,"start_time":1607786344214},{"elapsed_time":1140783,"segment":0,"interval":1,"start_time":1607786347943},{"elapsed_time":1141620,"segment":0,"interval":1,"start_time":1607786348780},{"elapsed_time":1150799,"segment":0,"interval":1,"start_time":1607786357959},{"elapsed_time":1156782,"segment":0,"interval":1,"start_time":1607786363942},{"elapsed_time":1160790,"segment":0,"interval":1,"start_time":1607786367950},{"elapsed_time":1160816,"segment":0,"interval":1,"start_time":1607786367976},{"elapsed_time":1168468,"segment":0,"interval":1,"start_time":1607786375628},{"elapsed_time":1170802,"segment":0,"interval":1,"start_time":1607786377962},{"elapsed_time":1177798,"segment":0,"interval":1,"start_time":1607786384958},{"elapsed_time":1180791,"segment":0,"interval":1,"start_time":1607786387951},{"elapsed_time":1180803,"segment":0,"interval":1,"start_time":1607786387963},{"elapsed_time":1190791,"segment":0,"interval":1,"start_time":1607786397951},{"elapsed_time":1193813,"segment":0,"interval":1,"start_time":1607786400973},{"elapsed_time":1200772,"segment":0,"interval":1,"start_time":1607786407932},{"elapsed_time":1204824,"segment":0,"interval":1,"start_time":1607786411984},{"elapsed_time":1204865,"segment":0,"interval":1,"start_time":1607786412025},{"elapsed_time":1210001,"segment":0,"interval":1,"start_time":1607786417161},{"elapsed_time":1210791,"segment":0,"interval":1,"start_time":1607786417951},{"elapsed_time":1225798,"segment":0,"interval":1,"start_time":1607786432958},{"elapsed_time":1234861,"segment":0,"interval":1,"start_time":1607786442021},{"elapsed_time":1235809,"segment":0,"interval":1,"start_time":1607786442969},{"elapsed_time":1240273,"segment":0,"interval":1,"start_time":1607786447433},{"elapsed_time":1240827,"segment":0,"interval":1,"start_time":1607786447987},{"elapsed_time":1250811,"segment":0,"interval":1,"start_time":1607786457971},{"elapsed_time":1260834,"segment":0,"interval":1,"start_time":1607786467994},{"elapsed_time":1270806,"segment":0,"interval":1,"start_time":1607786477966},{"elapsed_time":1272130,"segment":0,"interval":1,"start_time":1607786479290},{"elapsed_time":1274895,"segment":0,"interval":1,"start_time":1607786482055},{"elapsed_time":1280822,"segment":0,"interval":1,"start_time":1607786487982},{"elapsed_time":1280899,"segment":0,"interval":1,"start_time":1607786488059},{"elapsed_time":1290838,"segment":0,"interval":1,"start_time":1607786497998},{"elapsed_time":1291067,"segment":0,"interval":1,"start_time":1607786498227},{"elapsed_time":1300837,"segment":0,"interval":1,"start_time":1607786507997},{"elapsed_time":1304952,"segment":0,"interval":1,"start_time":1607786512112},{"elapsed_time":1309604,"segment":0,"interval":1,"start_time":1607786516764},{"elapsed_time":1310016,"segment":0,"interval":1,"start_time":1607786517176},{"elapsed_time":1310780,"segment":0,"interval":1,"start_time":1607786517940},{"elapsed_time":1320938,"segment":0,"interval":1,"start_time":1607786528098},{"elapsed_time":1325808,"segment":0,"interval":1,"start_time":1607786532968},{"elapsed_time":1330946,"segment":0,"interval":1,"start_time":1607786538106},{"elapsed_time":1335789,"segment":0,"interval":1,"start_time":1607786542949},{"elapsed_time":1340024,"segment":0,"interval":1,"start_time":1607786547184},{"elapsed_time":1340808,"segment":0,"interval":1,"start_time":1607786547968},{"elapsed_time":1347886,"segment":0,"interval":1,"start_time":1607786555046},{"elapsed_time":1350033,"segment":0,"interval":1,"start_time":1607786557193},{"elapsed_time":1350783,"segment":0,"interval":1,"start_time":1607786557943},{"elapsed_time":1360788,"segment":0,"interval":1,"start_time":1607786567948},{"elapsed_time":1360979,"segment":0,"interval":1,"start_time":1607786568139},{"elapsed_time":1370807,"segment":0,"interval":1,"start_time":1607786577967},{"elapsed_time":1376994,"segment":0,"interval":1,"start_time":1607786584154},{"elapsed_time":1380813,"segment":0,"interval":1,"start_time":1607786587973},{"elapsed_time":1381062,"segment":0,"interval":1,"start_time":1607786588222},{"elapsed_time":1381075,"segment":0,"interval":1,"start_time":1607786588235},{"elapsed_time":1390831,"segment":0,"interval":1,"start_time":1607786597991},{"elapsed_time":1398057,"segment":0,"interval":1,"start_time":1607786605217},{"elapsed_time":1400039,"segment":0,"interval":1,"start_time":1607786607199},{"elapsed_time":1400786,"segment":0,"interval":1,"start_time":1607786607946},{"elapsed_time":1410026,"segment":0,"interval":1,"start_time":1607786617186},{"elapsed_time":1415778,"segment":0,"interval":1,"start_time":1607786622938},{"elapsed_time":1416985,"segment":0,"interval":1,"start_time":1607786624145},{"elapsed_time":1420037,"segment":0,"interval":1,"start_time":1607786627197},{"elapsed_time":1425820,"segment":0,"interval":1,"start_time":1607786632980},{"elapsed_time":1433048,"segment":0,"interval":1,"start_time":1607786640208},{"elapsed_time":1435793,"segment":0,"interval":1,"start_time":1607786642953},{"elapsed_time":1440822,"segment":0,"interval":1,"start_time":1607786647982},{"elapsed_time":1449663,"segment":0,"interval":1,"start_time":1607786656823},{"elapsed_time":1450794,"segment":0,"interval":1,"start_time":1607786657954},{"elapsed_time":1452066,"segment":0,"interval":1,"start_time":1607786659226},{"elapsed_time":1460074,"segment":0,"interval":1,"start_time":1607786667234},{"elapsed_time":1460804,"segment":0,"interval":1,"start_time":1607786667964},{"elapsed_time":1470084,"segment":0,"interval":1,"start_time":1607786677244},{"elapsed_time":1470816,"segment":0,"interval":1,"start_time":1607786677976},{"elapsed_time":1480109,"segment":0,"interval":1,"start_time":1607786687269},{"elapsed_time":1480828,"segment":0,"interval":1,"start_time":1607786687988},{"elapsed_time":1489455,"segment":0,"interval":1,"start_time":1607786696615},{"elapsed_time":1490104,"segment":0,"interval":1,"start_time":1607786697264},{"elapsed_time":1490816,"segment":0,"interval":1,"start_time":1607786697976},{"elapsed_time":1500115,"segment":0,"interval":1,"start_time":1607786707275},{"elapsed_time":1500804,"segment":0,"interval":1,"start_time":1607786707964},{"elapsed_time":1510123,"segment":0,"interval":1,"start_time":1607786717283},{"elapsed_time":1510807,"segment":0,"interval":1,"start_time":1607786717967},{"elapsed_time":1520133,"segment":0,"interval":1,"start_time":1607786727293},{"elapsed_time":1525798,"segment":0,"interval":1,"start_time":1607786732958},{"elapsed_time":1526910,"segment":0,"interval":1,"start_time":1607786734070},{"elapsed_time":1530142,"segment":0,"interval":1,"start_time":1607786737302},{"elapsed_time":1535843,"segment":0,"interval":1,"start_time":1607786743003},{"elapsed_time":1540155,"segment":0,"interval":1,"start_time":1607786747315},{"elapsed_time":1540826,"segment":0,"interval":1,"start_time":1607786747986},{"elapsed_time":1550252,"segment":0,"interval":1,"start_time":1607786757412},{"elapsed_time":1550851,"segment":0,"interval":1,"start_time":1607786758011},{"elapsed_time":1560173,"segment":0,"interval":1,"start_time":1607786767333},{"elapsed_time":1560796,"segment":0,"interval":1,"start_time":1607786767956},{"elapsed_time":1565075,"segment":0,"interval":1,"start_time":1607786772235},{"elapsed_time":1570229,"segment":0,"interval":1,"start_time":1607786777389},{"elapsed_time":1570791,"segment":0,"interval":1,"start_time":1607786777951},{"elapsed_time":1580240,"segment":0,"interval":1,"start_time":1607786787400},{"elapsed_time":1580818,"segment":0,"interval":1,"start_time":1607786787978},{"elapsed_time":1590201,"segment":0,"interval":1,"start_time":1607786797361},{"elapsed_time":1590791,"segment":0,"interval":1,"start_time":1607786797951},{"elapsed_time":1600211,"segment":0,"interval":1,"start_time":1607786807371},{"elapsed_time":1600829,"segment":0,"interval":1,"start_time":1607786807989},{"elapsed_time":1603658,"segment":0,"interval":1,"start_time":1607786810818},{"elapsed_time":1610228,"segment":0,"interval":1,"start_time":1607786817388},{"elapsed_time":1610830,"segment":0,"interval":1,"start_time":1607786817990},{"elapsed_time":1625236,"segment":0,"interval":1,"start_time":1607786832396},{"elapsed_time":1625783,"segment":0,"interval":1,"start_time":1607786832943},{"elapsed_time":1630241,"segment":0,"interval":1,"start_time":1607786837401},{"elapsed_time":1635850,"segment":0,"interval":1,"start_time":1607786843010},{"elapsed_time":1638722,"segment":0,"interval":1,"start_time":1607786845882},{"elapsed_time":1640250,"segment":0,"interval":1,"start_time":1607786847410},{"elapsed_time":1640793,"segment":0,"interval":1,"start_time":1607786847953},{"elapsed_time":1650260,"segment":0,"interval":1,"start_time":1607786857420},{"elapsed_time":1650830,"segment":0,"interval":1,"start_time":1607786857990},{"elapsed_time":1660314,"segment":0,"interval":1,"start_time":1607786867474},{"elapsed_time":1660807,"segment":0,"interval":1,"start_time":1607786867967},{"elapsed_time":1670844,"segment":0,"interval":1,"start_time":1607786878004},{"elapsed_time":1674285,"segment":0,"interval":1,"start_time":1607786881445},{"elapsed_time":1674566,"segment":0,"interval":1,"start_time":1607786881726},{"elapsed_time":1680292,"segment":0,"interval":1,"start_time":1607786887452},{"elapsed_time":1680821,"segment":0,"interval":1,"start_time":1607786887981},{"elapsed_time":1690347,"segment":0,"interval":1,"start_time":1607786897507},{"elapsed_time":1690789,"segment":0,"interval":1,"start_time":1607786897949},{"elapsed_time":1700373,"segment":0,"interval":1,"start_time":1607786907533},{"elapsed_time":1700794,"segment":0,"interval":1,"start_time":1607786907954},{"elapsed_time":1710319,"segment":0,"interval":1,"start_time":1607786917479},{"elapsed_time":1710808,"segment":0,"interval":1,"start_time":1607786917968},{"elapsed_time":1713306,"segment":0,"interval":1,"start_time":1607786920466},{"elapsed_time":1720329,"segment":0,"interval":1,"start_time":1607786927489},{"elapsed_time":1723492,"segment":0,"interval":1,"start_time":1607786930652},{"elapsed_time":1725797,"segment":0,"interval":1,"start_time":1607786932957},{"elapsed_time":1730338,"segment":0,"interval":1,"start_time":1607786937498},{"elapsed_time":1735833,"segment":0,"interval":1,"start_time":1607786942993},{"elapsed_time":1740348,"segment":0,"interval":1,"start_time":1607786947508},{"elapsed_time":1740803,"segment":0,"interval":1,"start_time":1607786947963},{"elapsed_time":1750017,"segment":0,"interval":1,"start_time":1607786957177},{"elapsed_time":1750557,"segment":0,"interval":1,"start_time":1607786957717},{"elapsed_time":1750797,"segment":0,"interval":1,"start_time":1607786957957},{"elapsed_time":1760367,"segment":0,"interval":1,"start_time":1607786967527},{"elapsed_time":1760792,"segment":0,"interval":1,"start_time":1607786967952},{"elapsed_time":1770380,"segment":0,"interval":1,"start_time":1607786977540},{"elapsed_time":1770805,"segment":0,"interval":1,"start_time":1607786977965},{"elapsed_time":1780389,"segment":0,"interval":1,"start_time":1607786987549},{"elapsed_time":1780820,"segment":0,"interval":1,"start_time":1607786987980},{"elapsed_time":1790399,"segment":0,"interval":1,"start_time":1607786997559},{"elapsed_time":1790819,"segment":0,"interval":1,"start_time":1607786997979},{"elapsed_time":1792553,"segment":0,"interval":1,"start_time":1607786999713},{"elapsed_time":1795100,"segment":0,"interval":1,"start_time":1607787015820}]