[{"elapsed_time":8160,"segment":0,"interval":1,"start_time":1609848725000},{"elapsed_time":9160,"segment":0,"interval":1,"start_time":1609848726000},{"elapsed_time":10160,"segment":0,"interval":1,"start_time":1609848727000},{"elapsed_time":12160,"segment":0,"interval":1,"start_time":1609848729000},{"elapsed_time":14160,"segment":0,"interval":1,"start_time":1609848731000},{"elapsed_time":16160,"segment":0,"interval":1,"start_time":1609848733000},{"elapsed_time":18160,"segment":0,"interval":1,"start_time":1609848735000},{"elapsed_time":21160,"segment":0,"interval":1,"start_time":1609848738000},{"elapsed_time":23160,"segment":0,"interval":1,"start_time":1609848740000},{"elapsed_time":25160,"segment":0,"interval":1,"start_time":1609848742000},{"elapsed_time":27160,"segment":0,"interval":1,"start_time":1609848744000},{"elapsed_time":29160,"segment":0,"interval":1,"start_time":1609848746000},{"elapsed_time":31160,"segment":0,"interval":1,"start_time":1609848748000},{"elapsed_time":33160,"segment":0,"interval":1,"start_time":1609848750000},{"elapsed_time":35160,"segment":0,"interval":1,"start_time":1609848752000},{"elapsed_time":37160,"segment":0,"interval":1,"start_time":1609848754000},{"elapsed_time":39160,"segment":0,"interval":1,"start_time":1609848756000},{"elapsed_time":41160,"segment":0,"interval":1,"start_time":1609848758000},{"elapsed_time":43160,"segment":0,"interval":1,"start_time":1609848760000},{"elapsed_time":45160,"segment":0,"interval":1,"start_time":1609848762000},{"elapsed_time":47160,"segment":0,"interval":1,"start_time":1609848764000},{"elapsed_time":49160,"segment":0,"interval":1,"start_time":1609848766000},{"elapsed_time":51160,"segment":0,"interval":1,"start_time":1609848768000},{"elapsed_time":53160,"segment":0,"interval":1,"start_time":1609848770000},{"elapsed_time":55160,"segment":0,"interval":1,"start_time":1609848772000},{"elapsed_time":57160,"segment":0,"interval":1,"start_time":1609848774000},{"elapsed_time":59160,"segment":0,"interval":1,"start_time":1609848776000},{"elapsed_time":61160,"segment":0,"interval":1,"start_time":1609848778000},{"elapsed_time":63160,"segment":0,"interval":1,"start_time":1609848780000},{"elapsed_time":65160,"segment":0,"interval":1,"start_time":1609848782000},{"elapsed_time":67160,"segment":0,"interval":1,"start_time":1609848784000},{"elapsed_time":69160,"segment":0,"interval":1,"start_time":1609848786000},{"elapsed_time":71160,"segment":0,"interval":1,"start_time":1609848788000},{"elapsed_time":74160,"segment":0,"interval":1,"start_time":1609848791000},{"elapsed_time":77160,"segment":0,"interval":1,"start_time":1609848794000},{"elapsed_time":79160,"segment":0,"interval":1,"start_time":1609848796000},{"elapsed_time":81160,"segment":0,"interval":1,"start_time":1609848798000},{"elapsed_time":83160,"segment":0,"interval":1,"start_time":1609848800000},{"elapsed_time":85160,"segment":0,"interval":1,"start_time":1609848802000},{"elapsed_time":87160,"segment":0,"interval":1,"start_time":1609848804000},{"elapsed_time":89160,"segment":0,"interval":1,"start_time":1609848806000},{"elapsed_time":91160,"segment":0,"interval":1,"start_time":1609848808000},{"elapsed_time":93160,"segment":0,"interval":1,"start_time":1609848810000},{"elapsed_time":96160,"segment":0,"interval":1,"start_time":1609848813000},{"elapsed_time":98160,"segment":0,"interval":1,"start_time":1609848815000},{"elapsed_time":100160,"segment":0,"interval":1,"start_time":1609848817000},{"elapsed_time":102160,"segment":0,"interval":1,"start_time":1609848819000},{"elapsed_time":104160,"segment":0,"interval":1,"start_time":1609848821000},{"elapsed_time":106160,"segment":0,"interval":1,"start_time":1609848823000},{"elapsed_time":109160,"segment":0,"interval":1,"start_time":1609848826000},{"elapsed_time":112160,"segment":0,"interval":1,"start_time":1609848829000},{"elapsed_time":115160,"segment":0,"interval":1,"start_time":1609848832000},{"elapsed_time":117160,"segment":0,"interval":1,"start_time":1609848834000},{"elapsed_time":120160,"segment":0,"interval":1,"start_time":1609848837000},{"elapsed_time":122160,"segment":0,"interval":1,"start_time":1609848839000},{"elapsed_time":124160,"segment":0,"interval":1,"start_time":1609848841000},{"elapsed_time":127160,"segment":0,"interval":1,"start_time":1609848844000},{"elapsed_time":130160,"segment":0,"interval":1,"start_time":1609848847000},{"elapsed_time":132160,"segment":0,"interval":1,"start_time":1609848849000},{"elapsed_time":134160,"segment":0,"interval":1,"start_time":1609848851000},{"elapsed_time":136160,"segment":0,"interval":1,"start_time":1609848853000},{"elapsed_time":138160,"segment":0,"interval":1,"start_time":1609848855000},{"elapsed_time":140160,"segment":0,"interval":1,"start_time":1609848857000},{"elapsed_time":142160,"segment":0,"interval":1,"start_time":1609848859000},{"elapsed_time":144160,"segment":0,"interval":1,"start_time":1609848861000},{"elapsed_time":146160,"segment":0,"interval":1,"start_time":1609848863000},{"elapsed_time":149160,"segment":0,"interval":1,"start_time":1609848866000},{"elapsed_time":151160,"segment":0,"interval":1,"start_time":1609848868000},{"elapsed_time":153160,"segment":0,"interval":1,"start_time":1609848870000},{"elapsed_time":155160,"segment":0,"interval":1,"start_time":1609848872000},{"elapsed_time":157160,"segment":0,"interval":1,"start_time":1609848874000},{"elapsed_time":159160,"segment":0,"interval":1,"start_time":1609848876000},{"elapsed_time":161160,"segment":0,"interval":1,"start_time":1609848878000},{"elapsed_time":163160,"segment":0,"interval":1,"start_time":1609848880000},{"elapsed_time":165160,"segment":0,"interval":1,"start_time":1609848882000},{"elapsed_time":167160,"segment":0,"interval":1,"start_time":1609848884000},{"elapsed_time":169160,"segment":0,"interval":1,"start_time":1609848886000},{"elapsed_time":171160,"segment":0,"interval":1,"start_time":1609848888000},{"elapsed_time":173160,"segment":0,"interval":1,"start_time":1609848890000},{"elapsed_time":176160,"segment":0,"interval":1,"start_time":1609848893000},{"elapsed_time":178160,"segment":0,"interval":1,"start_time":1609848895000},{"elapsed_time":180160,"segment":0,"interval":1,"start_time":1609848897000},{"elapsed_time":182160,"segment":0,"interval":1,"start_time":1609848899000},{"elapsed_time":185160,"segment":0,"interval":1,"start_time":1609848902000},{"elapsed_time":187160,"segment":0,"interval":1,"start_time":1609848904000},{"elapsed_time":189160,"segment":0,"interval":1,"start_time":1609848906000},{"elapsed_time":192160,"segment":0,"interval":1,"start_time":1609848909000},{"elapsed_time":196160,"segment":0,"interval":1,"start_time":1609848913000},{"elapsed_time":199160,"segment":0,"interval":1,"start_time":1609848916000},{"elapsed_time":201160,"segment":0,"interval":1,"start_time":1609848918000},{"elapsed_time":203160,"segment":0,"interval":1,"start_time":1609848920000},{"elapsed_time":204160,"segment":0,"interval":1,"start_time":1609848921000},{"elapsed_time":206160,"segment":0,"interval":1,"start_time":1609848923000},{"elapsed_time":208160,"segment":0,"interval":1,"start_time":1609848925000},{"elapsed_time":210160,"segment":0,"interval":1,"start_time":1609848927000},{"elapsed_time":212160,"segment":0,"interval":1,"start_time":1609848929000},{"elapsed_time":214160,"segment":0,"interval":1,"start_time":1609848931000},{"elapsed_time":216160,"segment":0,"interval":1,"start_time":1609848933000},{"elapsed_time":218160,"segment":0,"interval":1,"start_time":1609848935000},{"elapsed_time":220160,"segment":0,"interval":1,"start_time":1609848937000},{"elapsed_time":222160,"segment":0,"interval":1,"start_time":1609848939000},{"elapsed_time":224160,"segment":0,"interval":1,"start_time":1609848941000},{"elapsed_time":226160,"segment":0,"interval":1,"start_time":1609848943000},{"elapsed_time":228160,"segment":0,"interval":1,"start_time":1609848945000},{"elapsed_time":230160,"segment":0,"interval":1,"start_time":1609848947000},{"elapsed_time":232160,"segment":0,"interval":1,"start_time":1609848949000},{"elapsed_time":234160,"segment":0,"interval":1,"start_time":1609848951000},{"elapsed_time":236160,"segment":0,"interval":1,"start_time":1609848953000},{"elapsed_time":238160,"segment":0,"interval":1,"start_time":1609848955000},{"elapsed_time":241160,"segment":0,"interval":1,"start_time":1609848958000},{"elapsed_time":243160,"segment":0,"interval":1,"start_time":1609848960000},{"elapsed_time":245160,"segment":0,"interval":1,"start_time":1609848962000},{"elapsed_time":248160,"segment":0,"interval":1,"start_time":1609848965000},{"elapsed_time":250160,"segment":0,"interval":1,"start_time":1609848967000},{"elapsed_time":252160,"segment":0,"interval":1,"start_time":1609848969000},{"elapsed_time":254160,"segment":0,"interval":1,"start_time":1609848971000},{"elapsed_time":257160,"segment":0,"interval":1,"start_time":1609848974000},{"elapsed_time":259160,"segment":0,"interval":1,"start_time":1609848976000},{"elapsed_time":261160,"segment":0,"interval":1,"start_time":1609848978000},{"elapsed_time":263160,"segment":0,"interval":1,"start_time":1609848980000},{"elapsed_time":265160,"segment":0,"interval":1,"start_time":1609848982000},{"elapsed_time":267160,"segment":0,"interval":1,"start_time":1609848984000},{"elapsed_time":269160,"segment":0,"interval":1,"start_time":1609848986000},{"elapsed_time":271160,"segment":0,"interval":1,"start_time":1609848988000},{"elapsed_time":274160,"segment":0,"interval":1,"start_time":1609848991000},{"elapsed_time":276160,"segment":0,"interval":1,"start_time":1609848993000},{"elapsed_time":278160,"segment":0,"interval":1,"start_time":1609848995000},{"elapsed_time":280160,"segment":0,"interval":1,"start_time":1609848997000},{"elapsed_time":282160,"segment":0,"interval":1,"start_time":1609848999000},{"elapsed_time":284160,"segment":0,"interval":1,"start_time":1609849001000},{"elapsed_time":286160,"segment":0,"interval":1,"start_time":1609849003000},{"elapsed_time":289160,"segment":0,"interval":1,"start_time":1609849006000},{"elapsed_time":291160,"segment":0,"interval":1,"start_time":1609849008000},{"elapsed_time":293160,"segment":0,"interval":1,"start_time":1609849010000},{"elapsed_time":295160,"segment":0,"interval":1,"start_time":1609849012000},{"elapsed_time":298160,"segment":0,"interval":1,"start_time":1609849015000},{"elapsed_time":301160,"segment":0,"interval":1,"start_time":1609849018000},{"elapsed_time":303160,"segment":0,"interval":1,"start_time":1609849020000},{"elapsed_time":306160,"segment":0,"interval":1,"start_time":1609849023000},{"elapsed_time":308160,"segment":0,"interval":1,"start_time":1609849025000},{"elapsed_time":311160,"segment":0,"interval":1,"start_time":1609849028000},{"elapsed_time":314160,"segment":0,"interval":1,"start_time":1609849031000},{"elapsed_time":316160,"segment":0,"interval":1,"start_time":1609849033000},{"elapsed_time":318160,"segment":0,"interval":1,"start_time":1609849035000},{"elapsed_time":320160,"segment":0,"interval":1,"start_time":1609849037000},{"elapsed_time":322160,"segment":0,"interval":1,"start_time":1609849039000},{"elapsed_time":324160,"segment":0,"interval":1,"start_time":1609849041000},{"elapsed_time":326160,"segment":0,"interval":1,"start_time":1609849043000},{"elapsed_time":328160,"segment":0,"interval":1,"start_time":1609849045000},{"elapsed_time":330160,"segment":0,"interval":1,"start_time":1609849047000},{"elapsed_time":332160,"segment":0,"interval":1,"start_time":1609849049000},{"elapsed_time":334160,"segment":0,"interval":1,"start_time":1609849051000},{"elapsed_time":336160,"segment":0,"interval":1,"start_time":1609849053000},{"elapsed_time":339160,"segment":0,"interval":1,"start_time":1609849056000},{"elapsed_time":341160,"segment":0,"interval":1,"start_time":1609849058000},{"elapsed_time":343160,"segment":0,"interval":1,"start_time":1609849060000},{"elapsed_time":345160,"segment":0,"interval":1,"start_time":1609849062000},{"elapsed_time":348160,"segment":0,"interval":1,"start_time":1609849065000},{"elapsed_time":350160,"segment":0,"interval":1,"start_time":1609849067000},{"elapsed_time":352160,"segment":0,"interval":1,"start_time":1609849069000},{"elapsed_time":354160,"segment":0,"interval":1,"start_time":1609849071000},{"elapsed_time":356160,"segment":0,"interval":1,"start_time":1609849073000},{"elapsed_time":358160,"segment":0,"interval":1,"start_time":1609849075000},{"elapsed_time":360160,"segment":0,"interval":1,"start_time":1609849077000},{"elapsed_time":363160,"segment":0,"interval":1,"start_time":1609849080000},{"elapsed_time":365160,"segment":0,"interval":1,"start_time":1609849082000},{"elapsed_time":367160,"segment":0,"interval":1,"start_time":1609849084000},{"elapsed_time":370160,"segment":0,"interval":1,"start_time":1609849087000},{"elapsed_time":372160,"segment":0,"interval":1,"start_time":1609849089000},{"elapsed_time":375160,"segment":0,"interval":1,"start_time":1609849092000},{"elapsed_time":377160,"segment":0,"interval":1,"start_time":1609849094000},{"elapsed_time":379160,"segment":0,"interval":1,"start_time":1609849096000},{"elapsed_time":381160,"segment":0,"interval":1,"start_time":1609849098000},{"elapsed_time":383160,"segment":0,"interval":1,"start_time":1609849100000},{"elapsed_time":385160,"segment":0,"interval":1,"start_time":1609849102000},{"elapsed_time":387160,"segment":0,"interval":1,"start_time":1609849104000},{"elapsed_time":389160,"segment":0,"interval":1,"start_time":1609849106000},{"elapsed_time":391160,"segment":0,"interval":1,"start_time":1609849108000},{"elapsed_time":393160,"segment":0,"interval":1,"start_time":1609849110000},{"elapsed_time":395160,"segment":0,"interval":1,"start_time":1609849112000},{"elapsed_time":397160,"segment":0,"interval":1,"start_time":1609849114000},{"elapsed_time":399160,"segment":0,"interval":1,"start_time":1609849116000},{"elapsed_time":401160,"segment":0,"interval":1,"start_time":1609849118000},{"elapsed_time":403160,"segment":0,"interval":1,"start_time":1609849120000},{"elapsed_time":406160,"segment":0,"interval":1,"start_time":1609849123000},{"elapsed_time":410160,"segment":0,"interval":1,"start_time":1609849127000},{"elapsed_time":413160,"segment":0,"interval":1,"start_time":1609849130000},{"elapsed_time":416160,"segment":0,"interval":1,"start_time":1609849133000},{"elapsed_time":418160,"segment":0,"interval":1,"start_time":1609849157700},{"elapsed_time":421460,"segment":1,"interval":1,"start_time":1609849161000},{"elapsed_time":424460,"segment":1,"interval":1,"start_time":1609849164000},{"elapsed_time":426460,"segment":1,"interval":1,"start_time":1609849166000},{"elapsed_time":428460,"segment":1,"interval":1,"start_time":1609849168000},{"elapsed_time":431460,"segment":1,"interval":1,"start_time":1609849171000},{"elapsed_time":433460,"segment":1,"interval":1,"start_time":1609849173000},{"elapsed_time":435460,"segment":1,"interval":1,"start_time":1609849175000},{"elapsed_time":438460,"segment":1,"interval":1,"start_time":1609849178000},{"elapsed_time":440460,"segment":1,"interval":1,"start_time":1609849180000},{"elapsed_time":442460,"segment":1,"interval":1,"start_time":1609849182000},{"elapsed_time":444460,"segment":1,"interval":1,"start_time":1609849184000},{"elapsed_time":446460,"segment":1,"interval":1,"start_time":1609849186000},{"elapsed_time":448460,"segment":1,"interval":1,"start_time":1609849188000},{"elapsed_time":450460,"segment":1,"interval":1,"start_time":1609849190000},{"elapsed_time":452460,"segment":1,"interval":1,"start_time":1609849192000},{"elapsed_time":454460,"segment":1,"interval":1,"start_time":1609849194000},{"elapsed_time":456460,"segment":1,"interval":1,"start_time":1609849196000},{"elapsed_time":458460,"segment":1,"interval":1,"start_time":1609849198000},{"elapsed_time":460460,"segment":1,"interval":1,"start_time":1609849200000},{"elapsed_time":462460,"segment":1,"interval":1,"start_time":1609849202000},{"elapsed_time":464460,"segment":1,"interval":1,"start_time":1609849204000},{"elapsed_time":466460,"segment":1,"interval":1,"start_time":1609849206000},{"elapsed_time":468460,"segment":1,"interval":1,"start_time":1609849208000},{"elapsed_time":470460,"segment":1,"interval":1,"start_time":1609849210000},{"elapsed_time":472460,"segment":1,"interval":1,"start_time":1609849212000},{"elapsed_time":474460,"segment":1,"interval":1,"start_time":1609849214000},{"elapsed_time":476460,"segment":1,"interval":1,"start_time":1609849216000},{"elapsed_time":478460,"segment":1,"interval":1,"start_time":1609849218000},{"elapsed_time":480460,"segment":1,"interval":1,"start_time":1609849220000},{"elapsed_time":483460,"segment":1,"interval":1,"start_time":1609849223000},{"elapsed_time":486460,"segment":1,"interval":1,"start_time":1609849226000},{"elapsed_time":488460,"segment":1,"interval":1,"start_time":1609849228000},{"elapsed_time":490460,"segment":1,"interval":1,"start_time":1609849230000},{"elapsed_time":492460,"segment":1,"interval":1,"start_time":1609849232000},{"elapsed_time":494460,"segment":1,"interval":1,"start_time":1609849234000},{"elapsed_time":496460,"segment":1,"interval":1,"start_time":1609849236000},{"elapsed_time":498460,"segment":1,"interval":1,"start_time":1609849238000},{"elapsed_time":500460,"segment":1,"interval":1,"start_time":1609849240000},{"elapsed_time":502460,"segment":1,"interval":1,"start_time":1609849242000},{"elapsed_time":504460,"segment":1,"interval":1,"start_time":1609849244000},{"elapsed_time":506460,"segment":1,"interval":1,"start_time":1609849246000},{"elapsed_time":508460,"segment":1,"interval":1,"start_time":1609849248000},{"elapsed_time":510460,"segment":1,"interval":1,"start_time":1609849250000},{"elapsed_time":512460,"segment":1,"interval":1,"start_time":1609849252000},{"elapsed_time":514460,"segment":1,"interval":1,"start_time":1609849254000},{"elapsed_time":516460,"segment":1,"interval":1,"start_time":1609849256000},{"elapsed_time":518460,"segment":1,"interval":1,"start_time":1609849258000},{"elapsed_time":520460,"segment":1,"interval":1,"start_time":1609849260000},{"elapsed_time":523460,"segment":1,"interval":1,"start_time":1609849263000},{"elapsed_time":525460,"segment":1,"interval":1,"start_time":1609849265000},{"elapsed_time":527460,"segment":1,"interval":1,"start_time":1609849267000},{"elapsed_time":529460,"segment":1,"interval":1,"start_time":1609849269000},{"elapsed_time":532460,"segment":1,"interval":1,"start_time":1609849272000},{"elapsed_time":535460,"segment":1,"interval":1,"start_time":1609849275000},{"elapsed_time":537460,"segment":1,"interval":1,"start_time":1609849277000},{"elapsed_time":539460,"segment":1,"interval":1,"start_time":1609849279000},{"elapsed_time":541460,"segment":1,"interval":1,"start_time":1609849281000},{"elapsed_time":543460,"segment":1,"interval":1,"start_time":1609849283000},{"elapsed_time":545460,"segment":1,"interval":1,"start_time":1609849285000},{"elapsed_time":548460,"segment":1,"interval":1,"start_time":1609849288000},{"elapsed_time":550460,"segment":1,"interval":1,"start_time":1609849290000},{"elapsed_time":552460,"segment":1,"interval":1,"start_time":1609849292000},{"elapsed_time":555460,"segment":1,"interval":1,"start_time":1609849295000},{"elapsed_time":558460,"segment":1,"interval":1,"start_time":1609849298000},{"elapsed_time":561460,"segment":1,"interval":1,"start_time":1609849301000},{"elapsed_time":563460,"segment":1,"interval":1,"start_time":1609849303000},{"elapsed_time":565460,"segment":1,"interval":1,"start_time":1609849305000},{"elapsed_time":567460,"segment":1,"interval":1,"start_time":1609849307000},{"elapsed_time":569460,"segment":1,"interval":1,"start_time":1609849309000},{"elapsed_time":571460,"segment":1,"interval":1,"start_time":1609849311000},{"elapsed_time":573460,"segment":1,"interval":1,"start_time":1609849313000},{"elapsed_time":575460,"segment":1,"interval":1,"start_time":1609849315000},{"elapsed_time":577460,"segment":1,"interval":1,"start_time":1609849317000},{"elapsed_time":579460,"segment":1,"interval":1,"start_time":1609849319000},{"elapsed_time":581460,"segment":1,"interval":1,"start_time":1609849321000},{"elapsed_time":583460,"segment":1,"interval":1,"start_time":1609849323000},{"elapsed_time":585460,"segment":1,"interval":1,"start_time":1609849325000},{"elapsed_time":587460,"segment":1,"interval":1,"start_time":1609849327000},{"elapsed_time":589460,"segment":1,"interval":1,"start_time":1609849329000},{"elapsed_time":591460,"segment":1,"interval":1,"start_time":1609849331000},{"elapsed_time":593460,"segment":1,"interval":1,"start_time":1609849333000},{"elapsed_time":596460,"segment":1,"interval":1,"start_time":1609849336000},{"elapsed_time":599460,"segment":1,"interval":1,"start_time":1609849339000},{"elapsed_time":601460,"segment":1,"interval":1,"start_time":1609849341000},{"elapsed_time":603460,"segment":1,"interval":1,"start_time":1609849343000},{"elapsed_time":605460,"segment":1,"interval":1,"start_time":1609849345000},{"elapsed_time":607460,"segment":1,"interval":1,"start_time":1609849347000},{"elapsed_time":610460,"segment":1,"interval":1,"start_time":1609849350000},{"elapsed_time":612460,"segment":1,"interval":1,"start_time":1609849352000},{"elapsed_time":614460,"segment":1,"interval":1,"start_time":1609849354000},{"elapsed_time":616460,"segment":1,"interval":1,"start_time":1609849356000},{"elapsed_time":618460,"segment":1,"interval":1,"start_time":1609849358000},{"elapsed_time":620460,"segment":1,"interval":1,"start_time":1609849360000},{"elapsed_time":622460,"segment":1,"interval":1,"start_time":1609849362000},{"elapsed_time":624460,"segment":1,"interval":1,"start_time":1609849364000},{"elapsed_time":626460,"segment":1,"interval":1,"start_time":1609849366000},{"elapsed_time":628460,"segment":1,"interval":1,"start_time":1609849368000},{"elapsed_time":630460,"segment":1,"interval":1,"start_time":1609849370000},{"elapsed_time":633460,"segment":1,"interval":1,"start_time":1609849373000},{"elapsed_time":635460,"segment":1,"interval":1,"start_time":1609849375000},{"elapsed_time":637460,"segment":1,"interval":1,"start_time":1609849377000},{"elapsed_time":639460,"segment":1,"interval":1,"start_time":1609849379000},{"elapsed_time":641460,"segment":1,"interval":1,"start_time":1609849381000},{"elapsed_time":643460,"segment":1,"interval":1,"start_time":1609849383000},{"elapsed_time":645460,"segment":1,"interval":1,"start_time":1609849385000},{"elapsed_time":647460,"segment":1,"interval":1,"start_time":1609849387000},{"elapsed_time":650460,"segment":1,"interval":1,"start_time":1609849390000},{"elapsed_time":653460,"segment":1,"interval":1,"start_time":1609849393000},{"elapsed_time":656460,"segment":1,"interval":1,"start_time":1609849396000},{"elapsed_time":659460,"segment":1,"interval":1,"start_time":1609849399000},{"elapsed_time":661460,"segment":1,"interval":1,"start_time":1609849401000},{"elapsed_time":664460,"segment":1,"interval":1,"start_time":1609849404000},{"elapsed_time":666460,"segment":1,"interval":1,"start_time":1609849406000},{"elapsed_time":668460,"segment":1,"interval":1,"start_time":1609849408000},{"elapsed_time":670460,"segment":1,"interval":1,"start_time":1609849410000},{"elapsed_time":672460,"segment":1,"interval":1,"start_time":1609849412000},{"elapsed_time":674460,"segment":1,"interval":1,"start_time":1609849414000},{"elapsed_time":676460,"segment":1,"interval":1,"start_time":1609849416000},{"elapsed_time":679460,"segment":1,"interval":1,"start_time":1609849419000},{"elapsed_time":682460,"segment":1,"interval":1,"start_time":1609849422000},{"elapsed_time":684460,"segment":1,"interval":1,"start_time":1609849424000},{"elapsed_time":686460,"segment":1,"interval":1,"start_time":1609849426000},{"elapsed_time":688460,"segment":1,"interval":1,"start_time":1609849428000},{"elapsed_time":690460,"segment":1,"interval":1,"start_time":1609849430000},{"elapsed_time":692460,"segment":1,"interval":1,"start_time":1609849432000},{"elapsed_time":695460,"segment":1,"interval":1,"start_time":1609849435000},{"elapsed_time":697460,"segment":1,"interval":1,"start_time":1609849437000},{"elapsed_time":700460,"segment":1,"interval":1,"start_time":1609849440000},{"elapsed_time":702460,"segment":1,"interval":1,"start_time":1609849442000},{"elapsed_time":704460,"segment":1,"interval":1,"start_time":1609849444000},{"elapsed_time":706460,"segment":1,"interval":1,"start_time":1609849446000},{"elapsed_time":709460,"segment":1,"interval":1,"start_time":1609849449000},{"elapsed_time":712460,"segment":1,"interval":1,"start_time":1609849452000},{"elapsed_time":714460,"segment":1,"interval":1,"start_time":1609849454000},{"elapsed_time":716460,"segment":1,"interval":1,"start_time":1609849456000},{"elapsed_time":718460,"segment":1,"interval":1,"start_time":1609849458000},{"elapsed_time":720460,"segment":1,"interval":1,"start_time":1609849460000},{"elapsed_time":722460,"segment":1,"interval":1,"start_time":1609849462000},{"elapsed_time":724460,"segment":1,"interval":1,"start_time":1609849464000},{"elapsed_time":726460,"segment":1,"interval":1,"start_time":1609849466000},{"elapsed_time":728460,"segment":1,"interval":1,"start_time":1609849468000},{"elapsed_time":730460,"segment":1,"interval":1,"start_time":1609849470000},{"elapsed_time":732460,"segment":1,"interval":1,"start_time":1609849472000},{"elapsed_time":734460,"segment":1,"interval":1,"start_time":1609849474000},{"elapsed_time":736460,"segment":1,"interval":1,"start_time":1609849476000},{"elapsed_time":738460,"segment":1,"interval":1,"start_time":1609849478000},{"elapsed_time":740460,"segment":1,"interval":1,"start_time":1609849480000},{"elapsed_time":742460,"segment":1,"interval":1,"start_time":1609849482000},{"elapsed_time":744460,"segment":1,"interval":1,"start_time":1609849484000},{"elapsed_time":746460,"segment":1,"interval":1,"start_time":1609849486000},{"elapsed_time":748460,"segment":1,"interval":1,"start_time":1609849488000},{"elapsed_time":751460,"segment":1,"interval":1,"start_time":1609849491000},{"elapsed_time":753460,"segment":1,"interval":1,"start_time":1609849493000},{"elapsed_time":756460,"segment":1,"interval":1,"start_time":1609849496000},{"elapsed_time":758460,"segment":1,"interval":1,"start_time":1609849498000},{"elapsed_time":760460,"segment":1,"interval":1,"start_time":1609849500000},{"elapsed_time":762460,"segment":1,"interval":1,"start_time":1609849502000},{"elapsed_time":764460,"segment":1,"interval":1,"start_time":1609849504000},{"elapsed_time":767460,"segment":1,"interval":1,"start_time":1609849507000},{"elapsed_time":769460,"segment":1,"interval":1,"start_time":1609849509000},{"elapsed_time":772460,"segment":1,"interval":1,"start_time":1609849512000},{"elapsed_time":774460,"segment":1,"interval":1,"start_time":1609849514000},{"elapsed_time":776460,"segment":1,"interval":1,"start_time":1609849516000},{"elapsed_time":778460,"segment":1,"interval":1,"start_time":1609849518000},{"elapsed_time":780460,"segment":1,"interval":1,"start_time":1609849520000},{"elapsed_time":782460,"segment":1,"interval":1,"start_time":1609849522000},{"elapsed_time":784460,"segment":1,"interval":1,"start_time":1609849524000},{"elapsed_time":786460,"segment":1,"interval":1,"start_time":1609849526000},{"elapsed_time":788460,"segment":1,"interval":1,"start_time":1609849528000},{"elapsed_time":790460,"segment":1,"interval":1,"start_time":1609849530000},{"elapsed_time":792460,"segment":1,"interval":1,"start_time":1609849532000},{"elapsed_time":794460,"segment":1,"interval":1,"start_time":1609849534000},{"elapsed_time":796460,"segment":1,"interval":1,"start_time":1609849536000},{"elapsed_time":798460,"segment":1,"interval":1,"start_time":1609849538000},{"elapsed_time":800460,"segment":1,"interval":1,"start_time":1609849540000},{"elapsed_time":802460,"segment":1,"interval":1,"start_time":1609849542000},{"elapsed_time":805460,"segment":1,"interval":1,"start_time":1609849545000},{"elapsed_time":807460,"segment":1,"interval":1,"start_time":1609849547000},{"elapsed_time":810460,"segment":1,"interval":1,"start_time":1609849550000},{"elapsed_time":812460,"segment":1,"interval":1,"start_time":1609849552000},{"elapsed_time":814460,"segment":1,"interval":1,"start_time":1609849554000},{"elapsed_time":817460,"segment":1,"interval":1,"start_time":1609849557000},{"elapsed_time":819460,"segment":1,"interval":1,"start_time":1609849559000},{"elapsed_time":821460,"segment":1,"interval":1,"start_time":1609849561000},{"elapsed_time":824460,"segment":1,"interval":1,"start_time":1609849564000},{"elapsed_time":827460,"segment":1,"interval":1,"start_time":1609849567000},{"elapsed_time":829460,"segment":1,"interval":1,"start_time":1609849569000},{"elapsed_time":831460,"segment":1,"interval":1,"start_time":1609849571000},{"elapsed_time":834460,"segment":1,"interval":1,"start_time":1609849574000},{"elapsed_time":837460,"segment":1,"interval":1,"start_time":1609849577000},{"elapsed_time":839460,"segment":1,"interval":1,"start_time":1609849579000},{"elapsed_time":841460,"segment":1,"interval":1,"start_time":1609849581000},{"elapsed_time":843460,"segment":1,"interval":1,"start_time":1609849583000},{"elapsed_time":845460,"segment":1,"interval":1,"start_time":1609849585000},{"elapsed_time":847460,"segment":1,"interval":1,"start_time":1609849587000},{"elapsed_time":849460,"segment":1,"interval":1,"start_time":1609849589000},{"elapsed_time":851460,"segment":1,"interval":1,"start_time":1609849591000},{"elapsed_time":853460,"segment":1,"interval":1,"start_time":1609849593000},{"elapsed_time":855460,"segment":1,"interval":1,"start_time":1609849595000},{"elapsed_time":857460,"segment":1,"interval":1,"start_time":1609849597000},{"elapsed_time":860460,"segment":1,"interval":1,"start_time":1609849600000},{"elapsed_time":862460,"segment":1,"interval":1,"start_time":1609849602000},{"elapsed_time":864460,"segment":1,"interval":1,"start_time":1609849604000},{"elapsed_time":866460,"segment":1,"interval":1,"start_time":1609849606000},{"elapsed_time":868460,"segment":1,"interval":1,"start_time":1609849608000},{"elapsed_time":870460,"segment":1,"interval":1,"start_time":1609849610000},{"elapsed_time":872460,"segment":1,"interval":1,"start_time":1609849612000},{"elapsed_time":874460,"segment":1,"interval":1,"start_time":1609849614000},{"elapsed_time":877460,"segment":1,"interval":1,"start_time":1609849617000},{"elapsed_time":879460,"segment":1,"interval":1,"start_time":1609849619000},{"elapsed_time":882460,"segment":1,"interval":1,"start_time":1609849622000},{"elapsed_time":884460,"segment":1,"interval":1,"start_time":1609849624000},{"elapsed_time":886460,"segment":1,"interval":1,"start_time":1609849626000},{"elapsed_time":889460,"segment":1,"interval":1,"start_time":1609849629000},{"elapsed_time":891460,"segment":1,"interval":1,"start_time":1609849631000},{"elapsed_time":893460,"segment":1,"interval":1,"start_time":1609849633000},{"elapsed_time":895460,"segment":1,"interval":1,"start_time":1609849635000},{"elapsed_time":897460,"segment":1,"interval":1,"start_time":1609849637000},{"elapsed_time":899460,"segment":1,"interval":1,"start_time":1609849639000},{"elapsed_time":901460,"segment":1,"interval":1,"start_time":1609849641000},{"elapsed_time":903460,"segment":1,"interval":1,"start_time":1609849643000},{"elapsed_time":905460,"segment":1,"interval":1,"start_time":1609849645000},{"elapsed_time":907460,"segment":1,"interval":1,"start_time":1609849647000},{"elapsed_time":909460,"segment":1,"interval":1,"start_time":1609849649000},{"elapsed_time":911460,"segment":1,"interval":1,"start_time":1609849651000},{"elapsed_time":914460,"segment":1,"interval":1,"start_time":1609849654000},{"elapsed_time":916460,"segment":1,"interval":1,"start_time":1609849656000},{"elapsed_time":918460,"segment":1,"interval":1,"start_time":1609849658000},{"elapsed_time":920460,"segment":1,"interval":1,"start_time":1609849660000},{"elapsed_time":922460,"segment":1,"interval":1,"start_time":1609849662000},{"elapsed_time":924460,"segment":1,"interval":1,"start_time":1609849664000},{"elapsed_time":926460,"segment":1,"interval":1,"start_time":1609849666000},{"elapsed_time":928460,"segment":1,"interval":1,"start_time":1609849668000},{"elapsed_time":930460,"segment":1,"interval":1,"start_time":1609849670000},{"elapsed_time":932460,"segment":1,"interval":1,"start_time":1609849672000},{"elapsed_time":934460,"segment":1,"interval":1,"start_time":1609849674000},{"elapsed_time":936460,"segment":1,"interval":1,"start_time":1609849676000},{"elapsed_time":938460,"segment":1,"interval":1,"start_time":1609849678000},{"elapsed_time":941460,"segment":1,"interval":1,"start_time":1609849681000},{"elapsed_time":943460,"segment":1,"interval":1,"start_time":1609849683000},{"elapsed_time":945460,"segment":1,"interval":1,"start_time":1609849685000},{"elapsed_time":948460,"segment":1,"interval":1,"start_time":1609849688000},{"elapsed_time":950460,"segment":1,"interval":1,"start_time":1609849690000},{"elapsed_time":952460,"segment":1,"interval":1,"start_time":1609849692000},{"elapsed_time":955460,"segment":1,"interval":1,"start_time":1609849695000},{"elapsed_time":957460,"segment":1,"interval":1,"start_time":1609849697000},{"elapsed_time":959460,"segment":1,"interval":1,"start_time":1609849699000},{"elapsed_time":961460,"segment":1,"interval":1,"start_time":1609849701000},{"elapsed_time":964460,"segment":1,"interval":1,"start_time":1609849704000},{"elapsed_time":971460,"segment":1,"interval":1,"start_time":1609849711000},{"elapsed_time":974460,"segment":1,"interval":1,"start_time":1609849714000},{"elapsed_time":976460,"segment":1,"interval":1,"start_time":1609849716000},{"elapsed_time":978460,"segment":1,"interval":1,"start_time":1609849718000},{"elapsed_time":980460,"segment":1,"interval":1,"start_time":1609849720000},{"elapsed_time":982460,"segment":1,"interval":1,"start_time":1609849722000},{"elapsed_time":985460,"segment":1,"interval":1,"start_time":1609849725000},{"elapsed_time":987460,"segment":1,"interval":1,"start_time":1609849727000},{"elapsed_time":989460,"segment":1,"interval":1,"start_time":1609849729000},{"elapsed_time":991460,"segment":1,"interval":1,"start_time":1609849731000},{"elapsed_time":993460,"segment":1,"interval":1,"start_time":1609849733000},{"elapsed_time":995460,"segment":1,"interval":1,"start_time":1609849735000},{"elapsed_time":997460,"segment":1,"interval":1,"start_time":1609849737000},{"elapsed_time":999460,"segment":1,"interval":1,"start_time":1609849739000},{"elapsed_time":1001460,"segment":1,"interval":1,"start_time":1609849741000},{"elapsed_time":1003460,"segment":1,"interval":1,"start_time":1609849743000},{"elapsed_time":1005460,"segment":1,"interval":1,"start_time":1609849745000},{"elapsed_time":1008460,"segment":1,"interval":1,"start_time":1609849748000},{"elapsed_time":1011460,"segment":1,"interval":1,"start_time":1609849751000},{"elapsed_time":1013460,"segment":1,"interval":1,"start_time":1609849753000},{"elapsed_time":1015460,"segment":1,"interval":1,"start_time":1609849755000},{"elapsed_time":1017460,"segment":1,"interval":1,"start_time":1609849757000},{"elapsed_time":1020460,"segment":1,"interval":1,"start_time":1609849760000},{"elapsed_time":1022460,"segment":1,"interval":1,"start_time":1609849762000},{"elapsed_time":1024460,"segment":1,"interval":1,"start_time":1609849764000},{"elapsed_time":1026460,"segment":1,"interval":1,"start_time":1609849766000},{"elapsed_time":1028460,"segment":1,"interval":1,"start_time":1609849768000},{"elapsed_time":1030460,"segment":1,"interval":1,"start_time":1609849770000},{"elapsed_time":1032460,"segment":1,"interval":1,"start_time":1609849772000},{"elapsed_time":1034460,"segment":1,"interval":1,"start_time":1609849774000},{"elapsed_time":1037460,"segment":1,"interval":1,"start_time":1609849777000},{"elapsed_time":1039460,"segment":1,"interval":1,"start_time":1609849779000},{"elapsed_time":1041460,"segment":1,"interval":1,"start_time":1609849781000},{"elapsed_time":1043460,"segment":1,"interval":1,"start_time":1609849783000},{"elapsed_time":1045460,"segment":1,"interval":1,"start_time":1609849785000},{"elapsed_time":1047460,"segment":1,"interval":1,"start_time":1609849787000},{"elapsed_time":1049460,"segment":1,"interval":1,"start_time":1609849789000},{"elapsed_time":1051460,"segment":1,"interval":1,"start_time":1609849791000},{"elapsed_time":1054460,"segment":1,"interval":1,"start_time":1609849794000},{"elapsed_time":1056460,"segment":1,"interval":1,"start_time":1609849796000},{"elapsed_time":1058460,"segment":1,"interval":1,"start_time":1609849798000},{"elapsed_time":1060460,"segment":1,"interval":1,"start_time":1609849800000},{"elapsed_time":1062460,"segment":1,"interval":1,"start_time":1609849802000},{"elapsed_time":1065460,"segment":1,"interval":1,"start_time":1609849805000},{"elapsed_time":1068460,"segment":1,"interval":1,"start_time":1609849808000},{"elapsed_time":1070460,"segment":1,"interval":1,"start_time":1609849810000},{"elapsed_time":1072460,"segment":1,"interval":1,"start_time":1609849812000},{"elapsed_time":1074460,"segment":1,"interval":1,"start_time":1609849814000},{"elapsed_time":1076460,"segment":1,"interval":1,"start_time":1609849816000},{"elapsed_time":1078460,"segment":1,"interval":1,"start_time":1609849818000},{"elapsed_time":1081460,"segment":1,"interval":1,"start_time":1609849821000},{"elapsed_time":1087460,"segment":1,"interval":1,"start_time":1609849827000},{"elapsed_time":1089460,"segment":1,"interval":1,"start_time":1609849829000},{"elapsed_time":1091460,"segment":1,"interval":1,"start_time":1609849831000},{"elapsed_time":1093460,"segment":1,"interval":1,"start_time":1609849833000},{"elapsed_time":1095460,"segment":1,"interval":1,"start_time":1609849835000},{"elapsed_time":1097460,"segment":1,"interval":1,"start_time":1609849837000},{"elapsed_time":1099460,"segment":1,"interval":1,"start_time":1609849839000},{"elapsed_time":1101460,"segment":1,"interval":1,"start_time":1609849841000},{"elapsed_time":1103460,"segment":1,"interval":1,"start_time":1609849843000},{"elapsed_time":1105460,"segment":1,"interval":1,"start_time":1609849845000},{"elapsed_time":1107460,"segment":1,"interval":1,"start_time":1609849847000},{"elapsed_time":1109460,"segment":1,"interval":1,"start_time":1609849849000},{"elapsed_time":1111460,"segment":1,"interval":1,"start_time":1609849851000},{"elapsed_time":1113460,"segment":1,"interval":1,"start_time":1609849853000},{"elapsed_time":1115460,"segment":1,"interval":1,"start_time":1609849855000},{"elapsed_time":1117460,"segment":1,"interval":1,"start_time":1609849857000},{"elapsed_time":1119460,"segment":1,"interval":1,"start_time":1609849859000},{"elapsed_time":1122460,"segment":1,"interval":1,"start_time":1609849862000},{"elapsed_time":1124460,"segment":1,"interval":1,"start_time":1609849864000},{"elapsed_time":1126460,"segment":1,"interval":1,"start_time":1609849866000},{"elapsed_time":1128460,"segment":1,"interval":1,"start_time":1609849868000},{"elapsed_time":1130460,"segment":1,"interval":1,"start_time":1609849870000},{"elapsed_time":1132460,"segment":1,"interval":1,"start_time":1609849872000},{"elapsed_time":1134460,"segment":1,"interval":1,"start_time":1609849874000},{"elapsed_time":1136460,"segment":1,"interval":1,"start_time":1609849876000},{"elapsed_time":1138460,"segment":1,"interval":1,"start_time":1609849878000},{"elapsed_time":1140460,"segment":1,"interval":1,"start_time":1609849880000},{"elapsed_time":1142460,"segment":1,"interval":1,"start_time":1609849882000},{"elapsed_time":1144460,"segment":1,"interval":1,"start_time":1609849884000},{"elapsed_time":1146460,"segment":1,"interval":1,"start_time":1609849886000},{"elapsed_time":1149460,"segment":1,"interval":1,"start_time":1609849889000},{"elapsed_time":1152460,"segment":1,"interval":1,"start_time":1609849892000},{"elapsed_time":1154460,"segment":1,"interval":1,"start_time":1609849894000},{"elapsed_time":1156460,"segment":1,"interval":1,"start_time":1609849896000},{"elapsed_time":1158460,"segment":1,"interval":1,"start_time":1609849898000},{"elapsed_time":1160460,"segment":1,"interval":1,"start_time":1609849900000},{"elapsed_time":1163460,"segment":1,"interval":1,"start_time":1609849903000},{"elapsed_time":1165460,"segment":1,"interval":1,"start_time":1609849905000},{"elapsed_time":1167460,"segment":1,"interval":1,"start_time":1609849907000},{"elapsed_time":1169460,"segment":1,"interval":1,"start_time":1609849909000},{"elapsed_time":1171460,"segment":1,"interval":1,"start_time":1609849911000},{"elapsed_time":1173460,"segment":1,"interval":1,"start_time":1609849913000},{"elapsed_time":1175460,"segment":1,"interval":1,"start_time":1609849915000},{"elapsed_time":1177460,"segment":1,"interval":1,"start_time":1609849917000},{"elapsed_time":1179460,"segment":1,"interval":1,"start_time":1609849919000},{"elapsed_time":1182460,"segment":1,"interval":1,"start_time":1609849922000},{"elapsed_time":1184460,"segment":1,"interval":1,"start_time":1609849924000},{"elapsed_time":1186460,"segment":1,"interval":1,"start_time":1609849926000},{"elapsed_time":1188460,"segment":1,"interval":1,"start_time":1609849928000},{"elapsed_time":1190460,"segment":1,"interval":1,"start_time":1609849930000},{"elapsed_time":1192460,"segment":1,"interval":1,"start_time":1609849932000},{"elapsed_time":1194460,"segment":1,"interval":1,"start_time":1609849934000},{"elapsed_time":1196460,"segment":1,"interval":1,"start_time":1609849936000},{"elapsed_time":1198460,"segment":1,"interval":1,"start_time":1609849938000},{"elapsed_time":1200460,"segment":1,"interval":1,"start_time":1609849940000},{"elapsed_time":1202460,"segment":1,"interval":1,"start_time":1609849942000},{"elapsed_time":1204460,"segment":1,"interval":1,"start_time":1609849944000},{"elapsed_time":1206460,"segment":1,"interval":1,"start_time":1609849946000},{"elapsed_time":1208460,"segment":1,"interval":1,"start_time":1609849948000},{"elapsed_time":1210460,"segment":1,"interval":1,"start_time":1609849950000},{"elapsed_time":1212460,"segment":1,"interval":1,"start_time":1609849952000},{"elapsed_time":1214460,"segment":1,"interval":1,"start_time":1609849954000},{"elapsed_time":1216460,"segment":1,"interval":1,"start_time":1609849956000},{"elapsed_time":1218460,"segment":1,"interval":1,"start_time":1609849958000},{"elapsed_time":1220460,"segment":1,"interval":1,"start_time":1609849960000},{"elapsed_time":1222460,"segment":1,"interval":1,"start_time":1609849962000},{"elapsed_time":1224460,"segment":1,"interval":1,"start_time":1609849964000},{"elapsed_time":1226460,"segment":1,"interval":1,"start_time":1609849966000},{"elapsed_time":1228460,"segment":1,"interval":1,"start_time":1609849968000},{"elapsed_time":1231460,"segment":1,"interval":1,"start_time":1609849971000},{"elapsed_time":1233460,"segment":1,"interval":1,"start_time":1609849973000},{"elapsed_time":1235460,"segment":1,"interval":1,"start_time":1609849975000},{"elapsed_time":1238460,"segment":1,"interval":1,"start_time":1609849978000},{"elapsed_time":1240460,"segment":1,"interval":1,"start_time":1609849980000},{"elapsed_time":1242460,"segment":1,"interval":1,"start_time":1609849982000},{"elapsed_time":1244460,"segment":1,"interval":1,"start_time":1609849984000},{"elapsed_time":1246460,"segment":1,"interval":1,"start_time":1609849986000},{"elapsed_time":1248460,"segment":1,"interval":1,"start_time":1609849988000},{"elapsed_time":1251460,"segment":1,"interval":1,"start_time":1609849991000},{"elapsed_time":1253460,"segment":1,"interval":1,"start_time":1609849993000},{"elapsed_time":1256460,"segment":1,"interval":1,"start_time":1609849996000},{"elapsed_time":1258460,"segment":1,"interval":1,"start_time":1609849998000},{"elapsed_time":1261460,"segment":1,"interval":1,"start_time":1609850001000},{"elapsed_time":1263460,"segment":1,"interval":1,"start_time":1609850003000},{"elapsed_time":1266460,"segment":1,"interval":1,"start_time":1609850006000},{"elapsed_time":1268460,"segment":1,"interval":1,"start_time":1609850008000},{"elapsed_time":1270460,"segment":1,"interval":1,"start_time":1609850010000},{"elapsed_time":1272460,"segment":1,"interval":1,"start_time":1609850012000},{"elapsed_time":1274460,"segment":1,"interval":1,"start_time":1609850014000},{"elapsed_time":1276460,"segment":1,"interval":1,"start_time":1609850016000},{"elapsed_time":1279460,"segment":1,"interval":1,"start_time":1609850019000},{"elapsed_time":1281460,"segment":1,"interval":1,"start_time":1609850021000},{"elapsed_time":1284460,"segment":1,"interval":1,"start_time":1609850024000},{"elapsed_time":1286460,"segment":1,"interval":1,"start_time":1609850026000},{"elapsed_time":1288460,"segment":1,"interval":1,"start_time":1609850028000},{"elapsed_time":1291460,"segment":1,"interval":1,"start_time":1609850031000},{"elapsed_time":1293460,"segment":1,"interval":1,"start_time":1609850033000},{"elapsed_time":1296460,"segment":1,"interval":1,"start_time":1609850036000},{"elapsed_time":1298460,"segment":1,"interval":1,"start_time":1609850038000},{"elapsed_time":1300460,"segment":1,"interval":1,"start_time":1609850040000},{"elapsed_time":1302460,"segment":1,"interval":1,"start_time":1609850042000},{"elapsed_time":1304460,"segment":1,"interval":1,"start_time":1609850044000},{"elapsed_time":1306460,"segment":1,"interval":1,"start_time":1609850046000},{"elapsed_time":1308460,"segment":1,"interval":1,"start_time":1609850048000},{"elapsed_time":1311460,"segment":1,"interval":1,"start_time":1609850051000},{"elapsed_time":1313460,"segment":1,"interval":1,"start_time":1609850053000},{"elapsed_time":1315460,"segment":1,"interval":1,"start_time":1609850055000},{"elapsed_time":1317460,"segment":1,"interval":1,"start_time":1609850057000},{"elapsed_time":1319460,"segment":1,"interval":1,"start_time":1609850059000},{"elapsed_time":1321460,"segment":1,"interval":1,"start_time":1609850061000},{"elapsed_time":1323460,"segment":1,"interval":1,"start_time":1609850063000},{"elapsed_time":1326460,"segment":1,"interval":1,"start_time":1609850066000},{"elapsed_time":1329460,"segment":1,"interval":1,"start_time":1609850069000},{"elapsed_time":1332460,"segment":1,"interval":1,"start_time":1609850072000},{"elapsed_time":1334460,"segment":1,"interval":1,"start_time":1609850074000},{"elapsed_time":1336460,"segment":1,"interval":1,"start_time":1609850076000},{"elapsed_time":1338460,"segment":1,"interval":1,"start_time":1609850078000},{"elapsed_time":1340460,"segment":1,"interval":1,"start_time":1609850080000},{"elapsed_time":1343460,"segment":1,"interval":1,"start_time":1609850083000},{"elapsed_time":1345460,"segment":1,"interval":1,"start_time":1609850085000},{"elapsed_time":1347460,"segment":1,"interval":1,"start_time":1609850087000},{"elapsed_time":1349460,"segment":1,"interval":1,"start_time":1609850089000},{"elapsed_time":1351460,"segment":1,"interval":1,"start_time":1609850091000},{"elapsed_time":1353460,"segment":1,"interval":1,"start_time":1609850093000},{"elapsed_time":1355460,"segment":1,"interval":1,"start_time":1609850095000},{"elapsed_time":1357460,"segment":1,"interval":1,"start_time":1609850097000},{"elapsed_time":1359460,"segment":1,"interval":1,"start_time":1609850099000},{"elapsed_time":1361460,"segment":1,"interval":1,"start_time":1609850101000},{"elapsed_time":1363460,"segment":1,"interval":1,"start_time":1609850103000},{"elapsed_time":1365460,"segment":1,"interval":1,"start_time":1609850105000},{"elapsed_time":1367460,"segment":1,"interval":1,"start_time":1609850107000},{"elapsed_time":1369460,"segment":1,"interval":1,"start_time":1609850109000},{"elapsed_time":1371460,"segment":1,"interval":1,"start_time":1609850111000},{"elapsed_time":1373460,"segment":1,"interval":1,"start_time":1609850113000},{"elapsed_time":1375460,"segment":1,"interval":1,"start_time":1609850115000},{"elapsed_time":1377460,"segment":1,"interval":1,"start_time":1609850117000},{"elapsed_time":1379460,"segment":1,"interval":1,"start_time":1609850119000},{"elapsed_time":1381460,"segment":1,"interval":1,"start_time":1609850121000},{"elapsed_time":1383460,"segment":1,"interval":1,"start_time":1609850123000},{"elapsed_time":1385460,"segment":1,"interval":1,"start_time":1609850125000},{"elapsed_time":1387460,"segment":1,"interval":1,"start_time":1609850127000},{"elapsed_time":1389460,"segment":1,"interval":1,"start_time":1609850129000},{"elapsed_time":1391460,"segment":1,"interval":1,"start_time":1609850131000},{"elapsed_time":1394460,"segment":1,"interval":1,"start_time":1609850134000},{"elapsed_time":1396460,"segment":1,"interval":1,"start_time":1609850136000},{"elapsed_time":1399460,"segment":1,"interval":1,"start_time":1609850139000},{"elapsed_time":1402460,"segment":1,"interval":1,"start_time":1609850142000},{"elapsed_time":1404460,"segment":1,"interval":1,"start_time":1609850144000},{"elapsed_time":1406460,"segment":1,"interval":1,"start_time":1609850146000},{"elapsed_time":1409460,"segment":1,"interval":1,"start_time":1609850149000},{"elapsed_time":1411460,"segment":1,"interval":1,"start_time":1609850151000},{"elapsed_time":1414460,"segment":1,"interval":1,"start_time":1609850154000},{"elapsed_time":1417460,"segment":1,"interval":1,"start_time":1609850157000},{"elapsed_time":1419460,"segment":1,"interval":1,"start_time":1609850159000},{"elapsed_time":1422460,"segment":1,"interval":1,"start_time":1609850162000},{"elapsed_time":1424460,"segment":1,"interval":1,"start_time":1609850164000},{"elapsed_time":1426460,"segment":1,"interval":1,"start_time":1609850166000},{"elapsed_time":1428460,"segment":1,"interval":1,"start_time":1609850168000},{"elapsed_time":1431460,"segment":1,"interval":1,"start_time":1609850171000},{"elapsed_time":1434460,"segment":1,"interval":1,"start_time":1609850174000},{"elapsed_time":1436460,"segment":1,"interval":1,"start_time":1609850176000},{"elapsed_time":1438460,"segment":1,"interval":1,"start_time":1609850178000},{"elapsed_time":1440460,"segment":1,"interval":1,"start_time":1609850180000},{"elapsed_time":1442460,"segment":1,"interval":1,"start_time":1609850182000},{"elapsed_time":1444460,"segment":1,"interval":1,"start_time":1609850184000},{"elapsed_time":1446460,"segment":1,"interval":1,"start_time":1609850186000},{"elapsed_time":1448460,"segment":1,"interval":1,"start_time":1609850188000},{"elapsed_time":1450460,"segment":1,"interval":1,"start_time":1609850190000},{"elapsed_time":1452460,"segment":1,"interval":1,"start_time":1609850192000},{"elapsed_time":1454460,"segment":1,"interval":1,"start_time":1609850194000},{"elapsed_time":1456460,"segment":1,"interval":1,"start_time":1609850196000},{"elapsed_time":1458460,"segment":1,"interval":1,"start_time":1609850198000},{"elapsed_time":1460460,"segment":1,"interval":1,"start_time":1609850200000},{"elapsed_time":1462460,"segment":1,"interval":1,"start_time":1609850202000},{"elapsed_time":1464460,"segment":1,"interval":1,"start_time":1609850204000},{"elapsed_time":1467460,"segment":1,"interval":1,"start_time":1609850207000},{"elapsed_time":1470460,"segment":1,"interval":1,"start_time":1609850210000},{"elapsed_time":1473460,"segment":1,"interval":1,"start_time":1609850213000},{"elapsed_time":1476460,"segment":1,"interval":1,"start_time":1609850216000},{"elapsed_time":1478460,"segment":1,"interval":1,"start_time":1609850218000},{"elapsed_time":1480460,"segment":1,"interval":1,"start_time":1609850220000},{"elapsed_time":1483460,"segment":1,"interval":1,"start_time":1609850223000},{"elapsed_time":1486460,"segment":1,"interval":1,"start_time":1609850226000},{"elapsed_time":1488460,"segment":1,"interval":1,"start_time":1609850228000},{"elapsed_time":1491460,"segment":1,"interval":1,"start_time":1609850231000},{"elapsed_time":1494460,"segment":1,"interval":1,"start_time":1609850234000},{"elapsed_time":1497460,"segment":1,"interval":1,"start_time":1609850237000},{"elapsed_time":1500460,"segment":1,"interval":1,"start_time":1609850240000},{"elapsed_time":1502460,"segment":1,"interval":1,"start_time":1609850242000},{"elapsed_time":1504460,"segment":1,"interval":1,"start_time":1609850244000},{"elapsed_time":1506460,"segment":1,"interval":1,"start_time":1609850246000},{"elapsed_time":1508460,"segment":1,"interval":1,"start_time":1609850248000},{"elapsed_time":1510460,"segment":1,"interval":1,"start_time":1609850250000},{"elapsed_time":1512460,"segment":1,"interval":1,"start_time":1609850252000},{"elapsed_time":1514460,"segment":1,"interval":1,"start_time":1609850254000},{"elapsed_time":1516460,"segment":1,"interval":1,"start_time":1609850256000},{"elapsed_time":1519460,"segment":1,"interval":1,"start_time":1609850259000},{"elapsed_time":1522460,"segment":1,"interval":1,"start_time":1609850262000},{"elapsed_time":1524460,"segment":1,"interval":1,"start_time":1609850264000},{"elapsed_time":1526460,"segment":1,"interval":1,"start_time":1609850266000},{"elapsed_time":1528460,"segment":1,"interval":1,"start_time":1609850268000},{"elapsed_time":1530460,"segment":1,"interval":1,"start_time":1609850270000},{"elapsed_time":1532460,"segment":1,"interval":1,"start_time":1609850272000},{"elapsed_time":1534460,"segment":1,"interval":1,"start_time":1609850274000},{"elapsed_time":1536460,"segment":1,"interval":1,"start_time":1609850276000},{"elapsed_time":1538460,"segment":1,"interval":1,"start_time":1609850278000},{"elapsed_time":1540460,"segment":1,"interval":1,"start_time":1609850280000},{"elapsed_time":1542460,"segment":1,"interval":1,"start_time":1609850282000},{"elapsed_time":1544460,"segment":1,"interval":1,"start_time":1609850284000},{"elapsed_time":1546460,"segment":1,"interval":1,"start_time":1609850286000},{"elapsed_time":1548460,"segment":1,"interval":1,"start_time":1609850288000},{"elapsed_time":1550460,"segment":1,"interval":1,"start_time":1609850290000},{"elapsed_time":1552460,"segment":1,"interval":1,"start_time":1609850292000},{"elapsed_time":1554460,"segment":1,"interval":1,"start_time":1609850294000},{"elapsed_time":1556460,"segment":1,"interval":1,"start_time":1609850296000},{"elapsed_time":1558460,"segment":1,"interval":1,"start_time":1609850298000},{"elapsed_time":1560460,"segment":1,"interval":1,"start_time":1609850300000},{"elapsed_time":1562460,"segment":1,"interval":1,"start_time":1609850302000},{"elapsed_time":1564460,"segment":1,"interval":1,"start_time":1609850304000},{"elapsed_time":1566460,"segment":1,"interval":1,"start_time":1609850306000},{"elapsed_time":1568460,"segment":1,"interval":1,"start_time":1609850308000},{"elapsed_time":1571460,"segment":1,"interval":1,"start_time":1609850311000},{"elapsed_time":1573460,"segment":1,"interval":1,"start_time":1609850313000},{"elapsed_time":1575460,"segment":1,"interval":1,"start_time":1609850315000},{"elapsed_time":1577460,"segment":1,"interval":1,"start_time":1609850317000},{"elapsed_time":1579460,"segment":1,"interval":1,"start_time":1609850319000},{"elapsed_time":1581460,"segment":1,"interval":1,"start_time":1609850321000},{"elapsed_time":1583460,"segment":1,"interval":1,"start_time":1609850323000},{"elapsed_time":1585460,"segment":1,"interval":1,"start_time":1609850325000},{"elapsed_time":1587460,"segment":1,"interval":1,"start_time":1609850327000},{"elapsed_time":1589460,"segment":1,"interval":1,"start_time":1609850329000},{"elapsed_time":1591460,"segment":1,"interval":1,"start_time":1609850331000},{"elapsed_time":1593460,"segment":1,"interval":1,"start_time":1609850333000},{"elapsed_time":1595460,"segment":1,"interval":1,"start_time":1609850335000},{"elapsed_time":1597460,"segment":1,"interval":1,"start_time":1609850337000},{"elapsed_time":1599460,"segment":1,"interval":1,"start_time":1609850339000},{"elapsed_time":1601460,"segment":1,"interval":1,"start_time":1609850341000},{"elapsed_time":1603460,"segment":1,"interval":1,"start_time":1609850343000},{"elapsed_time":1605460,"segment":1,"interval":1,"start_time":1609850345000},{"elapsed_time":1607460,"segment":1,"interval":1,"start_time":1609850347000},{"elapsed_time":1609460,"segment":1,"interval":1,"start_time":1609850349000},{"elapsed_time":1611460,"segment":1,"interval":1,"start_time":1609850351000},{"elapsed_time":1613460,"segment":1,"interval":1,"start_time":1609850353000},{"elapsed_time":1615460,"segment":1,"interval":1,"start_time":1609850355000},{"elapsed_time":1617460,"segment":1,"interval":1,"start_time":1609850357000},{"elapsed_time":1619460,"segment":1,"interval":1,"start_time":1609850359000},{"elapsed_time":1621460,"segment":1,"interval":1,"start_time":1609850361000},{"elapsed_time":1624460,"segment":1,"interval":1,"start_time":1609850364000},{"elapsed_time":1626460,"segment":1,"interval":1,"start_time":1609850366000},{"elapsed_time":1628460,"segment":1,"interval":1,"start_time":1609850368000},{"elapsed_time":1630460,"segment":1,"interval":1,"start_time":1609850370000},{"elapsed_time":1632460,"segment":1,"interval":1,"start_time":1609850372000},{"elapsed_time":1634460,"segment":1,"interval":1,"start_time":1609850374000},{"elapsed_time":1636460,"segment":1,"interval":1,"start_time":1609850376000},{"elapsed_time":1638460,"segment":1,"interval":1,"start_time":1609850378000},{"elapsed_time":1640460,"segment":1,"interval":1,"start_time":1609850380000},{"elapsed_time":1642460,"segment":1,"interval":1,"start_time":1609850382000},{"elapsed_time":1644460,"segment":1,"interval":1,"start_time":1609850384000},{"elapsed_time":1646460,"segment":1,"interval":1,"start_time":1609850386000},{"elapsed_time":1648460,"segment":1,"interval":1,"start_time":1609850388000},{"elapsed_time":1650460,"segment":1,"interval":1,"start_time":1609850390000},{"elapsed_time":1652460,"segment":1,"interval":1,"start_time":1609850392000},{"elapsed_time":1654460,"segment":1,"interval":1,"start_time":1609850394000},{"elapsed_time":1656460,"segment":1,"interval":1,"start_time":1609850396000},{"elapsed_time":1659460,"segment":1,"interval":1,"start_time":1609850399000},{"elapsed_time":1661460,"segment":1,"interval":1,"start_time":1609850401000},{"elapsed_time":1664460,"segment":1,"interval":1,"start_time":1609850404000},{"elapsed_time":1667460,"segment":1,"interval":1,"start_time":1609850407000},{"elapsed_time":1669460,"segment":1,"interval":1,"start_time":1609850409000},{"elapsed_time":1672460,"segment":1,"interval":1,"start_time":1609850412000},{"elapsed_time":1675460,"segment":1,"interval":1,"start_time":1609850415000},{"elapsed_time":1677460,"segment":1,"interval":1,"start_time":1609850417000},{"elapsed_time":1680460,"segment":1,"interval":1,"start_time":1609850420000},{"elapsed_time":1682460,"segment":1,"interval":1,"start_time":1609850422000},{"elapsed_time":1684460,"segment":1,"interval":1,"start_time":1609850424000},{"elapsed_time":1686460,"segment":1,"interval":1,"start_time":1609850426000},{"elapsed_time":1688460,"segment":1,"interval":1,"start_time":1609850428000},{"elapsed_time":1690460,"segment":1,"interval":1,"start_time":1609850430000},{"elapsed_time":1692460,"segment":1,"interval":1,"start_time":1609850432000},{"elapsed_time":1694460,"segment":1,"interval":1,"start_time":1609850434000},{"elapsed_time":1696460,"segment":1,"interval":1,"start_time":1609850436000},{"elapsed_time":1698460,"segment":1,"interval":1,"start_time":1609850438000},{"elapsed_time":1701460,"segment":1,"interval":1,"start_time":1609850441000},{"elapsed_time":1703460,"segment":1,"interval":1,"start_time":1609850443000},{"elapsed_time":1705460,"segment":1,"interval":1,"start_time":1609850445000},{"elapsed_time":1707460,"segment":1,"interval":1,"start_time":1609850447000},{"elapsed_time":1709460,"segment":1,"interval":1,"start_time":1609850449000},{"elapsed_time":1711460,"segment":1,"interval":1,"start_time":1609850451000},{"elapsed_time":1713460,"segment":1,"interval":1,"start_time":1609850453000},{"elapsed_time":1715460,"segment":1,"interval":1,"start_time":1609850455000},{"elapsed_time":1717460,"segment":1,"interval":1,"start_time":1609850457000},{"elapsed_time":1719460,"segment":1,"interval":1,"start_time":1609850459000},{"elapsed_time":1721460,"segment":1,"interval":1,"start_time":1609850461000},{"elapsed_time":1724460,"segment":1,"interval":1,"start_time":1609850464000},{"elapsed_time":1726460,"segment":1,"interval":1,"start_time":1609850466000},{"elapsed_time":1728460,"segment":1,"interval":1,"start_time":1609850468000},{"elapsed_time":1730460,"segment":1,"interval":1,"start_time":1609850470000},{"elapsed_time":1732460,"segment":1,"interval":1,"start_time":1609850472000},{"elapsed_time":1734460,"segment":1,"interval":1,"start_time":1609850474000},{"elapsed_time":1736460,"segment":1,"interval":1,"start_time":1609850476000},{"elapsed_time":1739460,"segment":1,"interval":1,"start_time":1609850479000},{"elapsed_time":1742460,"segment":1,"interval":1,"start_time":1609850482000},{"elapsed_time":1745460,"segment":1,"interval":1,"start_time":1609850485000},{"elapsed_time":1748460,"segment":1,"interval":1,"start_time":1609850488000},{"elapsed_time":1750460,"segment":1,"interval":1,"start_time":1609850490000},{"elapsed_time":1753460,"segment":1,"interval":1,"start_time":1609850493000},{"elapsed_time":1756460,"segment":1,"interval":1,"start_time":1609850496000},{"elapsed_time":1758460,"segment":1,"interval":1,"start_time":1609850498000},{"elapsed_time":1760460,"segment":1,"interval":1,"start_time":1609850500000},{"elapsed_time":1762460,"segment":1,"interval":1,"start_time":1609850502000},{"elapsed_time":1764460,"segment":1,"interval":1,"start_time":1609850504000},{"elapsed_time":1766460,"segment":1,"interval":1,"start_time":1609850506000},{"elapsed_time":1768460,"segment":1,"interval":1,"start_time":1609850508000},{"elapsed_time":1770460,"segment":1,"interval":1,"start_time":1609850510000},{"elapsed_time":1772460,"segment":1,"interval":1,"start_time":1609850512000},{"elapsed_time":1774460,"segment":1,"interval":1,"start_time":1609850514000},{"elapsed_time":1776460,"segment":1,"interval":1,"start_time":1609850516000},{"elapsed_time":1778460,"segment":1,"interval":1,"start_time":1609850518000},{"elapsed_time":1781460,"segment":1,"interval":1,"start_time":1609850521000},{"elapsed_time":1783460,"segment":1,"interval":1,"start_time":1609850523000},{"elapsed_time":1785460,"segment":1,"interval":1,"start_time":1609850525000},{"elapsed_time":1787460,"segment":1,"interval":1,"start_time":1609850527000},{"elapsed_time":1789460,"segment":1,"interval":1,"start_time":1609850529000},{"elapsed_time":1792460,"segment":1,"interval":1,"start_time":1609850532000},{"elapsed_time":1794460,"segment":1,"interval":1,"start_time":1609850534000},{"elapsed_time":1796460,"segment":1,"interval":1,"start_time":1609850536000},{"elapsed_time":1798460,"segment":1,"interval":1,"start_time":1609850538000},{"elapsed_time":1801460,"segment":1,"interval":1,"start_time":1609850541000},{"elapsed_time":1803460,"segment":1,"interval":1,"start_time":1609850543000},{"elapsed_time":1805460,"segment":1,"interval":1,"start_time":1609850545000},{"elapsed_time":1807460,"segment":1,"interval":1,"start_time":1609850547000},{"elapsed_time":1809460,"segment":1,"interval":1,"start_time":1609850549000},{"elapsed_time":1811460,"segment":1,"interval":1,"start_time":1609850551000},{"elapsed_time":1813460,"segment":1,"interval":1,"start_time":1609850553000},{"elapsed_time":1815460,"segment":1,"interval":1,"start_time":1609850555000},{"elapsed_time":1817460,"segment":1,"interval":1,"start_time":1609850557000},{"elapsed_time":1819460,"segment":1,"interval":1,"start_time":1609850559000},{"elapsed_time":1821460,"segment":1,"interval":1,"start_time":1609850561000},{"elapsed_time":1823460,"segment":1,"interval":1,"start_time":1609850563000},{"elapsed_time":1825460,"segment":1,"interval":1,"start_time":1609850565000},{"elapsed_time":1827460,"segment":1,"interval":1,"start_time":1609850567000},{"elapsed_time":1829460,"segment":1,"interval":1,"start_time":1609850569000},{"elapsed_time":1831460,"segment":1,"interval":1,"start_time":1609850571000},{"elapsed_time":1833460,"segment":1,"interval":1,"start_time":1609850573000},{"elapsed_time":1835460,"segment":1,"interval":1,"start_time":1609850575000},{"elapsed_time":1837460,"segment":1,"interval":1,"start_time":1609850577000},{"elapsed_time":1839460,"segment":1,"interval":1,"start_time":1609850579000},{"elapsed_time":1841460,"segment":1,"interval":1,"start_time":1609850581000},{"elapsed_time":1843460,"segment":1,"interval":1,"start_time":1609850583000},{"elapsed_time":1845460,"segment":1,"interval":1,"start_time":1609850585000},{"elapsed_time":1847460,"segment":1,"interval":1,"start_time":1609850587000},{"elapsed_time":1849460,"segment":1,"interval":1,"start_time":1609850589000},{"elapsed_time":1851460,"segment":1,"interval":1,"start_time":1609850591000},{"elapsed_time":1853460,"segment":1,"interval":1,"start_time":1609850593000},{"elapsed_time":1855460,"segment":1,"interval":1,"start_time":1609850595000},{"elapsed_time":1857460,"segment":1,"interval":1,"start_time":1609850597000},{"elapsed_time":1859460,"segment":1,"interval":1,"start_time":1609850599000},{"elapsed_time":1861460,"segment":1,"interval":1,"start_time":1609850601000},{"elapsed_time":1864460,"segment":1,"interval":1,"start_time":1609850604000},{"elapsed_time":1867460,"segment":1,"interval":1,"start_time":1609850607000},{"elapsed_time":1870460,"segment":1,"interval":1,"start_time":1609850610000},{"elapsed_time":1872460,"segment":1,"interval":1,"start_time":1609850612000},{"elapsed_time":1874460,"segment":1,"interval":1,"start_time":1609850614000},{"elapsed_time":1876460,"segment":1,"interval":1,"start_time":1609850616000},{"elapsed_time":1878460,"segment":1,"interval":1,"start_time":1609850618000},{"elapsed_time":1880460,"segment":1,"interval":1,"start_time":1609850620000},{"elapsed_time":1882460,"segment":1,"interval":1,"start_time":1609850622000},{"elapsed_time":1884460,"segment":1,"interval":1,"start_time":1609850624000},{"elapsed_time":1886460,"segment":1,"interval":1,"start_time":1609850626000},{"elapsed_time":1888460,"segment":1,"interval":1,"start_time":1609850628000},{"elapsed_time":1890460,"segment":1,"interval":1,"start_time":1609850630000},{"elapsed_time":1892460,"segment":1,"interval":1,"start_time":1609850632000},{"elapsed_time":1894460,"segment":1,"interval":1,"start_time":1609850634000},{"elapsed_time":1896460,"segment":1,"interval":1,"start_time":1609850636000},{"elapsed_time":1898460,"segment":1,"interval":1,"start_time":1609850638000},{"elapsed_time":1900460,"segment":1,"interval":1,"start_time":1609850640000},{"elapsed_time":1902460,"segment":1,"interval":1,"start_time":1609850642000},{"elapsed_time":1904460,"segment":1,"interval":1,"start_time":1609850644000},{"elapsed_time":1907460,"segment":1,"interval":1,"start_time":1609850647000},{"elapsed_time":1909460,"segment":1,"interval":1,"start_time":1609850649000},{"elapsed_time":1911460,"segment":1,"interval":1,"start_time":1609850651000},{"elapsed_time":1913460,"segment":1,"interval":1,"start_time":1609850653000},{"elapsed_time":1915460,"segment":1,"interval":1,"start_time":1609850655000},{"elapsed_time":1917460,"segment":1,"interval":1,"start_time":1609850657000},{"elapsed_time":1919460,"segment":1,"interval":1,"start_time":1609850659000},{"elapsed_time":1921460,"segment":1,"interval":1,"start_time":1609850661000},{"elapsed_time":1923460,"segment":1,"interval":1,"start_time":1609850663000},{"elapsed_time":1925460,"segment":1,"interval":1,"start_time":1609850665000},{"elapsed_time":1927460,"segment":1,"interval":1,"start_time":1609850667000},{"elapsed_time":1929460,"segment":1,"interval":1,"start_time":1609850669000},{"elapsed_time":1931460,"segment":1,"interval":1,"start_time":1609850671000},{"elapsed_time":1933460,"segment":1,"interval":1,"start_time":1609850673000},{"elapsed_time":1935460,"segment":1,"interval":1,"start_time":1609850677790}]