{"data":[{"advanced_metrics":[{"chart_data":[{"duration":10000,"score":0,"value":0.6125},{"duration":20000,"score":0,"value":0.5643},{"duration":30000,"score":0,"value":0.6811},{"duration":40000,"score":0,"value":0.8373},{"duration":50000,"score":1,"value":0.9414},{"duration":60000,"score":2,"value":0.9620},{"duration":70000,"score":2,"value":0.9568},{"duration":80000,"score":2,"value":0.9686},{"duration":90000,"score":2,"value":0.9808},{"duration":100000,"score":2,"value":0.9876},{"duration":110000,"score":2,"value":0.9828},{"duration":120000,"score":2,"value":0.9798},{"duration":130000,"score":2,"value":0.9922},{"duration":140000,"score":2,"value":0.9968},{"duration":150000,"score":2,"value":0.9899},{"duration":160000,"score":2,"value":0.9728},{"duration":170000,"score":2,"value":0.9653},{"duration":180000,"score":2,"value":0.9738},{"duration":190000,"score":2,"value":0.9893},{"duration":200000,"score":2,"value":0.9880},{"duration":210000,"score":2,"value":0.9796},{"duration":220000,"score":2,"value":0.9731},{"duration":230000,"score":2,"value":0.9741},{"duration":240000,"score":2,"value":0.9836},{"duration":250000,"score":2,"value":0.9965},{"duration":260000,"score":2,"value":0.9893},{"duration":270000,"score":2,"value":0.9722},{"duration":280000,"score":1,"value":0.9173},{"duration":290000,"score":0,"value":0.8473},{"duration":300000,"score":0,"value":0.8992},{"duration":310000,"score":1,"value":0.9405},{"duration":320000,"score":2,"value":0.9660},{"duration":330000,"score":2,"value":0.9832},{"duration":340000,"score":2,"value":0.9840},{"duration":350000,"score":2,"value":0.9738},{"duration":360000,"score":2,"value":0.9670},{"duration":370000,"score":2,"value":0.9733},{"duration":380000,"score":2,"value":0.9830},{"duration":390000,"score":2,"value":0.9833},{"duration":400000,"score":2,"value":0.9784},{"duration":410000,"score":2,"value":0.9692},{"duration":427300,"score":0,"value":0.8679},{"duration":437300,"score":0,"value":0.8938},{"duration":447300,"score":1,"value":0.9331},{"duration":457300,"score":2,"value":0.9569},{"duration":467300,"score":2,"value":0.9718},{"duration":477300,"score":2,"value":0.9839},{"duration":487300,"score":2,"value":0.9877},{"duration":497300,"score":2,"value":0.9861},{"duration":507300,"score":2,"value":0.9858},{"duration":517300,"score":2,"value":0.9805},{"duration":527300,"score":2,"value":0.9709},{"duration":537300,"score":2,"value":0.9703},{"duration":547300,"score":2,"value":0.9712},{"duration":557300,"score":2,"value":0.9735},{"duration":567300,"score":2,"value":0.9933},{"duration":577300,"score":2,"value":0.9987},{"duration":587300,"score":2,"value":0.9912},{"duration":597300,"score":2,"value":0.9854},{"duration":607300,"score":2,"value":0.9925},{"duration":617300,"score":2,"value":0.9900},{"duration":627300,"score":2,"value":0.9867},{"duration":637300,"score":2,"value":0.9817},{"duration":647300,"score":1,"value":0.9485},{"duration":657300,"score":2,"value":0.9569},{"duration":667300,"score":2,"value":0.9780},{"duration":677300,"score":2,"value":0.9685},{"duration":687300,"score":2,"value":0.9663},{"duration":697300,"score":2,"value":0.9793},{"duration":707300,"score":2,"value":0.9850},{"duration":717300,"score":2,"value":0.9827},{"duration":727300,"score":2,"value":0.9945},{"duration":737300,"score":2,"value":0.9988},{"duration":747300,"score":2,"value":0.9847},{"duration":757300,"score":2,"value":0.9680},{"duration":767300,"score":2,"value":0.9647},{"duration":777300,"score":2,"value":0.9767},{"duration":787300,"score":2,"value":0.9818},{"duration":797300,"score":2,"value":0.9770},{"duration":807300,"score":2,"value":0.9724},{"duration":817300,"score":2,"value":0.9633},{"duration":827300,"score":2,"value":0.9630},{"duration":837300,"score":2,"value":0.9712},{"duration":847300,"score":2,"value":0.9873},{"duration":857300,"score":2,"value":0.9933},{"duration":867300,"score":2,"value":0.9924},{"duration":877300,"score":2,"value":0.9749},{"duration":887300,"score":2,"value":0.9683},{"duration":897300,"score":2,"value":0.9764},{"duration":907300,"score":2,"value":0.9749},{"duration":917300,"score":2,"value":0.9909},{"duration":927300,"score":2,"value":0.9909},{"duration":937300,"score":2,"value":0.9805},{"duration":947300,"score":2,"value":0.9700},{"duration":957300,"score":2,"value":0.9748},{"duration":967300,"score":2,"value":0.9712},{"duration":977300,"score":2,"value":0.9696},{"duration":987300,"score":2,"value":0.9698},{"duration":997300,"score":2,"value":0.9674},{"duration":1007300,"score":2,"value":0.9746},{"duration":1017300,"score":2,"value":0.9812},{"duration":1027300,"score":2,"value":0.9781},{"duration":1037300,"score":2,"value":0.9839},{"duration":1047300,"score":2,"value":0.9845},{"duration":1057300,"score":2,"value":0.9798},{"duration":1067300,"score":2,"value":0.9720},{"duration":1077300,"score":2,"value":0.9751},{"duration":1087300,"score":2,"value":0.9743},{"duration":1097300,"score":2,"value":0.9646},{"duration":1107300,"score":2,"value":0.9660},{"duration":1117300,"score":2,"value":0.9707},{"duration":1127300,"score":2,"value":0.9678},{"duration":1137300,"score":2,"value":0.9684},{"duration":1147300,"score":2,"value":0.9720},{"duration":1157300,"score":2,"value":0.9589},{"duration":1167300,"score":2,"value":0.9600},{"duration":1177300,"score":2,"value":0.9715},{"duration":1187300,"score":2,"value":0.9777},{"duration":1197300,"score":2,"value":0.9863},{"duration":1207300,"score":2,"value":0.9843},{"duration":1217300,"score":2,"value":0.9800},{"duration":1227300,"score":2,"value":0.9816},{"duration":1237300,"score":2,"value":0.9828},{"duration":1247300,"score":2,"value":0.9740},{"duration":1257300,"score":2,"value":0.9695},{"duration":1267300,"score":2,"value":0.9719},{"duration":1277300,"score":2,"value":0.9661},{"duration":1287300,"score":2,"value":0.9754},{"duration":1297300,"score":2,"value":0.9878},{"duration":1307300,"score":2,"value":0.9972},{"duration":1317300,"score":2,"value":0.9914},{"duration":1327300,"score":2,"value":0.9765},{"duration":1337300,"score":1,"value":0.9453},{"duration":1347300,"score":1,"value":0.9355},{"duration":1357300,"score":2,"value":0.9610},{"duration":1367300,"score":2,"value":0.9768},{"duration":1377300,"score":2,"value":0.9860},{"duration":1387300,"score":2,"value":0.9733},{"duration":1397300,"score":2,"value":0.9571},{"duration":1407300,"score":1,"value":0.9390},{"duration":1417300,"score":1,"value":0.9444},{"duration":1427300,"score":2,"value":0.9600},{"duration":1437300,"score":2,"value":0.9704},{"duration":1447300,"score":2,"value":0.9614},{"duration":1457300,"score":0,"value":0.8822},{"duration":1467300,"score":0,"value":0.8533},{"duration":1477300,"score":1,"value":0.9362},{"duration":1487300,"score":2,"value":0.9553},{"duration":1497300,"score":2,"value":0.9623},{"duration":1507300,"score":2,"value":0.9811},{"duration":1517300,"score":2,"value":0.9721},{"duration":1527300,"score":2,"value":0.9589},{"duration":1537300,"score":2,"value":0.9597},{"duration":1547300,"score":2,"value":0.9702},{"duration":1557300,"score":2,"value":0.9730},{"duration":1567300,"score":2,"value":0.9826},{"duration":1577300,"score":2,"value":0.9946},{"duration":1587300,"score":2,"value":0.9933},{"duration":1597300,"score":2,"value":0.9875},{"duration":1607300,"score":2,"value":0.9837},{"duration":1617300,"score":2,"value":0.9811},{"duration":1627300,"score":2,"value":0.9778},{"duration":1637300,"score":2,"value":0.9675},{"duration":1647300,"score":2,"value":0.9673},{"duration":1657300,"score":2,"value":0.9854},{"duration":1667300,"score":2,"value":0.9912},{"duration":1677300,"score":2,"value":0.9977},{"duration":1687300,"score":2,"value":0.9839},{"duration":1697300,"score":2,"value":0.9635},{"duration":1707300,"score":2,"value":0.9634},{"duration":1717300,"score":2,"value":0.9611},{"duration":1727300,"score":2,"value":0.9653},{"duration":1737300,"score":2,"value":0.9778},{"duration":1747300,"score":2,"value":0.9758},{"duration":1757300,"score":2,"value":0.9714},{"duration":1767300,"score":2,"value":0.9834},{"duration":1777300,"score":2,"value":0.9945},{"duration":1787300,"score":2,"value":0.9824},{"duration":1797300,"score":2,"value":0.9740},{"duration":1807300,"score":2,"value":0.9639},{"duration":1817300,"score":2,"value":0.9580},{"duration":1827300,"score":2,"value":0.9658},{"duration":1837300,"score":2,"value":0.9779},{"duration":1847300,"score":2,"value":0.9794},{"duration":1857300,"score":2,"value":0.9789},{"duration":1867300,"score":2,"value":0.9740},{"duration":1877300,"score":2,"value":0.9795},{"duration":1887300,"score":2,"value":0.9604},{"duration":1897300,"score":1,"value":0.9185},{"duration":1907300,"score":2,"value":0.9614},{"duration":1917300,"score":2,"value":0.9744},{"duration":1927300,"score":2,"value":0.9847}],"data_type":"regularity","overall_score":2,"score_ratio":[5.0,5.0,90.0]},{"chart_data":[{"duration":10000,"score":2,"value":-0.0122},{"duration":20000,"score":2,"value":-0.0072},{"duration":30000,"score":2,"value":-0.0209},{"duration":40000,"score":1,"value":-0.0397},{"duration":50000,"score":1,"value":-0.0265},{"duration":60000,"score":2,"value":-0.0194},{"duration":70000,"score":2,"value":-0.0208},{"duration":80000,"score":2,"value":-0.0188},{"duration":90000,"score":2,"value":-0.0179},{"duration":100000,"score":2,"value":-0.0112},{"duration":110000,"score":2,"value":-0.0054},{"duration":120000,"score":2,"value":0.0017},{"duration":130000,"score":2,"value":-0.0050},{"duration":140000,"score":2,"value":-0.0027},{"duration":150000,"score":2,"value":-0.0102},{"duration":160000,"score":2,"value":-0.0074},{"duration":170000,"score":2,"value":-0.0137},{"duration":180000,"score":2,"value":-0.0105},{"duration":190000,"score":2,"value":-0.0133},{"duration":200000,"score":2,"value":-0.0147},{"duration":210000,"score":2,"value":-0.0088},{"duration":220000,"score":2,"value":-0.0124},{"duration":230000,"score":2,"value":-0.0144},{"duration":240000,"score":2,"value":-0.0115},{"duration":250000,"score":2,"value":-0.0026},{"duration":260000,"score":2,"value":-0.0028},{"duration":270000,"score":2,"value":-0.0095},{"duration":280000,"score":2,"value":-0.0165},{"duration":290000,"score":1,"value":-0.0270},{"duration":300000,"score":2,"value":-0.0062},{"duration":310000,"score":2,"value":-0.0218},{"duration":320000,"score":2,"value":-0.0102},{"duration":330000,"score":2,"value":-0.0160},{"duration":340000,"score":2,"value":-0.0097},{"duration":350000,"score":2,"value":-0.0170},{"duration":360000,"score":1,"value":-0.0325},{"duration":370000,"score":1,"value":-0.0225},{"duration":380000,"score":1,"value":-0.0289},{"duration":390000,"score":2,"value":-0.0172},{"duration":400000,"score":2,"value":-0.0098},{"duration":410000,"score":2,"value":-0.0057},{"duration":427300,"score":1,"value":-0.0288},{"duration":437300,"score":1,"value":-0.0224},{"duration":447300,"score":2,"value":-0.0203},{"duration":457300,"score":2,"value":-0.0093},{"duration":467300,"score":2,"value":-0.0124},{"duration":477300,"score":2,"value":-0.0028},{"duration":487300,"score":2,"value":-0.0105},{"duration":497300,"score":2,"value":-0.0118},{"duration":507300,"score":2,"value":-0.0120},{"duration":517300,"score":2,"value":-0.0119},{"duration":527300,"score":2,"value":0.0010},{"duration":537300,"score":2,"value":-0.0142},{"duration":547300,"score":1,"value":-0.0220},{"duration":557300,"score":1,"value":-0.0386},{"duration":567300,"score":2,"value":-0.0139},{"duration":577300,"score":2,"value":-0.0149},{"duration":587300,"score":2,"value":-0.0130},{"duration":597300,"score":2,"value":-0.0042},{"duration":607300,"score":2,"value":-0.0053},{"duration":617300,"score":2,"value":-0.0140},{"duration":627300,"score":2,"value":-0.0057},{"duration":637300,"score":2,"value":-0.0068},{"duration":647300,"score":2,"value":0.0026},{"duration":657300,"score":2,"value":-0.0089},{"duration":667300,"score":2,"value":-0.0074},{"duration":677300,"score":2,"value":-0.0097},{"duration":687300,"score":2,"value":-0.0037},{"duration":697300,"score":2,"value":-0.0080},{"duration":707300,"score":2,"value":-0.0127},{"duration":717300,"score":2,"value":-0.0021},{"duration":727300,"score":2,"value":-0.0132},{"duration":737300,"score":2,"value":-0.0115},{"duration":747300,"score":2,"value":-0.0113},{"duration":757300,"score":2,"value":-0.0072},{"duration":767300,"score":2,"value":-0.0130},{"duration":777300,"score":2,"value":-0.0087},{"duration":787300,"score":2,"value":-0.0125},{"duration":797300,"score":2,"value":-0.0219},{"duration":807300,"score":2,"value":-0.0135},{"duration":817300,"score":2,"value":-0.0064},{"duration":827300,"score":2,"value":-0.0108},{"duration":837300,"score":2,"value":-0.0050},{"duration":847300,"score":2,"value":-0.0136},{"duration":857300,"score":2,"value":-0.0094},{"duration":867300,"score":2,"value":-0.0200},{"duration":877300,"score":2,"value":-0.0102},{"duration":887300,"score":2,"value":-0.0086},{"duration":897300,"score":2,"value":-0.0013},{"duration":907300,"score":2,"value":-4.2665e-05},{"duration":917300,"score":2,"value":-0.0094},{"duration":927300,"score":2,"value":-0.0018},{"duration":937300,"score":2,"value":-0.0127},{"duration":947300,"score":2,"value":-0.0129},{"duration":957300,"score":2,"value":-0.0140},{"duration":967300,"score":2,"value":-0.0209},{"duration":977300,"score":2,"value":-0.0071},{"duration":987300,"score":2,"value":-0.0069},{"duration":997300,"score":2,"value":6.9576e-05},{"duration":1007300,"score":2,"value":-0.0117},{"duration":1017300,"score":2,"value":-0.0101},{"duration":1027300,"score":2,"value":-0.0143},{"duration":1037300,"score":2,"value":-0.0042},{"duration":1047300,"score":2,"value":-0.0053},{"duration":1057300,"score":2,"value":-0.0060},{"duration":1067300,"score":2,"value":-0.0021},{"duration":1077300,"score":2,"value":-0.0188},{"duration":1087300,"score":2,"value":-0.0122},{"duration":1097300,"score":2,"value":-0.0090},{"duration":1107300,"score":2,"value":0.0049},{"duration":1117300,"score":2,"value":-0.0006},{"duration":1127300,"score":2,"value":-0.0067},{"duration":1137300,"score":2,"value":-0.0100},{"duration":1147300,"score":2,"value":-0.0045},{"duration":1157300,"score":2,"value":-0.0019},{"duration":1167300,"score":2,"value":-0.0206},{"duration":1177300,"score":2,"value":-0.0084},{"duration":1187300,"score":2,"value":-0.0044},{"duration":1197300,"score":2,"value":-0.0035},{"duration":1207300,"score":2,"value":-0.0093},{"duration":1217300,"score":2,"value":-0.0088},{"duration":1227300,"score":2,"value":-0.0049},{"duration":1237300,"score":2,"value":-0.0080},{"duration":1247300,"score":2,"value":-0.0004},{"duration":1257300,"score":2,"value":-0.0030},{"duration":1267300,"score":2,"value":0.0001},{"duration":1277300,"score":2,"value":0.0010},{"duration":1287300,"score":2,"value":0.0061},{"duration":1297300,"score":2,"value":-0.0004},{"duration":1307300,"score":2,"value":-0.0050},{"duration":1317300,"score":2,"value":0.0001},{"duration":1327300,"score":2,"value":-0.0053},{"duration":1337300,"score":2,"value":-0.0049},{"duration":1347300,"score":2,"value":-0.0003},{"duration":1357300,"score":2,"value":0.0001},{"duration":1367300,"score":2,"value":-0.0112},{"duration":1377300,"score":2,"value":-0.0082},{"duration":1387300,"score":2,"value":-0.0103},{"duration":1397300,"score":2,"value":-0.0100},{"duration":1407300,"score":2,"value":-0.0112},{"duration":1417300,"score":2,"value":-0.0057},{"duration":1427300,"score":2,"value":-0.0002},{"duration":1437300,"score":2,"value":0.0008},{"duration":1447300,"score":2,"value":-0.0191},{"duration":1457300,"score":2,"value":-0.0163},{"duration":1467300,"score":1,"value":0.0286},{"duration":1477300,"score":2,"value":0.0201},{"duration":1487300,"score":1,"value":0.0228},{"duration":1497300,"score":1,"value":0.0261},{"duration":1507300,"score":2,"value":0.0102},{"duration":1517300,"score":2,"value":-0.0059},{"duration":1527300,"score":2,"value":0.0092},{"duration":1537300,"score":2,"value":-0.0122},{"duration":1547300,"score":2,"value":-0.0226},{"duration":1557300,"score":2,"value":-0.0094},{"duration":1567300,"score":2,"value":-0.0101},{"duration":1577300,"score":2,"value":0.0012},{"duration":1587300,"score":2,"value":-0.0146},{"duration":1597300,"score":2,"value":-0.0165},{"duration":1607300,"score":2,"value":-0.0156},{"duration":1617300,"score":2,"value":-0.0087},{"duration":1627300,"score":2,"value":0.0014},{"duration":1637300,"score":2,"value":-0.0064},{"duration":1647300,"score":2,"value":-0.0109},{"duration":1657300,"score":2,"value":-0.0039},{"duration":1667300,"score":2,"value":-0.0086},{"duration":1677300,"score":2,"value":-0.0132},{"duration":1687300,"score":2,"value":-0.0168},{"duration":1697300,"score":2,"value":-0.0104},{"duration":1707300,"score":2,"value":-0.0085},{"duration":1717300,"score":2,"value":-0.0104},{"duration":1727300,"score":2,"value":-0.0107},{"duration":1737300,"score":2,"value":-0.0152},{"duration":1747300,"score":2,"value":-0.0161},{"duration":1757300,"score":2,"value":-0.0024},{"duration":1767300,"score":2,"value":-0.0045},{"duration":1777300,"score":2,"value":-0.0031},{"duration":1787300,"score":2,"value":-0.0012},{"duration":1797300,"score":2,"value":-0.0083},{"duration":1807300,"score":2,"value":-0.0127},{"duration":1817300,"score":2,"value":-0.0093},{"duration":1827300,"score":2,"value":-0.0010},{"duration":1837300,"score":2,"value":0.0025},{"duration":1847300,"score":2,"value":-0.0051},{"duration":1857300,"score":2,"value":-0.0048},{"duration":1867300,"score":2,"value":-0.0004},{"duration":1877300,"score":2,"value":-0.0060},{"duration":1887300,"score":2,"value":-0.0118},{"duration":1897300,"score":2,"value":0.0073},{"duration":1907300,"score":2,"value":-0.0018},{"duration":1917300,"score":2,"value":-0.0095},{"duration":1927300,"score":2,"value":-0.0089}],"data_type":"asymmetry","overall_score":2,"score_ratio":[1.0,13.0,86.0]},{"chart_data":[{"duration":10000,"score":2,"value":44724.1757},{"duration":20000,"score":0,"value":40772.4648},{"duration":30000,"score":0,"value":39026.3085},{"duration":40000,"score":0,"value":38232.1054},{"duration":50000,"score":0,"value":37905.2929},{"duration":60000,"score":0,"value":37348.4101},{"duration":70000,"score":0,"value":36118.0820},{"duration":80000,"score":0,"value":33332.8906},{"duration":90000,"score":0,"value":33957.5585},{"duration":100000,"score":0,"value":35283.7929},{"duration":110000,"score":0,"value":35027.8828},{"duration":120000,"score":0,"value":34962.8164},{"duration":130000,"score":0,"value":35197.2148},{"duration":140000,"score":0,"value":34976.5703},{"duration":150000,"score":0,"value":35330.1523},{"duration":160000,"score":0,"value":34827.5664},{"duration":170000,"score":0,"value":34220.7578},{"duration":180000,"score":0,"value":34223.2226},{"duration":190000,"score":0,"value":34807.5703},{"duration":200000,"score":0,"value":35064.3593},{"duration":210000,"score":0,"value":34462.6445},{"duration":220000,"score":0,"value":34917.1640},{"duration":230000,"score":0,"value":34594.3789},{"duration":240000,"score":0,"value":33789.7109},{"duration":250000,"score":0,"value":34921.7265},{"duration":260000,"score":0,"value":34971.0859},{"duration":270000,"score":0,"value":34533.125},{"duration":280000,"score":0,"value":34731.4335},{"duration":290000,"score":0,"value":35235.2929},{"duration":300000,"score":0,"value":34081.9257},{"duration":310000,"score":0,"value":34419.5585},{"duration":320000,"score":0,"value":35131.5429},{"duration":330000,"score":0,"value":35115.0859},{"duration":340000,"score":0,"value":35534.7890},{"duration":350000,"score":0,"value":35733.4101},{"duration":360000,"score":0,"value":35866.9218},{"duration":370000,"score":0,"value":34765.8906},{"duration":380000,"score":0,"value":35682.0625},{"duration":390000,"score":0,"value":35876.5976},{"duration":400000,"score":0,"value":34684.4804},{"duration":410000,"score":0,"value":34081.9179},{"duration":427300,"score":0,"value":34536.0625},{"duration":437300,"score":0,"value":35613.0742},{"duration":447300,"score":0,"value":34686.3085},{"duration":457300,"score":0,"value":34365.2929},{"duration":467300,"score":0,"value":33669.7617},{"duration":477300,"score":0,"value":34637.5742},{"duration":487300,"score":0,"value":33833.0937},{"duration":497300,"score":0,"value":34484.8203},{"duration":507300,"score":0,"value":34113.9414},{"duration":517300,"score":0,"value":34799.7460},{"duration":527300,"score":0,"value":33584.3828},{"duration":537300,"score":0,"value":35498.4843},{"duration":547300,"score":0,"value":33366.0742},{"duration":557300,"score":0,"value":33385.8554},{"duration":567300,"score":0,"value":34424.0234},{"duration":577300,"score":0,"value":34440.2578},{"duration":587300,"score":0,"value":34334.1445},{"duration":597300,"score":0,"value":33156.5507},{"duration":607300,"score":0,"value":33768.8945},{"duration":617300,"score":0,"value":34264.875},{"duration":627300,"score":0,"value":33271.6757},{"duration":637300,"score":0,"value":33660.0},{"duration":647300,"score":0,"value":33378.625},{"duration":657300,"score":0,"value":33640.2617},{"duration":667300,"score":0,"value":33880.1328},{"duration":677300,"score":0,"value":33982.2773},{"duration":687300,"score":0,"value":34136.8984},{"duration":697300,"score":0,"value":33359.6914},{"duration":707300,"score":0,"value":34800.8359},{"duration":717300,"score":0,"value":34888.5664},{"duration":727300,"score":0,"value":33783.5117},{"duration":737300,"score":0,"value":34706.2539},{"duration":747300,"score":0,"value":34588.0859},{"duration":757300,"score":0,"value":35682.3203},{"duration":767300,"score":0,"value":35612.6679},{"duration":777300,"score":0,"value":33892.8007},{"duration":787300,"score":0,"value":35685.1132},{"duration":797300,"score":0,"value":35154.6015},{"duration":807300,"score":0,"value":33596.1875},{"duration":817300,"score":0,"value":33963.2773},{"duration":827300,"score":0,"value":34039.2304},{"duration":837300,"score":0,"value":33540.4648},{"duration":847300,"score":0,"value":34923.0156},{"duration":857300,"score":0,"value":34209.1132},{"duration":867300,"score":0,"value":35038.8398},{"duration":877300,"score":0,"value":33681.3867},{"duration":887300,"score":0,"value":32932.0664},{"duration":897300,"score":0,"value":34785.1093},{"duration":907300,"score":0,"value":34738.3867},{"duration":917300,"score":0,"value":34842.7851},{"duration":927300,"score":0,"value":35072.5820},{"duration":937300,"score":0,"value":35449.0312},{"duration":947300,"score":0,"value":35143.0898},{"duration":957300,"score":0,"value":34599.3476},{"duration":967300,"score":0,"value":34181.7773},{"duration":977300,"score":0,"value":35115.5781},{"duration":987300,"score":0,"value":34206.9843},{"duration":997300,"score":0,"value":34315.5312},{"duration":1007300,"score":0,"value":33701.9609},{"duration":1017300,"score":0,"value":34437.0546},{"duration":1027300,"score":0,"value":35028.9101},{"duration":1037300,"score":0,"value":35067.8046},{"duration":1047300,"score":0,"value":34918.4531},{"duration":1057300,"score":0,"value":35184.6054},{"duration":1067300,"score":0,"value":34094.3007},{"duration":1077300,"score":0,"value":33320.2421},{"duration":1087300,"score":0,"value":34769.2070},{"duration":1097300,"score":0,"value":33277.0078},{"duration":1107300,"score":0,"value":33175.4335},{"duration":1117300,"score":0,"value":33709.1015},{"duration":1127300,"score":0,"value":34484.3085},{"duration":1137300,"score":0,"value":34267.5507},{"duration":1147300,"score":0,"value":33635.7578},{"duration":1157300,"score":0,"value":34996.7109},{"duration":1167300,"score":0,"value":34840.0429},{"duration":1177300,"score":0,"value":34995.8515},{"duration":1187300,"score":0,"value":34421.7929},{"duration":1197300,"score":0,"value":34858.7929},{"duration":1207300,"score":0,"value":34729.5156},{"duration":1217300,"score":0,"value":33928.7343},{"duration":1227300,"score":0,"value":34681.2539},{"duration":1237300,"score":0,"value":34086.1953},{"duration":1247300,"score":0,"value":34194.7148},{"duration":1257300,"score":0,"value":33630.4140},{"duration":1267300,"score":0,"value":34732.5703},{"duration":1277300,"score":0,"value":35445.0468},{"duration":1287300,"score":0,"value":34606.7851},{"duration":1297300,"score":0,"value":34440.7656},{"duration":1307300,"score":0,"value":34224.6640},{"duration":1317300,"score":0,"value":35394.1289},{"duration":1327300,"score":0,"value":33555.3867},{"duration":1337300,"score":0,"value":35308.9726},{"duration":1347300,"score":0,"value":35259.4179},{"duration":1357300,"score":0,"value":34575.5546},{"duration":1367300,"score":0,"value":33549.0781},{"duration":1377300,"score":0,"value":35179.3125},{"duration":1387300,"score":0,"value":35105.3125},{"duration":1397300,"score":0,"value":35543.8242},{"duration":1407300,"score":0,"value":35998.0781},{"duration":1417300,"score":0,"value":34641.3476},{"duration":1427300,"score":0,"value":34486.8437},{"duration":1437300,"score":0,"value":35417.4882},{"duration":1447300,"score":0,"value":35822.1718},{"duration":1457300,"score":0,"value":35018.6015},{"duration":1467300,"score":0,"value":34261.2343},{"duration":1477300,"score":0,"value":34237.7070},{"duration":1487300,"score":0,"value":34920.6015},{"duration":1497300,"score":0,"value":34839.3945},{"duration":1507300,"score":0,"value":34977.1992},{"duration":1517300,"score":0,"value":35412.6523},{"duration":1527300,"score":0,"value":35857.4257},{"duration":1537300,"score":0,"value":36210.7265},{"duration":1547300,"score":0,"value":36088.4062},{"duration":1557300,"score":0,"value":35447.3281},{"duration":1567300,"score":0,"value":34807.2343},{"duration":1577300,"score":0,"value":35173.8320},{"duration":1587300,"score":0,"value":34630.2968},{"duration":1597300,"score":0,"value":35403.3710},{"duration":1607300,"score":0,"value":34168.625},{"duration":1617300,"score":0,"value":33597.7617},{"duration":1627300,"score":0,"value":34698.25},{"duration":1637300,"score":0,"value":35555.2265},{"duration":1647300,"score":0,"value":34507.6835},{"duration":1657300,"score":0,"value":35023.2851},{"duration":1667300,"score":0,"value":35686.9960},{"duration":1677300,"score":0,"value":34833.8007},{"duration":1687300,"score":0,"value":35219.4804},{"duration":1697300,"score":0,"value":35231.0507},{"duration":1707300,"score":0,"value":34611.4726},{"duration":1717300,"score":0,"value":34328.0742},{"duration":1727300,"score":0,"value":34358.5351},{"duration":1737300,"score":0,"value":33812.1171},{"duration":1747300,"score":0,"value":34023.7890},{"duration":1757300,"score":0,"value":33922.1445},{"duration":1767300,"score":0,"value":34916.1015},{"duration":1777300,"score":0,"value":34200.9960},{"duration":1787300,"score":0,"value":36070.3867},{"duration":1797300,"score":0,"value":35241.9726},{"duration":1807300,"score":0,"value":35511.1875},{"duration":1817300,"score":0,"value":35477.5625},{"duration":1827300,"score":0,"value":34777.9453},{"duration":1837300,"score":0,"value":34034.3281},{"duration":1847300,"score":0,"value":34719.3320},{"duration":1857300,"score":0,"value":32666.9160},{"duration":1867300,"score":0,"value":33166.3632},{"duration":1877300,"score":0,"value":34823.4140},{"duration":1887300,"score":0,"value":36519.5195},{"duration":1897300,"score":0,"value":37563.7812},{"duration":1907300,"score":0,"value":35394.9023},{"duration":1917300,"score":0,"value":35482.8867},{"duration":1927300,"score":0,"value":33978.5664}],"data_type":"stiffness","overall_score":0,"score_ratio":[99.0,1.0,0.0]},{"chart_data":[{"duration":10000,"score":1,"value":0.0919},{"duration":20000,"score":1,"value":0.0936},{"duration":30000,"score":0,"value":0.0942},{"duration":40000,"score":0,"value":0.0940},{"duration":50000,"score":0,"value":0.0955},{"duration":60000,"score":0,"value":0.0964},{"duration":70000,"score":0,"value":0.0989},{"duration":80000,"score":0,"value":0.1073},{"duration":90000,"score":0,"value":0.0992},{"duration":100000,"score":0,"value":0.0951},{"duration":110000,"score":0,"value":0.0978},{"duration":120000,"score":0,"value":0.0986},{"duration":130000,"score":0,"value":0.0990},{"duration":140000,"score":0,"value":0.0981},{"duration":150000,"score":0,"value":0.0971},{"duration":160000,"score":0,"value":0.1002},{"duration":170000,"score":0,"value":0.1007},{"duration":180000,"score":0,"value":0.0992},{"duration":190000,"score":0,"value":0.0998},{"duration":200000,"score":0,"value":0.0981},{"duration":210000,"score":0,"value":0.0998},{"duration":220000,"score":0,"value":0.0980},{"duration":230000,"score":0,"value":0.0996},{"duration":240000,"score":0,"value":0.0996},{"duration":250000,"score":0,"value":0.0980},{"duration":260000,"score":0,"value":0.0978},{"duration":270000,"score":0,"value":0.0985},{"duration":280000,"score":0,"value":0.0994},{"duration":290000,"score":0,"value":0.0995},{"duration":300000,"score":0,"value":0.0988},{"duration":310000,"score":0,"value":0.0999},{"duration":320000,"score":0,"value":0.0981},{"duration":330000,"score":0,"value":0.0981},{"duration":340000,"score":0,"value":0.0985},{"duration":350000,"score":0,"value":0.0982},{"duration":360000,"score":0,"value":0.0985},{"duration":370000,"score":0,"value":0.0992},{"duration":380000,"score":0,"value":0.0968},{"duration":390000,"score":0,"value":0.0978},{"duration":400000,"score":0,"value":0.1002},{"duration":410000,"score":0,"value":0.1008},{"duration":427300,"score":2,"value":0.0790},{"duration":437300,"score":1,"value":0.0930},{"duration":447300,"score":0,"value":0.0974},{"duration":457300,"score":0,"value":0.0976},{"duration":467300,"score":0,"value":0.0985},{"duration":477300,"score":0,"value":0.1010},{"duration":487300,"score":0,"value":0.1009},{"duration":497300,"score":0,"value":0.1002},{"duration":507300,"score":0,"value":0.0998},{"duration":517300,"score":0,"value":0.0993},{"duration":527300,"score":0,"value":0.1005},{"duration":537300,"score":1,"value":0.0931},{"duration":547300,"score":0,"value":0.0999},{"duration":557300,"score":0,"value":0.0991},{"duration":567300,"score":0,"value":0.1008},{"duration":577300,"score":0,"value":0.0997},{"duration":587300,"score":0,"value":0.1005},{"duration":597300,"score":0,"value":0.1023},{"duration":607300,"score":0,"value":0.1039},{"duration":617300,"score":0,"value":0.1015},{"duration":627300,"score":0,"value":0.1003},{"duration":637300,"score":0,"value":0.1012},{"duration":647300,"score":0,"value":0.1005},{"duration":657300,"score":0,"value":0.1002},{"duration":667300,"score":0,"value":0.1020},{"duration":677300,"score":0,"value":0.1016},{"duration":687300,"score":0,"value":0.0992},{"duration":697300,"score":0,"value":0.1010},{"duration":707300,"score":0,"value":0.0995},{"duration":717300,"score":0,"value":0.0980},{"duration":727300,"score":0,"value":0.1014},{"duration":737300,"score":0,"value":0.1006},{"duration":747300,"score":0,"value":0.1018},{"duration":757300,"score":0,"value":0.0997},{"duration":767300,"score":0,"value":0.0997},{"duration":777300,"score":0,"value":0.1009},{"duration":787300,"score":0,"value":0.1001},{"duration":797300,"score":0,"value":0.0999},{"duration":807300,"score":0,"value":0.1018},{"duration":817300,"score":0,"value":0.1008},{"duration":827300,"score":0,"value":0.1004},{"duration":837300,"score":0,"value":0.1034},{"duration":847300,"score":0,"value":0.1001},{"duration":857300,"score":0,"value":0.0992},{"duration":867300,"score":0,"value":0.1029},{"duration":877300,"score":0,"value":0.1022},{"duration":887300,"score":0,"value":0.1023},{"duration":897300,"score":0,"value":0.1003},{"duration":907300,"score":0,"value":0.1007},{"duration":917300,"score":0,"value":0.1009},{"duration":927300,"score":0,"value":0.0974},{"duration":937300,"score":0,"value":0.0999},{"duration":947300,"score":0,"value":0.1008},{"duration":957300,"score":0,"value":0.1001},{"duration":967300,"score":0,"value":0.1010},{"duration":977300,"score":0,"value":0.1009},{"duration":987300,"score":0,"value":0.1015},{"duration":997300,"score":0,"value":0.1018},{"duration":1007300,"score":0,"value":0.1034},{"duration":1017300,"score":0,"value":0.1023},{"duration":1027300,"score":0,"value":0.1018},{"duration":1037300,"score":0,"value":0.1013},{"duration":1047300,"score":0,"value":0.1013},{"duration":1057300,"score":0,"value":0.1016},{"duration":1067300,"score":0,"value":0.1039},{"duration":1077300,"score":0,"value":0.1047},{"duration":1087300,"score":0,"value":0.1012},{"duration":1097300,"score":0,"value":0.1049},{"duration":1107300,"score":0,"value":0.1036},{"duration":1117300,"score":0,"value":0.1017},{"duration":1127300,"score":0,"value":0.0998},{"duration":1137300,"score":0,"value":0.0986},{"duration":1147300,"score":0,"value":0.1029},{"duration":1157300,"score":0,"value":0.1005},{"duration":1167300,"score":0,"value":0.1015},{"duration":1177300,"score":0,"value":0.1021},{"duration":1187300,"score":0,"value":0.1007},{"duration":1197300,"score":0,"value":0.1002},{"duration":1207300,"score":0,"value":0.1000},{"duration":1217300,"score":0,"value":0.1029},{"duration":1227300,"score":0,"value":0.1005},{"duration":1237300,"score":0,"value":0.1038},{"duration":1247300,"score":0,"value":0.1008},{"duration":1257300,"score":0,"value":0.1034},{"duration":1267300,"score":0,"value":0.1024},{"duration":1277300,"score":0,"value":0.1016},{"duration":1287300,"score":0,"value":0.1032},{"duration":1297300,"score":0,"value":0.1006},{"duration":1307300,"score":0,"value":0.1017},{"duration":1317300,"score":0,"value":0.1015},{"duration":1327300,"score":0,"value":0.1025},{"duration":1337300,"score":0,"value":0.1015},{"duration":1347300,"score":0,"value":0.1002},{"duration":1357300,"score":0,"value":0.1011},{"duration":1367300,"score":0,"value":0.1004},{"duration":1377300,"score":0,"value":0.1021},{"duration":1387300,"score":0,"value":0.1027},{"duration":1397300,"score":0,"value":0.1011},{"duration":1407300,"score":0,"value":0.1015},{"duration":1417300,"score":0,"value":0.1030},{"duration":1427300,"score":0,"value":0.1015},{"duration":1437300,"score":0,"value":0.0994},{"duration":1447300,"score":0,"value":0.0982},{"duration":1457300,"score":0,"value":0.0995},{"duration":1467300,"score":0,"value":0.0959},{"duration":1477300,"score":0,"value":0.0999},{"duration":1487300,"score":0,"value":0.0985},{"duration":1497300,"score":0,"value":0.0994},{"duration":1507300,"score":0,"value":0.0984},{"duration":1517300,"score":0,"value":0.0997},{"duration":1527300,"score":0,"value":0.0981},{"duration":1537300,"score":0,"value":0.0970},{"duration":1547300,"score":0,"value":0.0975},{"duration":1557300,"score":0,"value":0.1008},{"duration":1567300,"score":0,"value":0.0996},{"duration":1577300,"score":0,"value":0.0975},{"duration":1587300,"score":0,"value":0.0990},{"duration":1597300,"score":0,"value":0.1000},{"duration":1607300,"score":0,"value":0.1007},{"duration":1617300,"score":0,"value":0.1005},{"duration":1627300,"score":0,"value":0.1020},{"duration":1637300,"score":0,"value":0.1002},{"duration":1647300,"score":0,"value":0.1013},{"duration":1657300,"score":0,"value":0.0987},{"duration":1667300,"score":0,"value":0.0972},{"duration":1677300,"score":0,"value":0.1011},{"duration":1687300,"score":0,"value":0.1000},{"duration":1697300,"score":0,"value":0.0987},{"duration":1707300,"score":0,"value":0.0995},{"duration":1717300,"score":0,"value":0.0983},{"duration":1727300,"score":0,"value":0.1002},{"duration":1737300,"score":0,"value":0.1020},{"duration":1747300,"score":0,"value":0.1001},{"duration":1757300,"score":0,"value":0.1002},{"duration":1767300,"score":0,"value":0.0983},{"duration":1777300,"score":0,"value":0.1002},{"duration":1787300,"score":0,"value":0.0999},{"duration":1797300,"score":0,"value":0.0991},{"duration":1807300,"score":0,"value":0.0986},{"duration":1817300,"score":0,"value":0.0992},{"duration":1827300,"score":0,"value":0.1011},{"duration":1837300,"score":0,"value":0.1025},{"duration":1847300,"score":0,"value":0.1028},{"duration":1857300,"score":0,"value":0.1034},{"duration":1867300,"score":0,"value":0.1047},{"duration":1877300,"score":0,"value":0.1033},{"duration":1887300,"score":0,"value":0.0992},{"duration":1897300,"score":0,"value":0.0960},{"duration":1907300,"score":0,"value":0.1007},{"duration":1917300,"score":0,"value":0.0979},{"duration":1927300,"score":0,"value":0.1008}],"data_type":"undulation","overall_score":0,"score_ratio":[93.0,7.0,0.0]},{"chart_data":[{"duration":10000,"score":2,"value":165.4287},{"duration":20000,"score":1,"value":172.7070},{"duration":30000,"score":1,"value":175.4129},{"duration":40000,"score":1,"value":174.3813},{"duration":50000,"score":1,"value":176.6339},{"duration":60000,"score":1,"value":178.2311},{"duration":70000,"score":1,"value":181.7709},{"duration":80000,"score":0,"value":190.6758},{"duration":90000,"score":0,"value":188.8297},{"duration":100000,"score":0,"value":185.0684},{"duration":110000,"score":0,"value":184.7511},{"duration":120000,"score":0,"value":184.9250},{"duration":130000,"score":0,"value":184.2618},{"duration":140000,"score":0,"value":185.1398},{"duration":150000,"score":0,"value":184.1438},{"duration":160000,"score":0,"value":185.9334},{"duration":170000,"score":0,"value":186.9941},{"duration":180000,"score":0,"value":187.3529},{"duration":190000,"score":0,"value":184.9388},{"duration":200000,"score":0,"value":184.7156},{"duration":210000,"score":0,"value":186.3018},{"duration":220000,"score":0,"value":185.1911},{"duration":230000,"score":0,"value":185.5385},{"duration":240000,"score":0,"value":188.6867},{"duration":250000,"score":0,"value":185.1254},{"duration":260000,"score":0,"value":185.0661},{"duration":270000,"score":0,"value":187.0816},{"duration":280000,"score":0,"value":183.4392},{"duration":290000,"score":0,"value":184.3056},{"duration":300000,"score":0,"value":188.0229},{"duration":310000,"score":0,"value":186.9338},{"duration":320000,"score":0,"value":184.3563},{"duration":330000,"score":0,"value":185.0504},{"duration":340000,"score":1,"value":183.2121},{"duration":350000,"score":1,"value":182.5333},{"duration":360000,"score":1,"value":182.4992},{"duration":370000,"score":0,"value":185.5536},{"duration":380000,"score":0,"value":183.8487},{"duration":390000,"score":1,"value":182.8318},{"duration":400000,"score":0,"value":185.2350},{"duration":410000,"score":0,"value":187.2709},{"duration":427300,"score":0,"value":188.3900},{"duration":437300,"score":0,"value":185.0843},{"duration":447300,"score":0,"value":186.8255},{"duration":457300,"score":0,"value":188.0959},{"duration":467300,"score":0,"value":189.7591},{"duration":477300,"score":0,"value":186.5788},{"duration":487300,"score":0,"value":188.2186},{"duration":497300,"score":0,"value":186.1088},{"duration":507300,"score":0,"value":187.6406},{"duration":517300,"score":0,"value":185.0468},{"duration":527300,"score":0,"value":189.4283},{"duration":537300,"score":1,"value":182.5629},{"duration":547300,"score":0,"value":190.1319},{"duration":557300,"score":0,"value":191.3202},{"duration":567300,"score":0,"value":186.5762},{"duration":577300,"score":0,"value":186.4927},{"duration":587300,"score":0,"value":186.4810},{"duration":597300,"score":0,"value":190.1134},{"duration":607300,"score":0,"value":187.1405},{"duration":617300,"score":0,"value":186.5339},{"duration":627300,"score":0,"value":190.5438},{"duration":637300,"score":1,"value":180.9201},{"duration":647300,"score":0,"value":188.6222},{"duration":657300,"score":0,"value":188.7478},{"duration":667300,"score":0,"value":188.0827},{"duration":677300,"score":0,"value":187.8894},{"duration":687300,"score":0,"value":187.8869},{"duration":697300,"score":0,"value":189.8254},{"duration":707300,"score":0,"value":185.1940},{"duration":717300,"score":0,"value":186.3272},{"duration":727300,"score":0,"value":185.6840},{"duration":737300,"score":0,"value":184.3232},{"duration":747300,"score":0,"value":185.3185},{"duration":757300,"score":1,"value":182.1301},{"duration":767300,"score":1,"value":182.3371},{"duration":777300,"score":0,"value":187.6931},{"duration":787300,"score":1,"value":181.9429},{"duration":797300,"score":0,"value":184.8694},{"duration":807300,"score":0,"value":188.2434},{"duration":817300,"score":0,"value":187.6322},{"duration":827300,"score":0,"value":187.5076},{"duration":837300,"score":0,"value":188.7149},{"duration":847300,"score":0,"value":184.5640},{"duration":857300,"score":0,"value":187.2856},{"duration":867300,"score":1,"value":183.6705},{"duration":877300,"score":0,"value":187.9558},{"duration":887300,"score":0,"value":191.6562},{"duration":897300,"score":0,"value":185.5128},{"duration":907300,"score":0,"value":185.1498},{"duration":917300,"score":1,"value":184.4481},{"duration":927300,"score":0,"value":185.1105},{"duration":937300,"score":1,"value":182.7194},{"duration":947300,"score":0,"value":184.3059},{"duration":957300,"score":0,"value":185.8127},{"duration":967300,"score":0,"value":187.3976},{"duration":977300,"score":1,"value":183.5658},{"duration":987300,"score":0,"value":186.4498},{"duration":997300,"score":0,"value":185.1994},{"duration":1007300,"score":0,"value":187.3637},{"duration":1017300,"score":0,"value":185.2368},{"duration":1027300,"score":0,"value":184.3501},{"duration":1037300,"score":1,"value":183.6350},{"duration":1047300,"score":1,"value":184.1319},{"duration":1057300,"score":1,"value":183.1387},{"duration":1067300,"score":0,"value":186.2607},{"duration":1077300,"score":0,"value":188.9802},{"duration":1087300,"score":0,"value":186.6107},{"duration":1097300,"score":0,"value":189.2755},{"duration":1107300,"score":0,"value":189.1596},{"duration":1117300,"score":0,"value":187.6033},{"duration":1127300,"score":0,"value":186.3373},{"duration":1137300,"score":0,"value":188.6373},{"duration":1147300,"score":0,"value":188.1182},{"duration":1157300,"score":1,"value":184.2015},{"duration":1167300,"score":0,"value":184.7580},{"duration":1177300,"score":1,"value":184.0330},{"duration":1187300,"score":0,"value":186.1685},{"duration":1197300,"score":0,"value":185.1917},{"duration":1207300,"score":0,"value":185.6236},{"duration":1217300,"score":0,"value":187.2691},{"duration":1227300,"score":0,"value":185.4000},{"duration":1237300,"score":0,"value":186.4744},{"duration":1247300,"score":0,"value":186.7355},{"duration":1257300,"score":0,"value":188.0309},{"duration":1267300,"score":0,"value":184.5727},{"duration":1277300,"score":1,"value":182.2195},{"duration":1287300,"score":0,"value":185.2269},{"duration":1297300,"score":0,"value":186.2850},{"duration":1307300,"score":0,"value":186.1156},{"duration":1317300,"score":1,"value":181.8841},{"duration":1327300,"score":0,"value":188.3822},{"duration":1337300,"score":1,"value":180.6081},{"duration":1347300,"score":1,"value":183.6329},{"duration":1357300,"score":0,"value":185.7193},{"duration":1367300,"score":0,"value":189.2808},{"duration":1377300,"score":1,"value":183.2067},{"duration":1387300,"score":1,"value":183.7067},{"duration":1397300,"score":1,"value":182.4303},{"duration":1407300,"score":1,"value":182.5743},{"duration":1417300,"score":0,"value":185.2046},{"duration":1427300,"score":0,"value":185.5995},{"duration":1437300,"score":1,"value":183.1226},{"duration":1447300,"score":0,"value":184.0097},{"duration":1457300,"score":0,"value":185.0629},{"duration":1467300,"score":0,"value":190.8961},{"duration":1477300,"score":0,"value":187.1467},{"duration":1487300,"score":0,"value":186.1102},{"duration":1497300,"score":0,"value":186.2798},{"duration":1507300,"score":0,"value":185.1101},{"duration":1517300,"score":1,"value":183.8526},{"duration":1527300,"score":1,"value":182.9204},{"duration":1537300,"score":1,"value":181.7300},{"duration":1547300,"score":1,"value":180.0733},{"duration":1557300,"score":1,"value":181.9947},{"duration":1567300,"score":0,"value":184.8590},{"duration":1577300,"score":0,"value":184.7346},{"duration":1587300,"score":0,"value":185.9881},{"duration":1597300,"score":1,"value":182.9127},{"duration":1607300,"score":0,"value":187.0816},{"duration":1617300,"score":0,"value":189.0394},{"duration":1627300,"score":0,"value":185.5624},{"duration":1637300,"score":1,"value":182.7381},{"duration":1647300,"score":0,"value":185.5390},{"duration":1657300,"score":0,"value":184.8969},{"duration":1667300,"score":1,"value":182.9309},{"duration":1677300,"score":1,"value":184.3701},{"duration":1687300,"score":1,"value":183.6378},{"duration":1697300,"score":0,"value":184.4188},{"duration":1707300,"score":0,"value":185.9367},{"duration":1717300,"score":0,"value":187.1011},{"duration":1727300,"score":0,"value":186.5365},{"duration":1737300,"score":0,"value":188.2101},{"duration":1747300,"score":0,"value":188.4375},{"duration":1757300,"score":0,"value":187.7500},{"duration":1767300,"score":0,"value":185.2397},{"duration":1777300,"score":0,"value":187.4447},{"duration":1787300,"score":1,"value":181.0875},{"duration":1797300,"score":1,"value":183.6916},{"duration":1807300,"score":1,"value":183.2134},{"duration":1817300,"score":1,"value":182.9727},{"duration":1827300,"score":0,"value":185.6407},{"duration":1837300,"score":0,"value":186.9990},{"duration":1847300,"score":1,"value":185.2271},{"duration":1857300,"score":0,"value":191.8172},{"duration":1867300,"score":0,"value":189.6665},{"duration":1877300,"score":1,"value":183.6500},{"duration":1887300,"score":1,"value":180.0317},{"duration":1897300,"score":1,"value":177.8700},{"duration":1907300,"score":1,"value":182.8778},{"duration":1917300,"score":1,"value":183.3737},{"duration":1927300,"score":0,"value":187.3261}],"data_type":"effective_contact_time","overall_score":0,"score_ratio":[59.0,40.0,1.0]},{"chart_data":[{"duration":10000,"score":1,"value":196.7410},{"duration":20000,"score":1,"value":195.7601},{"duration":30000,"score":1,"value":196.1914},{"duration":40000,"score":1,"value":196.1029},{"duration":50000,"score":1,"value":197.6879},{"duration":60000,"score":1,"value":198.4815},{"duration":70000,"score":1,"value":200.3768},{"duration":80000,"score":2,"value":207.4366},{"duration":90000,"score":1,"value":198.1827},{"duration":100000,"score":1,"value":194.1911},{"duration":110000,"score":1,"value":198.0932},{"duration":120000,"score":1,"value":199.1542},{"duration":130000,"score":1,"value":199.7920},{"duration":140000,"score":1,"value":198.2997},{"duration":150000,"score":1,"value":197.2788},{"duration":160000,"score":1,"value":200.5395},{"duration":170000,"score":1,"value":201.1061},{"duration":180000,"score":1,"value":198.9707},{"duration":190000,"score":1,"value":200.6905},{"duration":200000,"score":1,"value":198.3404},{"duration":210000,"score":1,"value":200.1780},{"duration":220000,"score":1,"value":198.0929},{"duration":230000,"score":1,"value":200.1703},{"duration":240000,"score":1,"value":199.0746},{"duration":250000,"score":1,"value":198.2396},{"duration":260000,"score":1,"value":197.9568},{"duration":270000,"score":1,"value":198.0578},{"duration":280000,"score":1,"value":200.2827},{"duration":290000,"score":1,"value":200.2411},{"duration":300000,"score":1,"value":198.1492},{"duration":310000,"score":1,"value":199.9517},{"duration":320000,"score":1,"value":198.6193},{"duration":330000,"score":1,"value":198.2623},{"duration":340000,"score":1,"value":199.5948},{"duration":350000,"score":1,"value":199.3291},{"duration":360000,"score":1,"value":199.6581},{"duration":370000,"score":1,"value":199.4815},{"duration":380000,"score":1,"value":196.8356},{"duration":390000,"score":1,"value":198.6476},{"duration":400000,"score":1,"value":201.0519},{"duration":410000,"score":1,"value":201.1453},{"duration":427300,"score":1,"value":201.5395},{"duration":437300,"score":1,"value":196.6743},{"duration":447300,"score":1,"value":197.7356},{"duration":457300,"score":1,"value":196.7481},{"duration":467300,"score":1,"value":197.3112},{"duration":477300,"score":1,"value":201.3342},{"duration":487300,"score":1,"value":200.8554},{"duration":497300,"score":1,"value":200.7269},{"duration":507300,"score":1,"value":199.6479},{"duration":517300,"score":1,"value":199.9461},{"duration":527300,"score":1,"value":199.9870},{"duration":537300,"score":1,"value":191.9605},{"duration":547300,"score":1,"value":198.6121},{"duration":557300,"score":1,"value":197.2310},{"duration":567300,"score":1,"value":201.4182},{"duration":577300,"score":1,"value":199.8807},{"duration":587300,"score":1,"value":201.0108},{"duration":597300,"score":1,"value":202.1186},{"duration":607300,"score":2,"value":205.3388},{"duration":617300,"score":1,"value":202.3482},{"duration":627300,"score":1,"value":199.3801},{"duration":637300,"score":1,"value":203.2805},{"duration":647300,"score":1,"value":200.1379},{"duration":657300,"score":1,"value":199.7942},{"duration":667300,"score":1,"value":202.5042},{"duration":677300,"score":1,"value":201.8595},{"duration":687300,"score":1,"value":198.7696},{"duration":697300,"score":1,"value":200.4774},{"duration":707300,"score":1,"value":200.1146},{"duration":717300,"score":1,"value":197.6786},{"duration":727300,"score":1,"value":202.6377},{"duration":737300,"score":1,"value":202.0615},{"duration":747300,"score":1,"value":203.1644},{"duration":757300,"score":1,"value":201.5058},{"duration":767300,"score":1,"value":201.4694},{"duration":777300,"score":1,"value":201.1772},{"duration":787300,"score":1,"value":202.1578},{"duration":797300,"score":1,"value":200.6645},{"duration":807300,"score":1,"value":202.1322},{"duration":817300,"score":1,"value":201.1035},{"duration":827300,"score":1,"value":200.5739},{"duration":837300,"score":1,"value":203.9598},{"duration":847300,"score":1,"value":201.1935},{"duration":857300,"score":1,"value":199.0340},{"duration":867300,"score":2,"value":205.1029},{"duration":877300,"score":1,"value":202.8438},{"duration":887300,"score":1,"value":201.5979},{"duration":897300,"score":1,"value":201.1884},{"duration":907300,"score":1,"value":201.7541},{"duration":917300,"score":1,"value":202.2934},{"duration":927300,"score":1,"value":197.3062},{"duration":937300,"score":1,"value":201.5599},{"duration":947300,"score":1,"value":202.0219},{"duration":957300,"score":1,"value":200.6989},{"duration":967300,"score":1,"value":201.2364},{"duration":977300,"score":1,"value":202.6973},{"duration":987300,"score":1,"value":202.3399},{"duration":997300,"score":1,"value":203.1186},{"duration":1007300,"score":1,"value":204.5412},{"duration":1017300,"score":1,"value":203.8996},{"duration":1027300,"score":1,"value":203.4529},{"duration":1037300,"score":1,"value":203.1488},{"duration":1047300,"score":1,"value":202.9874},{"duration":1057300,"score":1,"value":203.7254},{"duration":1067300,"score":2,"value":205.6865},{"duration":1077300,"score":2,"value":205.6080},{"duration":1087300,"score":1,"value":201.6528},{"duration":1097300,"score":2,"value":205.7155},{"duration":1107300,"score":1,"value":204.1422},{"duration":1117300,"score":1,"value":202.2221},{"duration":1127300,"score":1,"value":200.1676},{"duration":1137300,"score":1,"value":197.1996},{"duration":1147300,"score":1,"value":203.6015},{"duration":1157300,"score":1,"value":201.8961},{"duration":1167300,"score":1,"value":202.8153},{"duration":1177300,"score":1,"value":204.0717},{"duration":1187300,"score":1,"value":201.4552},{"duration":1197300,"score":1,"value":201.1369},{"duration":1207300,"score":1,"value":200.7732},{"duration":1217300,"score":1,"value":203.9655},{"duration":1227300,"score":1,"value":201.4472},{"duration":1237300,"score":2,"value":205.3949},{"duration":1247300,"score":1,"value":201.4208},{"duration":1257300,"score":1,"value":204.3995},{"duration":1267300,"score":1,"value":204.2755},{"duration":1277300,"score":1,"value":204.0364},{"duration":1287300,"score":2,"value":205.2137},{"duration":1297300,"score":1,"value":201.2838},{"duration":1307300,"score":1,"value":202.7760},{"duration":1317300,"score":1,"value":204.1226},{"duration":1327300,"score":1,"value":203.0814},{"duration":1337300,"score":2,"value":204.6331},{"duration":1347300,"score":1,"value":201.7070},{"duration":1357300,"score":1,"value":202.1518},{"duration":1367300,"score":1,"value":199.9698},{"duration":1377300,"score":1,"value":204.3913},{"duration":1387300,"score":2,"value":204.9701},{"duration":1397300,"score":1,"value":203.3478},{"duration":1407300,"score":1,"value":203.4829},{"duration":1417300,"score":2,"value":204.8527},{"duration":1427300,"score":1,"value":202.6679},{"duration":1437300,"score":1,"value":200.8327},{"duration":1447300,"score":1,"value":198.3189},{"duration":1457300,"score":1,"value":200.1325},{"duration":1467300,"score":1,"value":192.9707},{"duration":1477300,"score":1,"value":199.8612},{"duration":1487300,"score":1,"value":198.3925},{"duration":1497300,"score":1,"value":199.6679},{"duration":1507300,"score":1,"value":198.7322},{"duration":1517300,"score":1,"value":200.7711},{"duration":1527300,"score":1,"value":199.1613},{"duration":1537300,"score":1,"value":197.9806},{"duration":1547300,"score":1,"value":199.2644},{"duration":1557300,"score":1,"value":203.0517},{"duration":1567300,"score":1,"value":200.4361},{"duration":1577300,"score":1,"value":197.5874},{"duration":1587300,"score":1,"value":199.1738},{"duration":1597300,"score":1,"value":201.6130},{"duration":1607300,"score":1,"value":201.0667},{"duration":1617300,"score":1,"value":200.1302},{"duration":1627300,"score":1,"value":203.1771},{"duration":1637300,"score":1,"value":202.0544},{"duration":1647300,"score":1,"value":202.4423},{"duration":1657300,"score":1,"value":199.2173},{"duration":1667300,"score":1,"value":197.9075},{"duration":1677300,"score":1,"value":202.6069},{"duration":1687300,"score":1,"value":201.3782},{"duration":1697300,"score":1,"value":199.3342},{"duration":1707300,"score":1,"value":199.8507},{"duration":1717300,"score":1,"value":197.8006},{"duration":1727300,"score":1,"value":200.6727},{"duration":1737300,"score":1,"value":202.3787},{"duration":1747300,"score":1,"value":199.6728},{"duration":1757300,"score":1,"value":200.2483},{"duration":1767300,"score":1,"value":198.5376},{"duration":1777300,"score":1,"value":200.3474},{"duration":1787300,"score":1,"value":202.1888},{"duration":1797300,"score":1,"value":200.2139},{"duration":1807300,"score":1,"value":199.6266},{"duration":1817300,"score":1,"value":200.6408},{"duration":1827300,"score":1,"value":202.2054},{"duration":1837300,"score":1,"value":203.6172},{"duration":1847300,"score":1,"value":204.5091},{"duration":1857300,"score":1,"value":202.9602},{"duration":1867300,"score":2,"value":205.4945},{"duration":1877300,"score":2,"value":205.6661},{"duration":1887300,"score":1,"value":201.5361},{"duration":1897300,"score":1,"value":197.9729},{"duration":1907300,"score":1,"value":202.5998},{"duration":1917300,"score":1,"value":198.6667},{"duration":1927300,"score":1,"value":201.0998}],"data_type":"effective_flight_time","overall_score":1,"score_ratio":[0.0,80.0,20.0]}],"sampling_rate":10000,"service_name":"Myotest","version":2}]}