{"data":[{"advanced_metrics":[{"chart_data":[{"duration":10000,"score":0,"value":0.6907},{"duration":20000,"score":0,"value":0.6885},{"duration":30000,"score":0,"value":0.6335},{"duration":40000,"score":0,"value":0.6181},{"duration":50000,"score":0,"value":0.7655},{"duration":60000,"score":1,"value":0.9247},{"duration":70000,"score":2,"value":0.9694},{"duration":80000,"score":2,"value":0.9646},{"duration":90000,"score":1,"value":0.9188},{"duration":100000,"score":1,"value":0.9047},{"duration":110000,"score":2,"value":0.9517},{"duration":120000,"score":1,"value":0.9487},{"duration":130000,"score":1,"value":0.9489},{"duration":140000,"score":2,"value":0.9655},{"duration":150000,"score":2,"value":0.9803},{"duration":160000,"score":2,"value":0.9759},{"duration":170000,"score":2,"value":0.9849},{"duration":180000,"score":2,"value":0.9932},{"duration":190000,"score":2,"value":0.9844},{"duration":200000,"score":2,"value":0.9738},{"duration":210000,"score":2,"value":0.9832},{"duration":220000,"score":2,"value":0.9847},{"duration":230000,"score":2,"value":0.9860},{"duration":240000,"score":2,"value":0.9850},{"duration":250000,"score":2,"value":0.9946},{"duration":260000,"score":2,"value":0.9882},{"duration":270000,"score":2,"value":0.9766},{"duration":280000,"score":2,"value":0.9732},{"duration":290000,"score":2,"value":0.9870},{"duration":300000,"score":2,"value":0.9923},{"duration":310000,"score":2,"value":0.9735},{"duration":320000,"score":2,"value":0.9590},{"duration":330000,"score":2,"value":0.9717},{"duration":340000,"score":2,"value":0.9784},{"duration":350000,"score":2,"value":0.9780},{"duration":360000,"score":2,"value":0.9623},{"duration":370000,"score":2,"value":0.9668},{"duration":380000,"score":2,"value":0.9593},{"duration":390000,"score":1,"value":0.9499},{"duration":400000,"score":2,"value":0.9578},{"duration":410000,"score":2,"value":0.9645},{"duration":420000,"score":2,"value":0.9684},{"duration":430000,"score":2,"value":0.9698},{"duration":440000,"score":2,"value":0.9556},{"duration":450000,"score":1,"value":0.9401},{"duration":460000,"score":2,"value":0.9686},{"duration":470000,"score":2,"value":0.9832},{"duration":480000,"score":2,"value":0.9757},{"duration":490000,"score":1,"value":0.9381},{"duration":500000,"score":1,"value":0.9443},{"duration":510000,"score":2,"value":0.9633},{"duration":520000,"score":2,"value":0.9774},{"duration":530000,"score":2,"value":0.9742},{"duration":540000,"score":2,"value":0.9695},{"duration":550000,"score":2,"value":0.9778},{"duration":560000,"score":1,"value":0.9200},{"duration":570000,"score":0,"value":0.8371},{"duration":580000,"score":1,"value":0.9487},{"duration":590000,"score":2,"value":0.9848},{"duration":600000,"score":2,"value":0.9741},{"duration":610000,"score":2,"value":0.9693},{"duration":620000,"score":2,"value":0.9710},{"duration":630000,"score":2,"value":0.9692},{"duration":640000,"score":1,"value":0.9381},{"duration":650000,"score":1,"value":0.9279},{"duration":660000,"score":2,"value":0.9564},{"duration":670000,"score":2,"value":0.9728},{"duration":680000,"score":2,"value":0.9721},{"duration":690000,"score":1,"value":0.9433},{"duration":700000,"score":1,"value":0.9490},{"duration":710000,"score":2,"value":0.9630},{"duration":720000,"score":1,"value":0.9067},{"duration":730000,"score":0,"value":0.8276},{"duration":740000,"score":1,"value":0.9061},{"duration":750000,"score":0,"value":0.8810},{"duration":760000,"score":1,"value":0.9472},{"duration":770000,"score":2,"value":0.9664},{"duration":780000,"score":2,"value":0.9553},{"duration":790000,"score":2,"value":0.9560},{"duration":800000,"score":2,"value":0.9694},{"duration":810000,"score":2,"value":0.9702},{"duration":820000,"score":2,"value":0.9763},{"duration":830000,"score":2,"value":0.9814},{"duration":840000,"score":2,"value":0.9736},{"duration":850000,"score":2,"value":0.9776},{"duration":860000,"score":2,"value":0.9835},{"duration":870000,"score":2,"value":0.9770},{"duration":880000,"score":2,"value":0.9628},{"duration":890000,"score":1,"value":0.9227},{"duration":900000,"score":1,"value":0.9316},{"duration":910000,"score":2,"value":0.9512},{"duration":920000,"score":2,"value":0.9587},{"duration":930000,"score":2,"value":0.9662},{"duration":940000,"score":2,"value":0.9566},{"duration":950000,"score":2,"value":0.9541},{"duration":960000,"score":2,"value":0.9610},{"duration":970000,"score":2,"value":0.9732},{"duration":980000,"score":2,"value":0.9906},{"duration":990000,"score":2,"value":0.9934},{"duration":1000000,"score":2,"value":0.9763},{"duration":1010000,"score":2,"value":0.9691},{"duration":1020000,"score":2,"value":0.9504},{"duration":1030000,"score":1,"value":0.9193},{"duration":1040000,"score":2,"value":0.9654},{"duration":1050000,"score":2,"value":0.9839},{"duration":1060000,"score":2,"value":0.9834},{"duration":1070000,"score":2,"value":0.9699},{"duration":1080000,"score":2,"value":0.9700},{"duration":1090000,"score":2,"value":0.9635},{"duration":1100000,"score":2,"value":0.9585},{"duration":1110000,"score":2,"value":0.9557},{"duration":1120000,"score":2,"value":0.9609},{"duration":1130000,"score":2,"value":0.9753},{"duration":1140000,"score":2,"value":0.9700},{"duration":1150000,"score":2,"value":0.9682},{"duration":1160000,"score":2,"value":0.9763},{"duration":1170000,"score":2,"value":0.9683},{"duration":1180000,"score":1,"value":0.9331},{"duration":1190000,"score":0,"value":0.8913},{"duration":1200000,"score":1,"value":0.9422},{"duration":1210000,"score":3,"value":0.0},{"duration":1220000,"score":0,"value":0.8646},{"duration":1230000,"score":0,"value":0.7597},{"duration":1240000,"score":0,"value":0.8666},{"duration":1250000,"score":1,"value":0.9381},{"duration":1260000,"score":1,"value":0.9206},{"duration":1270000,"score":0,"value":0.8632},{"duration":1280000,"score":0,"value":0.7726},{"duration":1290000,"score":0,"value":0.8343},{"duration":1300000,"score":1,"value":0.9320},{"duration":1310000,"score":2,"value":0.9652},{"duration":1320000,"score":2,"value":0.9743},{"duration":1330000,"score":1,"value":0.9365},{"duration":1340000,"score":0,"value":0.8962},{"duration":1350000,"score":0,"value":0.8511},{"duration":1360000,"score":0,"value":0.8859},{"duration":1370000,"score":1,"value":0.9387},{"duration":1380000,"score":1,"value":0.9497},{"duration":1390000,"score":2,"value":0.9637},{"duration":1400000,"score":2,"value":0.9749},{"duration":1410000,"score":2,"value":0.9775},{"duration":1420000,"score":2,"value":0.9744},{"duration":1430000,"score":1,"value":0.9356},{"duration":1440000,"score":0,"value":0.8137},{"duration":1450000,"score":0,"value":0.8975},{"duration":1460000,"score":1,"value":0.9378},{"duration":1470000,"score":2,"value":0.9531},{"duration":1480000,"score":1,"value":0.9337},{"duration":1490000,"score":2,"value":0.9558},{"duration":1500000,"score":2,"value":0.9566},{"duration":1510000,"score":2,"value":0.9566},{"duration":1520000,"score":2,"value":0.9637},{"duration":1530000,"score":2,"value":0.9740},{"duration":1540000,"score":1,"value":0.9374},{"duration":1550000,"score":0,"value":0.8992},{"duration":1560000,"score":1,"value":0.9199},{"duration":1570000,"score":2,"value":0.9645},{"duration":1580000,"score":2,"value":0.9583},{"duration":1590000,"score":2,"value":0.9688},{"duration":1600000,"score":2,"value":0.9736},{"duration":1610000,"score":2,"value":0.9604},{"duration":1620000,"score":1,"value":0.9399},{"duration":1630000,"score":2,"value":0.9579},{"duration":1640000,"score":2,"value":0.9727},{"duration":1650000,"score":2,"value":0.9808},{"duration":1660000,"score":2,"value":0.9806},{"duration":1670000,"score":2,"value":0.9656},{"duration":1680000,"score":2,"value":0.9592},{"duration":1690000,"score":2,"value":0.9742},{"duration":1700000,"score":2,"value":0.9836},{"duration":1710000,"score":0,"value":0.7354},{"duration":1720000,"score":0,"value":0.5910},{"duration":1730000,"score":0,"value":0.8409},{"duration":1740000,"score":0,"value":0.6620},{"duration":1750000,"score":0,"value":0.7563},{"duration":1760000,"score":0,"value":0.6545},{"duration":1770000,"score":0,"value":0.7837},{"duration":1780000,"score":0,"value":0.8760},{"duration":1790000,"score":1,"value":0.9484},{"duration":1800000,"score":1,"value":0.9456},{"duration":1810000,"score":2,"value":0.9600},{"duration":1820000,"score":2,"value":0.9550},{"duration":1830000,"score":2,"value":0.9553},{"duration":1840000,"score":1,"value":0.9382},{"duration":1850000,"score":2,"value":0.9529}],"data_type":"regularity","overall_score":2,"score_ratio":[15.0,15.0,70.0]},{"chart_data":[{"duration":10000,"score":1,"value":-0.0308},{"duration":20000,"score":1,"value":0.0489},{"duration":30000,"score":0,"value":0.0591},{"duration":40000,"score":2,"value":0.0109},{"duration":50000,"score":2,"value":0.0039},{"duration":60000,"score":2,"value":-0.0136},{"duration":70000,"score":2,"value":-0.0073},{"duration":80000,"score":2,"value":0.0083},{"duration":90000,"score":2,"value":0.0205},{"duration":100000,"score":2,"value":0.0230},{"duration":110000,"score":2,"value":-0.0027},{"duration":120000,"score":1,"value":-0.0316},{"duration":130000,"score":1,"value":-0.0330},{"duration":140000,"score":1,"value":-0.0332},{"duration":150000,"score":2,"value":0.0081},{"duration":160000,"score":2,"value":-0.0146},{"duration":170000,"score":2,"value":-0.0153},{"duration":180000,"score":1,"value":-0.0289},{"duration":190000,"score":2,"value":-0.0114},{"duration":200000,"score":1,"value":-0.0435},{"duration":210000,"score":0,"value":-0.0581},{"duration":220000,"score":1,"value":-0.0525},{"duration":230000,"score":1,"value":-0.0496},{"duration":240000,"score":1,"value":-0.0408},{"duration":250000,"score":1,"value":-0.0390},{"duration":260000,"score":1,"value":-0.0254},{"duration":270000,"score":1,"value":-0.0240},{"duration":280000,"score":2,"value":-0.0157},{"duration":290000,"score":2,"value":-0.0180},{"duration":300000,"score":2,"value":-0.0204},{"duration":310000,"score":1,"value":-0.0319},{"duration":320000,"score":1,"value":-0.0523},{"duration":330000,"score":1,"value":-0.0446},{"duration":340000,"score":1,"value":-0.0343},{"duration":350000,"score":1,"value":-0.0292},{"duration":360000,"score":1,"value":-0.0370},{"duration":370000,"score":1,"value":-0.0412},{"duration":380000,"score":1,"value":-0.0323},{"duration":390000,"score":2,"value":-0.0225},{"duration":400000,"score":1,"value":-0.0473},{"duration":410000,"score":1,"value":-0.0528},{"duration":420000,"score":1,"value":-0.0452},{"duration":430000,"score":1,"value":-0.0248},{"duration":440000,"score":1,"value":-0.0542},{"duration":450000,"score":1,"value":-0.0312},{"duration":460000,"score":2,"value":-0.0181},{"duration":470000,"score":1,"value":-0.0407},{"duration":480000,"score":1,"value":-0.0449},{"duration":490000,"score":2,"value":-0.0220},{"duration":500000,"score":1,"value":-0.0291},{"duration":510000,"score":1,"value":-0.0233},{"duration":520000,"score":1,"value":-0.0308},{"duration":530000,"score":1,"value":-0.0281},{"duration":540000,"score":2,"value":-0.0226},{"duration":550000,"score":1,"value":-0.0275},{"duration":560000,"score":2,"value":-0.0005},{"duration":570000,"score":1,"value":-0.0264},{"duration":580000,"score":1,"value":-0.0312},{"duration":590000,"score":1,"value":-0.0516},{"duration":600000,"score":1,"value":-0.0437},{"duration":610000,"score":1,"value":-0.0423},{"duration":620000,"score":1,"value":-0.0310},{"duration":630000,"score":1,"value":-0.0296},{"duration":640000,"score":2,"value":-0.0216},{"duration":650000,"score":1,"value":-0.0272},{"duration":660000,"score":1,"value":-0.0258},{"duration":670000,"score":1,"value":-0.0345},{"duration":680000,"score":1,"value":-0.0230},{"duration":690000,"score":2,"value":-0.0134},{"duration":700000,"score":2,"value":-0.0095},{"duration":710000,"score":2,"value":-0.0094},{"duration":720000,"score":2,"value":-0.0110},{"duration":730000,"score":2,"value":-0.0058},{"duration":740000,"score":2,"value":-0.0129},{"duration":750000,"score":2,"value":-0.0182},{"duration":760000,"score":2,"value":-0.0208},{"duration":770000,"score":2,"value":-0.0161},{"duration":780000,"score":2,"value":-0.0196},{"duration":790000,"score":2,"value":-0.0113},{"duration":800000,"score":2,"value":-0.0196},{"duration":810000,"score":2,"value":-0.0143},{"duration":820000,"score":2,"value":-0.0109},{"duration":830000,"score":1,"value":-0.0282},{"duration":840000,"score":2,"value":-0.0195},{"duration":850000,"score":1,"value":-0.0406},{"duration":860000,"score":1,"value":-0.0296},{"duration":870000,"score":2,"value":-0.0161},{"duration":880000,"score":1,"value":-0.0242},{"duration":890000,"score":2,"value":-0.0193},{"duration":900000,"score":2,"value":-0.0130},{"duration":910000,"score":2,"value":-0.0024},{"duration":920000,"score":2,"value":-0.0066},{"duration":930000,"score":2,"value":-0.0097},{"duration":940000,"score":1,"value":-0.0229},{"duration":950000,"score":2,"value":-0.0125},{"duration":960000,"score":2,"value":-0.0139},{"duration":970000,"score":2,"value":-0.0178},{"duration":980000,"score":1,"value":-0.0274},{"duration":990000,"score":2,"value":-0.0038},{"duration":1000000,"score":2,"value":-0.0109},{"duration":1010000,"score":2,"value":-0.0113},{"duration":1020000,"score":2,"value":-0.0102},{"duration":1030000,"score":2,"value":-0.0127},{"duration":1040000,"score":2,"value":-0.0096},{"duration":1050000,"score":2,"value":-0.0072},{"duration":1060000,"score":2,"value":-0.0138},{"duration":1070000,"score":2,"value":-0.0192},{"duration":1080000,"score":2,"value":-0.0141},{"duration":1090000,"score":2,"value":-0.0163},{"duration":1100000,"score":2,"value":-0.0105},{"duration":1110000,"score":2,"value":-0.0104},{"duration":1120000,"score":2,"value":-0.0081},{"duration":1130000,"score":2,"value":-0.0160},{"duration":1140000,"score":2,"value":-0.0203},{"duration":1150000,"score":2,"value":-0.0224},{"duration":1160000,"score":2,"value":-0.0189},{"duration":1170000,"score":1,"value":-0.0263},{"duration":1180000,"score":1,"value":-0.0230},{"duration":1190000,"score":2,"value":-0.0156},{"duration":1200000,"score":2,"value":-0.0105},{"duration":1210000,"score":3,"value":0.0},{"duration":1220000,"score":2,"value":-0.0160},{"duration":1230000,"score":2,"value":0.0042},{"duration":1240000,"score":2,"value":-0.0050},{"duration":1250000,"score":2,"value":-0.0051},{"duration":1260000,"score":2,"value":-0.0113},{"duration":1270000,"score":2,"value":-0.0118},{"duration":1280000,"score":2,"value":-0.0140},{"duration":1290000,"score":2,"value":-0.0179},{"duration":1300000,"score":2,"value":-0.0211},{"duration":1310000,"score":2,"value":-0.0130},{"duration":1320000,"score":2,"value":-0.0158},{"duration":1330000,"score":2,"value":-0.0155},{"duration":1340000,"score":2,"value":-0.0081},{"duration":1350000,"score":2,"value":-0.0041},{"duration":1360000,"score":2,"value":-0.0139},{"duration":1370000,"score":2,"value":-0.0123},{"duration":1380000,"score":2,"value":-0.0133},{"duration":1390000,"score":2,"value":-0.0082},{"duration":1400000,"score":2,"value":-0.0140},{"duration":1410000,"score":2,"value":-0.0170},{"duration":1420000,"score":2,"value":-0.0133},{"duration":1430000,"score":2,"value":-0.0110},{"duration":1440000,"score":1,"value":0.0243},{"duration":1450000,"score":2,"value":-0.0044},{"duration":1460000,"score":2,"value":-0.0136},{"duration":1470000,"score":2,"value":-0.0151},{"duration":1480000,"score":2,"value":-0.0144},{"duration":1490000,"score":2,"value":-0.0138},{"duration":1500000,"score":2,"value":-0.0134},{"duration":1510000,"score":2,"value":-0.0110},{"duration":1520000,"score":2,"value":-0.0106},{"duration":1530000,"score":2,"value":-0.0185},{"duration":1540000,"score":2,"value":-0.0126},{"duration":1550000,"score":2,"value":-0.0215},{"duration":1560000,"score":1,"value":-0.0328},{"duration":1570000,"score":2,"value":-0.0210},{"duration":1580000,"score":1,"value":-0.0349},{"duration":1590000,"score":1,"value":-0.0355},{"duration":1600000,"score":2,"value":-0.0198},{"duration":1610000,"score":2,"value":-0.0186},{"duration":1620000,"score":2,"value":-0.0170},{"duration":1630000,"score":1,"value":-0.0236},{"duration":1640000,"score":1,"value":-0.0236},{"duration":1650000,"score":2,"value":-0.0192},{"duration":1660000,"score":2,"value":-0.0165},{"duration":1670000,"score":2,"value":-0.0114},{"duration":1680000,"score":2,"value":-0.0131},{"duration":1690000,"score":2,"value":-0.0173},{"duration":1700000,"score":2,"value":-0.0126},{"duration":1710000,"score":2,"value":-0.0171},{"duration":1720000,"score":2,"value":-0.0178},{"duration":1730000,"score":2,"value":-0.0131},{"duration":1740000,"score":2,"value":-0.0153},{"duration":1750000,"score":2,"value":-0.0177},{"duration":1760000,"score":2,"value":-0.0171},{"duration":1770000,"score":2,"value":-0.0190},{"duration":1780000,"score":2,"value":-0.0047},{"duration":1790000,"score":2,"value":-0.0170},{"duration":1800000,"score":2,"value":-0.0178},{"duration":1810000,"score":2,"value":-0.0209},{"duration":1820000,"score":2,"value":-0.0185},{"duration":1830000,"score":1,"value":-0.0242},{"duration":1840000,"score":2,"value":-0.0159},{"duration":1850000,"score":2,"value":-0.0146}],"data_type":"asymmetry","overall_score":2,"score_ratio":[7.0,29.0,64.0]},{"chart_data":[{"duration":10000,"score":2,"value":44914.8359},{"duration":20000,"score":0,"value":39773.0898},{"duration":30000,"score":0,"value":37980.0078},{"duration":40000,"score":0,"value":38062.2031},{"duration":50000,"score":0,"value":37449.6601},{"duration":60000,"score":0,"value":37791.1445},{"duration":70000,"score":0,"value":37881.0546},{"duration":80000,"score":0,"value":37409.9531},{"duration":90000,"score":0,"value":37974.7109},{"duration":100000,"score":0,"value":38469.1328},{"duration":110000,"score":0,"value":39822.2539},{"duration":120000,"score":0,"value":40312.8906},{"duration":130000,"score":0,"value":38324.3125},{"duration":140000,"score":0,"value":38359.9804},{"duration":150000,"score":0,"value":37491.625},{"duration":160000,"score":0,"value":37842.7890},{"duration":170000,"score":0,"value":37749.7187},{"duration":180000,"score":0,"value":38613.9179},{"duration":190000,"score":0,"value":38027.1562},{"duration":200000,"score":0,"value":37042.7148},{"duration":210000,"score":0,"value":38222.1367},{"duration":220000,"score":0,"value":39486.6406},{"duration":230000,"score":0,"value":39635.9062},{"duration":240000,"score":0,"value":40446.2070},{"duration":250000,"score":0,"value":39711.8632},{"duration":260000,"score":0,"value":39635.9140},{"duration":270000,"score":0,"value":39710.5937},{"duration":280000,"score":0,"value":40574.4843},{"duration":290000,"score":0,"value":39975.2304},{"duration":300000,"score":0,"value":38591.7773},{"duration":310000,"score":0,"value":37626.9101},{"duration":320000,"score":0,"value":40015.6171},{"duration":330000,"score":0,"value":38030.5976},{"duration":340000,"score":0,"value":38222.8281},{"duration":350000,"score":0,"value":39690.0117},{"duration":360000,"score":0,"value":39490.4023},{"duration":370000,"score":0,"value":40005.8046},{"duration":380000,"score":0,"value":39363.6445},{"duration":390000,"score":0,"value":38292.5117},{"duration":400000,"score":0,"value":38658.7773},{"duration":410000,"score":0,"value":39734.9101},{"duration":420000,"score":0,"value":38293.2070},{"duration":430000,"score":0,"value":38995.4492},{"duration":440000,"score":0,"value":38561.6640},{"duration":450000,"score":0,"value":38621.6015},{"duration":460000,"score":0,"value":39432.7617},{"duration":470000,"score":0,"value":38648.0273},{"duration":480000,"score":0,"value":40733.3046},{"duration":490000,"score":0,"value":40045.2968},{"duration":500000,"score":0,"value":39742.9492},{"duration":510000,"score":0,"value":39537.0117},{"duration":520000,"score":0,"value":39585.7031},{"duration":530000,"score":0,"value":38315.2343},{"duration":540000,"score":0,"value":37966.7578},{"duration":550000,"score":0,"value":36151.7226},{"duration":560000,"score":0,"value":37399.2773},{"duration":570000,"score":0,"value":38468.7617},{"duration":580000,"score":0,"value":39696.2812},{"duration":590000,"score":0,"value":39929.5273},{"duration":600000,"score":0,"value":39043.4140},{"duration":610000,"score":0,"value":37505.8515},{"duration":620000,"score":0,"value":37881.8437},{"duration":630000,"score":0,"value":39435.1914},{"duration":640000,"score":0,"value":35857.5312},{"duration":650000,"score":0,"value":37155.8945},{"duration":660000,"score":0,"value":38063.7226},{"duration":670000,"score":0,"value":38108.1367},{"duration":680000,"score":0,"value":37915.8984},{"duration":690000,"score":0,"value":40747.4023},{"duration":700000,"score":0,"value":41796.5117},{"duration":710000,"score":1,"value":43670.0585},{"duration":720000,"score":0,"value":40539.2890},{"duration":730000,"score":0,"value":37813.5},{"duration":740000,"score":0,"value":37992.4414},{"duration":750000,"score":0,"value":38735.9609},{"duration":760000,"score":0,"value":37203.125},{"duration":770000,"score":0,"value":37655.5664},{"duration":780000,"score":0,"value":37525.0820},{"duration":790000,"score":0,"value":38141.3281},{"duration":800000,"score":0,"value":37449.0},{"duration":810000,"score":0,"value":38877.7539},{"duration":820000,"score":0,"value":38439.9375},{"duration":830000,"score":0,"value":37311.6953},{"duration":840000,"score":0,"value":36762.6328},{"duration":850000,"score":0,"value":37850.0664},{"duration":860000,"score":0,"value":36543.4843},{"duration":870000,"score":0,"value":39266.7460},{"duration":880000,"score":0,"value":38012.8125},{"duration":890000,"score":0,"value":37542.0781},{"duration":900000,"score":0,"value":38496.4648},{"duration":910000,"score":0,"value":37665.2851},{"duration":920000,"score":0,"value":37713.4882},{"duration":930000,"score":0,"value":38751.2929},{"duration":940000,"score":0,"value":37380.5468},{"duration":950000,"score":0,"value":36882.9453},{"duration":960000,"score":0,"value":38428.8515},{"duration":970000,"score":0,"value":36962.8046},{"duration":980000,"score":0,"value":36631.4921},{"duration":990000,"score":0,"value":38107.4062},{"duration":1000000,"score":0,"value":38192.3398},{"duration":1010000,"score":0,"value":39264.9609},{"duration":1020000,"score":0,"value":37784.5781},{"duration":1030000,"score":0,"value":36677.2773},{"duration":1040000,"score":0,"value":37926.6679},{"duration":1050000,"score":0,"value":37563.1992},{"duration":1060000,"score":0,"value":38560.0664},{"duration":1070000,"score":0,"value":37574.6406},{"duration":1080000,"score":0,"value":35322.6406},{"duration":1090000,"score":0,"value":35874.1601},{"duration":1100000,"score":0,"value":36408.1210},{"duration":1110000,"score":0,"value":36915.7226},{"duration":1120000,"score":0,"value":40130.5507},{"duration":1130000,"score":0,"value":39961.5312},{"duration":1140000,"score":0,"value":40648.7929},{"duration":1150000,"score":0,"value":38500.1406},{"duration":1160000,"score":0,"value":37692.6796},{"duration":1170000,"score":0,"value":38526.7890},{"duration":1180000,"score":0,"value":38037.4375},{"duration":1190000,"score":0,"value":35815.4687},{"duration":1200000,"score":0,"value":35300.2539},{"duration":1210000,"score":3,"value":0.0},{"duration":1220000,"score":0,"value":36671.9648},{"duration":1230000,"score":0,"value":36067.3437},{"duration":1240000,"score":0,"value":38441.9453},{"duration":1250000,"score":0,"value":39857.3125},{"duration":1260000,"score":0,"value":39446.1914},{"duration":1270000,"score":0,"value":40433.8671},{"duration":1280000,"score":0,"value":41070.2148},{"duration":1290000,"score":0,"value":39694.1367},{"duration":1300000,"score":0,"value":39693.4023},{"duration":1310000,"score":0,"value":38671.0156},{"duration":1320000,"score":0,"value":38785.1210},{"duration":1330000,"score":0,"value":41317.4101},{"duration":1340000,"score":0,"value":39577.8203},{"duration":1350000,"score":0,"value":41065.5273},{"duration":1360000,"score":0,"value":39686.7304},{"duration":1370000,"score":0,"value":41708.8671},{"duration":1380000,"score":0,"value":42052.9804},{"duration":1390000,"score":0,"value":40849.1875},{"duration":1400000,"score":0,"value":40649.5976},{"duration":1410000,"score":0,"value":40202.2890},{"duration":1420000,"score":0,"value":40272.0625},{"duration":1430000,"score":1,"value":43943.2578},{"duration":1440000,"score":1,"value":43093.2890},{"duration":1450000,"score":0,"value":41983.7031},{"duration":1460000,"score":0,"value":42812.8007},{"duration":1470000,"score":0,"value":41719.8515},{"duration":1480000,"score":0,"value":41699.625},{"duration":1490000,"score":0,"value":41796.8789},{"duration":1500000,"score":1,"value":43997.5468},{"duration":1510000,"score":0,"value":42052.375},{"duration":1520000,"score":0,"value":41422.625},{"duration":1530000,"score":0,"value":41142.0429},{"duration":1540000,"score":0,"value":43220.6718},{"duration":1550000,"score":0,"value":41785.8085},{"duration":1560000,"score":0,"value":40061.7734},{"duration":1570000,"score":0,"value":41527.625},{"duration":1580000,"score":0,"value":41877.2968},{"duration":1590000,"score":0,"value":40513.5},{"duration":1600000,"score":0,"value":40627.3359},{"duration":1610000,"score":0,"value":40685.3710},{"duration":1620000,"score":0,"value":41448.2851},{"duration":1630000,"score":0,"value":40687.1015},{"duration":1640000,"score":0,"value":39084.8085},{"duration":1650000,"score":0,"value":39518.3125},{"duration":1660000,"score":0,"value":39164.8164},{"duration":1670000,"score":0,"value":41244.1757},{"duration":1680000,"score":0,"value":41493.9023},{"duration":1690000,"score":0,"value":43265.5507},{"duration":1700000,"score":1,"value":45433.25},{"duration":1710000,"score":1,"value":46183.3164},{"duration":1720000,"score":0,"value":42164.0234},{"duration":1730000,"score":1,"value":45368.9414},{"duration":1740000,"score":2,"value":50118.7148},{"duration":1750000,"score":1,"value":45953.0078},{"duration":1760000,"score":1,"value":46225.7304},{"duration":1770000,"score":0,"value":43251.9687},{"duration":1780000,"score":1,"value":43922.3320},{"duration":1790000,"score":1,"value":43458.9218},{"duration":1800000,"score":0,"value":43132.9140},{"duration":1810000,"score":0,"value":41304.9687},{"duration":1820000,"score":0,"value":42362.8945},{"duration":1830000,"score":0,"value":41573.4492},{"duration":1840000,"score":0,"value":38952.0976},{"duration":1850000,"score":0,"value":37205.6835}],"data_type":"stiffness","overall_score":0,"score_ratio":[83.0,12.0,5.0]},{"chart_data":[{"duration":10000,"score":1,"value":0.0967},{"duration":20000,"score":0,"value":0.0950},{"duration":30000,"score":0,"value":0.0933},{"duration":40000,"score":0,"value":0.0949},{"duration":50000,"score":0,"value":0.0944},{"duration":60000,"score":0,"value":0.0947},{"duration":70000,"score":0,"value":0.0954},{"duration":80000,"score":0,"value":0.0972},{"duration":90000,"score":0,"value":0.0963},{"duration":100000,"score":0,"value":0.0957},{"duration":110000,"score":0,"value":0.0946},{"duration":120000,"score":0,"value":0.0954},{"duration":130000,"score":0,"value":0.0988},{"duration":140000,"score":0,"value":0.0983},{"duration":150000,"score":0,"value":0.0986},{"duration":160000,"score":0,"value":0.1000},{"duration":170000,"score":0,"value":0.0994},{"duration":180000,"score":0,"value":0.0966},{"duration":190000,"score":0,"value":0.0984},{"duration":200000,"score":0,"value":0.0989},{"duration":210000,"score":0,"value":0.0954},{"duration":220000,"score":0,"value":0.0939},{"duration":230000,"score":0,"value":0.0942},{"duration":240000,"score":1,"value":0.0922},{"duration":250000,"score":0,"value":0.0966},{"duration":260000,"score":0,"value":0.0930},{"duration":270000,"score":1,"value":0.0920},{"duration":280000,"score":1,"value":0.0921},{"duration":290000,"score":0,"value":0.0933},{"duration":300000,"score":0,"value":0.0941},{"duration":310000,"score":0,"value":0.0960},{"duration":320000,"score":0,"value":0.0945},{"duration":330000,"score":0,"value":0.0950},{"duration":340000,"score":0,"value":0.0963},{"duration":350000,"score":0,"value":0.0945},{"duration":360000,"score":0,"value":0.0941},{"duration":370000,"score":0,"value":0.0946},{"duration":380000,"score":0,"value":0.0958},{"duration":390000,"score":0,"value":0.0975},{"duration":400000,"score":0,"value":0.0967},{"duration":410000,"score":0,"value":0.0964},{"duration":420000,"score":0,"value":0.0974},{"duration":430000,"score":0,"value":0.0941},{"duration":440000,"score":0,"value":0.0970},{"duration":450000,"score":0,"value":0.0988},{"duration":460000,"score":0,"value":0.0994},{"duration":470000,"score":0,"value":0.0991},{"duration":480000,"score":0,"value":0.0958},{"duration":490000,"score":0,"value":0.0935},{"duration":500000,"score":0,"value":0.0962},{"duration":510000,"score":0,"value":0.0971},{"duration":520000,"score":0,"value":0.0967},{"duration":530000,"score":0,"value":0.0992},{"duration":540000,"score":0,"value":0.0984},{"duration":550000,"score":0,"value":0.1020},{"duration":560000,"score":0,"value":0.0990},{"duration":570000,"score":0,"value":0.0989},{"duration":580000,"score":0,"value":0.0980},{"duration":590000,"score":0,"value":0.0975},{"duration":600000,"score":0,"value":0.0984},{"duration":610000,"score":0,"value":0.0996},{"duration":620000,"score":0,"value":0.1005},{"duration":630000,"score":0,"value":0.0975},{"duration":640000,"score":0,"value":0.1034},{"duration":650000,"score":0,"value":0.1003},{"duration":660000,"score":0,"value":0.1010},{"duration":670000,"score":0,"value":0.1006},{"duration":680000,"score":0,"value":0.1006},{"duration":690000,"score":0,"value":0.0965},{"duration":700000,"score":0,"value":0.0945},{"duration":710000,"score":0,"value":0.0922},{"duration":720000,"score":0,"value":0.0940},{"duration":730000,"score":0,"value":0.0944},{"duration":740000,"score":0,"value":0.0972},{"duration":750000,"score":0,"value":0.1003},{"duration":760000,"score":0,"value":0.1012},{"duration":770000,"score":0,"value":0.1001},{"duration":780000,"score":0,"value":0.1013},{"duration":790000,"score":0,"value":0.1025},{"duration":800000,"score":0,"value":0.1016},{"duration":810000,"score":0,"value":0.0995},{"duration":820000,"score":0,"value":0.0997},{"duration":830000,"score":0,"value":0.1024},{"duration":840000,"score":0,"value":0.1000},{"duration":850000,"score":0,"value":0.0994},{"duration":860000,"score":0,"value":0.0978},{"duration":870000,"score":0,"value":0.0971},{"duration":880000,"score":0,"value":0.1029},{"duration":890000,"score":0,"value":0.1046},{"duration":900000,"score":0,"value":0.1027},{"duration":910000,"score":0,"value":0.1014},{"duration":920000,"score":0,"value":0.0982},{"duration":930000,"score":0,"value":0.0987},{"duration":940000,"score":0,"value":0.1006},{"duration":950000,"score":0,"value":0.0981},{"duration":960000,"score":0,"value":0.0973},{"duration":970000,"score":0,"value":0.0984},{"duration":980000,"score":0,"value":0.0996},{"duration":990000,"score":0,"value":0.0965},{"duration":1000000,"score":0,"value":0.0968},{"duration":1010000,"score":0,"value":0.0967},{"duration":1020000,"score":0,"value":0.1008},{"duration":1030000,"score":0,"value":0.1004},{"duration":1040000,"score":0,"value":0.0995},{"duration":1050000,"score":0,"value":0.0992},{"duration":1060000,"score":0,"value":0.0982},{"duration":1070000,"score":0,"value":0.0993},{"duration":1080000,"score":0,"value":0.1016},{"duration":1090000,"score":0,"value":0.1051},{"duration":1100000,"score":0,"value":0.1023},{"duration":1110000,"score":0,"value":0.1019},{"duration":1120000,"score":0,"value":0.0990},{"duration":1130000,"score":0,"value":0.0975},{"duration":1140000,"score":0,"value":0.0966},{"duration":1150000,"score":0,"value":0.0996},{"duration":1160000,"score":0,"value":0.0987},{"duration":1170000,"score":0,"value":0.0982},{"duration":1180000,"score":0,"value":0.1000},{"duration":1190000,"score":0,"value":0.1039},{"duration":1200000,"score":0,"value":0.1032},{"duration":1210000,"score":3,"value":0.0},{"duration":1220000,"score":0,"value":0.0954},{"duration":1230000,"score":0,"value":0.0943},{"duration":1240000,"score":0,"value":0.0966},{"duration":1250000,"score":0,"value":0.0951},{"duration":1260000,"score":0,"value":0.0984},{"duration":1270000,"score":0,"value":0.0974},{"duration":1280000,"score":0,"value":0.0955},{"duration":1290000,"score":0,"value":0.0958},{"duration":1300000,"score":0,"value":0.0968},{"duration":1310000,"score":0,"value":0.0964},{"duration":1320000,"score":0,"value":0.0973},{"duration":1330000,"score":0,"value":0.0933},{"duration":1340000,"score":0,"value":0.0982},{"duration":1350000,"score":0,"value":0.0955},{"duration":1360000,"score":0,"value":0.0965},{"duration":1370000,"score":0,"value":0.0930},{"duration":1380000,"score":0,"value":0.0943},{"duration":1390000,"score":0,"value":0.0939},{"duration":1400000,"score":0,"value":0.0958},{"duration":1410000,"score":0,"value":0.0973},{"duration":1420000,"score":0,"value":0.0974},{"duration":1430000,"score":1,"value":0.0901},{"duration":1440000,"score":1,"value":0.0907},{"duration":1450000,"score":1,"value":0.0915},{"duration":1460000,"score":0,"value":0.0934},{"duration":1470000,"score":0,"value":0.0951},{"duration":1480000,"score":0,"value":0.0943},{"duration":1490000,"score":0,"value":0.0934},{"duration":1500000,"score":1,"value":0.0905},{"duration":1510000,"score":0,"value":0.0926},{"duration":1520000,"score":0,"value":0.0932},{"duration":1530000,"score":0,"value":0.0948},{"duration":1540000,"score":1,"value":0.0880},{"duration":1550000,"score":1,"value":0.0919},{"duration":1560000,"score":0,"value":0.0952},{"duration":1570000,"score":1,"value":0.0919},{"duration":1580000,"score":0,"value":0.0943},{"duration":1590000,"score":0,"value":0.0947},{"duration":1600000,"score":0,"value":0.0962},{"duration":1610000,"score":0,"value":0.0937},{"duration":1620000,"score":0,"value":0.0938},{"duration":1630000,"score":0,"value":0.0945},{"duration":1640000,"score":0,"value":0.0962},{"duration":1650000,"score":0,"value":0.0953},{"duration":1660000,"score":0,"value":0.0971},{"duration":1670000,"score":0,"value":0.0928},{"duration":1680000,"score":0,"value":0.0931},{"duration":1690000,"score":1,"value":0.0913},{"duration":1700000,"score":1,"value":0.0884},{"duration":1710000,"score":1,"value":0.0880},{"duration":1720000,"score":0,"value":0.0922},{"duration":1730000,"score":1,"value":0.0900},{"duration":1740000,"score":1,"value":0.0817},{"duration":1750000,"score":1,"value":0.0866},{"duration":1760000,"score":0,"value":0.0913},{"duration":1770000,"score":0,"value":0.0916},{"duration":1780000,"score":1,"value":0.0859},{"duration":1790000,"score":0,"value":0.0920},{"duration":1800000,"score":0,"value":0.0917},{"duration":1810000,"score":0,"value":0.0936},{"duration":1820000,"score":0,"value":0.0931},{"duration":1830000,"score":0,"value":0.0952},{"duration":1840000,"score":0,"value":0.0965},{"duration":1850000,"score":0,"value":0.1007}],"data_type":"undulation","overall_score":0,"score_ratio":[75.0,24.0,1.0]},{"chart_data":[{"duration":10000,"score":2,"value":163.8859},{"duration":20000,"score":1,"value":175.5670},{"duration":30000,"score":1,"value":175.8577},{"duration":40000,"score":1,"value":178.5687},{"duration":50000,"score":1,"value":180.6540},{"duration":60000,"score":1,"value":179.2160},{"duration":70000,"score":1,"value":178.9205},{"duration":80000,"score":1,"value":180.8098},{"duration":90000,"score":1,"value":179.1985},{"duration":100000,"score":1,"value":178.1663},{"duration":110000,"score":1,"value":173.2680},{"duration":120000,"score":1,"value":173.1038},{"duration":130000,"score":1,"value":176.5240},{"duration":140000,"score":1,"value":176.4367},{"duration":150000,"score":1,"value":179.8005},{"duration":160000,"score":1,"value":177.1932},{"duration":170000,"score":1,"value":177.9171},{"duration":180000,"score":1,"value":176.0917},{"duration":190000,"score":1,"value":178.2234},{"duration":200000,"score":1,"value":181.2920},{"duration":210000,"score":1,"value":179.0027},{"duration":220000,"score":1,"value":175.9356},{"duration":230000,"score":1,"value":174.8587},{"duration":240000,"score":1,"value":172.9706},{"duration":250000,"score":1,"value":173.3981},{"duration":260000,"score":1,"value":175.4754},{"duration":270000,"score":1,"value":174.8770},{"duration":280000,"score":1,"value":172.8118},{"duration":290000,"score":1,"value":173.7937},{"duration":300000,"score":1,"value":177.1389},{"duration":310000,"score":1,"value":179.9703},{"duration":320000,"score":1,"value":173.2269},{"duration":330000,"score":1,"value":179.2345},{"duration":340000,"score":1,"value":177.8427},{"duration":350000,"score":1,"value":174.2851},{"duration":360000,"score":1,"value":175.4041},{"duration":370000,"score":1,"value":174.1635},{"duration":380000,"score":1,"value":174.7668},{"duration":390000,"score":1,"value":177.0584},{"duration":400000,"score":1,"value":173.8723},{"duration":410000,"score":1,"value":173.3195},{"duration":420000,"score":1,"value":177.5310},{"duration":430000,"score":1,"value":176.4056},{"duration":440000,"score":1,"value":178.1549},{"duration":450000,"score":1,"value":176.3875},{"duration":460000,"score":1,"value":173.0067},{"duration":470000,"score":1,"value":175.8999},{"duration":480000,"score":1,"value":171.1759},{"duration":490000,"score":1,"value":173.9791},{"duration":500000,"score":1,"value":173.6530},{"duration":510000,"score":1,"value":173.4388},{"duration":520000,"score":1,"value":172.7394},{"duration":530000,"score":1,"value":176.1342},{"duration":540000,"score":1,"value":177.1958},{"duration":550000,"score":1,"value":182.3964},{"duration":560000,"score":1,"value":179.8431},{"duration":570000,"score":1,"value":176.3683},{"duration":580000,"score":1,"value":172.6780},{"duration":590000,"score":1,"value":172.9244},{"duration":600000,"score":1,"value":175.1474},{"duration":610000,"score":1,"value":179.0470},{"duration":620000,"score":1,"value":177.0344},{"duration":630000,"score":1,"value":173.9944},{"duration":640000,"score":1,"value":182.6967},{"duration":650000,"score":1,"value":179.8304},{"duration":660000,"score":1,"value":176.2365},{"duration":670000,"score":1,"value":176.7900},{"duration":680000,"score":1,"value":176.9034},{"duration":690000,"score":1,"value":170.8747},{"duration":700000,"score":1,"value":168.0862},{"duration":710000,"score":1,"value":164.2669},{"duration":720000,"score":1,"value":171.4746},{"duration":730000,"score":1,"value":177.9132},{"duration":740000,"score":1,"value":177.2457},{"duration":750000,"score":1,"value":174.1366},{"duration":760000,"score":1,"value":179.0484},{"duration":770000,"score":1,"value":177.9489},{"duration":780000,"score":1,"value":178.0775},{"duration":790000,"score":1,"value":175.2597},{"duration":800000,"score":1,"value":178.5193},{"duration":810000,"score":1,"value":174.1311},{"duration":820000,"score":1,"value":175.3432},{"duration":830000,"score":1,"value":178.6046},{"duration":840000,"score":1,"value":180.6048},{"duration":850000,"score":1,"value":178.0415},{"duration":860000,"score":0,"value":183.2331},{"duration":870000,"score":1,"value":174.2751},{"duration":880000,"score":1,"value":177.3748},{"duration":890000,"score":1,"value":176.9561},{"duration":900000,"score":1,"value":175.3659},{"duration":910000,"score":1,"value":177.2237},{"duration":920000,"score":1,"value":177.2353},{"duration":930000,"score":1,"value":174.4555},{"duration":940000,"score":1,"value":178.3528},{"duration":950000,"score":1,"value":180.4120},{"duration":960000,"score":1,"value":176.4328},{"duration":970000,"score":1,"value":180.7514},{"duration":980000,"score":1,"value":181.5467},{"duration":990000,"score":1,"value":177.7877},{"duration":1000000,"score":1,"value":176.9492},{"duration":1010000,"score":1,"value":173.8368},{"duration":1020000,"score":1,"value":176.6871},{"duration":1030000,"score":1,"value":180.2430},{"duration":1040000,"score":1,"value":176.7419},{"duration":1050000,"score":1,"value":177.7969},{"duration":1060000,"score":1,"value":175.4611},{"duration":1070000,"score":1,"value":178.2149},{"duration":1080000,"score":1,"value":184.6379},{"duration":1090000,"score":1,"value":181.9888},{"duration":1100000,"score":1,"value":179.7634},{"duration":1110000,"score":1,"value":178.9463},{"duration":1120000,"score":1,"value":171.3083},{"duration":1130000,"score":1,"value":172.1120},{"duration":1140000,"score":1,"value":171.0691},{"duration":1150000,"score":1,"value":175.3956},{"duration":1160000,"score":1,"value":177.8364},{"duration":1170000,"score":1,"value":175.8680},{"duration":1180000,"score":1,"value":176.5348},{"duration":1190000,"score":1,"value":182.3652},{"duration":1200000,"score":1,"value":183.9386},{"duration":1210000,"score":3,"value":0.0},{"duration":1220000,"score":1,"value":182.2662},{"duration":1230000,"score":0,"value":185.0807},{"duration":1240000,"score":1,"value":176.8164},{"duration":1250000,"score":1,"value":173.0475},{"duration":1260000,"score":1,"value":173.0533},{"duration":1270000,"score":1,"value":171.0872},{"duration":1280000,"score":1,"value":169.8320},{"duration":1290000,"score":1,"value":173.4575},{"duration":1300000,"score":1,"value":172.7619},{"duration":1310000,"score":1,"value":176.3722},{"duration":1320000,"score":1,"value":175.2221},{"duration":1330000,"score":1,"value":169.5877},{"duration":1340000,"score":1,"value":172.6624},{"duration":1350000,"score":1,"value":162.6335},{"duration":1360000,"score":1,"value":171.5296},{"duration":1370000,"score":1,"value":168.3844},{"duration":1380000,"score":1,"value":167.0027},{"duration":1390000,"score":1,"value":170.5025},{"duration":1400000,"score":1,"value":170.0416},{"duration":1410000,"score":1,"value":171.1004},{"duration":1420000,"score":1,"value":170.6206},{"duration":1430000,"score":1,"value":164.0321},{"duration":1440000,"score":1,"value":167.2554},{"duration":1450000,"score":1,"value":168.7261},{"duration":1460000,"score":1,"value":165.6703},{"duration":1470000,"score":1,"value":168.0752},{"duration":1480000,"score":1,"value":168.1531},{"duration":1490000,"score":1,"value":168.3984},{"duration":1500000,"score":1,"value":164.1524},{"duration":1510000,"score":1,"value":167.7610},{"duration":1520000,"score":1,"value":169.4948},{"duration":1530000,"score":1,"value":169.7672},{"duration":1540000,"score":1,"value":162.5110},{"duration":1550000,"score":1,"value":168.4721},{"duration":1560000,"score":1,"value":173.1654},{"duration":1570000,"score":1,"value":170.1472},{"duration":1580000,"score":1,"value":168.4167},{"duration":1590000,"score":1,"value":171.8402},{"duration":1600000,"score":1,"value":170.6477},{"duration":1610000,"score":1,"value":171.2675},{"duration":1620000,"score":1,"value":169.1558},{"duration":1630000,"score":1,"value":171.0254},{"duration":1640000,"score":1,"value":174.9974},{"duration":1650000,"score":1,"value":172.4392},{"duration":1660000,"score":1,"value":173.9062},{"duration":1670000,"score":1,"value":170.0679},{"duration":1680000,"score":1,"value":168.9473},{"duration":1690000,"score":1,"value":165.5137},{"duration":1700000,"score":1,"value":161.8825},{"duration":1710000,"score":1,"value":160.7406},{"duration":1720000,"score":1,"value":168.1125},{"duration":1730000,"score":1,"value":160.9560},{"duration":1740000,"score":1,"value":154.0296},{"duration":1750000,"score":1,"value":161.7641},{"duration":1760000,"score":1,"value":159.0935},{"duration":1770000,"score":1,"value":165.4102},{"duration":1780000,"score":2,"value":151.6402},{"duration":1790000,"score":1,"value":162.7224},{"duration":1800000,"score":1,"value":165.8555},{"duration":1810000,"score":1,"value":170.0359},{"duration":1820000,"score":1,"value":166.8280},{"duration":1830000,"score":1,"value":168.5404},{"duration":1840000,"score":1,"value":174.4818},{"duration":1850000,"score":1,"value":178.5887}],"data_type":"effective_contact_time","overall_score":1,"score_ratio":[12.0,83.0,5.0]},{"chart_data":[{"duration":10000,"score":1,"value":203.7932},{"duration":20000,"score":1,"value":197.1465},{"duration":30000,"score":1,"value":194.7874},{"duration":40000,"score":1,"value":196.0731},{"duration":50000,"score":1,"value":194.8937},{"duration":60000,"score":1,"value":195.7655},{"duration":70000,"score":1,"value":196.7706},{"duration":80000,"score":1,"value":198.1935},{"duration":90000,"score":1,"value":197.7488},{"duration":100000,"score":1,"value":197.3013},{"duration":110000,"score":1,"value":197.8671},{"duration":120000,"score":1,"value":198.7491},{"duration":130000,"score":1,"value":202.1540},{"duration":140000,"score":1,"value":201.5645},{"duration":150000,"score":1,"value":200.8838},{"duration":160000,"score":1,"value":203.7099},{"duration":170000,"score":1,"value":202.6112},{"duration":180000,"score":1,"value":199.4142},{"duration":190000,"score":1,"value":201.0141},{"duration":200000,"score":1,"value":200.4703},{"duration":210000,"score":1,"value":196.4130},{"duration":220000,"score":1,"value":195.5296},{"duration":230000,"score":1,"value":196.4971},{"duration":240000,"score":1,"value":194.5497},{"duration":250000,"score":1,"value":200.4639},{"duration":260000,"score":1,"value":194.7089},{"duration":270000,"score":1,"value":193.5383},{"duration":280000,"score":1,"value":194.4578},{"duration":290000,"score":1,"value":195.8089},{"duration":300000,"score":1,"value":195.6692},{"duration":310000,"score":1,"value":197.1129},{"duration":320000,"score":1,"value":197.5547},{"duration":330000,"score":1,"value":196.0356},{"duration":340000,"score":1,"value":198.4038},{"duration":350000,"score":1,"value":197.2033},{"duration":360000,"score":1,"value":196.1558},{"duration":370000,"score":1,"value":197.3439},{"duration":380000,"score":1,"value":198.8277},{"duration":390000,"score":1,"value":200.4761},{"duration":400000,"score":1,"value":200.3470},{"duration":410000,"score":1,"value":200.0681},{"duration":420000,"score":1,"value":200.0132},{"duration":430000,"score":1,"value":195.8345},{"duration":440000,"score":1,"value":199.1464},{"duration":450000,"score":1,"value":202.3303},{"duration":460000,"score":2,"value":204.4762},{"duration":470000,"score":1,"value":202.8247},{"duration":480000,"score":1,"value":200.0333},{"duration":490000,"score":1,"value":195.7671},{"duration":500000,"score":1,"value":199.7883},{"duration":510000,"score":1,"value":201.1587},{"duration":520000,"score":1,"value":200.8572},{"duration":530000,"score":1,"value":202.9039},{"duration":540000,"score":1,"value":201.5564},{"duration":550000,"score":2,"value":204.4868},{"duration":560000,"score":1,"value":201.1736},{"duration":570000,"score":1,"value":202.4466},{"duration":580000,"score":1,"value":202.6066},{"duration":590000,"score":1,"value":201.6182},{"duration":600000,"score":1,"value":202.1966},{"duration":610000,"score":1,"value":202.3969},{"duration":620000,"score":2,"value":204.4347},{"duration":630000,"score":1,"value":201.4011},{"duration":640000,"score":2,"value":206.1776},{"duration":650000,"score":1,"value":202.9132},{"duration":660000,"score":2,"value":205.3001},{"duration":670000,"score":2,"value":204.5583},{"duration":680000,"score":2,"value":204.6775},{"duration":690000,"score":1,"value":201.2869},{"duration":700000,"score":1,"value":199.7059},{"duration":710000,"score":1,"value":197.8816},{"duration":720000,"score":1,"value":197.6953},{"duration":730000,"score":1,"value":195.2368},{"duration":740000,"score":1,"value":199.8574},{"duration":750000,"score":2,"value":205.2268},{"duration":760000,"score":2,"value":204.5840},{"duration":770000,"score":1,"value":203.6248},{"duration":780000,"score":2,"value":205.2339},{"duration":790000,"score":2,"value":207.9625},{"duration":800000,"score":2,"value":205.4340},{"duration":810000,"score":2,"value":204.2892},{"duration":820000,"score":2,"value":204.1110},{"duration":830000,"score":2,"value":206.3612},{"duration":840000,"score":1,"value":202.5252},{"duration":850000,"score":1,"value":202.5115},{"duration":860000,"score":1,"value":198.4813},{"duration":870000,"score":1,"value":200.8894},{"duration":880000,"score":2,"value":207.3264},{"duration":890000,"score":2,"value":209.9207},{"duration":900000,"score":2,"value":208.0780},{"duration":910000,"score":2,"value":205.7025},{"duration":920000,"score":1,"value":201.2756},{"duration":930000,"score":2,"value":203.0966},{"duration":940000,"score":2,"value":204.1333},{"duration":950000,"score":1,"value":199.9913},{"duration":960000,"score":1,"value":200.2996},{"duration":970000,"score":1,"value":200.3085},{"duration":980000,"score":1,"value":201.5578},{"duration":990000,"score":1,"value":198.7958},{"duration":1000000,"score":1,"value":199.5752},{"duration":1010000,"score":1,"value":200.5276},{"duration":1020000,"score":2,"value":205.0936},{"duration":1030000,"score":1,"value":203.1056},{"duration":1040000,"score":1,"value":203.2940},{"duration":1050000,"score":1,"value":202.5792},{"duration":1060000,"score":1,"value":202.0399},{"duration":1070000,"score":1,"value":202.4423},{"duration":1080000,"score":1,"value":203.1487},{"duration":1090000,"score":2,"value":208.6617},{"duration":1100000,"score":2,"value":205.8469},{"duration":1110000,"score":2,"value":205.6965},{"duration":1120000,"score":2,"value":204.6729},{"duration":1130000,"score":1,"value":202.2460},{"duration":1140000,"score":1,"value":201.3349},{"duration":1150000,"score":2,"value":203.8702},{"duration":1160000,"score":1,"value":201.7389},{"duration":1170000,"score":1,"value":201.6419},{"duration":1180000,"score":2,"value":203.9810},{"duration":1190000,"score":2,"value":207.0598},{"duration":1200000,"score":2,"value":205.6326},{"duration":1210000,"score":3,"value":0.0},{"duration":1220000,"score":1,"value":195.7574},{"duration":1230000,"score":1,"value":193.1284},{"duration":1240000,"score":1,"value":199.3748},{"duration":1250000,"score":1,"value":198.7641},{"duration":1260000,"score":2,"value":203.2045},{"duration":1270000,"score":2,"value":202.4439},{"duration":1280000,"score":1,"value":200.3004},{"duration":1290000,"score":1,"value":199.4009},{"duration":1300000,"score":1,"value":201.0663},{"duration":1310000,"score":1,"value":199.1836},{"duration":1320000,"score":1,"value":200.8416},{"duration":1330000,"score":1,"value":197.4121},{"duration":1340000,"score":2,"value":202.9521},{"duration":1350000,"score":2,"value":203.3604},{"duration":1360000,"score":1,"value":201.2253},{"duration":1370000,"score":1,"value":197.4393},{"duration":1380000,"score":1,"value":199.8151},{"duration":1390000,"score":1,"value":197.9464},{"duration":1400000,"score":1,"value":200.8040},{"duration":1410000,"score":1,"value":202.3648},{"duration":1420000,"score":2,"value":202.6820},{"duration":1430000,"score":1,"value":195.0274},{"duration":1440000,"score":1,"value":194.4579},{"duration":1450000,"score":1,"value":195.2235},{"duration":1460000,"score":1,"value":198.9103},{"duration":1470000,"score":1,"value":200.4273},{"duration":1480000,"score":1,"value":199.3388},{"duration":1490000,"score":1,"value":197.9217},{"duration":1500000,"score":1,"value":195.4714},{"duration":1510000,"score":1,"value":197.1868},{"duration":1520000,"score":1,"value":197.2746},{"duration":1530000,"score":1,"value":199.3733},{"duration":1540000,"score":1,"value":192.1935},{"duration":1550000,"score":1,"value":195.8260},{"duration":1560000,"score":1,"value":198.6428},{"duration":1570000,"score":1,"value":195.2350},{"duration":1580000,"score":1,"value":199.1817},{"duration":1590000,"score":1,"value":198.4701},{"duration":1600000,"score":1,"value":201.0795},{"duration":1610000,"score":1,"value":197.3905},{"duration":1620000,"score":1,"value":198.2579},{"duration":1630000,"score":1,"value":198.5808},{"duration":1640000,"score":1,"value":199.4750},{"duration":1650000,"score":1,"value":199.1582},{"duration":1660000,"score":1,"value":200.9903},{"duration":1670000,"score":1,"value":196.5282},{"duration":1680000,"score":1,"value":197.4916},{"duration":1690000,"score":1,"value":196.1438},{"duration":1700000,"score":1,"value":193.3714},{"duration":1710000,"score":1,"value":193.1698},{"duration":1720000,"score":1,"value":196.3397},{"duration":1730000,"score":1,"value":195.9450},{"duration":1740000,"score":1,"value":186.4386},{"duration":1750000,"score":1,"value":190.6925},{"duration":1760000,"score":1,"value":198.6124},{"duration":1770000,"score":1,"value":196.6534},{"duration":1780000,"score":1,"value":193.1425},{"duration":1790000,"score":1,"value":198.0518},{"duration":1800000,"score":1,"value":196.5345},{"duration":1810000,"score":1,"value":197.6882},{"duration":1820000,"score":1,"value":198.1329},{"duration":1830000,"score":1,"value":200.4698},{"duration":1840000,"score":1,"value":199.9817},{"duration":1850000,"score":2,"value":204.2207}],"data_type":"effective_flight_time","overall_score":1,"score_ratio":[1.0,69.0,30.0]}],"sampling_rate":10000,"service_name":"Myotest","version":2}]}