[{"elapsed_time":9580,"segment":0,"interval":1,"start_time":1615197738000},{"elapsed_time":10580,"segment":0,"interval":1,"start_time":1615197739000},{"elapsed_time":12580,"segment":0,"interval":1,"start_time":1615197741000},{"elapsed_time":14580,"segment":0,"interval":1,"start_time":1615197743000},{"elapsed_time":16580,"segment":0,"interval":1,"start_time":1615197745000},{"elapsed_time":18580,"segment":0,"interval":1,"start_time":1615197747000},{"elapsed_time":20580,"segment":0,"interval":1,"start_time":1615197749000},{"elapsed_time":22580,"segment":0,"interval":1,"start_time":1615197751000},{"elapsed_time":24580,"segment":0,"interval":1,"start_time":1615197753000},{"elapsed_time":25580,"segment":0,"interval":1,"start_time":1615197754000},{"elapsed_time":27580,"segment":0,"interval":1,"start_time":1615197756000},{"elapsed_time":29580,"segment":0,"interval":1,"start_time":1615197758000},{"elapsed_time":31580,"segment":0,"interval":1,"start_time":1615197760000},{"elapsed_time":33580,"segment":0,"interval":1,"start_time":1615197762000},{"elapsed_time":35580,"segment":0,"interval":1,"start_time":1615197764000},{"elapsed_time":37580,"segment":0,"interval":1,"start_time":1615197766000},{"elapsed_time":39580,"segment":0,"interval":1,"start_time":1615197768000},{"elapsed_time":41580,"segment":0,"interval":1,"start_time":1615197770000},{"elapsed_time":43580,"segment":0,"interval":1,"start_time":1615197772000},{"elapsed_time":46580,"segment":0,"interval":1,"start_time":1615197775000},{"elapsed_time":49580,"segment":0,"interval":1,"start_time":1615197778000},{"elapsed_time":51580,"segment":0,"interval":1,"start_time":1615197780000},{"elapsed_time":53580,"segment":0,"interval":1,"start_time":1615197782000},{"elapsed_time":55580,"segment":0,"interval":1,"start_time":1615197784000},{"elapsed_time":57580,"segment":0,"interval":1,"start_time":1615197786000},{"elapsed_time":59580,"segment":0,"interval":1,"start_time":1615197788000},{"elapsed_time":62580,"segment":0,"interval":1,"start_time":1615197791000},{"elapsed_time":64580,"segment":0,"interval":1,"start_time":1615197793000},{"elapsed_time":66580,"segment":0,"interval":1,"start_time":1615197795000},{"elapsed_time":68580,"segment":0,"interval":1,"start_time":1615197797000},{"elapsed_time":70580,"segment":0,"interval":1,"start_time":1615197799000},{"elapsed_time":72580,"segment":0,"interval":1,"start_time":1615197801000},{"elapsed_time":74580,"segment":0,"interval":1,"start_time":1615197803000},{"elapsed_time":76580,"segment":0,"interval":1,"start_time":1615197805000},{"elapsed_time":78580,"segment":0,"interval":1,"start_time":1615197807000},{"elapsed_time":80580,"segment":0,"interval":1,"start_time":1615197809000},{"elapsed_time":82580,"segment":0,"interval":1,"start_time":1615197811000},{"elapsed_time":84580,"segment":0,"interval":1,"start_time":1615197813000},{"elapsed_time":86580,"segment":0,"interval":1,"start_time":1615197815000},{"elapsed_time":88580,"segment":0,"interval":1,"start_time":1615197817000},{"elapsed_time":90580,"segment":0,"interval":1,"start_time":1615197819000},{"elapsed_time":92580,"segment":0,"interval":1,"start_time":1615197821000},{"elapsed_time":94580,"segment":0,"interval":1,"start_time":1615197823000},{"elapsed_time":96580,"segment":0,"interval":1,"start_time":1615197825000},{"elapsed_time":98580,"segment":0,"interval":1,"start_time":1615197827000},{"elapsed_time":100580,"segment":0,"interval":1,"start_time":1615197829000},{"elapsed_time":102580,"segment":0,"interval":1,"start_time":1615197831000},{"elapsed_time":104580,"segment":0,"interval":1,"start_time":1615197833000},{"elapsed_time":106580,"segment":0,"interval":1,"start_time":1615197835000},{"elapsed_time":108580,"segment":0,"interval":1,"start_time":1615197837000},{"elapsed_time":110580,"segment":0,"interval":1,"start_time":1615197839000},{"elapsed_time":112580,"segment":0,"interval":1,"start_time":1615197841000},{"elapsed_time":114580,"segment":0,"interval":1,"start_time":1615197843000},{"elapsed_time":116580,"segment":0,"interval":1,"start_time":1615197845000},{"elapsed_time":118580,"segment":0,"interval":1,"start_time":1615197847000},{"elapsed_time":120580,"segment":0,"interval":1,"start_time":1615197849000},{"elapsed_time":122580,"segment":0,"interval":1,"start_time":1615197851000},{"elapsed_time":124580,"segment":0,"interval":1,"start_time":1615197853000},{"elapsed_time":126580,"segment":0,"interval":1,"start_time":1615197855000},{"elapsed_time":128580,"segment":0,"interval":1,"start_time":1615197857000},{"elapsed_time":130580,"segment":0,"interval":1,"start_time":1615197859000},{"elapsed_time":132580,"segment":0,"interval":1,"start_time":1615197861000},{"elapsed_time":134580,"segment":0,"interval":1,"start_time":1615197863000},{"elapsed_time":136580,"segment":0,"interval":1,"start_time":1615197865000},{"elapsed_time":138580,"segment":0,"interval":1,"start_time":1615197867000},{"elapsed_time":140580,"segment":0,"interval":1,"start_time":1615197869000},{"elapsed_time":142580,"segment":0,"interval":1,"start_time":1615197871000},{"elapsed_time":144580,"segment":0,"interval":1,"start_time":1615197873000},{"elapsed_time":146580,"segment":0,"interval":1,"start_time":1615197875000},{"elapsed_time":148580,"segment":0,"interval":1,"start_time":1615197877000},{"elapsed_time":150580,"segment":0,"interval":1,"start_time":1615197879000},{"elapsed_time":152580,"segment":0,"interval":1,"start_time":1615197881000},{"elapsed_time":154580,"segment":0,"interval":1,"start_time":1615197883000},{"elapsed_time":156580,"segment":0,"interval":1,"start_time":1615197885000},{"elapsed_time":158580,"segment":0,"interval":1,"start_time":1615197887000},{"elapsed_time":160580,"segment":0,"interval":1,"start_time":1615197889000},{"elapsed_time":162580,"segment":0,"interval":1,"start_time":1615197891000},{"elapsed_time":165580,"segment":0,"interval":1,"start_time":1615197894000},{"elapsed_time":168580,"segment":0,"interval":1,"start_time":1615197897000},{"elapsed_time":170580,"segment":0,"interval":1,"start_time":1615197899000},{"elapsed_time":172580,"segment":0,"interval":1,"start_time":1615197901000},{"elapsed_time":174580,"segment":0,"interval":1,"start_time":1615197903000},{"elapsed_time":176580,"segment":0,"interval":1,"start_time":1615197905000},{"elapsed_time":178580,"segment":0,"interval":1,"start_time":1615197907000},{"elapsed_time":180580,"segment":0,"interval":1,"start_time":1615197909000},{"elapsed_time":182580,"segment":0,"interval":1,"start_time":1615197911000},{"elapsed_time":185580,"segment":0,"interval":1,"start_time":1615197914000},{"elapsed_time":188580,"segment":0,"interval":1,"start_time":1615197917000},{"elapsed_time":190580,"segment":0,"interval":1,"start_time":1615197919000},{"elapsed_time":192580,"segment":0,"interval":1,"start_time":1615197921000},{"elapsed_time":194580,"segment":0,"interval":1,"start_time":1615197923000},{"elapsed_time":196580,"segment":0,"interval":1,"start_time":1615197925000},{"elapsed_time":198580,"segment":0,"interval":1,"start_time":1615197927000},{"elapsed_time":200580,"segment":0,"interval":1,"start_time":1615197929000},{"elapsed_time":202580,"segment":0,"interval":1,"start_time":1615197931000},{"elapsed_time":204580,"segment":0,"interval":1,"start_time":1615197933000},{"elapsed_time":206580,"segment":0,"interval":1,"start_time":1615197935000},{"elapsed_time":208580,"segment":0,"interval":1,"start_time":1615197937000},{"elapsed_time":210580,"segment":0,"interval":1,"start_time":1615197939000},{"elapsed_time":212580,"segment":0,"interval":1,"start_time":1615197941000},{"elapsed_time":214580,"segment":0,"interval":1,"start_time":1615197943000},{"elapsed_time":216580,"segment":0,"interval":1,"start_time":1615197945000},{"elapsed_time":218580,"segment":0,"interval":1,"start_time":1615197947000},{"elapsed_time":220580,"segment":0,"interval":1,"start_time":1615197949000},{"elapsed_time":222580,"segment":0,"interval":1,"start_time":1615197951000},{"elapsed_time":224580,"segment":0,"interval":1,"start_time":1615197953000},{"elapsed_time":226580,"segment":0,"interval":1,"start_time":1615197955000},{"elapsed_time":228580,"segment":0,"interval":1,"start_time":1615197957000},{"elapsed_time":230580,"segment":0,"interval":1,"start_time":1615197959000},{"elapsed_time":232580,"segment":0,"interval":1,"start_time":1615197961000},{"elapsed_time":234580,"segment":0,"interval":1,"start_time":1615197963000},{"elapsed_time":236580,"segment":0,"interval":1,"start_time":1615197965000},{"elapsed_time":238580,"segment":0,"interval":1,"start_time":1615197967000},{"elapsed_time":240580,"segment":0,"interval":1,"start_time":1615197969000},{"elapsed_time":242580,"segment":0,"interval":1,"start_time":1615197971000},{"elapsed_time":244580,"segment":0,"interval":1,"start_time":1615197973000},{"elapsed_time":246580,"segment":0,"interval":1,"start_time":1615197975000},{"elapsed_time":248580,"segment":0,"interval":1,"start_time":1615197977000},{"elapsed_time":251580,"segment":0,"interval":1,"start_time":1615197980000},{"elapsed_time":253580,"segment":0,"interval":1,"start_time":1615197982000},{"elapsed_time":255580,"segment":0,"interval":1,"start_time":1615197984000},{"elapsed_time":257580,"segment":0,"interval":1,"start_time":1615197986000},{"elapsed_time":259580,"segment":0,"interval":1,"start_time":1615197988000},{"elapsed_time":261580,"segment":0,"interval":1,"start_time":1615197990000},{"elapsed_time":263580,"segment":0,"interval":1,"start_time":1615197992000},{"elapsed_time":265580,"segment":0,"interval":1,"start_time":1615197994000},{"elapsed_time":267580,"segment":0,"interval":1,"start_time":1615197996000},{"elapsed_time":269580,"segment":0,"interval":1,"start_time":1615197998000},{"elapsed_time":271580,"segment":0,"interval":1,"start_time":1615198000000},{"elapsed_time":273580,"segment":0,"interval":1,"start_time":1615198002000},{"elapsed_time":275580,"segment":0,"interval":1,"start_time":1615198004000},{"elapsed_time":277580,"segment":0,"interval":1,"start_time":1615198006000},{"elapsed_time":279580,"segment":0,"interval":1,"start_time":1615198027910},{"elapsed_time":279670,"segment":1,"interval":1,"start_time":1615198028000},{"elapsed_time":284670,"segment":1,"interval":1,"start_time":1615198033000},{"elapsed_time":287670,"segment":1,"interval":1,"start_time":1615198036000},{"elapsed_time":289670,"segment":1,"interval":1,"start_time":1615198038000},{"elapsed_time":291670,"segment":1,"interval":1,"start_time":1615198040000},{"elapsed_time":293670,"segment":1,"interval":1,"start_time":1615198042000},{"elapsed_time":295670,"segment":1,"interval":1,"start_time":1615198044000},{"elapsed_time":297670,"segment":1,"interval":1,"start_time":1615198046000},{"elapsed_time":300670,"segment":1,"interval":1,"start_time":1615198049000},{"elapsed_time":303670,"segment":1,"interval":1,"start_time":1615198052000},{"elapsed_time":305670,"segment":1,"interval":1,"start_time":1615198054000},{"elapsed_time":308670,"segment":1,"interval":1,"start_time":1615198057000},{"elapsed_time":310670,"segment":1,"interval":1,"start_time":1615198059000},{"elapsed_time":312670,"segment":1,"interval":1,"start_time":1615198061000},{"elapsed_time":314670,"segment":1,"interval":1,"start_time":1615198063000},{"elapsed_time":316670,"segment":1,"interval":1,"start_time":1615198065000},{"elapsed_time":318670,"segment":1,"interval":1,"start_time":1615198067000},{"elapsed_time":320670,"segment":1,"interval":1,"start_time":1615198069000},{"elapsed_time":322670,"segment":1,"interval":1,"start_time":1615198071000},{"elapsed_time":324670,"segment":1,"interval":1,"start_time":1615198073000},{"elapsed_time":326670,"segment":1,"interval":1,"start_time":1615198075000},{"elapsed_time":328670,"segment":1,"interval":1,"start_time":1615198077000},{"elapsed_time":330670,"segment":1,"interval":1,"start_time":1615198079000},{"elapsed_time":332670,"segment":1,"interval":1,"start_time":1615198081000},{"elapsed_time":334670,"segment":1,"interval":1,"start_time":1615198083000},{"elapsed_time":336670,"segment":1,"interval":1,"start_time":1615198085000},{"elapsed_time":338670,"segment":1,"interval":1,"start_time":1615198087000},{"elapsed_time":340670,"segment":1,"interval":1,"start_time":1615198089000},{"elapsed_time":343670,"segment":1,"interval":1,"start_time":1615198092000},{"elapsed_time":345670,"segment":1,"interval":1,"start_time":1615198094000},{"elapsed_time":347670,"segment":1,"interval":1,"start_time":1615198096000},{"elapsed_time":349670,"segment":1,"interval":1,"start_time":1615198098000},{"elapsed_time":351670,"segment":1,"interval":1,"start_time":1615198100000},{"elapsed_time":353670,"segment":1,"interval":1,"start_time":1615198102000},{"elapsed_time":355670,"segment":1,"interval":1,"start_time":1615198104000},{"elapsed_time":357670,"segment":1,"interval":1,"start_time":1615198106000},{"elapsed_time":359670,"segment":1,"interval":1,"start_time":1615198108000},{"elapsed_time":361670,"segment":1,"interval":1,"start_time":1615198110000},{"elapsed_time":363670,"segment":1,"interval":2,"start_time":1615198112000},{"elapsed_time":365670,"segment":1,"interval":2,"start_time":1615198114000},{"elapsed_time":367670,"segment":1,"interval":2,"start_time":1615198116000},{"elapsed_time":369670,"segment":1,"interval":2,"start_time":1615198118000},{"elapsed_time":371670,"segment":1,"interval":2,"start_time":1615198120000},{"elapsed_time":373670,"segment":1,"interval":2,"start_time":1615198122000},{"elapsed_time":375670,"segment":1,"interval":2,"start_time":1615198124000},{"elapsed_time":377670,"segment":1,"interval":2,"start_time":1615198126000},{"elapsed_time":379670,"segment":1,"interval":2,"start_time":1615198128000},{"elapsed_time":382670,"segment":1,"interval":2,"start_time":1615198131000},{"elapsed_time":384670,"segment":1,"interval":2,"start_time":1615198133000},{"elapsed_time":386670,"segment":1,"interval":2,"start_time":1615198135000},{"elapsed_time":388670,"segment":1,"interval":2,"start_time":1615198137000},{"elapsed_time":390670,"segment":1,"interval":2,"start_time":1615198139000},{"elapsed_time":392670,"segment":1,"interval":2,"start_time":1615198141000},{"elapsed_time":394670,"segment":1,"interval":2,"start_time":1615198143000},{"elapsed_time":396670,"segment":1,"interval":2,"start_time":1615198145000},{"elapsed_time":398670,"segment":1,"interval":2,"start_time":1615198147000},{"elapsed_time":400670,"segment":1,"interval":2,"start_time":1615198149000},{"elapsed_time":402670,"segment":1,"interval":2,"start_time":1615198151000},{"elapsed_time":404670,"segment":1,"interval":2,"start_time":1615198153000},{"elapsed_time":406670,"segment":1,"interval":2,"start_time":1615198155000},{"elapsed_time":409670,"segment":1,"interval":2,"start_time":1615198158000},{"elapsed_time":411670,"segment":1,"interval":2,"start_time":1615198160000},{"elapsed_time":413670,"segment":1,"interval":2,"start_time":1615198162000},{"elapsed_time":415670,"segment":1,"interval":2,"start_time":1615198164000},{"elapsed_time":417670,"segment":1,"interval":2,"start_time":1615198166000},{"elapsed_time":419670,"segment":1,"interval":2,"start_time":1615198168000},{"elapsed_time":421670,"segment":1,"interval":2,"start_time":1615198170000},{"elapsed_time":423670,"segment":1,"interval":2,"start_time":1615198172000},{"elapsed_time":425670,"segment":1,"interval":2,"start_time":1615198174000},{"elapsed_time":427670,"segment":1,"interval":2,"start_time":1615198176000},{"elapsed_time":429670,"segment":1,"interval":2,"start_time":1615198178000},{"elapsed_time":431670,"segment":1,"interval":2,"start_time":1615198180000},{"elapsed_time":433670,"segment":1,"interval":2,"start_time":1615198182000},{"elapsed_time":436670,"segment":1,"interval":2,"start_time":1615198185000},{"elapsed_time":438670,"segment":1,"interval":2,"start_time":1615198187000},{"elapsed_time":440670,"segment":1,"interval":2,"start_time":1615198189000},{"elapsed_time":442670,"segment":1,"interval":2,"start_time":1615198191000},{"elapsed_time":444670,"segment":1,"interval":2,"start_time":1615198193000},{"elapsed_time":446670,"segment":1,"interval":2,"start_time":1615198195000},{"elapsed_time":448670,"segment":1,"interval":2,"start_time":1615198197000},{"elapsed_time":450670,"segment":1,"interval":2,"start_time":1615198199000},{"elapsed_time":452670,"segment":1,"interval":2,"start_time":1615198201000},{"elapsed_time":454670,"segment":1,"interval":2,"start_time":1615198203000},{"elapsed_time":456670,"segment":1,"interval":2,"start_time":1615198205000},{"elapsed_time":458670,"segment":1,"interval":2,"start_time":1615198207000},{"elapsed_time":460670,"segment":1,"interval":2,"start_time":1615198209000},{"elapsed_time":462670,"segment":1,"interval":2,"start_time":1615198211000},{"elapsed_time":464670,"segment":1,"interval":2,"start_time":1615198213000},{"elapsed_time":466670,"segment":1,"interval":2,"start_time":1615198215000},{"elapsed_time":468670,"segment":1,"interval":2,"start_time":1615198217000},{"elapsed_time":470670,"segment":1,"interval":2,"start_time":1615198219000},{"elapsed_time":472670,"segment":1,"interval":2,"start_time":1615198221000},{"elapsed_time":474670,"segment":1,"interval":2,"start_time":1615198223000},{"elapsed_time":477670,"segment":1,"interval":2,"start_time":1615198226000},{"elapsed_time":480670,"segment":1,"interval":2,"start_time":1615198229000},{"elapsed_time":483670,"segment":1,"interval":2,"start_time":1615198232000},{"elapsed_time":485670,"segment":1,"interval":2,"start_time":1615198234000},{"elapsed_time":487670,"segment":1,"interval":2,"start_time":1615198236000},{"elapsed_time":489670,"segment":1,"interval":2,"start_time":1615198238000},{"elapsed_time":491670,"segment":1,"interval":2,"start_time":1615198240000},{"elapsed_time":493670,"segment":1,"interval":2,"start_time":1615198242000},{"elapsed_time":495670,"segment":1,"interval":2,"start_time":1615198244000},{"elapsed_time":497670,"segment":1,"interval":2,"start_time":1615198246000},{"elapsed_time":499670,"segment":1,"interval":2,"start_time":1615198248000},{"elapsed_time":501670,"segment":1,"interval":2,"start_time":1615198250000},{"elapsed_time":503670,"segment":1,"interval":2,"start_time":1615198252000},{"elapsed_time":505670,"segment":1,"interval":2,"start_time":1615198254000},{"elapsed_time":507670,"segment":1,"interval":2,"start_time":1615198256000},{"elapsed_time":509670,"segment":1,"interval":2,"start_time":1615198258000},{"elapsed_time":511670,"segment":1,"interval":2,"start_time":1615198260000},{"elapsed_time":513670,"segment":1,"interval":2,"start_time":1615198262000},{"elapsed_time":515670,"segment":1,"interval":2,"start_time":1615198264000},{"elapsed_time":517670,"segment":1,"interval":2,"start_time":1615198266000},{"elapsed_time":519670,"segment":1,"interval":2,"start_time":1615198268000},{"elapsed_time":522670,"segment":1,"interval":2,"start_time":1615198271000},{"elapsed_time":524670,"segment":1,"interval":2,"start_time":1615198273000},{"elapsed_time":526670,"segment":1,"interval":2,"start_time":1615198275000},{"elapsed_time":528670,"segment":1,"interval":2,"start_time":1615198277000},{"elapsed_time":530670,"segment":1,"interval":2,"start_time":1615198279000},{"elapsed_time":533670,"segment":1,"interval":2,"start_time":1615198282000},{"elapsed_time":535670,"segment":1,"interval":2,"start_time":1615198284000},{"elapsed_time":537670,"segment":1,"interval":2,"start_time":1615198286000},{"elapsed_time":540670,"segment":1,"interval":2,"start_time":1615198289000},{"elapsed_time":543670,"segment":1,"interval":2,"start_time":1615198292000},{"elapsed_time":545670,"segment":1,"interval":2,"start_time":1615198294000},{"elapsed_time":547670,"segment":1,"interval":2,"start_time":1615198296000},{"elapsed_time":549670,"segment":1,"interval":2,"start_time":1615198298000},{"elapsed_time":551670,"segment":1,"interval":2,"start_time":1615198300000},{"elapsed_time":553670,"segment":1,"interval":2,"start_time":1615198302000},{"elapsed_time":556670,"segment":1,"interval":2,"start_time":1615198305000},{"elapsed_time":559670,"segment":1,"interval":2,"start_time":1615198308000},{"elapsed_time":562670,"segment":1,"interval":2,"start_time":1615198311000},{"elapsed_time":565670,"segment":1,"interval":2,"start_time":1615198314000},{"elapsed_time":568670,"segment":1,"interval":2,"start_time":1615198317000},{"elapsed_time":570670,"segment":1,"interval":2,"start_time":1615198319000},{"elapsed_time":572670,"segment":1,"interval":2,"start_time":1615198321000},{"elapsed_time":575670,"segment":1,"interval":2,"start_time":1615198324000},{"elapsed_time":577670,"segment":1,"interval":2,"start_time":1615198326000},{"elapsed_time":580670,"segment":1,"interval":2,"start_time":1615198329000},{"elapsed_time":583670,"segment":1,"interval":2,"start_time":1615198332000},{"elapsed_time":585670,"segment":1,"interval":2,"start_time":1615198334000},{"elapsed_time":587670,"segment":1,"interval":2,"start_time":1615198336000},{"elapsed_time":590670,"segment":1,"interval":2,"start_time":1615198339000},{"elapsed_time":596670,"segment":1,"interval":2,"start_time":1615198345000},{"elapsed_time":598670,"segment":1,"interval":2,"start_time":1615198347000},{"elapsed_time":601670,"segment":1,"interval":2,"start_time":1615198350000},{"elapsed_time":603670,"segment":1,"interval":2,"start_time":1615198352000},{"elapsed_time":605670,"segment":1,"interval":2,"start_time":1615198354000},{"elapsed_time":607670,"segment":1,"interval":2,"start_time":1615198356000},{"elapsed_time":609670,"segment":1,"interval":2,"start_time":1615198358000},{"elapsed_time":612670,"segment":1,"interval":2,"start_time":1615198361000},{"elapsed_time":614670,"segment":1,"interval":2,"start_time":1615198363000},{"elapsed_time":617670,"segment":1,"interval":2,"start_time":1615198366000},{"elapsed_time":619670,"segment":1,"interval":2,"start_time":1615198368000},{"elapsed_time":621670,"segment":1,"interval":2,"start_time":1615198370000},{"elapsed_time":623670,"segment":1,"interval":2,"start_time":1615198372000},{"elapsed_time":625670,"segment":1,"interval":2,"start_time":1615198374000},{"elapsed_time":627670,"segment":1,"interval":2,"start_time":1615198376000},{"elapsed_time":630670,"segment":1,"interval":2,"start_time":1615198379000},{"elapsed_time":634670,"segment":1,"interval":2,"start_time":1615198383000},{"elapsed_time":637670,"segment":1,"interval":2,"start_time":1615198386000},{"elapsed_time":639670,"segment":1,"interval":2,"start_time":1615198388000},{"elapsed_time":641670,"segment":1,"interval":2,"start_time":1615198390000},{"elapsed_time":643670,"segment":1,"interval":2,"start_time":1615198392000},{"elapsed_time":645670,"segment":1,"interval":2,"start_time":1615198394000},{"elapsed_time":648670,"segment":1,"interval":2,"start_time":1615198397000},{"elapsed_time":650670,"segment":1,"interval":2,"start_time":1615198399000},{"elapsed_time":652670,"segment":1,"interval":2,"start_time":1615198401000},{"elapsed_time":655670,"segment":1,"interval":2,"start_time":1615198404000},{"elapsed_time":658670,"segment":1,"interval":2,"start_time":1615198407000},{"elapsed_time":660670,"segment":1,"interval":2,"start_time":1615198409000},{"elapsed_time":662670,"segment":1,"interval":2,"start_time":1615198411000},{"elapsed_time":665670,"segment":1,"interval":2,"start_time":1615198414000},{"elapsed_time":667670,"segment":1,"interval":2,"start_time":1615198416000},{"elapsed_time":670670,"segment":1,"interval":2,"start_time":1615198419000},{"elapsed_time":672670,"segment":1,"interval":2,"start_time":1615198421000},{"elapsed_time":675670,"segment":1,"interval":2,"start_time":1615198424000},{"elapsed_time":677670,"segment":1,"interval":2,"start_time":1615198426000},{"elapsed_time":679670,"segment":1,"interval":2,"start_time":1615198428000},{"elapsed_time":681670,"segment":1,"interval":2,"start_time":1615198430000},{"elapsed_time":684670,"segment":1,"interval":2,"start_time":1615198433000},{"elapsed_time":686670,"segment":1,"interval":2,"start_time":1615198435000},{"elapsed_time":689670,"segment":1,"interval":2,"start_time":1615198438000},{"elapsed_time":692670,"segment":1,"interval":2,"start_time":1615198441000},{"elapsed_time":694670,"segment":1,"interval":2,"start_time":1615198443000},{"elapsed_time":697670,"segment":1,"interval":2,"start_time":1615198446000},{"elapsed_time":699670,"segment":1,"interval":2,"start_time":1615198448000},{"elapsed_time":701670,"segment":1,"interval":2,"start_time":1615198450000},{"elapsed_time":703670,"segment":1,"interval":2,"start_time":1615198452000},{"elapsed_time":705670,"segment":1,"interval":2,"start_time":1615198454000},{"elapsed_time":707670,"segment":1,"interval":2,"start_time":1615198456000},{"elapsed_time":710670,"segment":1,"interval":2,"start_time":1615198459000},{"elapsed_time":712670,"segment":1,"interval":2,"start_time":1615198461000},{"elapsed_time":715670,"segment":1,"interval":2,"start_time":1615198464000},{"elapsed_time":718670,"segment":1,"interval":2,"start_time":1615198467000},{"elapsed_time":722670,"segment":1,"interval":2,"start_time":1615198471000},{"elapsed_time":725670,"segment":1,"interval":2,"start_time":1615198474000},{"elapsed_time":727670,"segment":1,"interval":2,"start_time":1615198476000},{"elapsed_time":729670,"segment":1,"interval":2,"start_time":1615198478000},{"elapsed_time":731670,"segment":1,"interval":2,"start_time":1615198480000},{"elapsed_time":734670,"segment":1,"interval":2,"start_time":1615198483000},{"elapsed_time":737670,"segment":1,"interval":2,"start_time":1615198486000},{"elapsed_time":739670,"segment":1,"interval":2,"start_time":1615198488000},{"elapsed_time":741670,"segment":1,"interval":2,"start_time":1615198490000},{"elapsed_time":743670,"segment":1,"interval":2,"start_time":1615198492000},{"elapsed_time":745670,"segment":1,"interval":2,"start_time":1615198494000},{"elapsed_time":747670,"segment":1,"interval":2,"start_time":1615198496000},{"elapsed_time":749670,"segment":1,"interval":2,"start_time":1615198498000},{"elapsed_time":752670,"segment":1,"interval":3,"start_time":1615198501000},{"elapsed_time":755670,"segment":1,"interval":3,"start_time":1615198504000},{"elapsed_time":758670,"segment":1,"interval":3,"start_time":1615198507000},{"elapsed_time":760670,"segment":1,"interval":3,"start_time":1615198509000},{"elapsed_time":762670,"segment":1,"interval":3,"start_time":1615198511000},{"elapsed_time":764670,"segment":1,"interval":3,"start_time":1615198513000},{"elapsed_time":766670,"segment":1,"interval":3,"start_time":1615198515000},{"elapsed_time":769670,"segment":1,"interval":3,"start_time":1615198518000},{"elapsed_time":772670,"segment":1,"interval":3,"start_time":1615198521000},{"elapsed_time":774670,"segment":1,"interval":3,"start_time":1615198523000},{"elapsed_time":776670,"segment":1,"interval":3,"start_time":1615198525000},{"elapsed_time":778670,"segment":1,"interval":3,"start_time":1615198527000},{"elapsed_time":781670,"segment":1,"interval":3,"start_time":1615198530000},{"elapsed_time":783670,"segment":1,"interval":3,"start_time":1615198532000},{"elapsed_time":786670,"segment":1,"interval":3,"start_time":1615198535000},{"elapsed_time":789670,"segment":1,"interval":3,"start_time":1615198538000},{"elapsed_time":791670,"segment":1,"interval":3,"start_time":1615198540000},{"elapsed_time":793670,"segment":1,"interval":3,"start_time":1615198542000},{"elapsed_time":795670,"segment":1,"interval":3,"start_time":1615198544000},{"elapsed_time":798670,"segment":1,"interval":3,"start_time":1615198547000},{"elapsed_time":801670,"segment":1,"interval":3,"start_time":1615198550000},{"elapsed_time":803670,"segment":1,"interval":3,"start_time":1615198552000},{"elapsed_time":806670,"segment":1,"interval":3,"start_time":1615198555000},{"elapsed_time":808670,"segment":1,"interval":3,"start_time":1615198557000},{"elapsed_time":811670,"segment":1,"interval":3,"start_time":1615198560000},{"elapsed_time":813670,"segment":1,"interval":3,"start_time":1615198562000},{"elapsed_time":815670,"segment":1,"interval":3,"start_time":1615198564000},{"elapsed_time":817670,"segment":1,"interval":3,"start_time":1615198566000},{"elapsed_time":819670,"segment":1,"interval":3,"start_time":1615198568000},{"elapsed_time":822670,"segment":1,"interval":3,"start_time":1615198571000},{"elapsed_time":825670,"segment":1,"interval":3,"start_time":1615198574000},{"elapsed_time":828670,"segment":1,"interval":3,"start_time":1615198577000},{"elapsed_time":830670,"segment":1,"interval":3,"start_time":1615198579000},{"elapsed_time":833670,"segment":1,"interval":3,"start_time":1615198582000},{"elapsed_time":835670,"segment":1,"interval":3,"start_time":1615198584000},{"elapsed_time":837670,"segment":1,"interval":3,"start_time":1615198586000},{"elapsed_time":839670,"segment":1,"interval":3,"start_time":1615198588000},{"elapsed_time":841670,"segment":1,"interval":3,"start_time":1615198590000},{"elapsed_time":843670,"segment":1,"interval":3,"start_time":1615198592000},{"elapsed_time":845670,"segment":1,"interval":3,"start_time":1615198594000},{"elapsed_time":847670,"segment":1,"interval":3,"start_time":1615198596000},{"elapsed_time":849670,"segment":1,"interval":3,"start_time":1615198598000},{"elapsed_time":851670,"segment":1,"interval":3,"start_time":1615198600000},{"elapsed_time":854670,"segment":1,"interval":3,"start_time":1615198603000},{"elapsed_time":856670,"segment":1,"interval":3,"start_time":1615198605000},{"elapsed_time":859670,"segment":1,"interval":3,"start_time":1615198608000},{"elapsed_time":861670,"segment":1,"interval":3,"start_time":1615198610000},{"elapsed_time":863670,"segment":1,"interval":3,"start_time":1615198612000},{"elapsed_time":866670,"segment":1,"interval":3,"start_time":1615198615000},{"elapsed_time":869670,"segment":1,"interval":3,"start_time":1615198618000},{"elapsed_time":871670,"segment":1,"interval":3,"start_time":1615198620000},{"elapsed_time":873670,"segment":1,"interval":3,"start_time":1615198622000},{"elapsed_time":875670,"segment":1,"interval":3,"start_time":1615198624000},{"elapsed_time":878670,"segment":1,"interval":3,"start_time":1615198627000},{"elapsed_time":881670,"segment":1,"interval":3,"start_time":1615198630000},{"elapsed_time":883670,"segment":1,"interval":3,"start_time":1615198632000},{"elapsed_time":886670,"segment":1,"interval":3,"start_time":1615198635000},{"elapsed_time":888670,"segment":1,"interval":3,"start_time":1615198637000},{"elapsed_time":891670,"segment":1,"interval":3,"start_time":1615198640000},{"elapsed_time":894670,"segment":1,"interval":3,"start_time":1615198643000},{"elapsed_time":896670,"segment":1,"interval":3,"start_time":1615198645000},{"elapsed_time":899670,"segment":1,"interval":3,"start_time":1615198648000},{"elapsed_time":901670,"segment":1,"interval":3,"start_time":1615198650000},{"elapsed_time":903670,"segment":1,"interval":3,"start_time":1615198652000},{"elapsed_time":905670,"segment":1,"interval":3,"start_time":1615198654000},{"elapsed_time":907670,"segment":1,"interval":3,"start_time":1615198656000},{"elapsed_time":909670,"segment":1,"interval":3,"start_time":1615198658000},{"elapsed_time":911670,"segment":1,"interval":3,"start_time":1615198660000},{"elapsed_time":913670,"segment":1,"interval":3,"start_time":1615198662000},{"elapsed_time":916670,"segment":1,"interval":3,"start_time":1615198665000},{"elapsed_time":919670,"segment":1,"interval":3,"start_time":1615198668000},{"elapsed_time":921670,"segment":1,"interval":3,"start_time":1615198670000},{"elapsed_time":923670,"segment":1,"interval":3,"start_time":1615198672000},{"elapsed_time":925670,"segment":1,"interval":3,"start_time":1615198674000},{"elapsed_time":928670,"segment":1,"interval":3,"start_time":1615198677000},{"elapsed_time":932670,"segment":1,"interval":3,"start_time":1615198681000},{"elapsed_time":935670,"segment":1,"interval":3,"start_time":1615198684000},{"elapsed_time":937670,"segment":1,"interval":3,"start_time":1615198686000},{"elapsed_time":939670,"segment":1,"interval":3,"start_time":1615198688000},{"elapsed_time":941670,"segment":1,"interval":3,"start_time":1615198690000},{"elapsed_time":943670,"segment":1,"interval":3,"start_time":1615198692000},{"elapsed_time":945670,"segment":1,"interval":3,"start_time":1615198694000},{"elapsed_time":948670,"segment":1,"interval":3,"start_time":1615198697000},{"elapsed_time":950670,"segment":1,"interval":3,"start_time":1615198699000},{"elapsed_time":952670,"segment":1,"interval":3,"start_time":1615198701000},{"elapsed_time":955670,"segment":1,"interval":3,"start_time":1615198704000},{"elapsed_time":958670,"segment":1,"interval":3,"start_time":1615198707000},{"elapsed_time":961670,"segment":1,"interval":3,"start_time":1615198710000},{"elapsed_time":965670,"segment":1,"interval":3,"start_time":1615198714000},{"elapsed_time":967670,"segment":1,"interval":3,"start_time":1615198716000},{"elapsed_time":969670,"segment":1,"interval":3,"start_time":1615198718000},{"elapsed_time":972670,"segment":1,"interval":3,"start_time":1615198721000},{"elapsed_time":974670,"segment":1,"interval":3,"start_time":1615198723000},{"elapsed_time":977670,"segment":1,"interval":3,"start_time":1615198726000},{"elapsed_time":980670,"segment":1,"interval":3,"start_time":1615198729000},{"elapsed_time":982670,"segment":1,"interval":3,"start_time":1615198731000},{"elapsed_time":984670,"segment":1,"interval":3,"start_time":1615198733000},{"elapsed_time":986670,"segment":1,"interval":3,"start_time":1615198735000},{"elapsed_time":989670,"segment":1,"interval":3,"start_time":1615198738000},{"elapsed_time":992670,"segment":1,"interval":3,"start_time":1615198741000},{"elapsed_time":994670,"segment":1,"interval":3,"start_time":1615198743000},{"elapsed_time":996670,"segment":1,"interval":3,"start_time":1615198745000},{"elapsed_time":998670,"segment":1,"interval":3,"start_time":1615198747000},{"elapsed_time":1000670,"segment":1,"interval":3,"start_time":1615198749000},{"elapsed_time":1002670,"segment":1,"interval":3,"start_time":1615198751000},{"elapsed_time":1004670,"segment":1,"interval":3,"start_time":1615198753000},{"elapsed_time":1006670,"segment":1,"interval":3,"start_time":1615198755000},{"elapsed_time":1009670,"segment":1,"interval":3,"start_time":1615198758000},{"elapsed_time":1011670,"segment":1,"interval":3,"start_time":1615198760000},{"elapsed_time":1014670,"segment":1,"interval":3,"start_time":1615198763000},{"elapsed_time":1017670,"segment":1,"interval":3,"start_time":1615198766000},{"elapsed_time":1021670,"segment":1,"interval":3,"start_time":1615198770000},{"elapsed_time":1024670,"segment":1,"interval":3,"start_time":1615198773000},{"elapsed_time":1026670,"segment":1,"interval":3,"start_time":1615198775000},{"elapsed_time":1028670,"segment":1,"interval":3,"start_time":1615198777000},{"elapsed_time":1030670,"segment":1,"interval":3,"start_time":1615198779000},{"elapsed_time":1032670,"segment":1,"interval":3,"start_time":1615198781000},{"elapsed_time":1034670,"segment":1,"interval":3,"start_time":1615198783000},{"elapsed_time":1036670,"segment":1,"interval":3,"start_time":1615198785000},{"elapsed_time":1038670,"segment":1,"interval":3,"start_time":1615198787000},{"elapsed_time":1040670,"segment":1,"interval":3,"start_time":1615198789000},{"elapsed_time":1042670,"segment":1,"interval":3,"start_time":1615198791000},{"elapsed_time":1044670,"segment":1,"interval":3,"start_time":1615198793000},{"elapsed_time":1046670,"segment":1,"interval":3,"start_time":1615198795000},{"elapsed_time":1048670,"segment":1,"interval":3,"start_time":1615198797000},{"elapsed_time":1051670,"segment":1,"interval":3,"start_time":1615198800000},{"elapsed_time":1054670,"segment":1,"interval":3,"start_time":1615198803000},{"elapsed_time":1057670,"segment":1,"interval":3,"start_time":1615198806000},{"elapsed_time":1060670,"segment":1,"interval":3,"start_time":1615198809000},{"elapsed_time":1063670,"segment":1,"interval":3,"start_time":1615198812000},{"elapsed_time":1065670,"segment":1,"interval":3,"start_time":1615198814000},{"elapsed_time":1067670,"segment":1,"interval":3,"start_time":1615198816000},{"elapsed_time":1070670,"segment":1,"interval":3,"start_time":1615198819000},{"elapsed_time":1072670,"segment":1,"interval":3,"start_time":1615198821000},{"elapsed_time":1074670,"segment":1,"interval":3,"start_time":1615198823000},{"elapsed_time":1076670,"segment":1,"interval":3,"start_time":1615198825000},{"elapsed_time":1078670,"segment":1,"interval":3,"start_time":1615198827000},{"elapsed_time":1080670,"segment":1,"interval":3,"start_time":1615198829000},{"elapsed_time":1082670,"segment":1,"interval":3,"start_time":1615198831000},{"elapsed_time":1084670,"segment":1,"interval":3,"start_time":1615198833000},{"elapsed_time":1086670,"segment":1,"interval":3,"start_time":1615198835000},{"elapsed_time":1088670,"segment":1,"interval":3,"start_time":1615198837000},{"elapsed_time":1090670,"segment":1,"interval":3,"start_time":1615198839000},{"elapsed_time":1092670,"segment":1,"interval":3,"start_time":1615198841000},{"elapsed_time":1094670,"segment":1,"interval":3,"start_time":1615198843000},{"elapsed_time":1096670,"segment":1,"interval":3,"start_time":1615198845000},{"elapsed_time":1098670,"segment":1,"interval":3,"start_time":1615198847000},{"elapsed_time":1100670,"segment":1,"interval":3,"start_time":1615198849000},{"elapsed_time":1102670,"segment":1,"interval":3,"start_time":1615198851000},{"elapsed_time":1104670,"segment":1,"interval":3,"start_time":1615198853000},{"elapsed_time":1106670,"segment":1,"interval":3,"start_time":1615198855000},{"elapsed_time":1108670,"segment":1,"interval":3,"start_time":1615198857000},{"elapsed_time":1110670,"segment":1,"interval":3,"start_time":1615198859000},{"elapsed_time":1113670,"segment":1,"interval":3,"start_time":1615198862000},{"elapsed_time":1115670,"segment":1,"interval":3,"start_time":1615198864000},{"elapsed_time":1117670,"segment":1,"interval":3,"start_time":1615198866000},{"elapsed_time":1120670,"segment":1,"interval":3,"start_time":1615198869000},{"elapsed_time":1122670,"segment":1,"interval":3,"start_time":1615198871000},{"elapsed_time":1124670,"segment":1,"interval":3,"start_time":1615198873000},{"elapsed_time":1126670,"segment":1,"interval":3,"start_time":1615198875000},{"elapsed_time":1128670,"segment":1,"interval":3,"start_time":1615198877000},{"elapsed_time":1130670,"segment":1,"interval":3,"start_time":1615198879000},{"elapsed_time":1133670,"segment":1,"interval":3,"start_time":1615198882000},{"elapsed_time":1135670,"segment":1,"interval":3,"start_time":1615198884000},{"elapsed_time":1137670,"segment":1,"interval":3,"start_time":1615198886000},{"elapsed_time":1139670,"segment":1,"interval":4,"start_time":1615198888000},{"elapsed_time":1141670,"segment":1,"interval":4,"start_time":1615198890000},{"elapsed_time":1143670,"segment":1,"interval":4,"start_time":1615198892000},{"elapsed_time":1145670,"segment":1,"interval":4,"start_time":1615198894000},{"elapsed_time":1147670,"segment":1,"interval":4,"start_time":1615198896000},{"elapsed_time":1149670,"segment":1,"interval":4,"start_time":1615198898000},{"elapsed_time":1151670,"segment":1,"interval":4,"start_time":1615198900000},{"elapsed_time":1153670,"segment":1,"interval":4,"start_time":1615198902000},{"elapsed_time":1155670,"segment":1,"interval":4,"start_time":1615198904000},{"elapsed_time":1157670,"segment":1,"interval":4,"start_time":1615198906000},{"elapsed_time":1160670,"segment":1,"interval":4,"start_time":1615198909000},{"elapsed_time":1162670,"segment":1,"interval":4,"start_time":1615198911000},{"elapsed_time":1164670,"segment":1,"interval":4,"start_time":1615198913000},{"elapsed_time":1166670,"segment":1,"interval":4,"start_time":1615198915000},{"elapsed_time":1168670,"segment":1,"interval":4,"start_time":1615198917000},{"elapsed_time":1170670,"segment":1,"interval":4,"start_time":1615198919000},{"elapsed_time":1172670,"segment":1,"interval":4,"start_time":1615198921000},{"elapsed_time":1174670,"segment":1,"interval":4,"start_time":1615198923000},{"elapsed_time":1176670,"segment":1,"interval":4,"start_time":1615198925000},{"elapsed_time":1178670,"segment":1,"interval":4,"start_time":1615198927000},{"elapsed_time":1180670,"segment":1,"interval":4,"start_time":1615198929000},{"elapsed_time":1182670,"segment":1,"interval":4,"start_time":1615198931000},{"elapsed_time":1184670,"segment":1,"interval":4,"start_time":1615198933000},{"elapsed_time":1186670,"segment":1,"interval":4,"start_time":1615198935000},{"elapsed_time":1189670,"segment":1,"interval":4,"start_time":1615198938000},{"elapsed_time":1191670,"segment":1,"interval":4,"start_time":1615198940000},{"elapsed_time":1193670,"segment":1,"interval":4,"start_time":1615198942000},{"elapsed_time":1195670,"segment":1,"interval":4,"start_time":1615198944000},{"elapsed_time":1197670,"segment":1,"interval":4,"start_time":1615198946000},{"elapsed_time":1199670,"segment":1,"interval":4,"start_time":1615198948000},{"elapsed_time":1201670,"segment":1,"interval":4,"start_time":1615198950000},{"elapsed_time":1203670,"segment":1,"interval":4,"start_time":1615198952000},{"elapsed_time":1205670,"segment":1,"interval":4,"start_time":1615198954000},{"elapsed_time":1207670,"segment":1,"interval":4,"start_time":1615198956000},{"elapsed_time":1209670,"segment":1,"interval":4,"start_time":1615198958000},{"elapsed_time":1211670,"segment":1,"interval":4,"start_time":1615198960000},{"elapsed_time":1213670,"segment":1,"interval":4,"start_time":1615198962000},{"elapsed_time":1215670,"segment":1,"interval":4,"start_time":1615198964000},{"elapsed_time":1217670,"segment":1,"interval":4,"start_time":1615198966000},{"elapsed_time":1219670,"segment":1,"interval":4,"start_time":1615198968000},{"elapsed_time":1221670,"segment":1,"interval":4,"start_time":1615198970000},{"elapsed_time":1223670,"segment":1,"interval":4,"start_time":1615198972000},{"elapsed_time":1225670,"segment":1,"interval":4,"start_time":1615198974000},{"elapsed_time":1227670,"segment":1,"interval":4,"start_time":1615198976000},{"elapsed_time":1229670,"segment":1,"interval":4,"start_time":1615198978000},{"elapsed_time":1231670,"segment":1,"interval":4,"start_time":1615198980000},{"elapsed_time":1233670,"segment":1,"interval":4,"start_time":1615198982000},{"elapsed_time":1235670,"segment":1,"interval":4,"start_time":1615198984000},{"elapsed_time":1238670,"segment":1,"interval":4,"start_time":1615198987000},{"elapsed_time":1240670,"segment":1,"interval":4,"start_time":1615198989000},{"elapsed_time":1243670,"segment":1,"interval":4,"start_time":1615198992000},{"elapsed_time":1245670,"segment":1,"interval":4,"start_time":1615198994000},{"elapsed_time":1247670,"segment":1,"interval":4,"start_time":1615198996000},{"elapsed_time":1249670,"segment":1,"interval":4,"start_time":1615198998000},{"elapsed_time":1251670,"segment":1,"interval":4,"start_time":1615199000000},{"elapsed_time":1253670,"segment":1,"interval":4,"start_time":1615199002000},{"elapsed_time":1256670,"segment":1,"interval":4,"start_time":1615199005000},{"elapsed_time":1259670,"segment":1,"interval":4,"start_time":1615199008000},{"elapsed_time":1262670,"segment":1,"interval":4,"start_time":1615199011000},{"elapsed_time":1265670,"segment":1,"interval":4,"start_time":1615199014000},{"elapsed_time":1267670,"segment":1,"interval":4,"start_time":1615199016000},{"elapsed_time":1269670,"segment":1,"interval":4,"start_time":1615199018000},{"elapsed_time":1270670,"segment":1,"interval":4,"start_time":1615199019000},{"elapsed_time":1272670,"segment":1,"interval":4,"start_time":1615199021000},{"elapsed_time":1274670,"segment":1,"interval":4,"start_time":1615199023000},{"elapsed_time":1276670,"segment":1,"interval":4,"start_time":1615199025000},{"elapsed_time":1278670,"segment":1,"interval":4,"start_time":1615199027000},{"elapsed_time":1280670,"segment":1,"interval":4,"start_time":1615199029000},{"elapsed_time":1282670,"segment":1,"interval":4,"start_time":1615199031000},{"elapsed_time":1284670,"segment":1,"interval":4,"start_time":1615199033000},{"elapsed_time":1286670,"segment":1,"interval":4,"start_time":1615199035000},{"elapsed_time":1288670,"segment":1,"interval":4,"start_time":1615199037000},{"elapsed_time":1291670,"segment":1,"interval":4,"start_time":1615199040000},{"elapsed_time":1293670,"segment":1,"interval":4,"start_time":1615199042000},{"elapsed_time":1295670,"segment":1,"interval":4,"start_time":1615199044000},{"elapsed_time":1298670,"segment":1,"interval":4,"start_time":1615199047000},{"elapsed_time":1301670,"segment":1,"interval":4,"start_time":1615199050000},{"elapsed_time":1304670,"segment":1,"interval":4,"start_time":1615199053000},{"elapsed_time":1307670,"segment":1,"interval":4,"start_time":1615199056000},{"elapsed_time":1310670,"segment":1,"interval":4,"start_time":1615199059000},{"elapsed_time":1313670,"segment":1,"interval":4,"start_time":1615199062000},{"elapsed_time":1316670,"segment":1,"interval":4,"start_time":1615199065000},{"elapsed_time":1320670,"segment":1,"interval":4,"start_time":1615199069000},{"elapsed_time":1323670,"segment":1,"interval":4,"start_time":1615199072000},{"elapsed_time":1326670,"segment":1,"interval":4,"start_time":1615199075000},{"elapsed_time":1328670,"segment":1,"interval":4,"start_time":1615199077000},{"elapsed_time":1331670,"segment":1,"interval":4,"start_time":1615199080000},{"elapsed_time":1333670,"segment":1,"interval":4,"start_time":1615199082000},{"elapsed_time":1335670,"segment":1,"interval":4,"start_time":1615199084000},{"elapsed_time":1337670,"segment":1,"interval":4,"start_time":1615199086000},{"elapsed_time":1339670,"segment":1,"interval":4,"start_time":1615199088000},{"elapsed_time":1341670,"segment":1,"interval":4,"start_time":1615199090000},{"elapsed_time":1343670,"segment":1,"interval":4,"start_time":1615199092000},{"elapsed_time":1346670,"segment":1,"interval":4,"start_time":1615199095000},{"elapsed_time":1349670,"segment":1,"interval":4,"start_time":1615199098000},{"elapsed_time":1351670,"segment":1,"interval":4,"start_time":1615199100000},{"elapsed_time":1353670,"segment":1,"interval":4,"start_time":1615199102000},{"elapsed_time":1355670,"segment":1,"interval":4,"start_time":1615199104000},{"elapsed_time":1358670,"segment":1,"interval":4,"start_time":1615199107000},{"elapsed_time":1361670,"segment":1,"interval":4,"start_time":1615199110000},{"elapsed_time":1364670,"segment":1,"interval":4,"start_time":1615199113000},{"elapsed_time":1368670,"segment":1,"interval":4,"start_time":1615199117000},{"elapsed_time":1370670,"segment":1,"interval":4,"start_time":1615199119000},{"elapsed_time":1372670,"segment":1,"interval":4,"start_time":1615199121000},{"elapsed_time":1375670,"segment":1,"interval":4,"start_time":1615199124000},{"elapsed_time":1378670,"segment":1,"interval":4,"start_time":1615199127000},{"elapsed_time":1382670,"segment":1,"interval":4,"start_time":1615199131000},{"elapsed_time":1385670,"segment":1,"interval":4,"start_time":1615199134000},{"elapsed_time":1387670,"segment":1,"interval":4,"start_time":1615199136000},{"elapsed_time":1389670,"segment":1,"interval":4,"start_time":1615199138000},{"elapsed_time":1391670,"segment":1,"interval":4,"start_time":1615199140000},{"elapsed_time":1393670,"segment":1,"interval":4,"start_time":1615199142000},{"elapsed_time":1396670,"segment":1,"interval":4,"start_time":1615199145000},{"elapsed_time":1398670,"segment":1,"interval":4,"start_time":1615199147000},{"elapsed_time":1400670,"segment":1,"interval":4,"start_time":1615199149000},{"elapsed_time":1402670,"segment":1,"interval":4,"start_time":1615199151000},{"elapsed_time":1404670,"segment":1,"interval":4,"start_time":1615199153000},{"elapsed_time":1407670,"segment":1,"interval":4,"start_time":1615199156000},{"elapsed_time":1417670,"segment":1,"interval":4,"start_time":1615199166000},{"elapsed_time":1421030,"segment":2,"interval":4,"start_time":1615199172000},{"elapsed_time":1424030,"segment":2,"interval":4,"start_time":1615199175000},{"elapsed_time":1426030,"segment":2,"interval":4,"start_time":1615199177000},{"elapsed_time":1428030,"segment":2,"interval":4,"start_time":1615199179000},{"elapsed_time":1430030,"segment":2,"interval":4,"start_time":1615199181000},{"elapsed_time":1432030,"segment":2,"interval":4,"start_time":1615199183000},{"elapsed_time":1434030,"segment":2,"interval":4,"start_time":1615199185000},{"elapsed_time":1436030,"segment":2,"interval":4,"start_time":1615199187000},{"elapsed_time":1438030,"segment":2,"interval":4,"start_time":1615199189000},{"elapsed_time":1441030,"segment":2,"interval":4,"start_time":1615199192000},{"elapsed_time":1443030,"segment":2,"interval":4,"start_time":1615199194000},{"elapsed_time":1445030,"segment":2,"interval":4,"start_time":1615199196000},{"elapsed_time":1447030,"segment":2,"interval":4,"start_time":1615199198000},{"elapsed_time":1450030,"segment":2,"interval":4,"start_time":1615199201000},{"elapsed_time":1452030,"segment":2,"interval":4,"start_time":1615199203000},{"elapsed_time":1455030,"segment":2,"interval":4,"start_time":1615199206000},{"elapsed_time":1457030,"segment":2,"interval":4,"start_time":1615199208000},{"elapsed_time":1459030,"segment":2,"interval":4,"start_time":1615199210000},{"elapsed_time":1461030,"segment":2,"interval":4,"start_time":1615199212000},{"elapsed_time":1463030,"segment":2,"interval":4,"start_time":1615199214000},{"elapsed_time":1465030,"segment":2,"interval":4,"start_time":1615199216000},{"elapsed_time":1467030,"segment":2,"interval":4,"start_time":1615199218000},{"elapsed_time":1469030,"segment":2,"interval":4,"start_time":1615199220000},{"elapsed_time":1471030,"segment":2,"interval":4,"start_time":1615199222000},{"elapsed_time":1473030,"segment":2,"interval":4,"start_time":1615199224000},{"elapsed_time":1476030,"segment":2,"interval":4,"start_time":1615199227000},{"elapsed_time":1479030,"segment":2,"interval":4,"start_time":1615199230000},{"elapsed_time":1481030,"segment":2,"interval":4,"start_time":1615199232000},{"elapsed_time":1483030,"segment":2,"interval":4,"start_time":1615199234000},{"elapsed_time":1485030,"segment":2,"interval":4,"start_time":1615199236000},{"elapsed_time":1487030,"segment":2,"interval":4,"start_time":1615199238000},{"elapsed_time":1489030,"segment":2,"interval":4,"start_time":1615199240000},{"elapsed_time":1491030,"segment":2,"interval":4,"start_time":1615199242000},{"elapsed_time":1493030,"segment":2,"interval":4,"start_time":1615199244000},{"elapsed_time":1495030,"segment":2,"interval":4,"start_time":1615199246000},{"elapsed_time":1498030,"segment":2,"interval":4,"start_time":1615199249000},{"elapsed_time":1500030,"segment":2,"interval":4,"start_time":1615199251000},{"elapsed_time":1502030,"segment":2,"interval":4,"start_time":1615199253000},{"elapsed_time":1504030,"segment":2,"interval":4,"start_time":1615199255000},{"elapsed_time":1506030,"segment":2,"interval":4,"start_time":1615199257000},{"elapsed_time":1509030,"segment":2,"interval":4,"start_time":1615199260000},{"elapsed_time":1511030,"segment":2,"interval":4,"start_time":1615199262000},{"elapsed_time":1513030,"segment":2,"interval":4,"start_time":1615199264000},{"elapsed_time":1515030,"segment":2,"interval":4,"start_time":1615199266000},{"elapsed_time":1517030,"segment":2,"interval":4,"start_time":1615199268000},{"elapsed_time":1519030,"segment":2,"interval":5,"start_time":1615199270000},{"elapsed_time":1522030,"segment":2,"interval":5,"start_time":1615199273000},{"elapsed_time":1524030,"segment":2,"interval":5,"start_time":1615199275000},{"elapsed_time":1527030,"segment":2,"interval":5,"start_time":1615199278000},{"elapsed_time":1530030,"segment":2,"interval":5,"start_time":1615199281000},{"elapsed_time":1532030,"segment":2,"interval":5,"start_time":1615199283000},{"elapsed_time":1534030,"segment":2,"interval":5,"start_time":1615199285000},{"elapsed_time":1536030,"segment":2,"interval":5,"start_time":1615199287000},{"elapsed_time":1538030,"segment":2,"interval":5,"start_time":1615199289000},{"elapsed_time":1540030,"segment":2,"interval":5,"start_time":1615199291000},{"elapsed_time":1543030,"segment":2,"interval":5,"start_time":1615199294000},{"elapsed_time":1546030,"segment":2,"interval":5,"start_time":1615199297000},{"elapsed_time":1549030,"segment":2,"interval":5,"start_time":1615199300000},{"elapsed_time":1552030,"segment":2,"interval":5,"start_time":1615199303000},{"elapsed_time":1555030,"segment":2,"interval":5,"start_time":1615199306000},{"elapsed_time":1558030,"segment":2,"interval":5,"start_time":1615199309000},{"elapsed_time":1561030,"segment":2,"interval":5,"start_time":1615199312000},{"elapsed_time":1563030,"segment":2,"interval":5,"start_time":1615199314000},{"elapsed_time":1565030,"segment":2,"interval":5,"start_time":1615199316000},{"elapsed_time":1567030,"segment":2,"interval":5,"start_time":1615199318000},{"elapsed_time":1569030,"segment":2,"interval":5,"start_time":1615199320000},{"elapsed_time":1571030,"segment":2,"interval":5,"start_time":1615199322000},{"elapsed_time":1573030,"segment":2,"interval":5,"start_time":1615199324000},{"elapsed_time":1575030,"segment":2,"interval":5,"start_time":1615199326000},{"elapsed_time":1577030,"segment":2,"interval":5,"start_time":1615199328000},{"elapsed_time":1579030,"segment":2,"interval":5,"start_time":1615199330000},{"elapsed_time":1581030,"segment":2,"interval":5,"start_time":1615199332000},{"elapsed_time":1583030,"segment":2,"interval":5,"start_time":1615199334000},{"elapsed_time":1586030,"segment":2,"interval":5,"start_time":1615199337000},{"elapsed_time":1588030,"segment":2,"interval":5,"start_time":1615199339000},{"elapsed_time":1590030,"segment":2,"interval":5,"start_time":1615199341000},{"elapsed_time":1592030,"segment":2,"interval":5,"start_time":1615199343000},{"elapsed_time":1594030,"segment":2,"interval":5,"start_time":1615199345000},{"elapsed_time":1596030,"segment":2,"interval":5,"start_time":1615199347000},{"elapsed_time":1598030,"segment":2,"interval":5,"start_time":1615199349000},{"elapsed_time":1600030,"segment":2,"interval":5,"start_time":1615199351000},{"elapsed_time":1602030,"segment":2,"interval":5,"start_time":1615199353000},{"elapsed_time":1604030,"segment":2,"interval":5,"start_time":1615199355000},{"elapsed_time":1607030,"segment":2,"interval":5,"start_time":1615199358000},{"elapsed_time":1609030,"segment":2,"interval":5,"start_time":1615199360000},{"elapsed_time":1612030,"segment":2,"interval":5,"start_time":1615199363000},{"elapsed_time":1615030,"segment":2,"interval":5,"start_time":1615199366000},{"elapsed_time":1618030,"segment":2,"interval":5,"start_time":1615199369000},{"elapsed_time":1620030,"segment":2,"interval":5,"start_time":1615199371000},{"elapsed_time":1623030,"segment":2,"interval":5,"start_time":1615199374000},{"elapsed_time":1625030,"segment":2,"interval":5,"start_time":1615199376000},{"elapsed_time":1627030,"segment":2,"interval":5,"start_time":1615199378000},{"elapsed_time":1629030,"segment":2,"interval":5,"start_time":1615199380000},{"elapsed_time":1631030,"segment":2,"interval":5,"start_time":1615199382000},{"elapsed_time":1633030,"segment":2,"interval":5,"start_time":1615199384000},{"elapsed_time":1635030,"segment":2,"interval":5,"start_time":1615199386000},{"elapsed_time":1637030,"segment":2,"interval":5,"start_time":1615199388000},{"elapsed_time":1639030,"segment":2,"interval":5,"start_time":1615199390000},{"elapsed_time":1641030,"segment":2,"interval":5,"start_time":1615199392000},{"elapsed_time":1643030,"segment":2,"interval":5,"start_time":1615199394000},{"elapsed_time":1645030,"segment":2,"interval":5,"start_time":1615199396000},{"elapsed_time":1647030,"segment":2,"interval":5,"start_time":1615199398000},{"elapsed_time":1649030,"segment":2,"interval":5,"start_time":1615199400000},{"elapsed_time":1651030,"segment":2,"interval":5,"start_time":1615199402000},{"elapsed_time":1654030,"segment":2,"interval":5,"start_time":1615199405000},{"elapsed_time":1656030,"segment":2,"interval":5,"start_time":1615199407000},{"elapsed_time":1658030,"segment":2,"interval":5,"start_time":1615199409000},{"elapsed_time":1660030,"segment":2,"interval":5,"start_time":1615199411000},{"elapsed_time":1662030,"segment":2,"interval":5,"start_time":1615199413000},{"elapsed_time":1664030,"segment":2,"interval":5,"start_time":1615199415000},{"elapsed_time":1666030,"segment":2,"interval":5,"start_time":1615199417000},{"elapsed_time":1668030,"segment":2,"interval":5,"start_time":1615199419000},{"elapsed_time":1670030,"segment":2,"interval":5,"start_time":1615199421000},{"elapsed_time":1672030,"segment":2,"interval":5,"start_time":1615199423000},{"elapsed_time":1674030,"segment":2,"interval":5,"start_time":1615199425000},{"elapsed_time":1676030,"segment":2,"interval":5,"start_time":1615199427000},{"elapsed_time":1678030,"segment":2,"interval":5,"start_time":1615199429000},{"elapsed_time":1680030,"segment":2,"interval":5,"start_time":1615199431000},{"elapsed_time":1683030,"segment":2,"interval":5,"start_time":1615199434000},{"elapsed_time":1685030,"segment":2,"interval":5,"start_time":1615199436000},{"elapsed_time":1688030,"segment":2,"interval":5,"start_time":1615199439000},{"elapsed_time":1690030,"segment":2,"interval":5,"start_time":1615199441000},{"elapsed_time":1693030,"segment":2,"interval":5,"start_time":1615199444000},{"elapsed_time":1695030,"segment":2,"interval":5,"start_time":1615199446000},{"elapsed_time":1697030,"segment":2,"interval":5,"start_time":1615199448000},{"elapsed_time":1700030,"segment":2,"interval":5,"start_time":1615199451000},{"elapsed_time":1702030,"segment":2,"interval":5,"start_time":1615199453000},{"elapsed_time":1704030,"segment":2,"interval":5,"start_time":1615199455000},{"elapsed_time":1706030,"segment":2,"interval":5,"start_time":1615199457000},{"elapsed_time":1708030,"segment":2,"interval":5,"start_time":1615199459000},{"elapsed_time":1710030,"segment":2,"interval":5,"start_time":1615199461000},{"elapsed_time":1712030,"segment":2,"interval":5,"start_time":1615199463000},{"elapsed_time":1714030,"segment":2,"interval":5,"start_time":1615199465000},{"elapsed_time":1716030,"segment":2,"interval":5,"start_time":1615199467000},{"elapsed_time":1718030,"segment":2,"interval":5,"start_time":1615199469000},{"elapsed_time":1720030,"segment":2,"interval":5,"start_time":1615199471000},{"elapsed_time":1722030,"segment":2,"interval":5,"start_time":1615199473000},{"elapsed_time":1724030,"segment":2,"interval":5,"start_time":1615199475000},{"elapsed_time":1727030,"segment":2,"interval":5,"start_time":1615199478000},{"elapsed_time":1729030,"segment":2,"interval":5,"start_time":1615199480000},{"elapsed_time":1731030,"segment":2,"interval":5,"start_time":1615199482000},{"elapsed_time":1733030,"segment":2,"interval":5,"start_time":1615199484000},{"elapsed_time":1736030,"segment":2,"interval":5,"start_time":1615199487000},{"elapsed_time":1738030,"segment":2,"interval":5,"start_time":1615199489000},{"elapsed_time":1740030,"segment":2,"interval":5,"start_time":1615199491000},{"elapsed_time":1742030,"segment":2,"interval":5,"start_time":1615199493000},{"elapsed_time":1745030,"segment":2,"interval":5,"start_time":1615199496000},{"elapsed_time":1747030,"segment":2,"interval":5,"start_time":1615199498000},{"elapsed_time":1750030,"segment":2,"interval":5,"start_time":1615199501000},{"elapsed_time":1752030,"segment":2,"interval":5,"start_time":1615199503000},{"elapsed_time":1754030,"segment":2,"interval":5,"start_time":1615199505000},{"elapsed_time":1757030,"segment":2,"interval":5,"start_time":1615199508000},{"elapsed_time":1760030,"segment":2,"interval":5,"start_time":1615199511000},{"elapsed_time":1762030,"segment":2,"interval":5,"start_time":1615199513000},{"elapsed_time":1764030,"segment":2,"interval":5,"start_time":1615199515000},{"elapsed_time":1766030,"segment":2,"interval":5,"start_time":1615199517000},{"elapsed_time":1768030,"segment":2,"interval":5,"start_time":1615199519000},{"elapsed_time":1770030,"segment":2,"interval":5,"start_time":1615199521000},{"elapsed_time":1773030,"segment":2,"interval":5,"start_time":1615199524000},{"elapsed_time":1775030,"segment":2,"interval":5,"start_time":1615199526000},{"elapsed_time":1777030,"segment":2,"interval":5,"start_time":1615199528000},{"elapsed_time":1779030,"segment":2,"interval":5,"start_time":1615199530000},{"elapsed_time":1781030,"segment":2,"interval":5,"start_time":1615199532000},{"elapsed_time":1783030,"segment":2,"interval":5,"start_time":1615199534000},{"elapsed_time":1785030,"segment":2,"interval":5,"start_time":1615199536000},{"elapsed_time":1787030,"segment":2,"interval":5,"start_time":1615199538000},{"elapsed_time":1789030,"segment":2,"interval":5,"start_time":1615199540000},{"elapsed_time":1791030,"segment":2,"interval":5,"start_time":1615199542000},{"elapsed_time":1793030,"segment":2,"interval":5,"start_time":1615199544000},{"elapsed_time":1795030,"segment":2,"interval":5,"start_time":1615199546000},{"elapsed_time":1797030,"segment":2,"interval":5,"start_time":1615199548000},{"elapsed_time":1800030,"segment":2,"interval":5,"start_time":1615199551000},{"elapsed_time":1803030,"segment":2,"interval":5,"start_time":1615199554000},{"elapsed_time":1806030,"segment":2,"interval":5,"start_time":1615199557000},{"elapsed_time":1808030,"segment":2,"interval":5,"start_time":1615199559000},{"elapsed_time":1810030,"segment":2,"interval":5,"start_time":1615199561000},{"elapsed_time":1812030,"segment":2,"interval":5,"start_time":1615199563000},{"elapsed_time":1815030,"segment":2,"interval":5,"start_time":1615199566000},{"elapsed_time":1818030,"segment":2,"interval":5,"start_time":1615199569000},{"elapsed_time":1821030,"segment":2,"interval":5,"start_time":1615199572000},{"elapsed_time":1824030,"segment":2,"interval":5,"start_time":1615199575000},{"elapsed_time":1826030,"segment":2,"interval":5,"start_time":1615199577000},{"elapsed_time":1829030,"segment":2,"interval":5,"start_time":1615199580000},{"elapsed_time":1831030,"segment":2,"interval":5,"start_time":1615199582000},{"elapsed_time":1833030,"segment":2,"interval":5,"start_time":1615199584000},{"elapsed_time":1835030,"segment":2,"interval":5,"start_time":1615199586000},{"elapsed_time":1837030,"segment":2,"interval":5,"start_time":1615199588000},{"elapsed_time":1839030,"segment":2,"interval":5,"start_time":1615199590000},{"elapsed_time":1841030,"segment":2,"interval":5,"start_time":1615199592000},{"elapsed_time":1844030,"segment":2,"interval":5,"start_time":1615199595000},{"elapsed_time":1846030,"segment":2,"interval":5,"start_time":1615199597000},{"elapsed_time":1849030,"segment":2,"interval":5,"start_time":1615199600000},{"elapsed_time":1852030,"segment":2,"interval":5,"start_time":1615199603000},{"elapsed_time":1854030,"segment":2,"interval":5,"start_time":1615199605000},{"elapsed_time":1856030,"segment":2,"interval":5,"start_time":1615199607000},{"elapsed_time":1859030,"segment":2,"interval":5,"start_time":1615199610000},{"elapsed_time":1861030,"segment":2,"interval":5,"start_time":1615199612000},{"elapsed_time":1863030,"segment":2,"interval":5,"start_time":1615199614000},{"elapsed_time":1865030,"segment":2,"interval":5,"start_time":1615199616000},{"elapsed_time":1867030,"segment":2,"interval":5,"start_time":1615199618000},{"elapsed_time":1869030,"segment":2,"interval":5,"start_time":1615199620000},{"elapsed_time":1871030,"segment":2,"interval":5,"start_time":1615199622000},{"elapsed_time":1873030,"segment":2,"interval":5,"start_time":1615199624000},{"elapsed_time":1882030,"segment":2,"interval":5,"start_time":1615199633000},{"elapsed_time":1885030,"segment":2,"interval":5,"start_time":1615199636000},{"elapsed_time":1887030,"segment":2,"interval":5,"start_time":1615199638000},{"elapsed_time":1889030,"segment":2,"interval":6,"start_time":1615199640000},{"elapsed_time":1891030,"segment":2,"interval":6,"start_time":1615199642000},{"elapsed_time":1894030,"segment":2,"interval":6,"start_time":1615199645000},{"elapsed_time":1896030,"segment":2,"interval":6,"start_time":1615199647000},{"elapsed_time":1898030,"segment":2,"interval":6,"start_time":1615199649000},{"elapsed_time":1900030,"segment":2,"interval":6,"start_time":1615199651000},{"elapsed_time":1902030,"segment":2,"interval":6,"start_time":1615199653000},{"elapsed_time":1904030,"segment":2,"interval":6,"start_time":1615199655000},{"elapsed_time":1906030,"segment":2,"interval":6,"start_time":1615199657000},{"elapsed_time":1908030,"segment":2,"interval":6,"start_time":1615199659000},{"elapsed_time":1910030,"segment":2,"interval":6,"start_time":1615199661000},{"elapsed_time":1912030,"segment":2,"interval":6,"start_time":1615199663000},{"elapsed_time":1914030,"segment":2,"interval":6,"start_time":1615199665000},{"elapsed_time":1916030,"segment":2,"interval":6,"start_time":1615199667000},{"elapsed_time":1918030,"segment":2,"interval":6,"start_time":1615199669000},{"elapsed_time":1920030,"segment":2,"interval":6,"start_time":1615199671000},{"elapsed_time":1922030,"segment":2,"interval":6,"start_time":1615199673000},{"elapsed_time":1924030,"segment":2,"interval":6,"start_time":1615199675000},{"elapsed_time":1926030,"segment":2,"interval":6,"start_time":1615199677000},{"elapsed_time":1928030,"segment":2,"interval":6,"start_time":1615199679000},{"elapsed_time":1930030,"segment":2,"interval":6,"start_time":1615199681000},{"elapsed_time":1932030,"segment":2,"interval":6,"start_time":1615199683000},{"elapsed_time":1934030,"segment":2,"interval":6,"start_time":1615199685000},{"elapsed_time":1936030,"segment":2,"interval":6,"start_time":1615199687000},{"elapsed_time":1938030,"segment":2,"interval":6,"start_time":1615199689000},{"elapsed_time":1941030,"segment":2,"interval":6,"start_time":1615199692000},{"elapsed_time":1943030,"segment":2,"interval":6,"start_time":1615199694000},{"elapsed_time":1945030,"segment":2,"interval":6,"start_time":1615199696000},{"elapsed_time":1947030,"segment":2,"interval":6,"start_time":1615199698000},{"elapsed_time":1949030,"segment":2,"interval":6,"start_time":1615199700000},{"elapsed_time":1951030,"segment":2,"interval":6,"start_time":1615199702000},{"elapsed_time":1953030,"segment":2,"interval":6,"start_time":1615199704000},{"elapsed_time":1955030,"segment":2,"interval":6,"start_time":1615199706000},{"elapsed_time":1957030,"segment":2,"interval":6,"start_time":1615199708000},{"elapsed_time":1959030,"segment":2,"interval":6,"start_time":1615199710000},{"elapsed_time":1961030,"segment":2,"interval":6,"start_time":1615199712000},{"elapsed_time":1963030,"segment":2,"interval":6,"start_time":1615199714000},{"elapsed_time":1965030,"segment":2,"interval":6,"start_time":1615199716000},{"elapsed_time":1967030,"segment":2,"interval":6,"start_time":1615199718000},{"elapsed_time":1969030,"segment":2,"interval":6,"start_time":1615199720000},{"elapsed_time":1971030,"segment":2,"interval":6,"start_time":1615199722000},{"elapsed_time":1973030,"segment":2,"interval":6,"start_time":1615199724000},{"elapsed_time":1975030,"segment":2,"interval":6,"start_time":1615199726000},{"elapsed_time":1977030,"segment":2,"interval":6,"start_time":1615199728000},{"elapsed_time":1979030,"segment":2,"interval":6,"start_time":1615199730000},{"elapsed_time":1981030,"segment":2,"interval":6,"start_time":1615199732000},{"elapsed_time":1983030,"segment":2,"interval":6,"start_time":1615199734000},{"elapsed_time":1985030,"segment":2,"interval":6,"start_time":1615199736000},{"elapsed_time":1987030,"segment":2,"interval":6,"start_time":1615199738000},{"elapsed_time":1989030,"segment":2,"interval":6,"start_time":1615199740000},{"elapsed_time":1991030,"segment":2,"interval":6,"start_time":1615199742000},{"elapsed_time":1993030,"segment":2,"interval":6,"start_time":1615199744000},{"elapsed_time":1995030,"segment":2,"interval":6,"start_time":1615199746000},{"elapsed_time":1997030,"segment":2,"interval":6,"start_time":1615199748000},{"elapsed_time":1999150,"segment":2,"interval":6,"start_time":1615199751900},{"elapsed_time":2000030,"segment":2,"interval":6,"start_time":1615199752780}]