[{"elapsed_time":0,"segment":0,"interval":1,"start_time":1611058061440},{"elapsed_time":7335,"segment":0,"interval":1,"start_time":1611058068775},{"elapsed_time":11836,"segment":0,"interval":1,"start_time":1611058073276},{"elapsed_time":21747,"segment":0,"interval":1,"start_time":1611058083187},{"elapsed_time":27153,"segment":0,"interval":1,"start_time":1611058088593},{"elapsed_time":31655,"segment":0,"interval":1,"start_time":1611058093095},{"elapsed_time":40405,"segment":0,"interval":1,"start_time":1611058101845},{"elapsed_time":41567,"segment":0,"interval":1,"start_time":1611058103007},{"elapsed_time":52377,"segment":0,"interval":1,"start_time":1611058113817},{"elapsed_time":62285,"segment":0,"interval":1,"start_time":1611058123725},{"elapsed_time":63475,"segment":1,"interval":1,"start_time":1611058141675},{"elapsed_time":70511,"segment":1,"interval":1,"start_time":1611058148711},{"elapsed_time":74355,"segment":1,"interval":1,"start_time":1611058152555},{"elapsed_time":80516,"segment":1,"interval":1,"start_time":1611058158716},{"elapsed_time":80662,"segment":1,"interval":1,"start_time":1611058158862},{"elapsed_time":90517,"segment":1,"interval":1,"start_time":1611058168717},{"elapsed_time":91064,"segment":1,"interval":1,"start_time":1611058169264},{"elapsed_time":94984,"segment":1,"interval":1,"start_time":1611058173184},{"elapsed_time":100319,"segment":1,"interval":1,"start_time":1611058178519},{"elapsed_time":104989,"segment":1,"interval":1,"start_time":1611058183189},{"elapsed_time":110322,"segment":1,"interval":1,"start_time":1611058188522},{"elapsed_time":114984,"segment":1,"interval":1,"start_time":1611058193184},{"elapsed_time":124977,"segment":1,"interval":1,"start_time":1611058203177},{"elapsed_time":132888,"segment":1,"interval":1,"start_time":1611058211088},{"elapsed_time":134994,"segment":1,"interval":1,"start_time":1611058213194},{"elapsed_time":144987,"segment":1,"interval":1,"start_time":1611058223187},{"elapsed_time":154996,"segment":1,"interval":1,"start_time":1611058233196},{"elapsed_time":163987,"segment":1,"interval":1,"start_time":1611058242187},{"elapsed_time":164880,"segment":1,"interval":1,"start_time":1611058243080},{"elapsed_time":173997,"segment":1,"interval":1,"start_time":1611058252197},{"elapsed_time":183997,"segment":1,"interval":1,"start_time":1611058262197},{"elapsed_time":194995,"segment":1,"interval":1,"start_time":1611058273195},{"elapsed_time":198054,"segment":1,"interval":1,"start_time":1611058276254},{"elapsed_time":204998,"segment":1,"interval":1,"start_time":1611058283198},{"elapsed_time":214991,"segment":1,"interval":1,"start_time":1611058293191},{"elapsed_time":224989,"segment":1,"interval":1,"start_time":1611058303189},{"elapsed_time":231248,"segment":1,"interval":1,"start_time":1611058309448},{"elapsed_time":234987,"segment":1,"interval":1,"start_time":1611058313187},{"elapsed_time":244993,"segment":1,"interval":1,"start_time":1611058323193},{"elapsed_time":254990,"segment":1,"interval":1,"start_time":1611058333190},{"elapsed_time":263249,"segment":1,"interval":1,"start_time":1611058341449},{"elapsed_time":263992,"segment":1,"interval":1,"start_time":1611058342192},{"elapsed_time":273981,"segment":1,"interval":1,"start_time":1611058352181},{"elapsed_time":280000,"segment":1,"interval":1,"start_time":1611058358200},{"elapsed_time":294983,"segment":1,"interval":1,"start_time":1611058373183},{"elapsed_time":295426,"segment":1,"interval":1,"start_time":1611058373626},{"elapsed_time":300025,"segment":1,"interval":1,"start_time":1611058378225},{"elapsed_time":314980,"segment":1,"interval":1,"start_time":1611058393180},{"elapsed_time":324988,"segment":1,"interval":1,"start_time":1611058403188},{"elapsed_time":325764,"segment":1,"interval":1,"start_time":1611058403964},{"elapsed_time":334985,"segment":1,"interval":1,"start_time":1611058413185},{"elapsed_time":344988,"segment":1,"interval":1,"start_time":1611058423188},{"elapsed_time":354984,"segment":1,"interval":1,"start_time":1611058433184},{"elapsed_time":356768,"segment":1,"interval":1,"start_time":1611058434968},{"elapsed_time":363984,"segment":1,"interval":1,"start_time":1611058442184},{"elapsed_time":373989,"segment":1,"interval":1,"start_time":1611058452189},{"elapsed_time":383989,"segment":1,"interval":1,"start_time":1611058462189},{"elapsed_time":389102,"segment":1,"interval":1,"start_time":1611058467302},{"elapsed_time":394992,"segment":1,"interval":1,"start_time":1611058473192},{"elapsed_time":404986,"segment":1,"interval":1,"start_time":1611058483186},{"elapsed_time":414982,"segment":1,"interval":1,"start_time":1611058493182},{"elapsed_time":419158,"segment":1,"interval":1,"start_time":1611058497358},{"elapsed_time":425002,"segment":1,"interval":1,"start_time":1611058503202},{"elapsed_time":434990,"segment":1,"interval":1,"start_time":1611058513190},{"elapsed_time":444989,"segment":1,"interval":1,"start_time":1611058523189},{"elapsed_time":451860,"segment":1,"interval":1,"start_time":1611058530060},{"elapsed_time":454992,"segment":1,"interval":1,"start_time":1611058533192},{"elapsed_time":464000,"segment":1,"interval":1,"start_time":1611058542200},{"elapsed_time":473989,"segment":1,"interval":1,"start_time":1611058552189},{"elapsed_time":483983,"segment":1,"interval":1,"start_time":1611058562183},{"elapsed_time":486678,"segment":1,"interval":1,"start_time":1611058564878},{"elapsed_time":494991,"segment":1,"interval":1,"start_time":1611058573191},{"elapsed_time":505016,"segment":1,"interval":1,"start_time":1611058583216},{"elapsed_time":514991,"segment":1,"interval":1,"start_time":1611058593191},{"elapsed_time":521631,"segment":1,"interval":1,"start_time":1611058599831},{"elapsed_time":524981,"segment":1,"interval":1,"start_time":1611058603181},{"elapsed_time":534981,"segment":1,"interval":1,"start_time":1611058613181},{"elapsed_time":544985,"segment":1,"interval":1,"start_time":1611058623185},{"elapsed_time":554580,"segment":1,"interval":1,"start_time":1611058632780},{"elapsed_time":554976,"segment":1,"interval":1,"start_time":1611058633176},{"elapsed_time":558085,"segment":1,"interval":1,"start_time":1611058636285},{"elapsed_time":563980,"segment":1,"interval":1,"start_time":1611058642180},{"elapsed_time":573987,"segment":1,"interval":1,"start_time":1611058652187},{"elapsed_time":583986,"segment":1,"interval":1,"start_time":1611058662186},{"elapsed_time":587655,"segment":1,"interval":1,"start_time":1611058665855},{"elapsed_time":594990,"segment":1,"interval":1,"start_time":1611058673190},{"elapsed_time":604988,"segment":1,"interval":1,"start_time":1611058683188},{"elapsed_time":614987,"segment":1,"interval":1,"start_time":1611058693187},{"elapsed_time":620458,"segment":1,"interval":1,"start_time":1611058698658},{"elapsed_time":624976,"segment":1,"interval":1,"start_time":1611058703176},{"elapsed_time":625919,"segment":1,"interval":1,"start_time":1611058704119},{"elapsed_time":634990,"segment":1,"interval":1,"start_time":1611058713190},{"elapsed_time":644983,"segment":1,"interval":1,"start_time":1611058723183},{"elapsed_time":652328,"segment":1,"interval":1,"start_time":1611058730528},{"elapsed_time":654987,"segment":1,"interval":1,"start_time":1611058733187},{"elapsed_time":660938,"segment":1,"interval":1,"start_time":1611058739138},{"elapsed_time":663998,"segment":1,"interval":1,"start_time":1611058742198},{"elapsed_time":673983,"segment":1,"interval":1,"start_time":1611058752183},{"elapsed_time":682730,"segment":1,"interval":1,"start_time":1611058760930},{"elapsed_time":683983,"segment":1,"interval":1,"start_time":1611058762183},{"elapsed_time":694985,"segment":1,"interval":1,"start_time":1611058773185},{"elapsed_time":704995,"segment":1,"interval":1,"start_time":1611058783195},{"elapsed_time":709968,"segment":1,"interval":1,"start_time":1611058788168},{"elapsed_time":710599,"segment":1,"interval":1,"start_time":1611058788799},{"elapsed_time":714984,"segment":1,"interval":1,"start_time":1611058793184},{"elapsed_time":724991,"segment":1,"interval":1,"start_time":1611058803191},{"elapsed_time":734988,"segment":1,"interval":1,"start_time":1611058813188},{"elapsed_time":740901,"segment":1,"interval":1,"start_time":1611058819101},{"elapsed_time":744983,"segment":1,"interval":1,"start_time":1611058823183},{"elapsed_time":754982,"segment":1,"interval":1,"start_time":1611058833182},{"elapsed_time":763986,"segment":1,"interval":1,"start_time":1611058842186},{"elapsed_time":771217,"segment":1,"interval":1,"start_time":1611058849417},{"elapsed_time":773987,"segment":1,"interval":1,"start_time":1611058852187},{"elapsed_time":783983,"segment":1,"interval":1,"start_time":1611058862183},{"elapsed_time":794989,"segment":1,"interval":1,"start_time":1611058873189},{"elapsed_time":803240,"segment":1,"interval":1,"start_time":1611058881440},{"elapsed_time":804982,"segment":1,"interval":1,"start_time":1611058883182},{"elapsed_time":814983,"segment":1,"interval":1,"start_time":1611058893183},{"elapsed_time":824987,"segment":1,"interval":1,"start_time":1611058903187},{"elapsed_time":833705,"segment":1,"interval":1,"start_time":1611058911905},{"elapsed_time":834988,"segment":1,"interval":1,"start_time":1611058913188},{"elapsed_time":844990,"segment":1,"interval":1,"start_time":1611058923190},{"elapsed_time":854972,"segment":1,"interval":1,"start_time":1611058933172},{"elapsed_time":863980,"segment":1,"interval":1,"start_time":1611058942180},{"elapsed_time":865141,"segment":1,"interval":1,"start_time":1611058943341},{"elapsed_time":873986,"segment":1,"interval":1,"start_time":1611058952186},{"elapsed_time":883971,"segment":1,"interval":1,"start_time":1611058962171},{"elapsed_time":894982,"segment":1,"interval":1,"start_time":1611058973182},{"elapsed_time":900000,"segment":1,"interval":1,"start_time":1611058978200},{"elapsed_time":902049,"segment":1,"interval":1,"start_time":1611058980249},{"elapsed_time":914978,"segment":1,"interval":1,"start_time":1611058993178},{"elapsed_time":924983,"segment":1,"interval":1,"start_time":1611059003183},{"elapsed_time":934989,"segment":1,"interval":1,"start_time":1611059013189},{"elapsed_time":935231,"segment":1,"interval":1,"start_time":1611059013431},{"elapsed_time":944985,"segment":1,"interval":1,"start_time":1611059023185},{"elapsed_time":954983,"segment":1,"interval":1,"start_time":1611059033183},{"elapsed_time":963985,"segment":1,"interval":1,"start_time":1611059042185},{"elapsed_time":970389,"segment":1,"interval":1,"start_time":1611059048589},{"elapsed_time":973988,"segment":1,"interval":1,"start_time":1611059052188},{"elapsed_time":983987,"segment":1,"interval":1,"start_time":1611059062187},{"elapsed_time":990000,"segment":1,"interval":1,"start_time":1611059068200},{"elapsed_time":1004094,"segment":1,"interval":1,"start_time":1611059082294},{"elapsed_time":1004980,"segment":1,"interval":1,"start_time":1611059083180},{"elapsed_time":1014969,"segment":1,"interval":1,"start_time":1611059093169},{"elapsed_time":1024988,"segment":1,"interval":1,"start_time":1611059103188},{"elapsed_time":1035008,"segment":1,"interval":1,"start_time":1611059113208},{"elapsed_time":1037638,"segment":1,"interval":1,"start_time":1611059115838},{"elapsed_time":1044984,"segment":1,"interval":1,"start_time":1611059123184},{"elapsed_time":1054981,"segment":1,"interval":1,"start_time":1611059133181},{"elapsed_time":1063973,"segment":1,"interval":1,"start_time":1611059142173},{"elapsed_time":1072264,"segment":1,"interval":1,"start_time":1611059150464},{"elapsed_time":1073990,"segment":1,"interval":1,"start_time":1611059152190},{"elapsed_time":1079067,"segment":1,"interval":1,"start_time":1611059157267},{"elapsed_time":1083983,"segment":1,"interval":1,"start_time":1611059162183},{"elapsed_time":1094981,"segment":1,"interval":1,"start_time":1611059173181},{"elapsed_time":1104542,"segment":1,"interval":1,"start_time":1611059182742},{"elapsed_time":1104965,"segment":1,"interval":1,"start_time":1611059183165},{"elapsed_time":1105151,"segment":1,"interval":1,"start_time":1611059183351},{"elapsed_time":1114995,"segment":1,"interval":1,"start_time":1611059193195},{"elapsed_time":1124994,"segment":1,"interval":1,"start_time":1611059203194},{"elapsed_time":1134986,"segment":1,"interval":1,"start_time":1611059213186},{"elapsed_time":1140590,"segment":1,"interval":1,"start_time":1611059218790},{"elapsed_time":1144990,"segment":1,"interval":1,"start_time":1611059223190},{"elapsed_time":1154965,"segment":1,"interval":1,"start_time":1611059233165},{"elapsed_time":1163988,"segment":1,"interval":1,"start_time":1611059242188},{"elapsed_time":1170008,"segment":1,"interval":1,"start_time":1611059248208},{"elapsed_time":1175007,"segment":1,"interval":1,"start_time":1611059253207},{"elapsed_time":1183985,"segment":1,"interval":1,"start_time":1611059262185},{"elapsed_time":1194984,"segment":1,"interval":1,"start_time":1611059273184},{"elapsed_time":1204985,"segment":1,"interval":1,"start_time":1611059283185},{"elapsed_time":1205639,"segment":1,"interval":1,"start_time":1611059283839},{"elapsed_time":1214992,"segment":1,"interval":1,"start_time":1611059293192},{"elapsed_time":1224988,"segment":1,"interval":1,"start_time":1611059303188},{"elapsed_time":1234973,"segment":1,"interval":1,"start_time":1611059313173},{"elapsed_time":1235401,"segment":1,"interval":1,"start_time":1611059313601},{"elapsed_time":1239109,"segment":1,"interval":1,"start_time":1611059317309},{"elapsed_time":1244986,"segment":1,"interval":1,"start_time":1611059323186},{"elapsed_time":1254987,"segment":1,"interval":1,"start_time":1611059333187},{"elapsed_time":1263990,"segment":1,"interval":1,"start_time":1611059342190},{"elapsed_time":1271825,"segment":1,"interval":1,"start_time":1611059350025},{"elapsed_time":1273991,"segment":1,"interval":1,"start_time":1611059352191},{"elapsed_time":1283968,"segment":1,"interval":1,"start_time":1611059362168},{"elapsed_time":1294988,"segment":1,"interval":1,"start_time":1611059373188},{"elapsed_time":1297951,"segment":1,"interval":1,"start_time":1611059376151},{"elapsed_time":1300951,"segment":1,"interval":1,"start_time":1611059379151},{"elapsed_time":1304227,"segment":1,"interval":1,"start_time":1611059382427},{"elapsed_time":1304984,"segment":1,"interval":1,"start_time":1611059383184},{"elapsed_time":1310819,"segment":1,"interval":1,"start_time":1611059389019},{"elapsed_time":1314976,"segment":1,"interval":1,"start_time":1611059393176},{"elapsed_time":1320659,"segment":1,"interval":1,"start_time":1611059398859},{"elapsed_time":1324983,"segment":1,"interval":1,"start_time":1611059403183},{"elapsed_time":1330979,"segment":1,"interval":1,"start_time":1611059409179},{"elapsed_time":1334966,"segment":1,"interval":1,"start_time":1611059413166},{"elapsed_time":1336128,"segment":1,"interval":1,"start_time":1611059414328},{"elapsed_time":1340573,"segment":1,"interval":1,"start_time":1611059418773},{"elapsed_time":1344969,"segment":1,"interval":1,"start_time":1611059423169},{"elapsed_time":1350807,"segment":1,"interval":1,"start_time":1611059429007},{"elapsed_time":1354989,"segment":1,"interval":1,"start_time":1611059433189},{"elapsed_time":1360814,"segment":1,"interval":1,"start_time":1611059439014},{"elapsed_time":1363995,"segment":1,"interval":1,"start_time":1611059442195},{"elapsed_time":1367497,"segment":1,"interval":1,"start_time":1611059445697},{"elapsed_time":1370021,"segment":1,"interval":1,"start_time":1611059448221},{"elapsed_time":1370812,"segment":1,"interval":1,"start_time":1611059449012},{"elapsed_time":1380582,"segment":1,"interval":1,"start_time":1611059458782},{"elapsed_time":1383997,"segment":1,"interval":1,"start_time":1611059462197},{"elapsed_time":1390897,"segment":1,"interval":1,"start_time":1611059469097},{"elapsed_time":1394990,"segment":1,"interval":1,"start_time":1611059473190},{"elapsed_time":1400065,"segment":1,"interval":1,"start_time":1611059478265},{"elapsed_time":1401393,"segment":1,"interval":1,"start_time":1611059479593},{"elapsed_time":1404984,"segment":1,"interval":1,"start_time":1611059483184},{"elapsed_time":1410066,"segment":1,"interval":1,"start_time":1611059488266},{"elapsed_time":1414983,"segment":1,"interval":1,"start_time":1611059493183},{"elapsed_time":1420110,"segment":1,"interval":1,"start_time":1611059498310},{"elapsed_time":1424986,"segment":1,"interval":1,"start_time":1611059503186},{"elapsed_time":1434993,"segment":1,"interval":1,"start_time":1611059513193},{"elapsed_time":1435359,"segment":1,"interval":1,"start_time":1611059513559},{"elapsed_time":1444985,"segment":1,"interval":1,"start_time":1611059523185},{"elapsed_time":1454984,"segment":1,"interval":1,"start_time":1611059533184},{"elapsed_time":1461810,"segment":1,"interval":1,"start_time":1611059540010},{"elapsed_time":1463987,"segment":1,"interval":1,"start_time":1611059542187},{"elapsed_time":1470619,"segment":1,"interval":1,"start_time":1611059548819},{"elapsed_time":1470811,"segment":1,"interval":1,"start_time":1611059549011},{"elapsed_time":1473987,"segment":1,"interval":1,"start_time":1611059552187},{"elapsed_time":1480812,"segment":1,"interval":1,"start_time":1611059559012},{"elapsed_time":1483986,"segment":1,"interval":1,"start_time":1611059562186},{"elapsed_time":1490872,"segment":1,"interval":1,"start_time":1611059569072},{"elapsed_time":1494993,"segment":1,"interval":1,"start_time":1611059573193},{"elapsed_time":1500822,"segment":1,"interval":1,"start_time":1611059579022},{"elapsed_time":1504555,"segment":1,"interval":1,"start_time":1611059582755},{"elapsed_time":1504982,"segment":1,"interval":1,"start_time":1611059583182},{"elapsed_time":1514989,"segment":1,"interval":1,"start_time":1611059593189},{"elapsed_time":1524980,"segment":1,"interval":1,"start_time":1611059603180},{"elapsed_time":1534988,"segment":1,"interval":1,"start_time":1611059613188},{"elapsed_time":1535780,"segment":1,"interval":1,"start_time":1611059613980},{"elapsed_time":1539271,"segment":1,"interval":1,"start_time":1611059617471},{"elapsed_time":1540042,"segment":1,"interval":1,"start_time":1611059618242},{"elapsed_time":1540802,"segment":1,"interval":1,"start_time":1611059619002},{"elapsed_time":1550774,"segment":1,"interval":1,"start_time":1611059628974},{"elapsed_time":1554985,"segment":1,"interval":1,"start_time":1611059633185},{"elapsed_time":1563965,"segment":1,"interval":1,"start_time":1611059642165},{"elapsed_time":1570001,"segment":1,"interval":1,"start_time":1611059648201},{"elapsed_time":1572023,"segment":1,"interval":1,"start_time":1611059650223},{"elapsed_time":1579905,"segment":1,"interval":1,"start_time":1611059658105},{"elapsed_time":1583980,"segment":1,"interval":1,"start_time":1611059662180},{"elapsed_time":1586075,"segment":1,"interval":1,"start_time":1611059664275},{"elapsed_time":1590075,"segment":1,"interval":1,"start_time":1611059668275},{"elapsed_time":1594996,"segment":1,"interval":1,"start_time":1611059673196},{"elapsed_time":1604897,"segment":1,"interval":1,"start_time":1611059683097},{"elapsed_time":1604993,"segment":1,"interval":1,"start_time":1611059683193},{"elapsed_time":1614032,"segment":1,"interval":1,"start_time":1611059692232},{"elapsed_time":1614992,"segment":1,"interval":1,"start_time":1611059693192},{"elapsed_time":1619111,"segment":1,"interval":1,"start_time":1611059697311},{"elapsed_time":1624988,"segment":1,"interval":1,"start_time":1611059703188},{"elapsed_time":1634990,"segment":1,"interval":1,"start_time":1611059713190},{"elapsed_time":1637687,"segment":1,"interval":1,"start_time":1611059715887},{"elapsed_time":1643811,"segment":1,"interval":1,"start_time":1611059722011},{"elapsed_time":1644993,"segment":1,"interval":1,"start_time":1611059723193},{"elapsed_time":1650815,"segment":1,"interval":1,"start_time":1611059729015},{"elapsed_time":1654989,"segment":1,"interval":1,"start_time":1611059733189},{"elapsed_time":1660386,"segment":1,"interval":1,"start_time":1611059738586},{"elapsed_time":1662085,"segment":2,"interval":1,"start_time":1611059742785},{"elapsed_time":1670425,"segment":2,"interval":1,"start_time":1611059751125},{"elapsed_time":1671490,"segment":2,"interval":1,"start_time":1611059752190},{"elapsed_time":1674936,"segment":2,"interval":1,"start_time":1611059755636},{"elapsed_time":1680634,"segment":2,"interval":1,"start_time":1611059761334},{"elapsed_time":1681139,"segment":2,"interval":1,"start_time":1611059761839}]