{"data":[{"advanced_metrics":[{"chart_data":[{"duration":10000,"score":2,"value":0.9978},{"duration":20000,"score":2,"value":0.9829},{"duration":30000,"score":2,"value":0.9652},{"duration":40000,"score":1,"value":0.9190},{"duration":50000,"score":2,"value":0.9555},{"duration":60000,"score":2,"value":0.9574},{"duration":63240,"score":3,"value":1.0},{"duration":73240,"score":0,"value":0.8678},{"duration":83240,"score":1,"value":0.9137},{"duration":93240,"score":1,"value":0.9115},{"duration":103240,"score":2,"value":0.9529},{"duration":113240,"score":2,"value":0.9697},{"duration":123240,"score":2,"value":0.9812},{"duration":133240,"score":2,"value":0.9841},{"duration":143240,"score":2,"value":0.9756},{"duration":153240,"score":2,"value":0.9521},{"duration":163240,"score":2,"value":0.9712},{"duration":173240,"score":2,"value":0.9770},{"duration":183240,"score":2,"value":0.9697},{"duration":193240,"score":2,"value":0.9662},{"duration":203240,"score":1,"value":0.9346},{"duration":213240,"score":1,"value":0.9179},{"duration":223240,"score":1,"value":0.9476},{"duration":233240,"score":2,"value":0.9706},{"duration":243240,"score":2,"value":0.9724},{"duration":253240,"score":2,"value":0.9680},{"duration":263240,"score":2,"value":0.9884},{"duration":273240,"score":2,"value":0.9885},{"duration":283240,"score":2,"value":0.9773},{"duration":293240,"score":1,"value":0.9215},{"duration":303240,"score":1,"value":0.9435},{"duration":313240,"score":2,"value":0.9547},{"duration":323240,"score":2,"value":0.9624},{"duration":333240,"score":2,"value":0.9638},{"duration":343240,"score":2,"value":0.9797},{"duration":353240,"score":2,"value":0.9837},{"duration":363240,"score":2,"value":0.9663},{"duration":373240,"score":2,"value":0.9546},{"duration":383240,"score":2,"value":0.9635},{"duration":393240,"score":2,"value":0.9757},{"duration":403240,"score":2,"value":0.9784},{"duration":413240,"score":2,"value":0.9724},{"duration":423240,"score":2,"value":0.9660},{"duration":433240,"score":2,"value":0.9633},{"duration":443240,"score":2,"value":0.9876},{"duration":453240,"score":2,"value":0.9969},{"duration":463240,"score":2,"value":0.9933},{"duration":473240,"score":2,"value":0.9910},{"duration":483240,"score":2,"value":0.9768},{"duration":493240,"score":2,"value":0.9610},{"duration":503240,"score":1,"value":0.9468},{"duration":513240,"score":1,"value":0.9492},{"duration":523240,"score":2,"value":0.9648},{"duration":533240,"score":2,"value":0.9737},{"duration":543240,"score":2,"value":0.9770},{"duration":553240,"score":1,"value":0.9449},{"duration":563240,"score":2,"value":0.9531},{"duration":573240,"score":2,"value":0.9742},{"duration":583240,"score":2,"value":0.9786},{"duration":593240,"score":2,"value":0.9721},{"duration":603240,"score":2,"value":0.9692},{"duration":613240,"score":2,"value":0.9736},{"duration":623240,"score":2,"value":0.9786},{"duration":633240,"score":2,"value":0.9656},{"duration":643240,"score":2,"value":0.9720},{"duration":653240,"score":2,"value":0.9830},{"duration":663240,"score":2,"value":0.9942},{"duration":673240,"score":2,"value":0.9915},{"duration":683240,"score":2,"value":0.9767},{"duration":693240,"score":2,"value":0.9638},{"duration":703240,"score":0,"value":0.8982},{"duration":713240,"score":0,"value":0.8304},{"duration":723240,"score":0,"value":0.8526},{"duration":733240,"score":1,"value":0.9097},{"duration":743240,"score":1,"value":0.9477},{"duration":753240,"score":2,"value":0.9729},{"duration":763240,"score":2,"value":0.9767},{"duration":773240,"score":2,"value":0.9809},{"duration":783240,"score":2,"value":0.9711},{"duration":793240,"score":2,"value":0.9645},{"duration":803240,"score":2,"value":0.9740},{"duration":813240,"score":2,"value":0.9760},{"duration":823240,"score":2,"value":0.9876},{"duration":833240,"score":2,"value":0.9851},{"duration":843240,"score":2,"value":0.9793},{"duration":853240,"score":2,"value":0.9740},{"duration":863240,"score":2,"value":0.9772},{"duration":873240,"score":2,"value":0.9773},{"duration":883240,"score":2,"value":0.9672},{"duration":893240,"score":0,"value":0.8970},{"duration":903240,"score":0,"value":0.8727},{"duration":913240,"score":1,"value":0.9370},{"duration":923240,"score":2,"value":0.9718},{"duration":933240,"score":2,"value":0.9808},{"duration":943240,"score":2,"value":0.9592},{"duration":953240,"score":2,"value":0.9592},{"duration":963240,"score":2,"value":0.9680},{"duration":973240,"score":2,"value":0.9815},{"duration":983240,"score":2,"value":0.9824},{"duration":993240,"score":2,"value":0.9772},{"duration":1003240,"score":2,"value":0.9734},{"duration":1013240,"score":2,"value":0.9810},{"duration":1023240,"score":2,"value":0.9725},{"duration":1033240,"score":2,"value":0.9765},{"duration":1043240,"score":2,"value":0.9871},{"duration":1053240,"score":2,"value":0.9892},{"duration":1063240,"score":2,"value":0.9887},{"duration":1073240,"score":2,"value":0.9882},{"duration":1083240,"score":2,"value":0.9706},{"duration":1093240,"score":2,"value":0.9708},{"duration":1103240,"score":2,"value":0.9761},{"duration":1113240,"score":2,"value":0.9692},{"duration":1123240,"score":2,"value":0.9611},{"duration":1133240,"score":2,"value":0.9647},{"duration":1143240,"score":2,"value":0.9672},{"duration":1153240,"score":2,"value":0.9730},{"duration":1163240,"score":2,"value":0.9875},{"duration":1173240,"score":2,"value":0.9909},{"duration":1183240,"score":2,"value":0.9851},{"duration":1193240,"score":2,"value":0.9666},{"duration":1203240,"score":2,"value":0.9748},{"duration":1213240,"score":2,"value":0.9932},{"duration":1223240,"score":2,"value":0.9987},{"duration":1233240,"score":2,"value":0.9997},{"duration":1243240,"score":2,"value":0.9953},{"duration":1253240,"score":2,"value":0.9962},{"duration":1263240,"score":2,"value":0.9990},{"duration":1273240,"score":2,"value":0.9929},{"duration":1283240,"score":2,"value":0.9701},{"duration":1293240,"score":1,"value":0.9466},{"duration":1303240,"score":2,"value":0.9655},{"duration":1313240,"score":2,"value":0.9603},{"duration":1323240,"score":2,"value":0.9610},{"duration":1333240,"score":2,"value":0.9711},{"duration":1343240,"score":2,"value":0.9717},{"duration":1353240,"score":2,"value":0.9719},{"duration":1363240,"score":2,"value":0.9747},{"duration":1373240,"score":2,"value":0.9848},{"duration":1383240,"score":2,"value":0.9884},{"duration":1393240,"score":2,"value":0.9858},{"duration":1403240,"score":2,"value":0.9848},{"duration":1413240,"score":2,"value":0.9847},{"duration":1423240,"score":2,"value":0.9847},{"duration":1433240,"score":2,"value":0.9823},{"duration":1443240,"score":2,"value":0.9820},{"duration":1453240,"score":2,"value":0.9832},{"duration":1463240,"score":2,"value":0.9825},{"duration":1473240,"score":2,"value":0.9724},{"duration":1483240,"score":2,"value":0.9641},{"duration":1493240,"score":2,"value":0.9743},{"duration":1503240,"score":2,"value":0.9703},{"duration":1513240,"score":2,"value":0.9697},{"duration":1523240,"score":2,"value":0.9700},{"duration":1533240,"score":2,"value":0.9702},{"duration":1543240,"score":2,"value":0.9816},{"duration":1553240,"score":2,"value":0.9954},{"duration":1563240,"score":2,"value":0.9906},{"duration":1573240,"score":2,"value":0.9835},{"duration":1583240,"score":2,"value":0.9735},{"duration":1593240,"score":2,"value":0.9891},{"duration":1603240,"score":2,"value":0.9972},{"duration":1613240,"score":2,"value":0.9831},{"duration":1623240,"score":2,"value":0.9711},{"duration":1633240,"score":2,"value":0.9753},{"duration":1643240,"score":2,"value":0.9749},{"duration":1653240,"score":2,"value":0.9594},{"duration":1670740,"score":0,"value":0.2525}],"data_type":"regularity","overall_score":2,"score_ratio":[4.0,7.0,89.0]},{"chart_data":[{"duration":10000,"score":0,"value":-0.0597},{"duration":20000,"score":1,"value":-0.0512},{"duration":30000,"score":2,"value":-0.0190},{"duration":40000,"score":2,"value":-0.0182},{"duration":50000,"score":2,"value":-0.0173},{"duration":60000,"score":1,"value":-0.0396},{"duration":63240,"score":3,"value":0.0},{"duration":73240,"score":0,"value":-0.0706},{"duration":83240,"score":1,"value":-0.0285},{"duration":93240,"score":1,"value":-0.0312},{"duration":103240,"score":1,"value":-0.0286},{"duration":113240,"score":1,"value":-0.0266},{"duration":123240,"score":1,"value":-0.0240},{"duration":133240,"score":2,"value":-0.0185},{"duration":143240,"score":1,"value":-0.0547},{"duration":153240,"score":1,"value":-0.0310},{"duration":163240,"score":1,"value":-0.0274},{"duration":173240,"score":2,"value":-0.0190},{"duration":183240,"score":2,"value":-0.0143},{"duration":193240,"score":1,"value":-0.0289},{"duration":203240,"score":1,"value":-0.0294},{"duration":213240,"score":1,"value":-0.0318},{"duration":223240,"score":2,"value":-0.0181},{"duration":233240,"score":1,"value":-0.0252},{"duration":243240,"score":2,"value":-0.0200},{"duration":253240,"score":2,"value":-0.0143},{"duration":263240,"score":1,"value":-0.0223},{"duration":273240,"score":2,"value":-0.0220},{"duration":283240,"score":2,"value":-0.0197},{"duration":293240,"score":2,"value":-0.0171},{"duration":303240,"score":1,"value":-0.0238},{"duration":313240,"score":1,"value":-0.0377},{"duration":323240,"score":1,"value":-0.0323},{"duration":333240,"score":1,"value":-0.0404},{"duration":343240,"score":1,"value":-0.0340},{"duration":353240,"score":1,"value":-0.0317},{"duration":363240,"score":1,"value":-0.0266},{"duration":373240,"score":2,"value":-0.0053},{"duration":383240,"score":1,"value":-0.0293},{"duration":393240,"score":1,"value":-0.0463},{"duration":403240,"score":1,"value":-0.0527},{"duration":413240,"score":1,"value":-0.0349},{"duration":423240,"score":0,"value":-0.0599},{"duration":433240,"score":1,"value":-0.0327},{"duration":443240,"score":1,"value":-0.0235},{"duration":453240,"score":2,"value":-0.0023},{"duration":463240,"score":2,"value":0.0033},{"duration":473240,"score":2,"value":-0.0127},{"duration":483240,"score":2,"value":-0.0193},{"duration":493240,"score":2,"value":-0.0196},{"duration":503240,"score":2,"value":-0.0195},{"duration":513240,"score":1,"value":-0.0222},{"duration":523240,"score":1,"value":-0.0267},{"duration":533240,"score":2,"value":-0.0206},{"duration":543240,"score":2,"value":-0.0163},{"duration":553240,"score":2,"value":-0.0128},{"duration":563240,"score":1,"value":-0.0267},{"duration":573240,"score":1,"value":-0.0412},{"duration":583240,"score":2,"value":-0.0152},{"duration":593240,"score":1,"value":-0.0235},{"duration":603240,"score":1,"value":-0.0328},{"duration":613240,"score":1,"value":-0.0246},{"duration":623240,"score":1,"value":-0.0323},{"duration":633240,"score":2,"value":-0.0145},{"duration":643240,"score":2,"value":-0.0194},{"duration":653240,"score":2,"value":-0.0186},{"duration":663240,"score":2,"value":-0.0195},{"duration":673240,"score":2,"value":-0.0175},{"duration":683240,"score":2,"value":-0.0065},{"duration":693240,"score":2,"value":-0.0065},{"duration":703240,"score":2,"value":-0.0124},{"duration":713240,"score":1,"value":-0.0309},{"duration":723240,"score":2,"value":-0.0038},{"duration":733240,"score":2,"value":-0.0152},{"duration":743240,"score":2,"value":-0.0130},{"duration":753240,"score":2,"value":0.0014},{"duration":763240,"score":2,"value":-0.0097},{"duration":773240,"score":2,"value":-0.0145},{"duration":783240,"score":2,"value":-0.0196},{"duration":793240,"score":2,"value":-0.0175},{"duration":803240,"score":2,"value":-0.0150},{"duration":813240,"score":2,"value":-0.0099},{"duration":823240,"score":2,"value":-0.0084},{"duration":833240,"score":2,"value":-0.0131},{"duration":843240,"score":2,"value":-0.0176},{"duration":853240,"score":1,"value":-0.0440},{"duration":863240,"score":1,"value":-0.0391},{"duration":873240,"score":2,"value":-0.0193},{"duration":883240,"score":2,"value":-0.0157},{"duration":893240,"score":1,"value":-0.0226},{"duration":903240,"score":2,"value":-0.0059},{"duration":913240,"score":2,"value":-0.0057},{"duration":923240,"score":2,"value":-0.0049},{"duration":933240,"score":2,"value":0.0021},{"duration":943240,"score":1,"value":0.0228},{"duration":953240,"score":2,"value":0.0198},{"duration":963240,"score":2,"value":0.0033},{"duration":973240,"score":2,"value":-0.0073},{"duration":983240,"score":2,"value":-0.0069},{"duration":993240,"score":2,"value":-0.0161},{"duration":1003240,"score":2,"value":0.0011},{"duration":1013240,"score":2,"value":-0.0053},{"duration":1023240,"score":2,"value":0.0052},{"duration":1033240,"score":2,"value":0.0064},{"duration":1043240,"score":2,"value":-0.0095},{"duration":1053240,"score":2,"value":0.0010},{"duration":1063240,"score":2,"value":0.0040},{"duration":1073240,"score":2,"value":-0.0104},{"duration":1083240,"score":2,"value":-0.0080},{"duration":1093240,"score":2,"value":-0.0127},{"duration":1103240,"score":2,"value":-0.0122},{"duration":1113240,"score":2,"value":-0.0106},{"duration":1123240,"score":2,"value":-0.0152},{"duration":1133240,"score":2,"value":-0.0023},{"duration":1143240,"score":2,"value":0.0161},{"duration":1153240,"score":2,"value":0.0037},{"duration":1163240,"score":2,"value":-0.0011},{"duration":1173240,"score":1,"value":-0.0290},{"duration":1183240,"score":2,"value":-0.0046},{"duration":1193240,"score":2,"value":-0.0137},{"duration":1203240,"score":2,"value":-0.0168},{"duration":1213240,"score":2,"value":-0.0192},{"duration":1223240,"score":2,"value":-0.0144},{"duration":1233240,"score":1,"value":-0.0251},{"duration":1243240,"score":2,"value":-0.0163},{"duration":1253240,"score":2,"value":-0.0208},{"duration":1263240,"score":2,"value":-0.0201},{"duration":1273240,"score":2,"value":-0.0181},{"duration":1283240,"score":2,"value":-0.0120},{"duration":1293240,"score":2,"value":-0.0163},{"duration":1303240,"score":1,"value":-0.0267},{"duration":1313240,"score":2,"value":-0.0216},{"duration":1323240,"score":2,"value":-0.0082},{"duration":1333240,"score":2,"value":-0.0145},{"duration":1343240,"score":2,"value":-0.0124},{"duration":1353240,"score":2,"value":-0.0090},{"duration":1363240,"score":2,"value":-0.0183},{"duration":1373240,"score":2,"value":-0.0157},{"duration":1383240,"score":2,"value":-0.0085},{"duration":1393240,"score":2,"value":-0.0086},{"duration":1403240,"score":2,"value":-0.0169},{"duration":1413240,"score":2,"value":-0.0176},{"duration":1423240,"score":2,"value":-0.0136},{"duration":1433240,"score":2,"value":-0.0184},{"duration":1443240,"score":2,"value":-0.0180},{"duration":1453240,"score":2,"value":-0.0214},{"duration":1463240,"score":2,"value":-0.0193},{"duration":1473240,"score":2,"value":-0.0157},{"duration":1483240,"score":2,"value":-0.0096},{"duration":1493240,"score":2,"value":-0.0048},{"duration":1503240,"score":2,"value":-0.0063},{"duration":1513240,"score":2,"value":-0.0149},{"duration":1523240,"score":2,"value":-0.0126},{"duration":1533240,"score":2,"value":-0.0086},{"duration":1543240,"score":2,"value":-0.0147},{"duration":1553240,"score":2,"value":-0.0106},{"duration":1563240,"score":2,"value":-0.0146},{"duration":1573240,"score":2,"value":-0.0073},{"duration":1583240,"score":2,"value":-0.0090},{"duration":1593240,"score":2,"value":-0.0151},{"duration":1603240,"score":2,"value":-0.0187},{"duration":1613240,"score":2,"value":-0.0140},{"duration":1623240,"score":2,"value":-0.0119},{"duration":1633240,"score":2,"value":-0.0104},{"duration":1643240,"score":2,"value":-0.0179},{"duration":1653240,"score":2,"value":-0.0010},{"duration":1670740,"score":1,"value":-0.0266}],"data_type":"asymmetry","overall_score":2,"score_ratio":[6.0,29.0,65.0]},{"chart_data":[{"duration":10000,"score":0,"value":31843.0156},{"duration":20000,"score":0,"value":37828.8359},{"duration":30000,"score":0,"value":37729.2304},{"duration":40000,"score":0,"value":36160.5937},{"duration":50000,"score":0,"value":36853.9921},{"duration":60000,"score":0,"value":35993.0117},{"duration":63240,"score":3,"value":43558.6484},{"duration":73240,"score":0,"value":37615.5546},{"duration":83240,"score":0,"value":35251.0078},{"duration":93240,"score":0,"value":34862.1679},{"duration":103240,"score":0,"value":35183.7578},{"duration":113240,"score":0,"value":35269.9765},{"duration":123240,"score":0,"value":36433.9804},{"duration":133240,"score":0,"value":37084.5039},{"duration":143240,"score":0,"value":36515.625},{"duration":153240,"score":0,"value":35341.9570},{"duration":163240,"score":0,"value":34640.1054},{"duration":173240,"score":0,"value":34425.9140},{"duration":183240,"score":0,"value":34147.5},{"duration":193240,"score":0,"value":35360.6093},{"duration":203240,"score":0,"value":34332.7109},{"duration":213240,"score":0,"value":33624.8007},{"duration":223240,"score":0,"value":34037.125},{"duration":233240,"score":0,"value":33354.5976},{"duration":243240,"score":0,"value":34569.2851},{"duration":253240,"score":0,"value":35485.3828},{"duration":263240,"score":0,"value":34064.8554},{"duration":273240,"score":0,"value":34203.5468},{"duration":283240,"score":0,"value":33157.0273},{"duration":293240,"score":0,"value":33568.0117},{"duration":303240,"score":0,"value":35402.9023},{"duration":313240,"score":0,"value":35755.7070},{"duration":323240,"score":0,"value":37288.3906},{"duration":333240,"score":0,"value":35789.1445},{"duration":343240,"score":0,"value":34730.2890},{"duration":353240,"score":0,"value":35010.3789},{"duration":363240,"score":0,"value":35151.8632},{"duration":373240,"score":0,"value":34843.1562},{"duration":383240,"score":0,"value":33709.6445},{"duration":393240,"score":0,"value":34338.2031},{"duration":403240,"score":0,"value":34187.5898},{"duration":413240,"score":0,"value":33655.9296},{"duration":423240,"score":0,"value":34588.8398},{"duration":433240,"score":0,"value":33472.2695},{"duration":443240,"score":0,"value":33200.9453},{"duration":453240,"score":0,"value":32768.2031},{"duration":463240,"score":0,"value":33189.5},{"duration":473240,"score":0,"value":34209.1835},{"duration":483240,"score":0,"value":33219.2226},{"duration":493240,"score":0,"value":34469.5078},{"duration":503240,"score":0,"value":33524.0},{"duration":513240,"score":0,"value":32503.7753},{"duration":523240,"score":0,"value":32438.5039},{"duration":533240,"score":0,"value":32633.6777},{"duration":543240,"score":0,"value":33306.7734},{"duration":553240,"score":0,"value":33644.2070},{"duration":563240,"score":0,"value":33130.3046},{"duration":573240,"score":0,"value":33686.0859},{"duration":583240,"score":0,"value":34245.4414},{"duration":593240,"score":0,"value":34534.7890},{"duration":603240,"score":0,"value":33380.2070},{"duration":613240,"score":0,"value":34148.3125},{"duration":623240,"score":0,"value":34524.9960},{"duration":633240,"score":0,"value":33840.9179},{"duration":643240,"score":0,"value":32858.2578},{"duration":653240,"score":0,"value":32847.5585},{"duration":663240,"score":0,"value":34044.5468},{"duration":673240,"score":0,"value":34560.8359},{"duration":683240,"score":0,"value":36978.0273},{"duration":693240,"score":0,"value":35045.8789},{"duration":703240,"score":0,"value":33327.6796},{"duration":713240,"score":0,"value":32963.2031},{"duration":723240,"score":0,"value":33960.9804},{"duration":733240,"score":0,"value":33587.1601},{"duration":743240,"score":0,"value":33669.5976},{"duration":753240,"score":0,"value":34049.2578},{"duration":763240,"score":0,"value":33064.5039},{"duration":773240,"score":0,"value":32491.0976},{"duration":783240,"score":0,"value":33036.1015},{"duration":793240,"score":0,"value":33952.3554},{"duration":803240,"score":0,"value":34013.4257},{"duration":813240,"score":0,"value":33854.4179},{"duration":823240,"score":0,"value":33885.0742},{"duration":833240,"score":0,"value":34328.375},{"duration":843240,"score":0,"value":33811.7382},{"duration":853240,"score":0,"value":34908.3320},{"duration":863240,"score":0,"value":34390.8867},{"duration":873240,"score":0,"value":32735.7246},{"duration":883240,"score":0,"value":32731.7929},{"duration":893240,"score":0,"value":33839.9062},{"duration":903240,"score":0,"value":32865.3867},{"duration":913240,"score":0,"value":33716.1171},{"duration":923240,"score":0,"value":33464.5429},{"duration":933240,"score":0,"value":32382.3515},{"duration":943240,"score":0,"value":34434.6718},{"duration":953240,"score":0,"value":33665.0078},{"duration":963240,"score":0,"value":32893.7968},{"duration":973240,"score":0,"value":33260.6640},{"duration":983240,"score":0,"value":33743.0507},{"duration":993240,"score":0,"value":32831.4726},{"duration":1003240,"score":0,"value":32759.3320},{"duration":1013240,"score":0,"value":33276.125},{"duration":1023240,"score":0,"value":34243.6679},{"duration":1033240,"score":0,"value":33481.875},{"duration":1043240,"score":0,"value":33070.4609},{"duration":1053240,"score":0,"value":32942.9765},{"duration":1063240,"score":0,"value":34206.6953},{"duration":1073240,"score":0,"value":34725.6757},{"duration":1083240,"score":0,"value":34128.6875},{"duration":1093240,"score":0,"value":34592.2968},{"duration":1103240,"score":0,"value":34012.8437},{"duration":1113240,"score":0,"value":35537.5585},{"duration":1123240,"score":0,"value":33607.3437},{"duration":1133240,"score":0,"value":33356.2265},{"duration":1143240,"score":0,"value":32548.3652},{"duration":1153240,"score":0,"value":32337.5234},{"duration":1163240,"score":0,"value":34210.2343},{"duration":1173240,"score":0,"value":34623.5390},{"duration":1183240,"score":0,"value":37701.2148},{"duration":1193240,"score":0,"value":36158.7578},{"duration":1203240,"score":0,"value":36676.3828},{"duration":1213240,"score":0,"value":34390.4257},{"duration":1223240,"score":0,"value":34711.7382},{"duration":1233240,"score":0,"value":34905.8281},{"duration":1243240,"score":0,"value":33734.4765},{"duration":1253240,"score":0,"value":33759.1015},{"duration":1263240,"score":0,"value":34255.5898},{"duration":1273240,"score":0,"value":33711.2343},{"duration":1283240,"score":0,"value":34130.8046},{"duration":1293240,"score":0,"value":35484.7890},{"duration":1303240,"score":0,"value":34691.8085},{"duration":1313240,"score":0,"value":35325.3007},{"duration":1323240,"score":0,"value":35797.1523},{"duration":1333240,"score":0,"value":35447.3359},{"duration":1343240,"score":0,"value":35228.3164},{"duration":1353240,"score":0,"value":35157.1523},{"duration":1363240,"score":0,"value":34989.8554},{"duration":1373240,"score":0,"value":34879.5937},{"duration":1383240,"score":0,"value":35266.6601},{"duration":1393240,"score":0,"value":34521.2929},{"duration":1403240,"score":0,"value":33997.2226},{"duration":1413240,"score":0,"value":34354.4687},{"duration":1423240,"score":0,"value":34611.4335},{"duration":1433240,"score":0,"value":33954.8906},{"duration":1443240,"score":0,"value":33488.8789},{"duration":1453240,"score":0,"value":33904.1953},{"duration":1463240,"score":0,"value":33736.7460},{"duration":1473240,"score":0,"value":35130.6718},{"duration":1483240,"score":0,"value":34982.8828},{"duration":1493240,"score":0,"value":34559.0585},{"duration":1503240,"score":0,"value":35515.4140},{"duration":1513240,"score":0,"value":34780.5156},{"duration":1523240,"score":0,"value":36157.5},{"duration":1533240,"score":0,"value":34877.0078},{"duration":1543240,"score":0,"value":34247.6445},{"duration":1553240,"score":0,"value":34640.9023},{"duration":1563240,"score":0,"value":35093.5078},{"duration":1573240,"score":0,"value":35550.2187},{"duration":1583240,"score":0,"value":35725.0781},{"duration":1593240,"score":0,"value":35559.4257},{"duration":1603240,"score":0,"value":34996.9609},{"duration":1613240,"score":0,"value":36054.0039},{"duration":1623240,"score":0,"value":35166.8242},{"duration":1633240,"score":0,"value":35455.1015},{"duration":1643240,"score":0,"value":34032.2890},{"duration":1653240,"score":0,"value":33539.7656},{"duration":1670740,"score":0,"value":35303.0898}],"data_type":"stiffness","overall_score":0,"score_ratio":[99.0,1.0,0.0]},{"chart_data":[{"duration":10000,"score":2,"value":0.0766},{"duration":20000,"score":1,"value":0.0919},{"duration":30000,"score":0,"value":0.0970},{"duration":40000,"score":0,"value":0.0981},{"duration":50000,"score":0,"value":0.0966},{"duration":60000,"score":0,"value":0.1004},{"duration":63240,"score":3,"value":0.0961},{"duration":73240,"score":0,"value":0.0979},{"duration":83240,"score":0,"value":0.1006},{"duration":93240,"score":0,"value":0.0980},{"duration":103240,"score":0,"value":0.0991},{"duration":113240,"score":0,"value":0.0989},{"duration":123240,"score":0,"value":0.0957},{"duration":133240,"score":0,"value":0.0962},{"duration":143240,"score":0,"value":0.0980},{"duration":153240,"score":0,"value":0.0991},{"duration":163240,"score":0,"value":0.0987},{"duration":173240,"score":0,"value":0.0996},{"duration":183240,"score":0,"value":0.1000},{"duration":193240,"score":0,"value":0.1000},{"duration":203240,"score":0,"value":0.1012},{"duration":213240,"score":0,"value":0.1009},{"duration":223240,"score":0,"value":0.0994},{"duration":233240,"score":0,"value":0.1003},{"duration":243240,"score":0,"value":0.0980},{"duration":253240,"score":0,"value":0.0977},{"duration":263240,"score":0,"value":0.0991},{"duration":273240,"score":0,"value":0.0996},{"duration":283240,"score":0,"value":0.1020},{"duration":293240,"score":0,"value":0.1020},{"duration":303240,"score":0,"value":0.0997},{"duration":313240,"score":0,"value":0.0968},{"duration":323240,"score":1,"value":0.0944},{"duration":333240,"score":0,"value":0.0984},{"duration":343240,"score":0,"value":0.0985},{"duration":353240,"score":0,"value":0.0999},{"duration":363240,"score":0,"value":0.0994},{"duration":373240,"score":0,"value":0.0994},{"duration":383240,"score":0,"value":0.1011},{"duration":393240,"score":0,"value":0.1006},{"duration":403240,"score":0,"value":0.1002},{"duration":413240,"score":0,"value":0.1019},{"duration":423240,"score":0,"value":0.1011},{"duration":433240,"score":0,"value":0.1028},{"duration":443240,"score":0,"value":0.1013},{"duration":453240,"score":0,"value":0.0991},{"duration":463240,"score":0,"value":0.0995},{"duration":473240,"score":0,"value":0.1008},{"duration":483240,"score":0,"value":0.1027},{"duration":493240,"score":0,"value":0.1040},{"duration":503240,"score":0,"value":0.1066},{"duration":513240,"score":0,"value":0.1051},{"duration":523240,"score":0,"value":0.1029},{"duration":533240,"score":0,"value":0.1040},{"duration":543240,"score":0,"value":0.1030},{"duration":553240,"score":0,"value":0.1022},{"duration":563240,"score":0,"value":0.1033},{"duration":573240,"score":0,"value":0.1027},{"duration":583240,"score":0,"value":0.1021},{"duration":593240,"score":0,"value":0.1010},{"duration":603240,"score":0,"value":0.1034},{"duration":613240,"score":0,"value":0.1008},{"duration":623240,"score":0,"value":0.1008},{"duration":633240,"score":0,"value":0.1020},{"duration":643240,"score":0,"value":0.1027},{"duration":653240,"score":0,"value":0.1023},{"duration":663240,"score":0,"value":0.1033},{"duration":673240,"score":0,"value":0.1011},{"duration":683240,"score":0,"value":0.0977},{"duration":693240,"score":0,"value":0.0997},{"duration":703240,"score":0,"value":0.1014},{"duration":713240,"score":0,"value":0.1016},{"duration":723240,"score":0,"value":0.1006},{"duration":733240,"score":0,"value":0.1030},{"duration":743240,"score":0,"value":0.1019},{"duration":753240,"score":0,"value":0.1020},{"duration":763240,"score":0,"value":0.1043},{"duration":773240,"score":0,"value":0.1049},{"duration":783240,"score":0,"value":0.1041},{"duration":793240,"score":0,"value":0.1022},{"duration":803240,"score":0,"value":0.1019},{"duration":813240,"score":0,"value":0.1027},{"duration":823240,"score":0,"value":0.1029},{"duration":833240,"score":0,"value":0.1013},{"duration":843240,"score":0,"value":0.1022},{"duration":853240,"score":0,"value":0.1024},{"duration":863240,"score":0,"value":0.1013},{"duration":873240,"score":0,"value":0.1056},{"duration":883240,"score":0,"value":0.1009},{"duration":893240,"score":0,"value":0.1018},{"duration":903240,"score":0,"value":0.1018},{"duration":913240,"score":0,"value":0.1012},{"duration":923240,"score":0,"value":0.1051},{"duration":933240,"score":0,"value":0.1036},{"duration":943240,"score":0,"value":0.0978},{"duration":953240,"score":0,"value":0.0987},{"duration":963240,"score":0,"value":0.1007},{"duration":973240,"score":0,"value":0.1028},{"duration":983240,"score":0,"value":0.1035},{"duration":993240,"score":0,"value":0.1040},{"duration":1003240,"score":0,"value":0.1024},{"duration":1013240,"score":0,"value":0.1036},{"duration":1023240,"score":0,"value":0.1018},{"duration":1033240,"score":0,"value":0.1002},{"duration":1043240,"score":0,"value":0.1002},{"duration":1053240,"score":0,"value":0.0987},{"duration":1063240,"score":0,"value":0.0994},{"duration":1073240,"score":0,"value":0.1026},{"duration":1083240,"score":0,"value":0.1036},{"duration":1093240,"score":0,"value":0.1031},{"duration":1103240,"score":0,"value":0.1049},{"duration":1113240,"score":0,"value":0.0986},{"duration":1123240,"score":0,"value":0.1033},{"duration":1133240,"score":0,"value":0.0997},{"duration":1143240,"score":0,"value":0.0996},{"duration":1153240,"score":0,"value":0.1020},{"duration":1163240,"score":0,"value":0.1039},{"duration":1173240,"score":0,"value":0.1045},{"duration":1183240,"score":0,"value":0.1038},{"duration":1193240,"score":0,"value":0.1025},{"duration":1203240,"score":0,"value":0.1011},{"duration":1213240,"score":0,"value":0.1013},{"duration":1223240,"score":0,"value":0.1015},{"duration":1233240,"score":0,"value":0.1014},{"duration":1243240,"score":0,"value":0.1030},{"duration":1253240,"score":0,"value":0.1023},{"duration":1263240,"score":0,"value":0.1015},{"duration":1273240,"score":0,"value":0.1023},{"duration":1283240,"score":0,"value":0.1008},{"duration":1293240,"score":0,"value":0.0993},{"duration":1303240,"score":0,"value":0.1015},{"duration":1313240,"score":0,"value":0.1008},{"duration":1323240,"score":0,"value":0.1001},{"duration":1333240,"score":0,"value":0.0994},{"duration":1343240,"score":0,"value":0.0972},{"duration":1353240,"score":0,"value":0.1034},{"duration":1363240,"score":0,"value":0.1006},{"duration":1373240,"score":0,"value":0.1008},{"duration":1383240,"score":0,"value":0.0998},{"duration":1393240,"score":0,"value":0.1021},{"duration":1403240,"score":0,"value":0.1018},{"duration":1413240,"score":0,"value":0.1010},{"duration":1423240,"score":0,"value":0.1006},{"duration":1433240,"score":0,"value":0.1022},{"duration":1443240,"score":0,"value":0.1041},{"duration":1453240,"score":0,"value":0.1034},{"duration":1463240,"score":0,"value":0.1037},{"duration":1473240,"score":0,"value":0.1011},{"duration":1483240,"score":0,"value":0.1030},{"duration":1493240,"score":0,"value":0.1020},{"duration":1503240,"score":0,"value":0.1010},{"duration":1513240,"score":0,"value":0.1010},{"duration":1523240,"score":0,"value":0.1007},{"duration":1533240,"score":0,"value":0.1012},{"duration":1543240,"score":0,"value":0.1025},{"duration":1553240,"score":0,"value":0.1010},{"duration":1563240,"score":0,"value":0.0998},{"duration":1573240,"score":0,"value":0.0951},{"duration":1583240,"score":0,"value":0.0999},{"duration":1593240,"score":0,"value":0.1010},{"duration":1603240,"score":0,"value":0.1002},{"duration":1613240,"score":0,"value":0.1025},{"duration":1623240,"score":0,"value":0.1024},{"duration":1633240,"score":0,"value":0.0995},{"duration":1643240,"score":0,"value":0.1009},{"duration":1653240,"score":0,"value":0.1011},{"duration":1670740,"score":1,"value":0.0943}],"data_type":"undulation","overall_score":0,"score_ratio":[92.0,7.0,1.0]},{"chart_data":[{"duration":10000,"score":2,"value":146.4156},{"duration":20000,"score":1,"value":168.1370},{"duration":30000,"score":1,"value":174.8480},{"duration":40000,"score":1,"value":180.9183},{"duration":50000,"score":1,"value":179.4208},{"duration":60000,"score":1,"value":182.1527},{"duration":63240,"score":3,"value":161.0440},{"duration":73240,"score":1,"value":180.0790},{"duration":83240,"score":0,"value":184.2273},{"duration":93240,"score":1,"value":183.0243},{"duration":103240,"score":0,"value":184.0898},{"duration":113240,"score":0,"value":184.1788},{"duration":123240,"score":1,"value":181.6215},{"duration":133240,"score":1,"value":179.3145},{"duration":143240,"score":1,"value":181.8338},{"duration":153240,"score":0,"value":184.4676},{"duration":163240,"score":0,"value":186.6313},{"duration":173240,"score":0,"value":186.5611},{"duration":183240,"score":0,"value":187.2919},{"duration":193240,"score":0,"value":184.2574},{"duration":203240,"score":0,"value":186.9433},{"duration":213240,"score":0,"value":189.4427},{"duration":223240,"score":0,"value":188.2323},{"duration":233240,"score":0,"value":190.2981},{"duration":243240,"score":0,"value":186.9251},{"duration":253240,"score":0,"value":183.5938},{"duration":263240,"score":0,"value":188.2791},{"duration":273240,"score":0,"value":187.7153},{"duration":283240,"score":0,"value":190.5819},{"duration":293240,"score":0,"value":188.9802},{"duration":303240,"score":1,"value":183.4155},{"duration":313240,"score":1,"value":182.9995},{"duration":323240,"score":1,"value":181.2414},{"duration":333240,"score":1,"value":184.2792},{"duration":343240,"score":0,"value":186.3319},{"duration":353240,"score":0,"value":185.2799},{"duration":363240,"score":0,"value":184.9541},{"duration":373240,"score":1,"value":184.3577},{"duration":383240,"score":0,"value":188.9929},{"duration":393240,"score":0,"value":186.1636},{"duration":403240,"score":0,"value":188.9252},{"duration":413240,"score":0,"value":190.2233},{"duration":423240,"score":0,"value":186.2697},{"duration":433240,"score":0,"value":189.0279},{"duration":443240,"score":0,"value":190.3929},{"duration":453240,"score":0,"value":194.0463},{"duration":463240,"score":0,"value":192.7784},{"duration":473240,"score":0,"value":188.6707},{"duration":483240,"score":0,"value":190.0375},{"duration":493240,"score":0,"value":186.1118},{"duration":503240,"score":0,"value":186.2908},{"duration":513240,"score":0,"value":192.2496},{"duration":523240,"score":0,"value":193.1224},{"duration":533240,"score":0,"value":191.7987},{"duration":543240,"score":0,"value":189.5162},{"duration":553240,"score":0,"value":188.6462},{"duration":563240,"score":0,"value":190.5810},{"duration":573240,"score":0,"value":189.3260},{"duration":583240,"score":0,"value":187.2809},{"duration":593240,"score":0,"value":185.9916},{"duration":603240,"score":0,"value":189.6835},{"duration":613240,"score":0,"value":187.6006},{"duration":623240,"score":1,"value":181.9678},{"duration":633240,"score":0,"value":187.1589},{"duration":643240,"score":0,"value":190.9375},{"duration":653240,"score":0,"value":191.5379},{"duration":663240,"score":0,"value":187.3405},{"duration":673240,"score":0,"value":185.4584},{"duration":683240,"score":1,"value":179.0400},{"duration":693240,"score":1,"value":181.0331},{"duration":703240,"score":0,"value":189.1975},{"duration":713240,"score":0,"value":190.2744},{"duration":723240,"score":1,"value":185.2009},{"duration":733240,"score":0,"value":188.1312},{"duration":743240,"score":0,"value":186.9190},{"duration":753240,"score":0,"value":186.8595},{"duration":763240,"score":0,"value":191.6643},{"duration":773240,"score":0,"value":192.5088},{"duration":783240,"score":0,"value":190.3003},{"duration":793240,"score":0,"value":187.2214},{"duration":803240,"score":0,"value":187.5049},{"duration":813240,"score":0,"value":187.4300},{"duration":823240,"score":0,"value":187.0378},{"duration":833240,"score":0,"value":185.9385},{"duration":843240,"score":0,"value":187.9410},{"duration":853240,"score":0,"value":184.9927},{"duration":863240,"score":0,"value":187.5018},{"duration":873240,"score":0,"value":190.6744},{"duration":883240,"score":0,"value":187.3279},{"duration":893240,"score":0,"value":187.6344},{"duration":903240,"score":0,"value":191.8228},{"duration":913240,"score":0,"value":188.5934},{"duration":923240,"score":0,"value":188.2141},{"duration":933240,"score":0,"value":192.5351},{"duration":943240,"score":0,"value":184.6629},{"duration":953240,"score":0,"value":190.0433},{"duration":963240,"score":0,"value":191.6917},{"duration":973240,"score":0,"value":190.1071},{"duration":983240,"score":0,"value":187.8612},{"duration":993240,"score":0,"value":191.5553},{"duration":1003240,"score":0,"value":192.0588},{"duration":1013240,"score":0,"value":189.0486},{"duration":1023240,"score":0,"value":185.8999},{"duration":1033240,"score":0,"value":190.1513},{"duration":1043240,"score":0,"value":191.5827},{"duration":1053240,"score":0,"value":193.1253},{"duration":1063240,"score":0,"value":187.6730},{"duration":1073240,"score":0,"value":186.1746},{"duration":1083240,"score":0,"value":186.5806},{"duration":1093240,"score":1,"value":184.4680},{"duration":1103240,"score":0,"value":186.2149},{"duration":1113240,"score":1,"value":184.0476},{"duration":1123240,"score":0,"value":188.1928},{"duration":1133240,"score":0,"value":191.4391},{"duration":1143240,"score":0,"value":194.5303},{"duration":1153240,"score":0,"value":193.3132},{"duration":1163240,"score":0,"value":185.7001},{"duration":1173240,"score":1,"value":184.6548},{"duration":1183240,"score":1,"value":172.8186},{"duration":1193240,"score":1,"value":179.6886},{"duration":1203240,"score":1,"value":178.5369},{"duration":1213240,"score":0,"value":186.1685},{"duration":1223240,"score":0,"value":185.3054},{"duration":1233240,"score":1,"value":184.5854},{"duration":1243240,"score":0,"value":187.9436},{"duration":1253240,"score":0,"value":188.4291},{"duration":1263240,"score":0,"value":186.6570},{"duration":1273240,"score":0,"value":188.6950},{"duration":1283240,"score":0,"value":185.8160},{"duration":1293240,"score":1,"value":183.2583},{"duration":1303240,"score":0,"value":185.5127},{"duration":1313240,"score":1,"value":183.3664},{"duration":1323240,"score":1,"value":181.5322},{"duration":1333240,"score":1,"value":183.1073},{"duration":1343240,"score":1,"value":184.3525},{"duration":1353240,"score":1,"value":180.5372},{"duration":1363240,"score":1,"value":183.8336},{"duration":1373240,"score":1,"value":183.8280},{"duration":1383240,"score":1,"value":183.7110},{"duration":1393240,"score":0,"value":185.0419},{"duration":1403240,"score":0,"value":187.4645},{"duration":1413240,"score":0,"value":186.7721},{"duration":1423240,"score":0,"value":185.3952},{"duration":1433240,"score":0,"value":187.8397},{"duration":1443240,"score":0,"value":189.1327},{"duration":1453240,"score":0,"value":187.3751},{"duration":1463240,"score":0,"value":188.0929},{"duration":1473240,"score":1,"value":183.7362},{"duration":1483240,"score":1,"value":183.8268},{"duration":1493240,"score":0,"value":184.9382},{"duration":1503240,"score":1,"value":182.0534},{"duration":1513240,"score":0,"value":185.9143},{"duration":1523240,"score":1,"value":180.8043},{"duration":1533240,"score":1,"value":184.3894},{"duration":1543240,"score":0,"value":185.9816},{"duration":1553240,"score":0,"value":184.8021},{"duration":1563240,"score":0,"value":185.2857},{"duration":1573240,"score":0,"value":185.2618},{"duration":1583240,"score":1,"value":181.1882},{"duration":1593240,"score":1,"value":181.8482},{"duration":1603240,"score":0,"value":184.2316},{"duration":1613240,"score":1,"value":178.1096},{"duration":1623240,"score":1,"value":182.7417},{"duration":1633240,"score":1,"value":182.7558},{"duration":1643240,"score":0,"value":185.9536},{"duration":1653240,"score":0,"value":185.0606},{"duration":1670740,"score":1,"value":176.2670}],"data_type":"effective_contact_time","overall_score":0,"score_ratio":[62.0,37.0,1.0]},{"chart_data":[{"duration":10000,"score":0,"value":158.5950},{"duration":20000,"score":1,"value":191.4508},{"duration":30000,"score":1,"value":199.7355},{"duration":40000,"score":1,"value":199.7370},{"duration":50000,"score":1,"value":198.3206},{"duration":60000,"score":1,"value":202.1828},{"duration":63240,"score":3,"value":204.7655},{"duration":73240,"score":1,"value":199.5045},{"duration":83240,"score":1,"value":201.7598},{"duration":93240,"score":1,"value":198.6469},{"duration":103240,"score":1,"value":199.7963},{"duration":113240,"score":1,"value":199.5413},{"duration":123240,"score":1,"value":196.0927},{"duration":133240,"score":1,"value":197.7606},{"duration":143240,"score":1,"value":198.9888},{"duration":153240,"score":1,"value":199.6935},{"duration":163240,"score":1,"value":198.3767},{"duration":173240,"score":1,"value":199.6779},{"duration":183240,"score":1,"value":200.1627},{"duration":193240,"score":1,"value":200.8172},{"duration":203240,"score":1,"value":201.5639},{"duration":213240,"score":1,"value":200.3371},{"duration":223240,"score":1,"value":198.8292},{"duration":233240,"score":1,"value":199.2425},{"duration":243240,"score":1,"value":197.5215},{"duration":253240,"score":1,"value":198.2729},{"duration":263240,"score":1,"value":198.3093},{"duration":273240,"score":1,"value":199.2119},{"duration":283240,"score":1,"value":201.5113},{"duration":293240,"score":1,"value":201.9551},{"duration":303240,"score":1,"value":200.8540},{"duration":313240,"score":1,"value":196.9531},{"duration":323240,"score":1,"value":194.1117},{"duration":333240,"score":1,"value":198.4633},{"duration":343240,"score":1,"value":198.2377},{"duration":353240,"score":1,"value":200.5131},{"duration":363240,"score":1,"value":199.8603},{"duration":373240,"score":1,"value":199.7709},{"duration":383240,"score":1,"value":200.6710},{"duration":393240,"score":1,"value":201.0013},{"duration":403240,"score":1,"value":199.4748},{"duration":413240,"score":1,"value":201.2002},{"duration":423240,"score":1,"value":201.6111},{"duration":433240,"score":1,"value":202.9951},{"duration":443240,"score":1,"value":200.6460},{"duration":453240,"score":1,"value":196.5162},{"duration":463240,"score":1,"value":197.4145},{"duration":473240,"score":1,"value":200.3546},{"duration":483240,"score":1,"value":202.5475},{"duration":493240,"score":2,"value":205.7143},{"duration":503240,"score":2,"value":209.0345},{"duration":513240,"score":1,"value":204.7415},{"duration":523240,"score":1,"value":201.6979},{"duration":533240,"score":1,"value":203.7102},{"duration":543240,"score":1,"value":203.2347},{"duration":553240,"score":1,"value":202.4292},{"duration":563240,"score":1,"value":203.0220},{"duration":573240,"score":1,"value":202.7740},{"duration":583240,"score":1,"value":202.7268},{"duration":593240,"score":1,"value":201.7969},{"duration":603240,"score":1,"value":203.5026},{"duration":613240,"score":1,"value":200.8881},{"duration":623240,"score":1,"value":202.7723},{"duration":633240,"score":1,"value":202.6669},{"duration":643240,"score":1,"value":202.2892},{"duration":653240,"score":1,"value":201.5065},{"duration":663240,"score":1,"value":204.4156},{"duration":673240,"score":1,"value":202.2634},{"duration":683240,"score":1,"value":199.9654},{"duration":693240,"score":1,"value":201.6898},{"duration":703240,"score":1,"value":201.2764},{"duration":713240,"score":1,"value":200.7368},{"duration":723240,"score":1,"value":201.0911},{"duration":733240,"score":1,"value":203.6569},{"duration":743240,"score":1,"value":202.6026},{"duration":753240,"score":1,"value":202.9752},{"duration":763240,"score":1,"value":204.0051},{"duration":773240,"score":1,"value":204.5336},{"duration":783240,"score":1,"value":204.3741},{"duration":793240,"score":1,"value":202.9491},{"duration":803240,"score":1,"value":202.5825},{"duration":813240,"score":1,"value":203.6460},{"duration":823240,"score":1,"value":204.0153},{"duration":833240,"score":1,"value":202.3396},{"duration":843240,"score":1,"value":202.7585},{"duration":853240,"score":1,"value":203.9529},{"duration":863240,"score":1,"value":201.6114},{"duration":873240,"score":2,"value":206.2260},{"duration":883240,"score":1,"value":200.6040},{"duration":893240,"score":1,"value":201.9018},{"duration":903240,"score":1,"value":200.6707},{"duration":913240,"score":1,"value":201.2546},{"duration":923240,"score":2,"value":206.3593},{"duration":933240,"score":1,"value":203.0733},{"duration":943240,"score":1,"value":197.7514},{"duration":953240,"score":1,"value":197.3257},{"duration":963240,"score":1,"value":199.5224},{"duration":973240,"score":1,"value":202.7069},{"duration":983240,"score":1,"value":204.4400},{"duration":993240,"score":1,"value":203.8278},{"duration":1003240,"score":1,"value":201.5243},{"duration":1013240,"score":1,"value":204.2198},{"duration":1023240,"score":1,"value":202.8930},{"duration":1033240,"score":1,"value":199.3564},{"duration":1043240,"score":1,"value":198.6597},{"duration":1053240,"score":1,"value":196.3048},{"duration":1063240,"score":1,"value":199.1665},{"duration":1073240,"score":1,"value":203.8315},{"duration":1083240,"score":2,"value":205.1203},{"duration":1093240,"score":2,"value":205.3107},{"duration":1103240,"score":2,"value":206.9909},{"duration":1113240,"score":1,"value":199.1299},{"duration":1123240,"score":1,"value":204.0524},{"duration":1133240,"score":1,"value":198.1743},{"duration":1143240,"score":1,"value":196.9981},{"duration":1153240,"score":1,"value":200.7003},{"duration":1163240,"score":2,"value":205.9335},{"duration":1173240,"score":2,"value":206.9976},{"duration":1183240,"score":2,"value":210.6560},{"duration":1193240,"score":2,"value":206.2988},{"duration":1203240,"score":2,"value":204.6790},{"duration":1213240,"score":1,"value":202.2357},{"duration":1223240,"score":1,"value":202.7445},{"duration":1233240,"score":1,"value":202.9161},{"duration":1243240,"score":1,"value":203.7304},{"duration":1253240,"score":1,"value":202.6201},{"duration":1263240,"score":1,"value":202.2108},{"duration":1273240,"score":1,"value":202.5315},{"duration":1283240,"score":1,"value":201.4239},{"duration":1293240,"score":1,"value":200.5123},{"duration":1303240,"score":1,"value":202.6097},{"duration":1313240,"score":1,"value":202.5517},{"duration":1323240,"score":1,"value":202.2814},{"duration":1333240,"score":1,"value":200.7255},{"duration":1343240,"score":1,"value":197.4975},{"duration":1353240,"score":2,"value":207.1165},{"duration":1363240,"score":1,"value":202.1528},{"duration":1373240,"score":1,"value":202.2998},{"duration":1383240,"score":1,"value":201.0675},{"duration":1393240,"score":1,"value":203.7512},{"duration":1403240,"score":1,"value":202.4543},{"duration":1413240,"score":1,"value":201.6036},{"duration":1423240,"score":1,"value":201.6322},{"duration":1433240,"score":1,"value":202.8433},{"duration":1443240,"score":1,"value":204.7999},{"duration":1453240,"score":1,"value":204.5667},{"duration":1463240,"score":1,"value":204.6387},{"duration":1473240,"score":1,"value":202.8785},{"duration":1483240,"score":2,"value":205.3232},{"duration":1493240,"score":1,"value":203.6541},{"duration":1503240,"score":1,"value":203.4238},{"duration":1513240,"score":1,"value":201.8527},{"duration":1523240,"score":1,"value":203.3921},{"duration":1533240,"score":1,"value":202.7291},{"duration":1543240,"score":1,"value":203.8475},{"duration":1553240,"score":1,"value":202.4292},{"duration":1563240,"score":1,"value":200.5322},{"duration":1573240,"score":1,"value":193.6625},{"duration":1583240,"score":1,"value":202.1732},{"duration":1593240,"score":1,"value":203.4389},{"duration":1603240,"score":1,"value":201.4843},{"duration":1613240,"score":2,"value":206.9410},{"duration":1623240,"score":2,"value":205.0509},{"duration":1633240,"score":1,"value":201.1179},{"duration":1643240,"score":1,"value":201.8161},{"duration":1653240,"score":1,"value":202.5875},{"duration":1670740,"score":1,"value":207.5142}],"data_type":"effective_flight_time","overall_score":1,"score_ratio":[1.0,72.0,27.0]}],"sampling_rate":10000,"service_name":"Myotest","version":2}]}