[{"elapsed_time":0,"segment":0,"interval":1,"start_time":1610778332260},{"elapsed_time":2780,"segment":0,"interval":1,"start_time":1610778335040},{"elapsed_time":4471,"segment":0,"interval":1,"start_time":1610778336731},{"elapsed_time":31503,"segment":0,"interval":1,"start_time":1610778363763},{"elapsed_time":31766,"segment":0,"interval":1,"start_time":1610778364026},{"elapsed_time":38519,"segment":0,"interval":1,"start_time":1610778370779},{"elapsed_time":40519,"segment":0,"interval":1,"start_time":1610778372779},{"elapsed_time":41851,"segment":0,"interval":1,"start_time":1610778374111},{"elapsed_time":51860,"segment":0,"interval":1,"start_time":1610778384120},{"elapsed_time":57524,"segment":0,"interval":1,"start_time":1610778389784},{"elapsed_time":60744,"segment":0,"interval":1,"start_time":1610778393004},{"elapsed_time":62855,"segment":0,"interval":1,"start_time":1610778395115},{"elapsed_time":70744,"segment":0,"interval":1,"start_time":1610778403004},{"elapsed_time":72854,"segment":0,"interval":1,"start_time":1610778405114},{"elapsed_time":82859,"segment":0,"interval":1,"start_time":1610778415119},{"elapsed_time":83753,"segment":0,"interval":1,"start_time":1610778416013},{"elapsed_time":90555,"segment":0,"interval":1,"start_time":1610778422815},{"elapsed_time":91859,"segment":0,"interval":1,"start_time":1610778424119},{"elapsed_time":95575,"segment":0,"interval":1,"start_time":1610778427835},{"elapsed_time":100593,"segment":0,"interval":1,"start_time":1610778432853},{"elapsed_time":101856,"segment":0,"interval":1,"start_time":1610778434116},{"elapsed_time":110595,"segment":0,"interval":1,"start_time":1610778442855},{"elapsed_time":111064,"segment":0,"interval":1,"start_time":1610778443324},{"elapsed_time":111856,"segment":0,"interval":1,"start_time":1610778444116},{"elapsed_time":120596,"segment":0,"interval":1,"start_time":1610778452856},{"elapsed_time":121849,"segment":0,"interval":1,"start_time":1610778454109},{"elapsed_time":126205,"segment":0,"interval":1,"start_time":1610778458465},{"elapsed_time":131859,"segment":0,"interval":1,"start_time":1610778464119},{"elapsed_time":133081,"segment":0,"interval":1,"start_time":1610778465341},{"elapsed_time":140904,"segment":0,"interval":1,"start_time":1610778473164},{"elapsed_time":141836,"segment":0,"interval":1,"start_time":1610778474096},{"elapsed_time":143450,"segment":0,"interval":1,"start_time":1610778475710},{"elapsed_time":150642,"segment":0,"interval":1,"start_time":1610778482902},{"elapsed_time":151855,"segment":0,"interval":1,"start_time":1610778484115},{"elapsed_time":159672,"segment":0,"interval":1,"start_time":1610778491932},{"elapsed_time":160643,"segment":0,"interval":1,"start_time":1610778492903},{"elapsed_time":162865,"segment":0,"interval":1,"start_time":1610778495125},{"elapsed_time":166862,"segment":0,"interval":1,"start_time":1610778499122},{"elapsed_time":170645,"segment":0,"interval":1,"start_time":1610778502905},{"elapsed_time":172861,"segment":0,"interval":1,"start_time":1610778505121},{"elapsed_time":175293,"segment":0,"interval":1,"start_time":1610778507553},{"elapsed_time":180671,"segment":0,"interval":1,"start_time":1610778512931},{"elapsed_time":182868,"segment":0,"interval":1,"start_time":1610778515128},{"elapsed_time":190672,"segment":0,"interval":1,"start_time":1610778522932},{"elapsed_time":192356,"segment":0,"interval":1,"start_time":1610778524616},{"elapsed_time":192846,"segment":0,"interval":1,"start_time":1610778525106},{"elapsed_time":200674,"segment":0,"interval":1,"start_time":1610778532934},{"elapsed_time":201852,"segment":0,"interval":1,"start_time":1610778534112},{"elapsed_time":209788,"segment":0,"interval":1,"start_time":1610778542048},{"elapsed_time":210933,"segment":0,"interval":1,"start_time":1610778543193},{"elapsed_time":211869,"segment":0,"interval":1,"start_time":1610778544129},{"elapsed_time":220934,"segment":0,"interval":1,"start_time":1610778553194},{"elapsed_time":221857,"segment":0,"interval":1,"start_time":1610778554117},{"elapsed_time":225869,"segment":0,"interval":1,"start_time":1610778558129},{"elapsed_time":230935,"segment":0,"interval":1,"start_time":1610778563195},{"elapsed_time":231854,"segment":0,"interval":1,"start_time":1610778564114},{"elapsed_time":240707,"segment":0,"interval":1,"start_time":1610778572967},{"elapsed_time":241872,"segment":0,"interval":1,"start_time":1610778574132},{"elapsed_time":243607,"segment":0,"interval":1,"start_time":1610778575867},{"elapsed_time":250711,"segment":0,"interval":1,"start_time":1610778582971},{"elapsed_time":251857,"segment":0,"interval":1,"start_time":1610778584117},{"elapsed_time":259555,"segment":0,"interval":1,"start_time":1610778591815},{"elapsed_time":260750,"segment":0,"interval":1,"start_time":1610778593010},{"elapsed_time":262860,"segment":0,"interval":1,"start_time":1610778595120},{"elapsed_time":270753,"segment":0,"interval":1,"start_time":1610778603013},{"elapsed_time":272854,"segment":0,"interval":1,"start_time":1610778605114},{"elapsed_time":277621,"segment":0,"interval":1,"start_time":1610778609881},{"elapsed_time":280754,"segment":0,"interval":1,"start_time":1610778613014},{"elapsed_time":282850,"segment":0,"interval":1,"start_time":1610778615110},{"elapsed_time":290779,"segment":0,"interval":1,"start_time":1610778623039},{"elapsed_time":291871,"segment":0,"interval":1,"start_time":1610778624131},{"elapsed_time":294647,"segment":0,"interval":1,"start_time":1610778626907},{"elapsed_time":300780,"segment":0,"interval":1,"start_time":1610778633040},{"elapsed_time":301852,"segment":0,"interval":1,"start_time":1610778634112},{"elapsed_time":310782,"segment":0,"interval":1,"start_time":1610778643042},{"elapsed_time":311635,"segment":0,"interval":1,"start_time":1610778643895},{"elapsed_time":311851,"segment":0,"interval":1,"start_time":1610778644111},{"elapsed_time":320808,"segment":0,"interval":1,"start_time":1610778653068},{"elapsed_time":321859,"segment":0,"interval":1,"start_time":1610778654119},{"elapsed_time":328098,"segment":0,"interval":1,"start_time":1610778660358},{"elapsed_time":330810,"segment":0,"interval":1,"start_time":1610778663070},{"elapsed_time":331859,"segment":0,"interval":1,"start_time":1610778664119},{"elapsed_time":340811,"segment":0,"interval":1,"start_time":1610778673071},{"elapsed_time":341849,"segment":0,"interval":1,"start_time":1610778674109},{"elapsed_time":345521,"segment":0,"interval":1,"start_time":1610778677781},{"elapsed_time":347291,"segment":0,"interval":1,"start_time":1610778679551},{"elapsed_time":350838,"segment":0,"interval":1,"start_time":1610778683098},{"elapsed_time":351853,"segment":0,"interval":1,"start_time":1610778684113},{"elapsed_time":360840,"segment":0,"interval":1,"start_time":1610778693100},{"elapsed_time":362862,"segment":0,"interval":1,"start_time":1610778695122},{"elapsed_time":363878,"segment":0,"interval":1,"start_time":1610778696138},{"elapsed_time":372853,"segment":0,"interval":1,"start_time":1610778705113},{"elapsed_time":382705,"segment":0,"interval":1,"start_time":1610778714965},{"elapsed_time":382853,"segment":0,"interval":1,"start_time":1610778715113},{"elapsed_time":391848,"segment":0,"interval":1,"start_time":1610778724108},{"elapsed_time":401031,"segment":0,"interval":1,"start_time":1610778733291},{"elapsed_time":401848,"segment":0,"interval":1,"start_time":1610778734108},{"elapsed_time":411860,"segment":0,"interval":1,"start_time":1610778744120},{"elapsed_time":419847,"segment":0,"interval":1,"start_time":1610778752107},{"elapsed_time":421856,"segment":0,"interval":1,"start_time":1610778754116},{"elapsed_time":431850,"segment":0,"interval":1,"start_time":1610778764110},{"elapsed_time":438730,"segment":0,"interval":1,"start_time":1610778770990},{"elapsed_time":441882,"segment":0,"interval":1,"start_time":1610778774142},{"elapsed_time":451850,"segment":0,"interval":1,"start_time":1610778784110},{"elapsed_time":457681,"segment":0,"interval":1,"start_time":1610778789941},{"elapsed_time":462845,"segment":0,"interval":1,"start_time":1610778795105},{"elapsed_time":472853,"segment":0,"interval":1,"start_time":1610778805113},{"elapsed_time":475145,"segment":0,"interval":1,"start_time":1610778807405},{"elapsed_time":482848,"segment":0,"interval":1,"start_time":1610778815108},{"elapsed_time":491840,"segment":0,"interval":1,"start_time":1610778824100},{"elapsed_time":498372,"segment":0,"interval":1,"start_time":1610778830632},{"elapsed_time":501850,"segment":0,"interval":1,"start_time":1610778834110},{"elapsed_time":511854,"segment":0,"interval":1,"start_time":1610778844114},{"elapsed_time":516387,"segment":0,"interval":1,"start_time":1610778848647},{"elapsed_time":521845,"segment":0,"interval":1,"start_time":1610778854105},{"elapsed_time":531855,"segment":0,"interval":1,"start_time":1610778864115},{"elapsed_time":534014,"segment":0,"interval":1,"start_time":1610778866274},{"elapsed_time":537079,"segment":0,"interval":1,"start_time":1610778869339},{"elapsed_time":540015,"segment":0,"interval":1,"start_time":1610778872275},{"elapsed_time":541858,"segment":0,"interval":1,"start_time":1610778874118},{"elapsed_time":548016,"segment":0,"interval":1,"start_time":1610778880276},{"elapsed_time":551859,"segment":0,"interval":1,"start_time":1610778884119},{"elapsed_time":559773,"segment":0,"interval":1,"start_time":1610778892033},{"elapsed_time":562847,"segment":0,"interval":1,"start_time":1610778895107},{"elapsed_time":572869,"segment":0,"interval":1,"start_time":1610778905129},{"elapsed_time":582855,"segment":0,"interval":1,"start_time":1610778915115},{"elapsed_time":585892,"segment":0,"interval":1,"start_time":1610778918152},{"elapsed_time":591853,"segment":0,"interval":1,"start_time":1610778924113},{"elapsed_time":601856,"segment":0,"interval":1,"start_time":1610778934116},{"elapsed_time":610999,"segment":0,"interval":1,"start_time":1610778943259},{"elapsed_time":611853,"segment":0,"interval":1,"start_time":1610778944113},{"elapsed_time":621858,"segment":0,"interval":1,"start_time":1610778954118},{"elapsed_time":631862,"segment":0,"interval":1,"start_time":1610778964122},{"elapsed_time":635374,"segment":0,"interval":1,"start_time":1610778967634},{"elapsed_time":641870,"segment":0,"interval":1,"start_time":1610778974130},{"elapsed_time":651822,"segment":0,"interval":1,"start_time":1610778984082},{"elapsed_time":659366,"segment":0,"interval":1,"start_time":1610778991626},{"elapsed_time":662856,"segment":0,"interval":1,"start_time":1610778995116},{"elapsed_time":672827,"segment":0,"interval":1,"start_time":1610779005087},{"elapsed_time":682851,"segment":0,"interval":1,"start_time":1610779015111},{"elapsed_time":686002,"segment":0,"interval":1,"start_time":1610779018262},{"elapsed_time":691322,"segment":0,"interval":1,"start_time":1610779023582},{"elapsed_time":691856,"segment":0,"interval":1,"start_time":1610779024116},{"elapsed_time":701875,"segment":0,"interval":1,"start_time":1610779034135},{"elapsed_time":711867,"segment":0,"interval":1,"start_time":1610779044127},{"elapsed_time":714895,"segment":0,"interval":1,"start_time":1610779047155},{"elapsed_time":721856,"segment":0,"interval":1,"start_time":1610779054116},{"elapsed_time":731851,"segment":0,"interval":1,"start_time":1610779064111},{"elapsed_time":741853,"segment":0,"interval":1,"start_time":1610779074113},{"elapsed_time":743358,"segment":0,"interval":1,"start_time":1610779075618},{"elapsed_time":751862,"segment":0,"interval":1,"start_time":1610779084122},{"elapsed_time":762852,"segment":0,"interval":1,"start_time":1610779095112},{"elapsed_time":764786,"segment":0,"interval":1,"start_time":1610779097046},{"elapsed_time":772860,"segment":0,"interval":1,"start_time":1610779105120},{"elapsed_time":782882,"segment":0,"interval":1,"start_time":1610779115142},{"elapsed_time":786000,"segment":0,"interval":1,"start_time":1610779118260},{"elapsed_time":791863,"segment":0,"interval":1,"start_time":1610779124123},{"elapsed_time":801852,"segment":0,"interval":1,"start_time":1610779134112},{"elapsed_time":807513,"segment":0,"interval":1,"start_time":1610779139773},{"elapsed_time":811861,"segment":0,"interval":1,"start_time":1610779144121},{"elapsed_time":821851,"segment":0,"interval":1,"start_time":1610779154111},{"elapsed_time":829554,"segment":0,"interval":1,"start_time":1610779161814},{"elapsed_time":831859,"segment":0,"interval":1,"start_time":1610779164119},{"elapsed_time":841852,"segment":0,"interval":1,"start_time":1610779174112},{"elapsed_time":851857,"segment":0,"interval":1,"start_time":1610779184117},{"elapsed_time":852791,"segment":0,"interval":1,"start_time":1610779185051},{"elapsed_time":862856,"segment":0,"interval":1,"start_time":1610779195116},{"elapsed_time":872843,"segment":0,"interval":1,"start_time":1610779205103},{"elapsed_time":876794,"segment":0,"interval":1,"start_time":1610779209054},{"elapsed_time":882831,"segment":0,"interval":1,"start_time":1610779215091},{"elapsed_time":891827,"segment":0,"interval":1,"start_time":1610779224087},{"elapsed_time":897964,"segment":0,"interval":1,"start_time":1610779230224},{"elapsed_time":901856,"segment":0,"interval":1,"start_time":1610779234116},{"elapsed_time":911853,"segment":0,"interval":1,"start_time":1610779244113},{"elapsed_time":917676,"segment":0,"interval":1,"start_time":1610779249936},{"elapsed_time":921858,"segment":0,"interval":1,"start_time":1610779254118},{"elapsed_time":931841,"segment":0,"interval":1,"start_time":1610779264101},{"elapsed_time":941819,"segment":0,"interval":1,"start_time":1610779274079},{"elapsed_time":949550,"segment":0,"interval":1,"start_time":1610779283680}]