{"data":[{"advanced_metrics":[{"chart_data":[{"duration":10000,"score":1,"value":0.9401},{"duration":20000,"score":1,"value":0.9486},{"duration":30000,"score":2,"value":0.9647},{"duration":40000,"score":2,"value":0.9546},{"duration":50000,"score":2,"value":0.9712},{"duration":60000,"score":2,"value":0.9846},{"duration":70000,"score":2,"value":0.9903},{"duration":80000,"score":2,"value":0.9903},{"duration":90000,"score":2,"value":0.9852},{"duration":100000,"score":2,"value":0.9828},{"duration":110000,"score":2,"value":0.9776},{"duration":120000,"score":2,"value":0.9866},{"duration":130000,"score":2,"value":0.9972},{"duration":140000,"score":2,"value":0.9787},{"duration":150000,"score":2,"value":0.9731},{"duration":160000,"score":2,"value":0.9561},{"duration":170000,"score":2,"value":0.9665},{"duration":180000,"score":2,"value":0.9824},{"duration":190000,"score":2,"value":0.9950},{"duration":200000,"score":2,"value":0.9840},{"duration":210000,"score":2,"value":0.9534},{"duration":220000,"score":1,"value":0.9165},{"duration":230000,"score":1,"value":0.9352},{"duration":240000,"score":2,"value":0.9530},{"duration":250000,"score":2,"value":0.9744},{"duration":260000,"score":2,"value":0.9895},{"duration":270000,"score":2,"value":0.9865},{"duration":280000,"score":2,"value":0.9662},{"duration":290000,"score":2,"value":0.9635},{"duration":300000,"score":1,"value":0.9436},{"duration":310000,"score":2,"value":0.9621},{"duration":320000,"score":2,"value":0.9560},{"duration":330000,"score":2,"value":0.9607},{"duration":340000,"score":2,"value":0.9691},{"duration":350000,"score":2,"value":0.9829},{"duration":360000,"score":2,"value":0.9818},{"duration":370000,"score":2,"value":0.9811},{"duration":380000,"score":2,"value":0.9807},{"duration":390000,"score":2,"value":0.9724},{"duration":400000,"score":2,"value":0.9668},{"duration":410000,"score":2,"value":0.9551},{"duration":420000,"score":2,"value":0.9561},{"duration":430000,"score":2,"value":0.9610},{"duration":440000,"score":2,"value":0.9747},{"duration":450000,"score":2,"value":0.9890},{"duration":460000,"score":2,"value":0.9807},{"duration":470000,"score":2,"value":0.9743},{"duration":480000,"score":2,"value":0.9757},{"duration":490000,"score":2,"value":0.9734},{"duration":500000,"score":2,"value":0.9709},{"duration":510000,"score":2,"value":0.9712},{"duration":520000,"score":2,"value":0.9746},{"duration":530000,"score":2,"value":0.9787},{"duration":540000,"score":2,"value":0.9892},{"duration":550000,"score":2,"value":0.9980},{"duration":560000,"score":2,"value":0.9986},{"duration":570000,"score":1,"value":0.9486},{"duration":580000,"score":0,"value":0.8739},{"duration":590000,"score":0,"value":0.8775},{"duration":600000,"score":1,"value":0.9492},{"duration":610000,"score":2,"value":0.9700},{"duration":620000,"score":2,"value":0.9624},{"duration":630000,"score":1,"value":0.9278},{"duration":640000,"score":1,"value":0.9195},{"duration":650000,"score":1,"value":0.9424},{"duration":660000,"score":2,"value":0.9641},{"duration":670000,"score":2,"value":0.9866},{"duration":680000,"score":2,"value":0.9886},{"duration":690000,"score":2,"value":0.9815},{"duration":700000,"score":2,"value":0.9754},{"duration":710000,"score":2,"value":0.9678},{"duration":720000,"score":1,"value":0.9449},{"duration":730000,"score":2,"value":0.9587},{"duration":740000,"score":2,"value":0.9576},{"duration":750000,"score":2,"value":0.9686},{"duration":760000,"score":2,"value":0.9556},{"duration":770000,"score":1,"value":0.9115},{"duration":780000,"score":2,"value":0.9557},{"duration":790000,"score":2,"value":0.9630},{"duration":800000,"score":2,"value":0.9696},{"duration":810000,"score":2,"value":0.9736},{"duration":820000,"score":2,"value":0.9751},{"duration":830000,"score":2,"value":0.9789},{"duration":840000,"score":2,"value":0.9876},{"duration":850000,"score":2,"value":0.9755},{"duration":860000,"score":2,"value":0.9676},{"duration":870000,"score":2,"value":0.9694},{"duration":880000,"score":2,"value":0.9636},{"duration":890000,"score":2,"value":0.9564},{"duration":900000,"score":2,"value":0.9738},{"duration":910000,"score":2,"value":0.9821},{"duration":920000,"score":2,"value":0.9793},{"duration":930000,"score":2,"value":0.9835},{"duration":940000,"score":2,"value":0.9781},{"duration":950000,"score":1,"value":0.9095},{"duration":960000,"score":1,"value":0.9232},{"duration":970000,"score":1,"value":0.9495},{"duration":980000,"score":2,"value":0.9778},{"duration":990000,"score":2,"value":0.9809},{"duration":1000000,"score":2,"value":0.9884},{"duration":1010000,"score":2,"value":0.9839},{"duration":1020000,"score":2,"value":0.9837},{"duration":1030000,"score":2,"value":0.9727},{"duration":1040000,"score":2,"value":0.9680},{"duration":1050000,"score":2,"value":0.9853},{"duration":1060000,"score":2,"value":0.9965},{"duration":1070000,"score":2,"value":0.9832},{"duration":1080000,"score":2,"value":0.9692},{"duration":1090000,"score":2,"value":0.9700},{"duration":1100000,"score":2,"value":0.9631},{"duration":1110000,"score":2,"value":0.9631},{"duration":1120000,"score":2,"value":0.9648},{"duration":1130000,"score":2,"value":0.9729},{"duration":1140000,"score":2,"value":0.9864},{"duration":1150000,"score":2,"value":0.9812},{"duration":1160000,"score":2,"value":0.9851},{"duration":1170000,"score":2,"value":0.9782},{"duration":1180000,"score":2,"value":0.9651},{"duration":1190000,"score":2,"value":0.9606},{"duration":1200000,"score":2,"value":0.9747},{"duration":1210000,"score":2,"value":0.9741},{"duration":1220000,"score":1,"value":0.9319},{"duration":1230000,"score":0,"value":0.8928},{"duration":1240000,"score":1,"value":0.9036},{"duration":1250000,"score":2,"value":0.9741},{"duration":1260000,"score":2,"value":0.9872},{"duration":1270000,"score":2,"value":0.9747},{"duration":1280000,"score":2,"value":0.9787},{"duration":1290000,"score":2,"value":0.9753},{"duration":1300000,"score":2,"value":0.9566},{"duration":1310000,"score":2,"value":0.9523},{"duration":1320000,"score":2,"value":0.9657},{"duration":1330000,"score":2,"value":0.9667},{"duration":1340000,"score":2,"value":0.9753},{"duration":1350000,"score":2,"value":0.9849},{"duration":1360000,"score":2,"value":0.9850},{"duration":1370000,"score":2,"value":0.9618},{"duration":1380000,"score":2,"value":0.9619},{"duration":1390000,"score":2,"value":0.9757},{"duration":1400000,"score":2,"value":0.9815},{"duration":1410000,"score":2,"value":0.9883},{"duration":1420000,"score":2,"value":0.9838},{"duration":1430000,"score":2,"value":0.9788},{"duration":1440000,"score":2,"value":0.9764},{"duration":1450000,"score":2,"value":0.9777},{"duration":1460000,"score":2,"value":0.9684},{"duration":1470000,"score":2,"value":0.9655},{"duration":1480000,"score":2,"value":0.9589},{"duration":1490000,"score":2,"value":0.9644},{"duration":1500000,"score":2,"value":0.9616},{"duration":1510000,"score":2,"value":0.9634},{"duration":1520000,"score":2,"value":0.9680},{"duration":1530000,"score":2,"value":0.9769},{"duration":1540000,"score":2,"value":0.9631},{"duration":1550000,"score":2,"value":0.9507},{"duration":1560000,"score":1,"value":0.9481},{"duration":1570000,"score":2,"value":0.9669},{"duration":1580000,"score":2,"value":0.9755},{"duration":1590000,"score":2,"value":0.9711},{"duration":1600000,"score":2,"value":0.9662},{"duration":1610000,"score":2,"value":0.9663},{"duration":1620000,"score":2,"value":0.9732},{"duration":1630000,"score":2,"value":0.9741},{"duration":1640000,"score":2,"value":0.9765},{"duration":1650000,"score":2,"value":0.9887},{"duration":1660000,"score":2,"value":0.9858},{"duration":1670000,"score":2,"value":0.9782},{"duration":1680000,"score":2,"value":0.9765},{"duration":1690000,"score":2,"value":0.9763},{"duration":1700000,"score":2,"value":0.9744},{"duration":1710000,"score":2,"value":0.9630},{"duration":1720000,"score":1,"value":0.9381},{"duration":1730000,"score":1,"value":0.9475},{"duration":1740000,"score":2,"value":0.9713},{"duration":1750000,"score":2,"value":0.9673},{"duration":1760000,"score":2,"value":0.9511},{"duration":1770000,"score":2,"value":0.9697},{"duration":1780000,"score":2,"value":0.9799},{"duration":1790000,"score":2,"value":0.9882},{"duration":1800000,"score":2,"value":0.9738},{"duration":1810000,"score":1,"value":0.9404},{"duration":1820000,"score":0,"value":0.8804},{"duration":1830000,"score":1,"value":0.9273},{"duration":1840000,"score":2,"value":0.9817}],"data_type":"regularity","overall_score":2,"score_ratio":[4.0,9.0,87.0]},{"chart_data":[{"duration":10000,"score":2,"value":-0.0077},{"duration":20000,"score":1,"value":-0.0329},{"duration":30000,"score":1,"value":-0.0296},{"duration":40000,"score":1,"value":-0.0343},{"duration":50000,"score":2,"value":-0.0158},{"duration":60000,"score":2,"value":-0.0147},{"duration":70000,"score":1,"value":-0.0288},{"duration":80000,"score":1,"value":-0.0299},{"duration":90000,"score":2,"value":-0.0179},{"duration":100000,"score":2,"value":-0.0176},{"duration":110000,"score":1,"value":-0.0293},{"duration":120000,"score":1,"value":-0.0252},{"duration":130000,"score":2,"value":-0.0163},{"duration":140000,"score":2,"value":-0.0188},{"duration":150000,"score":2,"value":-0.0191},{"duration":160000,"score":2,"value":-0.0067},{"duration":170000,"score":2,"value":-0.0025},{"duration":180000,"score":2,"value":-0.0131},{"duration":190000,"score":2,"value":-0.0022},{"duration":200000,"score":2,"value":-0.0178},{"duration":210000,"score":1,"value":-0.0338},{"duration":220000,"score":2,"value":-0.0198},{"duration":230000,"score":2,"value":-0.0131},{"duration":240000,"score":2,"value":-0.0186},{"duration":250000,"score":2,"value":-0.0076},{"duration":260000,"score":2,"value":-0.0122},{"duration":270000,"score":2,"value":-0.0176},{"duration":280000,"score":2,"value":-0.0089},{"duration":290000,"score":2,"value":-0.0087},{"duration":300000,"score":2,"value":-0.0084},{"duration":310000,"score":2,"value":-0.0069},{"duration":320000,"score":2,"value":-0.0154},{"duration":330000,"score":2,"value":-0.0163},{"duration":340000,"score":2,"value":-0.0121},{"duration":350000,"score":2,"value":-0.0123},{"duration":360000,"score":2,"value":-0.0118},{"duration":370000,"score":2,"value":-0.0114},{"duration":380000,"score":2,"value":-0.0193},{"duration":390000,"score":2,"value":-0.0072},{"duration":400000,"score":2,"value":-0.0182},{"duration":410000,"score":1,"value":-0.0229},{"duration":420000,"score":2,"value":-0.0159},{"duration":430000,"score":2,"value":-0.0177},{"duration":440000,"score":2,"value":-0.0108},{"duration":450000,"score":2,"value":0.0026},{"duration":460000,"score":2,"value":-0.0143},{"duration":470000,"score":1,"value":-0.0311},{"duration":480000,"score":2,"value":-0.0123},{"duration":490000,"score":2,"value":-0.0102},{"duration":500000,"score":2,"value":-0.0104},{"duration":510000,"score":2,"value":0.0045},{"duration":520000,"score":2,"value":-0.0136},{"duration":530000,"score":1,"value":-0.0229},{"duration":540000,"score":2,"value":-0.0142},{"duration":550000,"score":2,"value":-0.0074},{"duration":560000,"score":2,"value":-0.0097},{"duration":570000,"score":2,"value":0.0198},{"duration":580000,"score":2,"value":-0.0040},{"duration":590000,"score":1,"value":-0.0268},{"duration":600000,"score":2,"value":-0.0175},{"duration":610000,"score":1,"value":-0.0295},{"duration":620000,"score":2,"value":-0.0134},{"duration":630000,"score":1,"value":-0.0302},{"duration":640000,"score":2,"value":-0.0038},{"duration":650000,"score":2,"value":-0.0197},{"duration":660000,"score":1,"value":-0.0241},{"duration":670000,"score":2,"value":-0.0207},{"duration":680000,"score":2,"value":-0.0101},{"duration":690000,"score":1,"value":-0.0245},{"duration":700000,"score":2,"value":-0.0113},{"duration":710000,"score":2,"value":-0.0124},{"duration":720000,"score":2,"value":-0.0038},{"duration":730000,"score":2,"value":-0.0082},{"duration":740000,"score":2,"value":-0.0158},{"duration":750000,"score":2,"value":-0.0096},{"duration":760000,"score":2,"value":-0.0146},{"duration":770000,"score":2,"value":-0.0175},{"duration":780000,"score":1,"value":-0.0241},{"duration":790000,"score":1,"value":-0.0326},{"duration":800000,"score":1,"value":-0.0227},{"duration":810000,"score":2,"value":-0.0160},{"duration":820000,"score":1,"value":-0.0275},{"duration":830000,"score":1,"value":-0.0310},{"duration":840000,"score":2,"value":-0.0083},{"duration":850000,"score":2,"value":0.0021},{"duration":860000,"score":1,"value":-0.0314},{"duration":870000,"score":1,"value":-0.0250},{"duration":880000,"score":2,"value":-0.0189},{"duration":890000,"score":2,"value":-0.0161},{"duration":900000,"score":2,"value":-0.0145},{"duration":910000,"score":2,"value":-0.0192},{"duration":920000,"score":1,"value":-0.0369},{"duration":930000,"score":1,"value":-0.0285},{"duration":940000,"score":1,"value":-0.0258},{"duration":950000,"score":2,"value":-0.0168},{"duration":960000,"score":2,"value":-0.0091},{"duration":970000,"score":1,"value":-0.0299},{"duration":980000,"score":2,"value":-0.0197},{"duration":990000,"score":2,"value":-0.0223},{"duration":1000000,"score":1,"value":-0.0253},{"duration":1010000,"score":1,"value":-0.0481},{"duration":1020000,"score":1,"value":-0.0318},{"duration":1030000,"score":1,"value":-0.0235},{"duration":1040000,"score":2,"value":-0.0159},{"duration":1050000,"score":2,"value":-0.0146},{"duration":1060000,"score":2,"value":-0.0160},{"duration":1070000,"score":2,"value":-0.0023},{"duration":1080000,"score":1,"value":-0.0270},{"duration":1090000,"score":2,"value":-0.0137},{"duration":1100000,"score":2,"value":-0.0175},{"duration":1110000,"score":2,"value":-0.0055},{"duration":1120000,"score":2,"value":-0.0162},{"duration":1130000,"score":2,"value":0.0048},{"duration":1140000,"score":2,"value":0.0011},{"duration":1150000,"score":2,"value":-0.0096},{"duration":1160000,"score":1,"value":-0.0234},{"duration":1170000,"score":1,"value":-0.0252},{"duration":1180000,"score":2,"value":-0.0096},{"duration":1190000,"score":2,"value":-0.0105},{"duration":1200000,"score":1,"value":-0.0292},{"duration":1210000,"score":2,"value":-0.0051},{"duration":1220000,"score":2,"value":0.0063},{"duration":1230000,"score":2,"value":-0.0075},{"duration":1240000,"score":1,"value":-0.0235},{"duration":1250000,"score":2,"value":-0.0196},{"duration":1260000,"score":1,"value":-0.0266},{"duration":1270000,"score":2,"value":-0.0109},{"duration":1280000,"score":1,"value":-0.0319},{"duration":1290000,"score":1,"value":-0.0259},{"duration":1300000,"score":2,"value":-0.0200},{"duration":1310000,"score":2,"value":-0.0129},{"duration":1320000,"score":2,"value":-0.0180},{"duration":1330000,"score":2,"value":-0.0037},{"duration":1340000,"score":2,"value":-0.0179},{"duration":1350000,"score":1,"value":-0.0293},{"duration":1360000,"score":2,"value":-0.0215},{"duration":1370000,"score":1,"value":-0.0249},{"duration":1380000,"score":2,"value":-0.0197},{"duration":1390000,"score":2,"value":-0.0206},{"duration":1400000,"score":1,"value":-0.0389},{"duration":1410000,"score":1,"value":-0.0232},{"duration":1420000,"score":2,"value":-0.0167},{"duration":1430000,"score":2,"value":-0.0136},{"duration":1440000,"score":1,"value":-0.0293},{"duration":1450000,"score":1,"value":-0.0242},{"duration":1460000,"score":2,"value":-0.0196},{"duration":1470000,"score":2,"value":-0.0138},{"duration":1480000,"score":2,"value":-0.0186},{"duration":1490000,"score":2,"value":-0.0124},{"duration":1500000,"score":2,"value":-0.0204},{"duration":1510000,"score":2,"value":-0.0151},{"duration":1520000,"score":1,"value":-0.0237},{"duration":1530000,"score":2,"value":-0.0215},{"duration":1540000,"score":2,"value":-0.0181},{"duration":1550000,"score":2,"value":-0.0186},{"duration":1560000,"score":2,"value":-0.0181},{"duration":1570000,"score":2,"value":-0.0178},{"duration":1580000,"score":1,"value":-0.0259},{"duration":1590000,"score":2,"value":-0.0192},{"duration":1600000,"score":1,"value":-0.0246},{"duration":1610000,"score":2,"value":-0.0154},{"duration":1620000,"score":2,"value":-0.0149},{"duration":1630000,"score":2,"value":-0.0146},{"duration":1640000,"score":1,"value":-0.0508},{"duration":1650000,"score":2,"value":-0.0195},{"duration":1660000,"score":2,"value":-0.0164},{"duration":1670000,"score":2,"value":-0.0175},{"duration":1680000,"score":2,"value":-0.0201},{"duration":1690000,"score":1,"value":-0.0249},{"duration":1700000,"score":1,"value":-0.0529},{"duration":1710000,"score":1,"value":-0.0295},{"duration":1720000,"score":1,"value":-0.0228},{"duration":1730000,"score":1,"value":-0.0319},{"duration":1740000,"score":1,"value":-0.0235},{"duration":1750000,"score":2,"value":-0.0221},{"duration":1760000,"score":1,"value":-0.0279},{"duration":1770000,"score":1,"value":-0.0354},{"duration":1780000,"score":2,"value":-0.0005},{"duration":1790000,"score":2,"value":-0.0101},{"duration":1800000,"score":1,"value":-0.0274},{"duration":1810000,"score":1,"value":-0.0386},{"duration":1820000,"score":1,"value":-0.0394},{"duration":1830000,"score":2,"value":-0.0191},{"duration":1840000,"score":2,"value":0.0045}],"data_type":"asymmetry","overall_score":2,"score_ratio":[5.0,30.0,65.0]},{"chart_data":[{"duration":10000,"score":1,"value":40193.3046},{"duration":20000,"score":1,"value":43063.6171},{"duration":30000,"score":0,"value":39835.4140},{"duration":40000,"score":0,"value":40000.375},{"duration":50000,"score":0,"value":39550.0468},{"duration":60000,"score":0,"value":37988.7070},{"duration":70000,"score":0,"value":38012.6367},{"duration":80000,"score":0,"value":39060.3281},{"duration":90000,"score":0,"value":37525.8671},{"duration":100000,"score":0,"value":36969.2890},{"duration":110000,"score":0,"value":36657.7773},{"duration":120000,"score":0,"value":37290.3437},{"duration":130000,"score":0,"value":37081.9843},{"duration":140000,"score":0,"value":36649.3984},{"duration":150000,"score":0,"value":37159.0820},{"duration":160000,"score":0,"value":38227.8671},{"duration":170000,"score":0,"value":37650.3554},{"duration":180000,"score":0,"value":37490.5625},{"duration":190000,"score":0,"value":36478.9687},{"duration":200000,"score":0,"value":36686.0195},{"duration":210000,"score":0,"value":35654.8906},{"duration":220000,"score":0,"value":38234.9570},{"duration":230000,"score":0,"value":37938.7851},{"duration":240000,"score":0,"value":35476.7382},{"duration":250000,"score":0,"value":35826.2148},{"duration":260000,"score":0,"value":35156.6914},{"duration":270000,"score":0,"value":36164.7773},{"duration":280000,"score":0,"value":36896.7968},{"duration":290000,"score":0,"value":35803.7578},{"duration":300000,"score":0,"value":36558.2265},{"duration":310000,"score":0,"value":36437.5078},{"duration":320000,"score":0,"value":35924.3046},{"duration":330000,"score":0,"value":35804.6093},{"duration":340000,"score":0,"value":35379.8320},{"duration":350000,"score":0,"value":35517.8398},{"duration":360000,"score":0,"value":35866.4140},{"duration":370000,"score":0,"value":35719.0546},{"duration":380000,"score":0,"value":35417.9570},{"duration":390000,"score":0,"value":36152.2460},{"duration":400000,"score":0,"value":35273.9960},{"duration":410000,"score":0,"value":34929.7148},{"duration":420000,"score":0,"value":35291.8281},{"duration":430000,"score":0,"value":35394.6523},{"duration":440000,"score":0,"value":34955.0312},{"duration":450000,"score":0,"value":34869.5234},{"duration":460000,"score":0,"value":34920.6796},{"duration":470000,"score":0,"value":33252.6210},{"duration":480000,"score":0,"value":34485.9218},{"duration":490000,"score":0,"value":35753.7304},{"duration":500000,"score":0,"value":35738.3164},{"duration":510000,"score":0,"value":35611.6445},{"duration":520000,"score":0,"value":33997.7226},{"duration":530000,"score":0,"value":34487.3242},{"duration":540000,"score":0,"value":34336.6679},{"duration":550000,"score":0,"value":34990.5546},{"duration":560000,"score":0,"value":34692.6562},{"duration":570000,"score":0,"value":35303.7968},{"duration":580000,"score":0,"value":36546.8593},{"duration":590000,"score":0,"value":36168.3671},{"duration":600000,"score":0,"value":35048.9179},{"duration":610000,"score":0,"value":34788.3554},{"duration":620000,"score":0,"value":34157.2382},{"duration":630000,"score":0,"value":35285.7031},{"duration":640000,"score":0,"value":35533.4843},{"duration":650000,"score":0,"value":34907.1640},{"duration":660000,"score":0,"value":35618.2617},{"duration":670000,"score":0,"value":35116.5937},{"duration":680000,"score":0,"value":34664.9921},{"duration":690000,"score":0,"value":35413.0156},{"duration":700000,"score":0,"value":33858.0429},{"duration":710000,"score":0,"value":35480.0976},{"duration":720000,"score":0,"value":36720.4257},{"duration":730000,"score":0,"value":35183.4179},{"duration":740000,"score":0,"value":34864.1171},{"duration":750000,"score":0,"value":33911.2890},{"duration":760000,"score":0,"value":33990.6953},{"duration":770000,"score":0,"value":35194.9609},{"duration":780000,"score":0,"value":35624.7773},{"duration":790000,"score":0,"value":35656.3789},{"duration":800000,"score":0,"value":35781.8632},{"duration":810000,"score":0,"value":35220.625},{"duration":820000,"score":0,"value":35312.0273},{"duration":830000,"score":0,"value":35623.9726},{"duration":840000,"score":0,"value":34632.3593},{"duration":850000,"score":0,"value":34462.4218},{"duration":860000,"score":0,"value":34865.0195},{"duration":870000,"score":0,"value":35452.5039},{"duration":880000,"score":0,"value":36132.8867},{"duration":890000,"score":0,"value":35862.5351},{"duration":900000,"score":0,"value":36234.1054},{"duration":910000,"score":0,"value":35282.8828},{"duration":920000,"score":0,"value":34498.8632},{"duration":930000,"score":0,"value":35022.2734},{"duration":940000,"score":0,"value":35545.8671},{"duration":950000,"score":0,"value":36826.3984},{"duration":960000,"score":0,"value":34828.5625},{"duration":970000,"score":0,"value":34802.9062},{"duration":980000,"score":0,"value":35320.5507},{"duration":990000,"score":0,"value":35244.7265},{"duration":1000000,"score":0,"value":34042.9453},{"duration":1010000,"score":0,"value":34148.2812},{"duration":1020000,"score":0,"value":33076.8554},{"duration":1030000,"score":0,"value":33958.9687},{"duration":1040000,"score":0,"value":34342.9179},{"duration":1050000,"score":0,"value":34757.1406},{"duration":1060000,"score":0,"value":34368.4375},{"duration":1070000,"score":0,"value":33759.5390},{"duration":1080000,"score":0,"value":34070.5195},{"duration":1090000,"score":0,"value":35018.0195},{"duration":1100000,"score":0,"value":36147.3515},{"duration":1110000,"score":0,"value":35771.0117},{"duration":1120000,"score":0,"value":35285.4414},{"duration":1130000,"score":0,"value":34402.7031},{"duration":1140000,"score":0,"value":34422.1132},{"duration":1150000,"score":0,"value":34518.5859},{"duration":1160000,"score":0,"value":35509.6953},{"duration":1170000,"score":0,"value":36140.2968},{"duration":1180000,"score":0,"value":35743.1093},{"duration":1190000,"score":0,"value":34763.9609},{"duration":1200000,"score":0,"value":36186.2812},{"duration":1210000,"score":0,"value":33547.1015},{"duration":1220000,"score":0,"value":33535.3710},{"duration":1230000,"score":0,"value":34537.1484},{"duration":1240000,"score":0,"value":35971.2382},{"duration":1250000,"score":0,"value":36257.6328},{"duration":1260000,"score":0,"value":36443.4492},{"duration":1270000,"score":0,"value":35857.2304},{"duration":1280000,"score":0,"value":35883.9140},{"duration":1290000,"score":0,"value":34189.1015},{"duration":1300000,"score":0,"value":35702.9687},{"duration":1310000,"score":0,"value":35989.9609},{"duration":1320000,"score":0,"value":36534.375},{"duration":1330000,"score":0,"value":36556.0976},{"duration":1340000,"score":0,"value":36412.3789},{"duration":1350000,"score":0,"value":36655.5859},{"duration":1360000,"score":0,"value":35286.0156},{"duration":1370000,"score":0,"value":36107.8554},{"duration":1380000,"score":0,"value":37061.2460},{"duration":1390000,"score":0,"value":37074.2578},{"duration":1400000,"score":0,"value":37335.1484},{"duration":1410000,"score":0,"value":36851.0429},{"duration":1420000,"score":0,"value":37343.1093},{"duration":1430000,"score":0,"value":37024.8945},{"duration":1440000,"score":0,"value":36421.4882},{"duration":1450000,"score":0,"value":37023.3554},{"duration":1460000,"score":0,"value":37520.6640},{"duration":1470000,"score":0,"value":36892.4296},{"duration":1480000,"score":0,"value":35909.6328},{"duration":1490000,"score":0,"value":35152.6796},{"duration":1500000,"score":0,"value":34465.1679},{"duration":1510000,"score":0,"value":34241.8437},{"duration":1520000,"score":0,"value":34534.7382},{"duration":1530000,"score":0,"value":34524.3828},{"duration":1540000,"score":0,"value":35796.2343},{"duration":1550000,"score":0,"value":36250.7968},{"duration":1560000,"score":0,"value":37086.5976},{"duration":1570000,"score":0,"value":37306.2304},{"duration":1580000,"score":0,"value":36250.2890},{"duration":1590000,"score":0,"value":36984.4804},{"duration":1600000,"score":0,"value":35156.6757},{"duration":1610000,"score":0,"value":36516.7226},{"duration":1620000,"score":0,"value":36706.7890},{"duration":1630000,"score":0,"value":36609.3242},{"duration":1640000,"score":0,"value":37150.6328},{"duration":1650000,"score":0,"value":36055.3671},{"duration":1660000,"score":0,"value":35447.0625},{"duration":1670000,"score":0,"value":36054.5976},{"duration":1680000,"score":0,"value":36534.8828},{"duration":1690000,"score":0,"value":35595.8828},{"duration":1700000,"score":0,"value":34821.0273},{"duration":1710000,"score":0,"value":36486.7148},{"duration":1720000,"score":0,"value":37148.6757},{"duration":1730000,"score":0,"value":36292.6484},{"duration":1740000,"score":0,"value":37013.5859},{"duration":1750000,"score":0,"value":37252.9843},{"duration":1760000,"score":0,"value":36628.8671},{"duration":1770000,"score":0,"value":36718.8085},{"duration":1780000,"score":0,"value":36732.2382},{"duration":1790000,"score":0,"value":37864.1406},{"duration":1800000,"score":0,"value":35989.2929},{"duration":1810000,"score":0,"value":36051.5585},{"duration":1820000,"score":0,"value":35732.0468},{"duration":1830000,"score":0,"value":35723.25},{"duration":1840000,"score":0,"value":37819.6289}],"data_type":"stiffness","overall_score":0,"score_ratio":[98.0,2.0,0.0]},{"chart_data":[{"duration":10000,"score":1,"value":0.0947},{"duration":20000,"score":1,"value":0.0885},{"duration":30000,"score":1,"value":0.0900},{"duration":40000,"score":1,"value":0.0917},{"duration":50000,"score":1,"value":0.0925},{"duration":60000,"score":1,"value":0.0920},{"duration":70000,"score":0,"value":0.0927},{"duration":80000,"score":1,"value":0.0922},{"duration":90000,"score":0,"value":0.0950},{"duration":100000,"score":0,"value":0.0943},{"duration":110000,"score":0,"value":0.0946},{"duration":120000,"score":0,"value":0.0951},{"duration":130000,"score":0,"value":0.0962},{"duration":140000,"score":0,"value":0.0969},{"duration":150000,"score":0,"value":0.0944},{"duration":160000,"score":1,"value":0.0920},{"duration":170000,"score":0,"value":0.0948},{"duration":180000,"score":0,"value":0.0935},{"duration":190000,"score":0,"value":0.0956},{"duration":200000,"score":0,"value":0.0941},{"duration":210000,"score":1,"value":0.0870},{"duration":220000,"score":1,"value":0.0907},{"duration":230000,"score":1,"value":0.0921},{"duration":240000,"score":0,"value":0.0968},{"duration":250000,"score":0,"value":0.0973},{"duration":260000,"score":0,"value":0.1003},{"duration":270000,"score":0,"value":0.0964},{"duration":280000,"score":0,"value":0.0956},{"duration":290000,"score":0,"value":0.0963},{"duration":300000,"score":0,"value":0.0944},{"duration":310000,"score":0,"value":0.0969},{"duration":320000,"score":0,"value":0.0978},{"duration":330000,"score":0,"value":0.0973},{"duration":340000,"score":0,"value":0.0972},{"duration":350000,"score":0,"value":0.0968},{"duration":360000,"score":0,"value":0.0963},{"duration":370000,"score":0,"value":0.0963},{"duration":380000,"score":0,"value":0.0978},{"duration":390000,"score":0,"value":0.0955},{"duration":400000,"score":0,"value":0.0972},{"duration":410000,"score":0,"value":0.0990},{"duration":420000,"score":0,"value":0.0966},{"duration":430000,"score":0,"value":0.0956},{"duration":440000,"score":0,"value":0.0983},{"duration":450000,"score":0,"value":0.0944},{"duration":460000,"score":0,"value":0.0984},{"duration":470000,"score":0,"value":0.1017},{"duration":480000,"score":0,"value":0.0978},{"duration":490000,"score":0,"value":0.0983},{"duration":500000,"score":0,"value":0.0996},{"duration":510000,"score":0,"value":0.0971},{"duration":520000,"score":0,"value":0.1004},{"duration":530000,"score":0,"value":0.0990},{"duration":540000,"score":0,"value":0.0980},{"duration":550000,"score":0,"value":0.0972},{"duration":560000,"score":0,"value":0.0976},{"duration":570000,"score":1,"value":0.0938},{"duration":580000,"score":0,"value":0.0961},{"duration":590000,"score":0,"value":0.0962},{"duration":600000,"score":0,"value":0.0973},{"duration":610000,"score":0,"value":0.1015},{"duration":620000,"score":0,"value":0.1020},{"duration":630000,"score":0,"value":0.0965},{"duration":640000,"score":0,"value":0.0966},{"duration":650000,"score":0,"value":0.0989},{"duration":660000,"score":0,"value":0.0974},{"duration":670000,"score":0,"value":0.0981},{"duration":680000,"score":0,"value":0.0983},{"duration":690000,"score":0,"value":0.0967},{"duration":700000,"score":0,"value":0.0988},{"duration":710000,"score":0,"value":0.0970},{"duration":720000,"score":1,"value":0.0925},{"duration":730000,"score":0,"value":0.0967},{"duration":740000,"score":0,"value":0.0997},{"duration":750000,"score":0,"value":0.1022},{"duration":760000,"score":0,"value":0.1022},{"duration":770000,"score":0,"value":0.0985},{"duration":780000,"score":0,"value":0.0989},{"duration":790000,"score":0,"value":0.0982},{"duration":800000,"score":0,"value":0.0991},{"duration":810000,"score":0,"value":0.1002},{"duration":820000,"score":0,"value":0.1005},{"duration":830000,"score":0,"value":0.0990},{"duration":840000,"score":0,"value":0.0970},{"duration":850000,"score":0,"value":0.0975},{"duration":860000,"score":0,"value":0.0990},{"duration":870000,"score":0,"value":0.0994},{"duration":880000,"score":0,"value":0.0952},{"duration":890000,"score":0,"value":0.0966},{"duration":900000,"score":0,"value":0.0972},{"duration":910000,"score":0,"value":0.0986},{"duration":920000,"score":0,"value":0.1011},{"duration":930000,"score":0,"value":0.1009},{"duration":940000,"score":0,"value":0.0991},{"duration":950000,"score":0,"value":0.0973},{"duration":960000,"score":0,"value":0.0993},{"duration":970000,"score":0,"value":0.0999},{"duration":980000,"score":0,"value":0.0994},{"duration":990000,"score":0,"value":0.0976},{"duration":1000000,"score":0,"value":0.1009},{"duration":1010000,"score":0,"value":0.0997},{"duration":1020000,"score":0,"value":0.1031},{"duration":1030000,"score":0,"value":0.1025},{"duration":1040000,"score":0,"value":0.0997},{"duration":1050000,"score":0,"value":0.0994},{"duration":1060000,"score":0,"value":0.1008},{"duration":1070000,"score":0,"value":0.1003},{"duration":1080000,"score":0,"value":0.1023},{"duration":1090000,"score":0,"value":0.0998},{"duration":1100000,"score":0,"value":0.0972},{"duration":1110000,"score":0,"value":0.0982},{"duration":1120000,"score":0,"value":0.0982},{"duration":1130000,"score":0,"value":0.0986},{"duration":1140000,"score":0,"value":0.0973},{"duration":1150000,"score":0,"value":0.1001},{"duration":1160000,"score":0,"value":0.1019},{"duration":1170000,"score":0,"value":0.1001},{"duration":1180000,"score":0,"value":0.0987},{"duration":1190000,"score":0,"value":0.0986},{"duration":1200000,"score":0,"value":0.0990},{"duration":1210000,"score":0,"value":0.0962},{"duration":1220000,"score":0,"value":0.0974},{"duration":1230000,"score":0,"value":0.0989},{"duration":1240000,"score":0,"value":0.0977},{"duration":1250000,"score":0,"value":0.0988},{"duration":1260000,"score":0,"value":0.0990},{"duration":1270000,"score":0,"value":0.1006},{"duration":1280000,"score":0,"value":0.1006},{"duration":1290000,"score":0,"value":0.1026},{"duration":1300000,"score":0,"value":0.0985},{"duration":1310000,"score":0,"value":0.0978},{"duration":1320000,"score":0,"value":0.0987},{"duration":1330000,"score":0,"value":0.0968},{"duration":1340000,"score":0,"value":0.0981},{"duration":1350000,"score":0,"value":0.0967},{"duration":1360000,"score":0,"value":0.0990},{"duration":1370000,"score":0,"value":0.0984},{"duration":1380000,"score":0,"value":0.0988},{"duration":1390000,"score":0,"value":0.0979},{"duration":1400000,"score":0,"value":0.0975},{"duration":1410000,"score":0,"value":0.0958},{"duration":1420000,"score":0,"value":0.0945},{"duration":1430000,"score":0,"value":0.0968},{"duration":1440000,"score":0,"value":0.0973},{"duration":1450000,"score":0,"value":0.0969},{"duration":1460000,"score":0,"value":0.0958},{"duration":1470000,"score":0,"value":0.0977},{"duration":1480000,"score":0,"value":0.0974},{"duration":1490000,"score":1,"value":0.0882},{"duration":1500000,"score":0,"value":0.0977},{"duration":1510000,"score":0,"value":0.1002},{"duration":1520000,"score":0,"value":0.1004},{"duration":1530000,"score":0,"value":0.0967},{"duration":1540000,"score":0,"value":0.0992},{"duration":1550000,"score":0,"value":0.0989},{"duration":1560000,"score":0,"value":0.0983},{"duration":1570000,"score":0,"value":0.1000},{"duration":1580000,"score":0,"value":0.0997},{"duration":1590000,"score":0,"value":0.0963},{"duration":1600000,"score":0,"value":0.0989},{"duration":1610000,"score":0,"value":0.0971},{"duration":1620000,"score":0,"value":0.0965},{"duration":1630000,"score":0,"value":0.0965},{"duration":1640000,"score":0,"value":0.0977},{"duration":1650000,"score":0,"value":0.0997},{"duration":1660000,"score":0,"value":0.0995},{"duration":1670000,"score":0,"value":0.0967},{"duration":1680000,"score":0,"value":0.0970},{"duration":1690000,"score":0,"value":0.0991},{"duration":1700000,"score":0,"value":0.1015},{"duration":1710000,"score":0,"value":0.0996},{"duration":1720000,"score":0,"value":0.0986},{"duration":1730000,"score":0,"value":0.0998},{"duration":1740000,"score":0,"value":0.0965},{"duration":1750000,"score":0,"value":0.0970},{"duration":1760000,"score":0,"value":0.0965},{"duration":1770000,"score":0,"value":0.0966},{"duration":1780000,"score":0,"value":0.0952},{"duration":1790000,"score":0,"value":0.0982},{"duration":1800000,"score":0,"value":0.0997},{"duration":1810000,"score":0,"value":0.1006},{"duration":1820000,"score":0,"value":0.0985},{"duration":1830000,"score":0,"value":0.0982},{"duration":1840000,"score":0,"value":0.0986}],"data_type":"undulation","overall_score":0,"score_ratio":[80.0,20.0,0.0]},{"chart_data":[{"duration":10000,"score":1,"value":171.6867},{"duration":20000,"score":1,"value":166.3718},{"duration":30000,"score":1,"value":174.1098},{"duration":40000,"score":1,"value":172.7269},{"duration":50000,"score":1,"value":172.8381},{"duration":60000,"score":1,"value":177.6754},{"duration":70000,"score":1,"value":178.1498},{"duration":80000,"score":1,"value":175.0102},{"duration":90000,"score":1,"value":179.3295},{"duration":100000,"score":1,"value":180.4578},{"duration":110000,"score":1,"value":180.8091},{"duration":120000,"score":1,"value":179.1859},{"duration":130000,"score":1,"value":178.7669},{"duration":140000,"score":1,"value":179.6506},{"duration":150000,"score":1,"value":179.2818},{"duration":160000,"score":1,"value":173.8442},{"duration":170000,"score":1,"value":177.8988},{"duration":180000,"score":1,"value":178.5615},{"duration":190000,"score":1,"value":180.9404},{"duration":200000,"score":1,"value":181.2776},{"duration":210000,"score":2,"value":161.7179},{"duration":220000,"score":1,"value":172.6249},{"duration":230000,"score":1,"value":176.9018},{"duration":240000,"score":0,"value":184.1486},{"duration":250000,"score":1,"value":182.7585},{"duration":260000,"score":0,"value":184.7683},{"duration":270000,"score":1,"value":181.9237},{"duration":280000,"score":1,"value":180.2832},{"duration":290000,"score":0,"value":183.2721},{"duration":300000,"score":1,"value":181.1534},{"duration":310000,"score":1,"value":180.5357},{"duration":320000,"score":1,"value":182.5905},{"duration":330000,"score":1,"value":182.8315},{"duration":340000,"score":0,"value":183.8958},{"duration":350000,"score":0,"value":183.4854},{"duration":360000,"score":1,"value":182.8084},{"duration":370000,"score":0,"value":183.4951},{"duration":380000,"score":0,"value":184.1193},{"duration":390000,"score":1,"value":180.2066},{"duration":400000,"score":0,"value":184.0832},{"duration":410000,"score":0,"value":185.6490},{"duration":420000,"score":1,"value":182.2537},{"duration":430000,"score":0,"value":184.0663},{"duration":440000,"score":0,"value":185.2294},{"duration":450000,"score":0,"value":187.3969},{"duration":460000,"score":0,"value":185.9689},{"duration":470000,"score":0,"value":193.0426},{"duration":480000,"score":0,"value":187.6993},{"duration":490000,"score":1,"value":182.9229},{"duration":500000,"score":1,"value":182.1298},{"duration":510000,"score":1,"value":183.7819},{"duration":520000,"score":0,"value":189.8677},{"duration":530000,"score":0,"value":187.1721},{"duration":540000,"score":0,"value":187.5585},{"duration":550000,"score":0,"value":185.4251},{"duration":560000,"score":0,"value":186.9077},{"duration":570000,"score":0,"value":186.6977},{"duration":580000,"score":1,"value":182.0099},{"duration":590000,"score":1,"value":182.6583},{"duration":600000,"score":0,"value":185.4010},{"duration":610000,"score":0,"value":184.4977},{"duration":620000,"score":0,"value":186.9327},{"duration":630000,"score":1,"value":183.3591},{"duration":640000,"score":0,"value":183.9461},{"duration":650000,"score":0,"value":185.5663},{"duration":660000,"score":0,"value":183.8132},{"duration":670000,"score":0,"value":184.8725},{"duration":680000,"score":0,"value":186.3930},{"duration":690000,"score":0,"value":184.6730},{"duration":700000,"score":0,"value":189.4879},{"duration":710000,"score":0,"value":183.6231},{"duration":720000,"score":0,"value":183.2068},{"duration":730000,"score":0,"value":185.0790},{"duration":740000,"score":0,"value":185.1377},{"duration":750000,"score":0,"value":187.8324},{"duration":760000,"score":0,"value":188.3219},{"duration":770000,"score":0,"value":184.5328},{"duration":780000,"score":1,"value":183.3933},{"duration":790000,"score":1,"value":183.5132},{"duration":800000,"score":1,"value":182.3906},{"duration":810000,"score":1,"value":183.1000},{"duration":820000,"score":1,"value":183.6804},{"duration":830000,"score":1,"value":183.7150},{"duration":840000,"score":0,"value":186.8583},{"duration":850000,"score":0,"value":187.6398},{"duration":860000,"score":0,"value":186.6425},{"duration":870000,"score":1,"value":183.5440},{"duration":880000,"score":0,"value":183.1285},{"duration":890000,"score":1,"value":182.6096},{"duration":900000,"score":1,"value":181.0690},{"duration":910000,"score":0,"value":184.0191},{"duration":920000,"score":0,"value":184.3038},{"duration":930000,"score":1,"value":184.2274},{"duration":940000,"score":1,"value":183.3459},{"duration":950000,"score":1,"value":180.2212},{"duration":960000,"score":0,"value":185.2356},{"duration":970000,"score":0,"value":185.8447},{"duration":980000,"score":1,"value":184.1446},{"duration":990000,"score":0,"value":186.1810},{"duration":1000000,"score":0,"value":187.7275},{"duration":1010000,"score":0,"value":187.4903},{"duration":1020000,"score":0,"value":192.3118},{"duration":1030000,"score":0,"value":188.6700},{"duration":1040000,"score":0,"value":187.0772},{"duration":1050000,"score":0,"value":185.8579},{"duration":1060000,"score":0,"value":186.7713},{"duration":1070000,"score":0,"value":185.4579},{"duration":1080000,"score":0,"value":186.9854},{"duration":1090000,"score":0,"value":184.1052},{"duration":1100000,"score":1,"value":182.6831},{"duration":1110000,"score":1,"value":183.0068},{"duration":1120000,"score":0,"value":184.2443},{"duration":1130000,"score":0,"value":187.5111},{"duration":1140000,"score":0,"value":187.4368},{"duration":1150000,"score":0,"value":186.7725},{"duration":1160000,"score":1,"value":183.3171},{"duration":1170000,"score":1,"value":180.9644},{"duration":1180000,"score":1,"value":179.7438},{"duration":1190000,"score":0,"value":184.9450},{"duration":1200000,"score":1,"value":181.2751},{"duration":1210000,"score":0,"value":191.6542},{"duration":1220000,"score":0,"value":191.3001},{"duration":1230000,"score":0,"value":185.0217},{"duration":1240000,"score":1,"value":181.1879},{"duration":1250000,"score":1,"value":180.2545},{"duration":1260000,"score":1,"value":180.5773},{"duration":1270000,"score":1,"value":181.9010},{"duration":1280000,"score":1,"value":182.0127},{"duration":1290000,"score":0,"value":187.6503},{"duration":1300000,"score":1,"value":183.1497},{"duration":1310000,"score":1,"value":181.7591},{"duration":1320000,"score":1,"value":180.1033},{"duration":1330000,"score":1,"value":182.3909},{"duration":1340000,"score":1,"value":180.8368},{"duration":1350000,"score":1,"value":181.0598},{"duration":1360000,"score":0,"value":184.7276},{"duration":1370000,"score":1,"value":182.7304},{"duration":1380000,"score":1,"value":176.3165},{"duration":1390000,"score":1,"value":178.5788},{"duration":1400000,"score":1,"value":180.0480},{"duration":1410000,"score":1,"value":180.3597},{"duration":1420000,"score":1,"value":179.4453},{"duration":1430000,"score":1,"value":179.0612},{"duration":1440000,"score":0,"value":182.3732},{"duration":1450000,"score":1,"value":179.1429},{"duration":1460000,"score":1,"value":178.1205},{"duration":1470000,"score":1,"value":180.1507},{"duration":1480000,"score":1,"value":182.4757},{"duration":1490000,"score":1,"value":177.6229},{"duration":1500000,"score":0,"value":184.4611},{"duration":1510000,"score":0,"value":186.9873},{"duration":1520000,"score":0,"value":186.8106},{"duration":1530000,"score":0,"value":188.7565},{"duration":1540000,"score":1,"value":183.1094},{"duration":1550000,"score":1,"value":181.0053},{"duration":1560000,"score":1,"value":178.5107},{"duration":1570000,"score":1,"value":177.7269},{"duration":1580000,"score":1,"value":181.5128},{"duration":1590000,"score":1,"value":179.5319},{"duration":1600000,"score":0,"value":184.9960},{"duration":1610000,"score":1,"value":181.0711},{"duration":1620000,"score":1,"value":178.4005},{"duration":1630000,"score":1,"value":182.4608},{"duration":1640000,"score":1,"value":179.4469},{"duration":1650000,"score":1,"value":181.3035},{"duration":1660000,"score":1,"value":182.9369},{"duration":1670000,"score":1,"value":182.0769},{"duration":1680000,"score":1,"value":180.8290},{"duration":1690000,"score":0,"value":184.2042},{"duration":1700000,"score":0,"value":186.2992},{"duration":1710000,"score":1,"value":181.2690},{"duration":1720000,"score":1,"value":179.4278},{"duration":1730000,"score":1,"value":180.9224},{"duration":1740000,"score":1,"value":179.8217},{"duration":1750000,"score":1,"value":178.6316},{"duration":1760000,"score":1,"value":180.9924},{"duration":1770000,"score":1,"value":181.0034},{"duration":1780000,"score":1,"value":181.5070},{"duration":1790000,"score":1,"value":177.2747},{"duration":1800000,"score":1,"value":182.1171},{"duration":1810000,"score":1,"value":183.8992},{"duration":1820000,"score":0,"value":183.7610},{"duration":1830000,"score":1,"value":182.7207},{"duration":1840000,"score":1,"value":176.5894}],"data_type":"effective_contact_time","overall_score":1,"score_ratio":[45.0,54.0,1.0]},{"chart_data":[{"duration":10000,"score":1,"value":198.4133},{"duration":20000,"score":1,"value":191.6596},{"duration":30000,"score":1,"value":191.0265},{"duration":40000,"score":1,"value":193.8251},{"duration":50000,"score":1,"value":195.1011},{"duration":60000,"score":1,"value":192.5737},{"duration":70000,"score":1,"value":193.3275},{"duration":80000,"score":1,"value":193.7297},{"duration":90000,"score":1,"value":196.1430},{"duration":100000,"score":1,"value":194.6879},{"duration":110000,"score":1,"value":194.9181},{"duration":120000,"score":1,"value":196.1553},{"duration":130000,"score":1,"value":198.0602},{"duration":140000,"score":1,"value":198.4477},{"duration":150000,"score":1,"value":195.3675},{"duration":160000,"score":1,"value":194.0713},{"duration":170000,"score":1,"value":196.3324},{"duration":180000,"score":1,"value":194.4018},{"duration":190000,"score":1,"value":196.4332},{"duration":200000,"score":1,"value":194.1272},{"duration":210000,"score":1,"value":189.2248},{"duration":220000,"score":1,"value":192.2105},{"duration":230000,"score":1,"value":192.9394},{"duration":240000,"score":1,"value":196.8568},{"duration":250000,"score":1,"value":198.1464},{"duration":260000,"score":1,"value":201.3326},{"duration":270000,"score":1,"value":197.0621},{"duration":280000,"score":1,"value":196.5480},{"duration":290000,"score":1,"value":196.5361},{"duration":300000,"score":1,"value":194.7013},{"duration":310000,"score":1,"value":198.3658},{"duration":320000,"score":1,"value":198.7915},{"duration":330000,"score":1,"value":198.0329},{"duration":340000,"score":1,"value":197.6196},{"duration":350000,"score":1,"value":197.1815},{"duration":360000,"score":1,"value":196.6923},{"duration":370000,"score":1,"value":196.4169},{"duration":380000,"score":1,"value":198.1579},{"duration":390000,"score":1,"value":196.5568},{"duration":400000,"score":1,"value":197.3644},{"duration":410000,"score":1,"value":199.2599},{"duration":420000,"score":1,"value":197.1959},{"duration":430000,"score":1,"value":195.3286},{"duration":440000,"score":1,"value":198.5322},{"duration":450000,"score":1,"value":192.4215},{"duration":460000,"score":1,"value":198.3397},{"duration":470000,"score":1,"value":199.8370},{"duration":480000,"score":1,"value":196.9203},{"duration":490000,"score":1,"value":199.4185},{"duration":500000,"score":1,"value":201.4642},{"duration":510000,"score":1,"value":197.4606},{"duration":520000,"score":1,"value":199.1716},{"duration":530000,"score":1,"value":198.6687},{"duration":540000,"score":1,"value":197.2576},{"duration":550000,"score":1,"value":196.9768},{"duration":560000,"score":1,"value":196.9057},{"duration":570000,"score":1,"value":191.6713},{"duration":580000,"score":1,"value":196.5251},{"duration":590000,"score":1,"value":196.4654},{"duration":600000,"score":1,"value":197.0589},{"duration":610000,"score":1,"value":202.5057},{"duration":620000,"score":1,"value":202.5754},{"duration":630000,"score":1,"value":196.5408},{"duration":640000,"score":1,"value":196.4666},{"duration":650000,"score":1,"value":199.1553},{"duration":660000,"score":1,"value":197.7319},{"duration":670000,"score":1,"value":198.3835},{"duration":680000,"score":1,"value":198.0915},{"duration":690000,"score":1,"value":196.4566},{"duration":700000,"score":1,"value":197.6000},{"duration":710000,"score":1,"value":197.4149},{"duration":720000,"score":1,"value":190.8239},{"duration":730000,"score":1,"value":196.2879},{"duration":740000,"score":1,"value":200.4000},{"duration":750000,"score":1,"value":202.7839},{"duration":760000,"score":1,"value":202.5180},{"duration":770000,"score":1,"value":199.0360},{"duration":780000,"score":1,"value":199.9054},{"duration":790000,"score":1,"value":198.8625},{"duration":800000,"score":1,"value":200.6002},{"duration":810000,"score":1,"value":201.7581},{"duration":820000,"score":1,"value":201.8902},{"duration":830000,"score":1,"value":199.9624},{"duration":840000,"score":1,"value":196.1390},{"duration":850000,"score":1,"value":196.5414},{"duration":860000,"score":1,"value":198.8285},{"duration":870000,"score":1,"value":200.6257},{"duration":880000,"score":1,"value":194.9710},{"duration":890000,"score":1,"value":197.1426},{"duration":900000,"score":1,"value":198.5820},{"duration":910000,"score":1,"value":199.3071},{"duration":920000,"score":1,"value":202.5366},{"duration":930000,"score":1,"value":202.1825},{"duration":940000,"score":1,"value":200.1366},{"duration":950000,"score":1,"value":198.7923},{"duration":960000,"score":1,"value":199.9305},{"duration":970000,"score":1,"value":200.3335},{"duration":980000,"score":1,"value":200.4208},{"duration":990000,"score":1,"value":196.9048},{"duration":1000000,"score":1,"value":201.0536},{"duration":1010000,"score":1,"value":199.3493},{"duration":1020000,"score":1,"value":202.2454},{"duration":1030000,"score":1,"value":202.6964},{"duration":1040000,"score":1,"value":199.6534},{"duration":1050000,"score":1,"value":199.7465},{"duration":1060000,"score":1,"value":201.2796},{"duration":1070000,"score":1,"value":201.1398},{"duration":1080000,"score":1,"value":203.1415},{"duration":1090000,"score":1,"value":201.0516},{"duration":1100000,"score":1,"value":197.7750},{"duration":1110000,"score":1,"value":199.1915},{"duration":1120000,"score":1,"value":198.8005},{"duration":1130000,"score":1,"value":198.2572},{"duration":1140000,"score":1,"value":196.4417},{"duration":1150000,"score":1,"value":200.3327},{"duration":1160000,"score":1,"value":203.9464},{"duration":1170000,"score":1,"value":202.5357},{"duration":1180000,"score":1,"value":200.9653},{"duration":1190000,"score":1,"value":199.0026},{"duration":1200000,"score":1,"value":200.7425},{"duration":1210000,"score":1,"value":193.3863},{"duration":1220000,"score":1,"value":195.1111},{"duration":1230000,"score":1,"value":199.2090},{"duration":1240000,"score":1,"value":198.8316},{"duration":1250000,"score":1,"value":200.9572},{"duration":1260000,"score":1,"value":201.0128},{"duration":1270000,"score":1,"value":202.8432},{"duration":1280000,"score":1,"value":202.6073},{"duration":1290000,"score":1,"value":203.1258},{"duration":1300000,"score":1,"value":199.4521},{"duration":1310000,"score":1,"value":198.8698},{"duration":1320000,"score":1,"value":200.9074},{"duration":1330000,"score":1,"value":197.5872},{"duration":1340000,"score":1,"value":199.8741},{"duration":1350000,"score":1,"value":197.7178},{"duration":1360000,"score":1,"value":199.4686},{"duration":1370000,"score":1,"value":199.4941},{"duration":1380000,"score":1,"value":202.3472},{"duration":1390000,"score":1,"value":200.3995},{"duration":1400000,"score":1,"value":198.9963},{"duration":1410000,"score":1,"value":196.8258},{"duration":1420000,"score":1,"value":195.3513},{"duration":1430000,"score":1,"value":198.8213},{"duration":1440000,"score":1,"value":197.8043},{"duration":1450000,"score":1,"value":198.8333},{"duration":1460000,"score":1,"value":197.6529},{"duration":1470000,"score":1,"value":199.6382},{"duration":1480000,"score":1,"value":198.3524},{"duration":1490000,"score":1,"value":186.0371},{"duration":1500000,"score":1,"value":197.5516},{"duration":1510000,"score":1,"value":200.2882},{"duration":1520000,"score":1,"value":200.7218},{"duration":1530000,"score":1,"value":194.8447},{"duration":1540000,"score":1,"value":200.4788},{"duration":1550000,"score":1,"value":200.8490},{"duration":1560000,"score":1,"value":200.9088},{"duration":1570000,"score":2,"value":203.5391},{"duration":1580000,"score":1,"value":201.5123},{"duration":1590000,"score":1,"value":197.7879},{"duration":1600000,"score":1,"value":199.3391},{"duration":1610000,"score":1,"value":198.3505},{"duration":1620000,"score":1,"value":198.5133},{"duration":1630000,"score":1,"value":196.5961},{"duration":1640000,"score":1,"value":199.5021},{"duration":1650000,"score":1,"value":201.7593},{"duration":1660000,"score":1,"value":201.0111},{"duration":1670000,"score":1,"value":197.4969},{"duration":1680000,"score":1,"value":198.3711},{"duration":1690000,"score":1,"value":199.8640},{"duration":1700000,"score":1,"value":202.1555},{"duration":1710000,"score":1,"value":201.5512},{"duration":1720000,"score":1,"value":201.0219},{"duration":1730000,"score":1,"value":202.1099},{"duration":1740000,"score":1,"value":197.9057},{"duration":1750000,"score":1,"value":199.0165},{"duration":1760000,"score":1,"value":197.6004},{"duration":1770000,"score":1,"value":197.6626},{"duration":1780000,"score":1,"value":195.5856},{"duration":1790000,"score":1,"value":201.3842},{"duration":1800000,"score":1,"value":201.4350},{"duration":1810000,"score":1,"value":201.6978},{"duration":1820000,"score":1,"value":199.0680},{"duration":1830000,"score":1,"value":199.3252},{"duration":1840000,"score":1,"value":202.1447}],"data_type":"effective_flight_time","overall_score":1,"score_ratio":[1.0,86.0,13.0]}],"sampling_rate":10000,"service_name":"Myotest","version":2}]}