[{"elapsed_time":0,"segment":0,"interval":1,"start_time":1613134461670},{"elapsed_time":2027,"segment":0,"interval":1,"start_time":1613134463697},{"elapsed_time":4768,"segment":0,"interval":1,"start_time":1613134466438},{"elapsed_time":10127,"segment":0,"interval":1,"start_time":1613134471797},{"elapsed_time":10716,"segment":0,"interval":1,"start_time":1613134472386},{"elapsed_time":20046,"segment":0,"interval":1,"start_time":1613134481716},{"elapsed_time":20806,"segment":0,"interval":1,"start_time":1613134482476},{"elapsed_time":25850,"segment":0,"interval":1,"start_time":1613134487520},{"elapsed_time":30080,"segment":0,"interval":1,"start_time":1613134491750},{"elapsed_time":30713,"segment":0,"interval":1,"start_time":1613134492383},{"elapsed_time":40082,"segment":0,"interval":1,"start_time":1613134501752},{"elapsed_time":40802,"segment":0,"interval":1,"start_time":1613134502472},{"elapsed_time":41024,"segment":0,"interval":1,"start_time":1613134502694},{"elapsed_time":50091,"segment":0,"interval":1,"start_time":1613134511761},{"elapsed_time":50892,"segment":0,"interval":1,"start_time":1613134512562},{"elapsed_time":60125,"segment":0,"interval":1,"start_time":1613134521795},{"elapsed_time":60805,"segment":0,"interval":1,"start_time":1613134522475},{"elapsed_time":70127,"segment":0,"interval":1,"start_time":1613134531797},{"elapsed_time":70895,"segment":0,"interval":1,"start_time":1613134532565},{"elapsed_time":73131,"segment":0,"interval":1,"start_time":1613134534801},{"elapsed_time":80129,"segment":0,"interval":1,"start_time":1613134541799},{"elapsed_time":80801,"segment":0,"interval":1,"start_time":1613134542471},{"elapsed_time":90139,"segment":0,"interval":1,"start_time":1613134551809},{"elapsed_time":90713,"segment":0,"interval":1,"start_time":1613134552383},{"elapsed_time":100141,"segment":0,"interval":1,"start_time":1613134561811},{"elapsed_time":100804,"segment":0,"interval":1,"start_time":1613134562474},{"elapsed_time":110143,"segment":0,"interval":1,"start_time":1613134571813},{"elapsed_time":110164,"segment":0,"interval":1,"start_time":1613134571834},{"elapsed_time":110711,"segment":0,"interval":1,"start_time":1613134572381},{"elapsed_time":120170,"segment":0,"interval":1,"start_time":1613134581840},{"elapsed_time":120800,"segment":0,"interval":1,"start_time":1613134582470},{"elapsed_time":130177,"segment":0,"interval":1,"start_time":1613134591847},{"elapsed_time":130713,"segment":0,"interval":1,"start_time":1613134592383},{"elapsed_time":140188,"segment":0,"interval":1,"start_time":1613134601858},{"elapsed_time":140802,"segment":0,"interval":1,"start_time":1613134602472},{"elapsed_time":145408,"segment":0,"interval":1,"start_time":1613134607078},{"elapsed_time":150709,"segment":0,"interval":1,"start_time":1613134612379},{"elapsed_time":151204,"segment":0,"interval":1,"start_time":1613134612874},{"elapsed_time":160799,"segment":0,"interval":1,"start_time":1613134622469},{"elapsed_time":166209,"segment":0,"interval":1,"start_time":1613134627879},{"elapsed_time":170889,"segment":0,"interval":1,"start_time":1613134632559},{"elapsed_time":177259,"segment":0,"interval":1,"start_time":1613134638929},{"elapsed_time":179837,"segment":0,"interval":1,"start_time":1613134641507},{"elapsed_time":180802,"segment":0,"interval":1,"start_time":1613134642472},{"elapsed_time":187268,"segment":0,"interval":1,"start_time":1613134648938},{"elapsed_time":190268,"segment":0,"interval":1,"start_time":1613134651938},{"elapsed_time":190708,"segment":0,"interval":1,"start_time":1613134652378},{"elapsed_time":200277,"segment":0,"interval":1,"start_time":1613134661947},{"elapsed_time":200798,"segment":0,"interval":1,"start_time":1613134662468},{"elapsed_time":210712,"segment":0,"interval":1,"start_time":1613134672382},{"elapsed_time":211266,"segment":0,"interval":1,"start_time":1613134672936},{"elapsed_time":211962,"segment":0,"interval":1,"start_time":1613134673632},{"elapsed_time":220800,"segment":0,"interval":1,"start_time":1613134682470},{"elapsed_time":229272,"segment":0,"interval":1,"start_time":1613134690942},{"elapsed_time":230272,"segment":0,"interval":1,"start_time":1613134691942},{"elapsed_time":230708,"segment":0,"interval":1,"start_time":1613134692378},{"elapsed_time":240287,"segment":0,"interval":1,"start_time":1613134701957},{"elapsed_time":240797,"segment":0,"interval":1,"start_time":1613134702467},{"elapsed_time":245743,"segment":0,"interval":1,"start_time":1613134707413},{"elapsed_time":250710,"segment":0,"interval":1,"start_time":1613134712380},{"elapsed_time":260800,"segment":0,"interval":1,"start_time":1613134722470},{"elapsed_time":270706,"segment":0,"interval":1,"start_time":1613134732376},{"elapsed_time":280796,"segment":0,"interval":1,"start_time":1613134742466},{"elapsed_time":281968,"segment":0,"interval":1,"start_time":1613134743638},{"elapsed_time":290710,"segment":0,"interval":1,"start_time":1613134752380},{"elapsed_time":300798,"segment":0,"interval":1,"start_time":1613134762468},{"elapsed_time":310706,"segment":0,"interval":1,"start_time":1613134772376},{"elapsed_time":315187,"segment":0,"interval":1,"start_time":1613134776857},{"elapsed_time":320795,"segment":0,"interval":1,"start_time":1613134782465},{"elapsed_time":330708,"segment":0,"interval":1,"start_time":1613134792378},{"elapsed_time":340798,"segment":0,"interval":1,"start_time":1613134802468},{"elapsed_time":350705,"segment":0,"interval":1,"start_time":1613134812375},{"elapsed_time":351690,"segment":0,"interval":1,"start_time":1613134813360},{"elapsed_time":352379,"segment":0,"interval":1,"start_time":1613134814049},{"elapsed_time":360405,"segment":0,"interval":1,"start_time":1613134822075},{"elapsed_time":360794,"segment":0,"interval":1,"start_time":1613134822464},{"elapsed_time":370407,"segment":0,"interval":1,"start_time":1613134832077},{"elapsed_time":370709,"segment":0,"interval":1,"start_time":1613134832379},{"elapsed_time":380409,"segment":0,"interval":1,"start_time":1613134842079},{"elapsed_time":380796,"segment":0,"interval":1,"start_time":1613134842466},{"elapsed_time":386719,"segment":0,"interval":1,"start_time":1613134848389},{"elapsed_time":390706,"segment":0,"interval":1,"start_time":1613134852376},{"elapsed_time":393434,"segment":0,"interval":1,"start_time":1613134855104},{"elapsed_time":400436,"segment":0,"interval":1,"start_time":1613134862106},{"elapsed_time":400794,"segment":0,"interval":1,"start_time":1613134862464},{"elapsed_time":410707,"segment":0,"interval":1,"start_time":1613134872377},{"elapsed_time":416463,"segment":0,"interval":1,"start_time":1613134878133},{"elapsed_time":418058,"segment":0,"interval":1,"start_time":1613134879728},{"elapsed_time":420463,"segment":0,"interval":1,"start_time":1613134882133},{"elapsed_time":420797,"segment":0,"interval":1,"start_time":1613134882467},{"elapsed_time":430706,"segment":0,"interval":1,"start_time":1613134892376},{"elapsed_time":440792,"segment":0,"interval":1,"start_time":1613134902462},{"elapsed_time":450704,"segment":0,"interval":1,"start_time":1613134912374},{"elapsed_time":452266,"segment":0,"interval":1,"start_time":1613134913936},{"elapsed_time":457494,"segment":0,"interval":1,"start_time":1613134919164},{"elapsed_time":460495,"segment":0,"interval":1,"start_time":1613134922165},{"elapsed_time":460795,"segment":0,"interval":1,"start_time":1613134922465},{"elapsed_time":470496,"segment":0,"interval":1,"start_time":1613134932166},{"elapsed_time":470701,"segment":0,"interval":1,"start_time":1613134932371},{"elapsed_time":480791,"segment":0,"interval":1,"start_time":1613134942461},{"elapsed_time":487659,"segment":0,"interval":1,"start_time":1613134949329},{"elapsed_time":490882,"segment":0,"interval":1,"start_time":1613134952552},{"elapsed_time":500794,"segment":0,"interval":1,"start_time":1613134962464},{"elapsed_time":510701,"segment":0,"interval":1,"start_time":1613134972371},{"elapsed_time":520791,"segment":0,"interval":1,"start_time":1613134982461},{"elapsed_time":521492,"segment":0,"interval":1,"start_time":1613134983162},{"elapsed_time":530703,"segment":0,"interval":1,"start_time":1613134992373},{"elapsed_time":540792,"segment":0,"interval":1,"start_time":1613135002462},{"elapsed_time":550700,"segment":0,"interval":1,"start_time":1613135012370},{"elapsed_time":557283,"segment":0,"interval":1,"start_time":1613135018953},{"elapsed_time":560287,"segment":0,"interval":1,"start_time":1613135021957},{"elapsed_time":560790,"segment":0,"interval":1,"start_time":1613135022460},{"elapsed_time":570879,"segment":0,"interval":1,"start_time":1613135032549},{"elapsed_time":580792,"segment":0,"interval":1,"start_time":1613135042462},{"elapsed_time":590882,"segment":0,"interval":1,"start_time":1613135052552},{"elapsed_time":591582,"segment":0,"interval":1,"start_time":1613135053252},{"elapsed_time":594614,"segment":0,"interval":1,"start_time":1613135056284},{"elapsed_time":600641,"segment":0,"interval":1,"start_time":1613135062311},{"elapsed_time":600789,"segment":0,"interval":1,"start_time":1613135062459},{"elapsed_time":610644,"segment":0,"interval":1,"start_time":1613135072314},{"elapsed_time":610701,"segment":0,"interval":1,"start_time":1613135072371},{"elapsed_time":620645,"segment":0,"interval":1,"start_time":1613135082315},{"elapsed_time":620791,"segment":0,"interval":1,"start_time":1613135082461},{"elapsed_time":626472,"segment":0,"interval":1,"start_time":1613135088142},{"elapsed_time":630669,"segment":0,"interval":1,"start_time":1613135092339},{"elapsed_time":635743,"segment":0,"interval":1,"start_time":1613135097413},{"elapsed_time":640673,"segment":0,"interval":1,"start_time":1613135102343},{"elapsed_time":640787,"segment":0,"interval":1,"start_time":1613135102457},{"elapsed_time":650676,"segment":0,"interval":1,"start_time":1613135112346},{"elapsed_time":650701,"segment":0,"interval":1,"start_time":1613135112371},{"elapsed_time":659049,"segment":0,"interval":1,"start_time":1613135120719},{"elapsed_time":660790,"segment":0,"interval":1,"start_time":1613135122460},{"elapsed_time":670880,"segment":0,"interval":1,"start_time":1613135132550},{"elapsed_time":680787,"segment":0,"interval":1,"start_time":1613135142457},{"elapsed_time":690877,"segment":0,"interval":1,"start_time":1613135152547},{"elapsed_time":691883,"segment":0,"interval":1,"start_time":1613135153553},{"elapsed_time":700789,"segment":0,"interval":1,"start_time":1613135162459},{"elapsed_time":710696,"segment":0,"interval":1,"start_time":1613135172366},{"elapsed_time":720786,"segment":0,"interval":1,"start_time":1613135182456},{"elapsed_time":727995,"segment":0,"interval":1,"start_time":1613135189665},{"elapsed_time":730699,"segment":0,"interval":1,"start_time":1613135192369},{"elapsed_time":734760,"segment":0,"interval":1,"start_time":1613135196430},{"elapsed_time":740788,"segment":0,"interval":1,"start_time":1613135202458},{"elapsed_time":745785,"segment":0,"interval":1,"start_time":1613135207455},{"elapsed_time":750878,"segment":0,"interval":1,"start_time":1613135212548},{"elapsed_time":752786,"segment":0,"interval":1,"start_time":1613135214456},{"elapsed_time":760785,"segment":0,"interval":1,"start_time":1613135222455},{"elapsed_time":764272,"segment":0,"interval":1,"start_time":1613135225942},{"elapsed_time":766789,"segment":0,"interval":1,"start_time":1613135228459},{"elapsed_time":770697,"segment":0,"interval":1,"start_time":1613135232367},{"elapsed_time":770790,"segment":0,"interval":1,"start_time":1613135232460},{"elapsed_time":780786,"segment":0,"interval":1,"start_time":1613135242456},{"elapsed_time":780818,"segment":0,"interval":1,"start_time":1613135242488},{"elapsed_time":790695,"segment":0,"interval":1,"start_time":1613135252365},{"elapsed_time":790821,"segment":0,"interval":1,"start_time":1613135252491},{"elapsed_time":797733,"segment":0,"interval":1,"start_time":1613135259403},{"elapsed_time":800784,"segment":0,"interval":1,"start_time":1613135262454},{"elapsed_time":810874,"segment":0,"interval":1,"start_time":1613135272544},{"elapsed_time":820786,"segment":0,"interval":1,"start_time":1613135282456},{"elapsed_time":831373,"segment":0,"interval":1,"start_time":1613135293043},{"elapsed_time":835737,"segment":0,"interval":1,"start_time":1613135297407},{"elapsed_time":840785,"segment":0,"interval":1,"start_time":1613135302455},{"elapsed_time":850872,"segment":0,"interval":1,"start_time":1613135312542},{"elapsed_time":860784,"segment":0,"interval":1,"start_time":1613135322454},{"elapsed_time":867083,"segment":0,"interval":1,"start_time":1613135328753},{"elapsed_time":870874,"segment":0,"interval":1,"start_time":1613135332544},{"elapsed_time":875905,"segment":0,"interval":1,"start_time":1613135337575},{"elapsed_time":880782,"segment":0,"interval":1,"start_time":1613135342452},{"elapsed_time":880905,"segment":0,"interval":1,"start_time":1613135342575},{"elapsed_time":890872,"segment":0,"interval":1,"start_time":1613135352542},{"elapsed_time":890907,"segment":0,"interval":1,"start_time":1613135352577},{"elapsed_time":900589,"segment":0,"interval":1,"start_time":1613135362259},{"elapsed_time":900785,"segment":0,"interval":1,"start_time":1613135362455},{"elapsed_time":910690,"segment":0,"interval":1,"start_time":1613135372360},{"elapsed_time":914936,"segment":0,"interval":1,"start_time":1613135376606},{"elapsed_time":920781,"segment":0,"interval":1,"start_time":1613135382451},{"elapsed_time":934300,"segment":0,"interval":1,"start_time":1613135395970},{"elapsed_time":935738,"segment":0,"interval":1,"start_time":1613135397408},{"elapsed_time":935964,"segment":0,"interval":1,"start_time":1613135397634},{"elapsed_time":940783,"segment":0,"interval":1,"start_time":1613135402453},{"elapsed_time":940966,"segment":0,"interval":1,"start_time":1613135402636},{"elapsed_time":950872,"segment":0,"interval":1,"start_time":1613135412542},{"elapsed_time":950970,"segment":0,"interval":1,"start_time":1613135412640},{"elapsed_time":960780,"segment":0,"interval":1,"start_time":1613135422450},{"elapsed_time":966992,"segment":0,"interval":1,"start_time":1613135428662},{"elapsed_time":969047,"segment":0,"interval":1,"start_time":1613135430717},{"elapsed_time":970869,"segment":0,"interval":1,"start_time":1613135432539},{"elapsed_time":970993,"segment":0,"interval":1,"start_time":1613135432663},{"elapsed_time":980783,"segment":0,"interval":1,"start_time":1613135442453},{"elapsed_time":990873,"segment":0,"interval":1,"start_time":1613135452543},{"elapsed_time":1000779,"segment":0,"interval":1,"start_time":1613135462449},{"elapsed_time":1004276,"segment":0,"interval":1,"start_time":1613135465946},{"elapsed_time":1008041,"segment":0,"interval":1,"start_time":1613135469711},{"elapsed_time":1010042,"segment":0,"interval":1,"start_time":1613135471712},{"elapsed_time":1010869,"segment":0,"interval":1,"start_time":1613135472539},{"elapsed_time":1020045,"segment":0,"interval":1,"start_time":1613135481715},{"elapsed_time":1020781,"segment":0,"interval":1,"start_time":1613135482451},{"elapsed_time":1030047,"segment":0,"interval":1,"start_time":1613135491717},{"elapsed_time":1035733,"segment":0,"interval":1,"start_time":1613135497403},{"elapsed_time":1040066,"segment":0,"interval":1,"start_time":1613135501736},{"elapsed_time":1040778,"segment":0,"interval":1,"start_time":1613135502448},{"elapsed_time":1042932,"segment":0,"interval":1,"start_time":1613135504602},{"elapsed_time":1050074,"segment":0,"interval":1,"start_time":1613135511744},{"elapsed_time":1050868,"segment":0,"interval":1,"start_time":1613135512538},{"elapsed_time":1060083,"segment":0,"interval":1,"start_time":1613135521753},{"elapsed_time":1060780,"segment":0,"interval":1,"start_time":1613135522450},{"elapsed_time":1070098,"segment":0,"interval":1,"start_time":1613135531768},{"elapsed_time":1070870,"segment":0,"interval":1,"start_time":1613135532540},{"elapsed_time":1076247,"segment":0,"interval":1,"start_time":1613135537917},{"elapsed_time":1080105,"segment":0,"interval":1,"start_time":1613135541775},{"elapsed_time":1080777,"segment":0,"interval":1,"start_time":1613135542447},{"elapsed_time":1090867,"segment":0,"interval":1,"start_time":1613135552537},{"elapsed_time":1100779,"segment":0,"interval":1,"start_time":1613135562449},{"elapsed_time":1101125,"segment":0,"interval":1,"start_time":1613135562795},{"elapsed_time":1110438,"segment":0,"interval":1,"start_time":1613135572108},{"elapsed_time":1110869,"segment":0,"interval":1,"start_time":1613135572539},{"elapsed_time":1113127,"segment":0,"interval":1,"start_time":1613135574797},{"elapsed_time":1116705,"segment":0,"interval":1,"start_time":1613135578375},{"elapsed_time":1120777,"segment":0,"interval":1,"start_time":1613135582447},{"elapsed_time":1135733,"segment":0,"interval":1,"start_time":1613135597403},{"elapsed_time":1140779,"segment":0,"interval":1,"start_time":1613135602449},{"elapsed_time":1146175,"segment":0,"interval":1,"start_time":1613135607845},{"elapsed_time":1150868,"segment":0,"interval":1,"start_time":1613135612538},{"elapsed_time":1160775,"segment":0,"interval":1,"start_time":1613135622445},{"elapsed_time":1162193,"segment":0,"interval":1,"start_time":1613135623863},{"elapsed_time":1170194,"segment":0,"interval":1,"start_time":1613135631864},{"elapsed_time":1170865,"segment":0,"interval":1,"start_time":1613135632535},{"elapsed_time":1180195,"segment":0,"interval":1,"start_time":1613135641865},{"elapsed_time":1180653,"segment":0,"interval":1,"start_time":1613135642323},{"elapsed_time":1180777,"segment":0,"interval":1,"start_time":1613135642447},{"elapsed_time":1190867,"segment":0,"interval":1,"start_time":1613135652537},{"elapsed_time":1192213,"segment":0,"interval":1,"start_time":1613135653883},{"elapsed_time":1200776,"segment":0,"interval":1,"start_time":1613135662446},{"elapsed_time":1201214,"segment":0,"interval":1,"start_time":1613135662884},{"elapsed_time":1210864,"segment":0,"interval":1,"start_time":1613135672534},{"elapsed_time":1212215,"segment":0,"interval":1,"start_time":1613135673885},{"elapsed_time":1217756,"segment":0,"interval":1,"start_time":1613135679426},{"elapsed_time":1220777,"segment":0,"interval":1,"start_time":1613135682447},{"elapsed_time":1235727,"segment":0,"interval":1,"start_time":1613135697397},{"elapsed_time":1240773,"segment":0,"interval":1,"start_time":1613135702443},{"elapsed_time":1241246,"segment":0,"interval":1,"start_time":1613135702916},{"elapsed_time":1250272,"segment":0,"interval":1,"start_time":1613135711942},{"elapsed_time":1250863,"segment":0,"interval":1,"start_time":1613135712533},{"elapsed_time":1252843,"segment":0,"interval":1,"start_time":1613135714513},{"elapsed_time":1260275,"segment":0,"interval":1,"start_time":1613135721945},{"elapsed_time":1260775,"segment":0,"interval":1,"start_time":1613135722445},{"elapsed_time":1270278,"segment":0,"interval":1,"start_time":1613135731948},{"elapsed_time":1270864,"segment":0,"interval":1,"start_time":1613135732534},{"elapsed_time":1280302,"segment":0,"interval":1,"start_time":1613135741972},{"elapsed_time":1280772,"segment":0,"interval":1,"start_time":1613135742442},{"elapsed_time":1288895,"segment":0,"interval":1,"start_time":1613135750565},{"elapsed_time":1290862,"segment":0,"interval":1,"start_time":1613135752532},{"elapsed_time":1300775,"segment":0,"interval":1,"start_time":1613135762445},{"elapsed_time":1310864,"segment":0,"interval":1,"start_time":1613135772534},{"elapsed_time":1320772,"segment":0,"interval":1,"start_time":1613135782442},{"elapsed_time":1323338,"segment":0,"interval":1,"start_time":1613135785008},{"elapsed_time":1323560,"segment":0,"interval":1,"start_time":1613135785230},{"elapsed_time":1330340,"segment":0,"interval":1,"start_time":1613135792010},{"elapsed_time":1335728,"segment":0,"interval":1,"start_time":1613135797398},{"elapsed_time":1340360,"segment":0,"interval":1,"start_time":1613135802030},{"elapsed_time":1340773,"segment":0,"interval":1,"start_time":1613135802443},{"elapsed_time":1350863,"segment":0,"interval":1,"start_time":1613135812533},{"elapsed_time":1355389,"segment":0,"interval":1,"start_time":1613135817059},{"elapsed_time":1359370,"segment":0,"interval":1,"start_time":1613135821040},{"elapsed_time":1360370,"segment":0,"interval":1,"start_time":1613135822040},{"elapsed_time":1360770,"segment":0,"interval":1,"start_time":1613135822440},{"elapsed_time":1370860,"segment":0,"interval":1,"start_time":1613135832530},{"elapsed_time":1378392,"segment":0,"interval":1,"start_time":1613135840062},{"elapsed_time":1380392,"segment":0,"interval":1,"start_time":1613135842062},{"elapsed_time":1380773,"segment":0,"interval":1,"start_time":1613135842443},{"elapsed_time":1390052,"segment":0,"interval":1,"start_time":1613135851722},{"elapsed_time":1390863,"segment":0,"interval":1,"start_time":1613135852533},{"elapsed_time":1398418,"segment":0,"interval":1,"start_time":1613135860088},{"elapsed_time":1400418,"segment":0,"interval":1,"start_time":1613135862088},{"elapsed_time":1400770,"segment":0,"interval":1,"start_time":1613135862440},{"elapsed_time":1410421,"segment":0,"interval":1,"start_time":1613135872091},{"elapsed_time":1410859,"segment":0,"interval":1,"start_time":1613135872529},{"elapsed_time":1420425,"segment":0,"interval":1,"start_time":1613135882095},{"elapsed_time":1420771,"segment":0,"interval":1,"start_time":1613135882441},{"elapsed_time":1421171,"segment":0,"interval":1,"start_time":1613135882841},{"elapsed_time":1435725,"segment":0,"interval":1,"start_time":1613135897395},{"elapsed_time":1440768,"segment":0,"interval":1,"start_time":1613135902438},{"elapsed_time":1450858,"segment":0,"interval":1,"start_time":1613135912528},{"elapsed_time":1451453,"segment":0,"interval":1,"start_time":1613135913123},{"elapsed_time":1459477,"segment":0,"interval":1,"start_time":1613135921147},{"elapsed_time":1460477,"segment":0,"interval":1,"start_time":1613135922147},{"elapsed_time":1460771,"segment":0,"interval":1,"start_time":1613135922441},{"elapsed_time":1470481,"segment":0,"interval":1,"start_time":1613135932151},{"elapsed_time":1470861,"segment":0,"interval":1,"start_time":1613135932531},{"elapsed_time":1480485,"segment":0,"interval":1,"start_time":1613135942155},{"elapsed_time":1480767,"segment":0,"interval":1,"start_time":1613135942437},{"elapsed_time":1482468,"segment":0,"interval":1,"start_time":1613135944138},{"elapsed_time":1487392,"segment":0,"interval":1,"start_time":1613135949062},{"elapsed_time":1490501,"segment":0,"interval":1,"start_time":1613135952171},{"elapsed_time":1490857,"segment":0,"interval":1,"start_time":1613135952527},{"elapsed_time":1500517,"segment":0,"interval":1,"start_time":1613135962187},{"elapsed_time":1500769,"segment":0,"interval":1,"start_time":1613135962439},{"elapsed_time":1510859,"segment":0,"interval":1,"start_time":1613135972529},{"elapsed_time":1513518,"segment":0,"interval":1,"start_time":1613135975188},{"elapsed_time":1517817,"segment":0,"interval":1,"start_time":1613135979487},{"elapsed_time":1520520,"segment":0,"interval":1,"start_time":1613135982190},{"elapsed_time":1520766,"segment":0,"interval":1,"start_time":1613135982436},{"elapsed_time":1533550,"segment":0,"interval":1,"start_time":1613135995220},{"elapsed_time":1535726,"segment":0,"interval":1,"start_time":1613135997396},{"elapsed_time":1540769,"segment":0,"interval":1,"start_time":1613136002439},{"elapsed_time":1550795,"segment":0,"interval":1,"start_time":1613136012465},{"elapsed_time":1550858,"segment":0,"interval":1,"start_time":1613136012528},{"elapsed_time":1555553,"segment":0,"interval":1,"start_time":1613136017223},{"elapsed_time":1560579,"segment":0,"interval":1,"start_time":1613136022249},{"elapsed_time":1560764,"segment":0,"interval":1,"start_time":1613136022434},{"elapsed_time":1570855,"segment":0,"interval":1,"start_time":1613136032525},{"elapsed_time":1574581,"segment":0,"interval":1,"start_time":1613136036251},{"elapsed_time":1580767,"segment":0,"interval":1,"start_time":1613136042437},{"elapsed_time":1583417,"segment":0,"interval":1,"start_time":1613136045087},{"elapsed_time":1590857,"segment":0,"interval":1,"start_time":1613136052527},{"elapsed_time":1600611,"segment":0,"interval":1,"start_time":1613136062281},{"elapsed_time":1600764,"segment":0,"interval":1,"start_time":1613136062434},{"elapsed_time":1610613,"segment":0,"interval":1,"start_time":1613136072283},{"elapsed_time":1610854,"segment":0,"interval":1,"start_time":1613136072524},{"elapsed_time":1614286,"segment":0,"interval":1,"start_time":1613136075956},{"elapsed_time":1620767,"segment":0,"interval":1,"start_time":1613136082437},{"elapsed_time":1621639,"segment":0,"interval":1,"start_time":1613136083309},{"elapsed_time":1630640,"segment":0,"interval":1,"start_time":1613136092310},{"elapsed_time":1635717,"segment":0,"interval":1,"start_time":1613136097387},{"elapsed_time":1640643,"segment":0,"interval":1,"start_time":1613136102313},{"elapsed_time":1640763,"segment":0,"interval":1,"start_time":1613136102433},{"elapsed_time":1650853,"segment":0,"interval":1,"start_time":1613136112523},{"elapsed_time":1651111,"segment":0,"interval":1,"start_time":1613136112781},{"elapsed_time":1659846,"segment":0,"interval":1,"start_time":1613136121516},{"elapsed_time":1660669,"segment":0,"interval":1,"start_time":1613136122339},{"elapsed_time":1660765,"segment":0,"interval":1,"start_time":1613136122435},{"elapsed_time":1670855,"segment":0,"interval":1,"start_time":1613136132525},{"elapsed_time":1675672,"segment":0,"interval":1,"start_time":1613136137342},{"elapsed_time":1680697,"segment":0,"interval":1,"start_time":1613136142367},{"elapsed_time":1680762,"segment":0,"interval":1,"start_time":1613136142432},{"elapsed_time":1680931,"segment":0,"interval":1,"start_time":1613136142601},{"elapsed_time":1690700,"segment":0,"interval":1,"start_time":1613136152370},{"elapsed_time":1690852,"segment":0,"interval":1,"start_time":1613136152522},{"elapsed_time":1700704,"segment":0,"interval":1,"start_time":1613136162374},{"elapsed_time":1700766,"segment":0,"interval":1,"start_time":1613136162436},{"elapsed_time":1710855,"segment":0,"interval":1,"start_time":1613136172525},{"elapsed_time":1714955,"segment":0,"interval":1,"start_time":1613136176625},{"elapsed_time":1718728,"segment":0,"interval":1,"start_time":1613136180398},{"elapsed_time":1720729,"segment":0,"interval":1,"start_time":1613136182399},{"elapsed_time":1720761,"segment":0,"interval":1,"start_time":1613136182431},{"elapsed_time":1730730,"segment":0,"interval":1,"start_time":1613136192400},{"elapsed_time":1735720,"segment":0,"interval":1,"start_time":1613136197390},{"elapsed_time":1740763,"segment":0,"interval":1,"start_time":1613136202433},{"elapsed_time":1746756,"segment":0,"interval":1,"start_time":1613136208426},{"elapsed_time":1750853,"segment":0,"interval":1,"start_time":1613136212523},{"elapsed_time":1752797,"segment":0,"interval":1,"start_time":1613136214467},{"elapsed_time":1760760,"segment":0,"interval":1,"start_time":1613136222430},{"elapsed_time":1770850,"segment":0,"interval":1,"start_time":1613136232520},{"elapsed_time":1777786,"segment":0,"interval":1,"start_time":1613136239456},{"elapsed_time":1780763,"segment":0,"interval":1,"start_time":1613136242433},{"elapsed_time":1783482,"segment":0,"interval":1,"start_time":1613136245152},{"elapsed_time":1785789,"segment":0,"interval":1,"start_time":1613136247459},{"elapsed_time":1790854,"segment":0,"interval":1,"start_time":1613136252524},{"elapsed_time":1793792,"segment":0,"interval":1,"start_time":1613136255462},{"elapsed_time":1800761,"segment":0,"interval":1,"start_time":1613136262431},{"elapsed_time":1803814,"segment":0,"interval":1,"start_time":1613136265484},{"elapsed_time":1810816,"segment":0,"interval":1,"start_time":1613136272486},{"elapsed_time":1810849,"segment":0,"interval":1,"start_time":1613136272519},{"elapsed_time":1820761,"segment":0,"interval":1,"start_time":1613136282431},{"elapsed_time":1820817,"segment":0,"interval":1,"start_time":1613136282487},{"elapsed_time":1820942,"segment":0,"interval":1,"start_time":1613136282612},{"elapsed_time":1830317,"segment":0,"interval":1,"start_time":1613136291987},{"elapsed_time":1835713,"segment":0,"interval":1,"start_time":1613136297383},{"elapsed_time":1840318,"segment":0,"interval":1,"start_time":1613136301988},{"elapsed_time":1840758,"segment":0,"interval":1,"start_time":1613136302428},{"elapsed_time":1850848,"segment":0,"interval":1,"start_time":1613136312518},{"elapsed_time":1854000,"segment":0,"interval":1,"start_time":1613136320090}]