[{"elapsed_time":0,"segment":0,"interval":1,"start_time":1607095766500},{"elapsed_time":5432,"segment":0,"interval":1,"start_time":1607095771932},{"elapsed_time":6301,"segment":0,"interval":1,"start_time":1607095772801},{"elapsed_time":10494,"segment":0,"interval":1,"start_time":1607095776994},{"elapsed_time":10808,"segment":0,"interval":1,"start_time":1607095777308},{"elapsed_time":16214,"segment":0,"interval":1,"start_time":1607095782714},{"elapsed_time":20467,"segment":0,"interval":1,"start_time":1607095786967},{"elapsed_time":20715,"segment":0,"interval":1,"start_time":1607095787215},{"elapsed_time":30628,"segment":0,"interval":1,"start_time":1607095797128},{"elapsed_time":34459,"segment":0,"interval":1,"start_time":1607095800959},{"elapsed_time":40465,"segment":0,"interval":1,"start_time":1607095806965},{"elapsed_time":40534,"segment":0,"interval":1,"start_time":1607095807034},{"elapsed_time":41575,"segment":0,"interval":1,"start_time":1607095808075},{"elapsed_time":50446,"segment":0,"interval":1,"start_time":1607095816946},{"elapsed_time":64147,"segment":1,"interval":1,"start_time":1607095832767},{"elapsed_time":73149,"segment":1,"interval":1,"start_time":1607095841769},{"elapsed_time":83167,"segment":1,"interval":1,"start_time":1607095851787},{"elapsed_time":85612,"segment":1,"interval":1,"start_time":1607095854232},{"elapsed_time":93161,"segment":1,"interval":1,"start_time":1607095861781},{"elapsed_time":103166,"segment":1,"interval":1,"start_time":1607095871786},{"elapsed_time":113222,"segment":1,"interval":1,"start_time":1607095881842},{"elapsed_time":116431,"segment":1,"interval":1,"start_time":1607095885051},{"elapsed_time":120432,"segment":1,"interval":1,"start_time":1607095889052},{"elapsed_time":123151,"segment":1,"interval":1,"start_time":1607095891771},{"elapsed_time":124116,"segment":1,"interval":1,"start_time":1607095892736},{"elapsed_time":128180,"segment":2,"interval":1,"start_time":1607098115260}]