{"data":[{"advanced_metrics":[{"chart_data":[{"duration":1281,"score":3,"value":0.0},{"duration":2562,"score":3,"value":0.0},{"duration":3843,"score":2,"value":1.0},{"duration":5124,"score":0,"value":0.7671},{"duration":6405,"score":0,"value":0.8263},{"duration":7686,"score":0,"value":0.8522},{"duration":8967,"score":0,"value":0.8911},{"duration":10248,"score":0,"value":0.7344},{"duration":11529,"score":0,"value":0.7193},{"duration":12810,"score":0,"value":0.7398},{"duration":14091,"score":0,"value":0.7759},{"duration":15372,"score":0,"value":0.7510},{"duration":16653,"score":0,"value":0.7405},{"duration":17934,"score":0,"value":0.8836},{"duration":19215,"score":1,"value":0.9182},{"duration":20496,"score":1,"value":0.9225},{"duration":21777,"score":1,"value":0.9024},{"duration":23058,"score":0,"value":0.8998},{"duration":24339,"score":1,"value":0.9064},{"duration":25620,"score":1,"value":0.9048},{"duration":26901,"score":1,"value":0.9235},{"duration":28182,"score":1,"value":0.9347},{"duration":29463,"score":2,"value":0.9507},{"duration":30744,"score":2,"value":0.9550},{"duration":32025,"score":2,"value":0.9549},{"duration":33306,"score":2,"value":0.9628},{"duration":34587,"score":2,"value":0.9638},{"duration":35868,"score":2,"value":0.9736},{"duration":37149,"score":2,"value":0.9809},{"duration":38430,"score":2,"value":0.9826},{"duration":39711,"score":2,"value":0.9867},{"duration":40992,"score":2,"value":0.9890},{"duration":42273,"score":2,"value":0.9795},{"duration":43554,"score":2,"value":0.9769},{"duration":44835,"score":2,"value":0.9758},{"duration":46116,"score":2,"value":0.9912},{"duration":47397,"score":2,"value":0.9898},{"duration":48678,"score":2,"value":0.9896},{"duration":49959,"score":2,"value":0.9896}],"data_type":"regularity","overall_score":2,"score_ratio":[33.0,21.0,46.0]},{"chart_data":[{"duration":1281,"score":3,"value":0.0},{"duration":2562,"score":3,"value":0.0},{"duration":3843,"score":2,"value":-0.0038},{"duration":5124,"score":2,"value":-0.0095},{"duration":6405,"score":1,"value":-0.0231},{"duration":7686,"score":1,"value":-0.0266},{"duration":8967,"score":0,"value":-0.0747},{"duration":10248,"score":1,"value":-0.0466},{"duration":11529,"score":1,"value":-0.0396},{"duration":12810,"score":1,"value":-0.0287},{"duration":14091,"score":0,"value":-0.0585},{"duration":15372,"score":0,"value":-0.0951},{"duration":16653,"score":0,"value":-0.0963},{"duration":17934,"score":1,"value":-0.0414},{"duration":19215,"score":2,"value":-0.0069},{"duration":20496,"score":2,"value":0.0012},{"duration":21777,"score":2,"value":0.0067},{"duration":23058,"score":2,"value":-0.0079},{"duration":24339,"score":2,"value":-0.0195},{"duration":25620,"score":2,"value":-0.0136},{"duration":26901,"score":2,"value":-0.0117},{"duration":28182,"score":2,"value":-0.0011},{"duration":29463,"score":2,"value":0.0019},{"duration":30744,"score":2,"value":0.0120},{"duration":32025,"score":2,"value":0.0062},{"duration":33306,"score":2,"value":-0.0188},{"duration":34587,"score":2,"value":-0.0218},{"duration":35868,"score":2,"value":-0.0217},{"duration":37149,"score":1,"value":-0.0269},{"duration":38430,"score":1,"value":-0.0315},{"duration":39711,"score":1,"value":-0.0230},{"duration":40992,"score":2,"value":-0.0145},{"duration":42273,"score":2,"value":-0.0091},{"duration":43554,"score":1,"value":-0.0270},{"duration":44835,"score":1,"value":-0.0413},{"duration":46116,"score":1,"value":-0.0293},{"duration":47397,"score":1,"value":-0.0259},{"duration":48678,"score":1,"value":-0.0250},{"duration":49959,"score":1,"value":-0.0249}],"data_type":"asymmetry","overall_score":2,"score_ratio":[13.0,33.0,54.0]},{"chart_data":[{"duration":1281,"score":0,"value":37991.0039},{"duration":2562,"score":0,"value":35956.5625},{"duration":3843,"score":0,"value":39674.7304},{"duration":5124,"score":0,"value":38688.6406},{"duration":6405,"score":0,"value":39496.5937},{"duration":7686,"score":0,"value":35809.3515},{"duration":8967,"score":0,"value":39232.1289},{"duration":10248,"score":0,"value":35091.8437},{"duration":11529,"score":0,"value":37535.6757},{"duration":12810,"score":0,"value":36091.0156},{"duration":14091,"score":0,"value":35865.9453},{"duration":15372,"score":0,"value":38052.2070},{"duration":16653,"score":0,"value":37267.5585},{"duration":17934,"score":0,"value":37111.0468},{"duration":19215,"score":0,"value":34324.1171},{"duration":20496,"score":0,"value":36411.6523},{"duration":21777,"score":0,"value":38378.4726},{"duration":23058,"score":0,"value":32147.7109},{"duration":24339,"score":0,"value":34897.9609},{"duration":25620,"score":0,"value":33292.0976},{"duration":26901,"score":0,"value":34380.0664},{"duration":28182,"score":0,"value":32595.9355},{"duration":29463,"score":0,"value":32417.2714},{"duration":30744,"score":0,"value":33058.4414},{"duration":32025,"score":0,"value":33894.1601},{"duration":33306,"score":0,"value":33475.5664},{"duration":34587,"score":0,"value":34655.9335},{"duration":35868,"score":0,"value":37277.0937},{"duration":37149,"score":0,"value":33775.6992},{"duration":38430,"score":0,"value":35669.4726},{"duration":39711,"score":0,"value":34306.4062},{"duration":40992,"score":0,"value":33448.3437},{"duration":42273,"score":0,"value":39869.4453},{"duration":43554,"score":0,"value":35121.8085},{"duration":44835,"score":0,"value":34310.2187},{"duration":46116,"score":0,"value":38086.8789},{"duration":47397,"score":0,"value":34695.0625},{"duration":48678,"score":0,"value":34251.6835},{"duration":49959,"score":0,"value":34231.3046}],"data_type":"stiffness","overall_score":0,"score_ratio":[97.0,3.0,0.0]},{"chart_data":[{"duration":1281,"score":0,"value":0.1082},{"duration":2562,"score":0,"value":0.1030},{"duration":3843,"score":0,"value":0.0967},{"duration":5124,"score":0,"value":0.0957},{"duration":6405,"score":0,"value":0.0985},{"duration":7686,"score":0,"value":0.1045},{"duration":8967,"score":0,"value":0.0965},{"duration":10248,"score":0,"value":0.0968},{"duration":11529,"score":0,"value":0.0957},{"duration":12810,"score":0,"value":0.0996},{"duration":14091,"score":0,"value":0.0948},{"duration":15372,"score":0,"value":0.0994},{"duration":16653,"score":0,"value":0.1030},{"duration":17934,"score":0,"value":0.1001},{"duration":19215,"score":0,"value":0.1015},{"duration":20496,"score":0,"value":0.0995},{"duration":21777,"score":1,"value":0.0931},{"duration":23058,"score":0,"value":0.1015},{"duration":24339,"score":0,"value":0.0993},{"duration":25620,"score":0,"value":0.1005},{"duration":26901,"score":0,"value":0.1008},{"duration":28182,"score":0,"value":0.0978},{"duration":29463,"score":0,"value":0.1052},{"duration":30744,"score":0,"value":0.0980},{"duration":32025,"score":0,"value":0.0957},{"duration":33306,"score":0,"value":0.1004},{"duration":34587,"score":0,"value":0.1063},{"duration":35868,"score":0,"value":0.1004},{"duration":37149,"score":0,"value":0.1035},{"duration":38430,"score":0,"value":0.0957},{"duration":39711,"score":0,"value":0.0964},{"duration":40992,"score":0,"value":0.0989},{"duration":42273,"score":1,"value":0.0909},{"duration":43554,"score":0,"value":0.0980},{"duration":44835,"score":0,"value":0.0998},{"duration":46116,"score":0,"value":0.0945},{"duration":47397,"score":0,"value":0.1016},{"duration":48678,"score":0,"value":0.1030},{"duration":49959,"score":0,"value":0.1031}],"data_type":"undulation","overall_score":0,"score_ratio":[86.0,14.0,0.0]},{"chart_data":[{"duration":1281,"score":1,"value":173.0047},{"duration":2562,"score":0,"value":182.5153},{"duration":3843,"score":1,"value":173.9128},{"duration":5124,"score":1,"value":176.3510},{"duration":6405,"score":1,"value":175.7438},{"duration":7686,"score":0,"value":183.7466},{"duration":8967,"score":1,"value":174.6198},{"duration":10248,"score":0,"value":188.3326},{"duration":11529,"score":1,"value":181.3302},{"duration":12810,"score":0,"value":183.1185},{"duration":14091,"score":0,"value":187.8437},{"duration":15372,"score":1,"value":182.2611},{"duration":16653,"score":1,"value":178.7779},{"duration":17934,"score":1,"value":178.9880},{"duration":19215,"score":0,"value":187.6923},{"duration":20496,"score":1,"value":181.7335},{"duration":21777,"score":1,"value":177.4522},{"duration":23058,"score":0,"value":196.1259},{"duration":24339,"score":0,"value":186.7239},{"duration":25620,"score":0,"value":194.7992},{"duration":26901,"score":0,"value":188.6350},{"duration":28182,"score":0,"value":196.4303},{"duration":29463,"score":0,"value":194.7114},{"duration":30744,"score":0,"value":194.6214},{"duration":32025,"score":0,"value":192.5162},{"duration":33306,"score":0,"value":192.1182},{"duration":34587,"score":0,"value":186.5073},{"duration":35868,"score":1,"value":179.1596},{"duration":37149,"score":0,"value":188.9272},{"duration":38430,"score":0,"value":185.2571},{"duration":39711,"score":0,"value":189.7473},{"duration":40992,"score":0,"value":191.7896},{"duration":42273,"score":1,"value":175.2223},{"duration":43554,"score":0,"value":188.4239},{"duration":44835,"score":0,"value":189.1884},{"duration":46116,"score":1,"value":178.6055},{"duration":47397,"score":0,"value":186.4874},{"duration":48678,"score":0,"value":187.3173},{"duration":49959,"score":0,"value":187.3555}],"data_type":"effective_contact_time","overall_score":0,"score_ratio":[57.0,43.0,0.0]},{"chart_data":[{"duration":1281,"score":2,"value":216.3828},{"duration":2562,"score":2,"value":205.9711},{"duration":3843,"score":1,"value":200.1395},{"duration":5124,"score":1,"value":197.8603},{"duration":6405,"score":1,"value":202.0431},{"duration":7686,"score":2,"value":206.7837},{"duration":8967,"score":1,"value":199.6392},{"duration":10248,"score":1,"value":195.1721},{"duration":11529,"score":1,"value":196.0400},{"duration":12810,"score":1,"value":200.7218},{"duration":14091,"score":1,"value":192.5259},{"duration":15372,"score":1,"value":200.3301},{"duration":16653,"score":2,"value":207.0436},{"duration":17934,"score":1,"value":203.2529},{"duration":19215,"score":1,"value":201.9198},{"duration":20496,"score":1,"value":201.4985},{"duration":21777,"score":1,"value":194.2582},{"duration":23058,"score":1,"value":198.8351},{"duration":24339,"score":1,"value":199.3307},{"duration":25620,"score":1,"value":198.0817},{"duration":26901,"score":1,"value":200.6193},{"duration":28182,"score":1,"value":193.8803},{"duration":29463,"score":1,"value":203.9281},{"duration":30744,"score":1,"value":194.4690},{"duration":32025,"score":1,"value":192.3476},{"duration":33306,"score":1,"value":198.5965},{"duration":34587,"score":2,"value":208.8401},{"duration":35868,"score":1,"value":203.2361},{"duration":37149,"score":1,"value":204.0556},{"duration":38430,"score":1,"value":194.8738},{"duration":39711,"score":1,"value":194.3273},{"duration":40992,"score":1,"value":197.0632},{"duration":42273,"score":1,"value":191.7290},{"duration":43554,"score":1,"value":196.7612},{"duration":44835,"score":1,"value":199.0157},{"duration":46116,"score":1,"value":195.5928},{"duration":47397,"score":1,"value":202.4308},{"duration":48678,"score":2,"value":204.0648},{"duration":49959,"score":2,"value":204.1399}],"data_type":"effective_flight_time","overall_score":1,"score_ratio":[0.0,76.0,24.0]}],"sampling_rate":1281,"service_name":"Myotest","version":2}]}