[{"elapsed_time":9470,"segment":0,"interval":1,"start_time":1611318242000},{"elapsed_time":10470,"segment":0,"interval":1,"start_time":1611318243000},{"elapsed_time":13470,"segment":0,"interval":1,"start_time":1611318246000},{"elapsed_time":15470,"segment":0,"interval":1,"start_time":1611318248000},{"elapsed_time":17470,"segment":0,"interval":1,"start_time":1611318250000},{"elapsed_time":19470,"segment":0,"interval":1,"start_time":1611318252000},{"elapsed_time":21470,"segment":0,"interval":1,"start_time":1611318254000},{"elapsed_time":23470,"segment":0,"interval":1,"start_time":1611318256000},{"elapsed_time":25470,"segment":0,"interval":1,"start_time":1611318258000},{"elapsed_time":27470,"segment":0,"interval":1,"start_time":1611318260000},{"elapsed_time":29470,"segment":0,"interval":1,"start_time":1611318262000},{"elapsed_time":31470,"segment":0,"interval":1,"start_time":1611318264000},{"elapsed_time":33470,"segment":0,"interval":1,"start_time":1611318266000},{"elapsed_time":35470,"segment":0,"interval":1,"start_time":1611318268000},{"elapsed_time":37470,"segment":0,"interval":1,"start_time":1611318270000},{"elapsed_time":39470,"segment":0,"interval":1,"start_time":1611318272000},{"elapsed_time":41470,"segment":0,"interval":1,"start_time":1611318274000},{"elapsed_time":43470,"segment":0,"interval":1,"start_time":1611318276000},{"elapsed_time":45470,"segment":0,"interval":1,"start_time":1611318278000},{"elapsed_time":47470,"segment":0,"interval":1,"start_time":1611318280000},{"elapsed_time":49470,"segment":0,"interval":1,"start_time":1611318282000},{"elapsed_time":51470,"segment":0,"interval":1,"start_time":1611318284000},{"elapsed_time":53470,"segment":0,"interval":1,"start_time":1611318286000},{"elapsed_time":55470,"segment":0,"interval":1,"start_time":1611318288000},{"elapsed_time":57470,"segment":0,"interval":1,"start_time":1611318290000},{"elapsed_time":59470,"segment":0,"interval":1,"start_time":1611318292000},{"elapsed_time":61470,"segment":0,"interval":1,"start_time":1611318294000},{"elapsed_time":63470,"segment":0,"interval":1,"start_time":1611318296000},{"elapsed_time":65470,"segment":0,"interval":1,"start_time":1611318298000},{"elapsed_time":68470,"segment":0,"interval":1,"start_time":1611318301000},{"elapsed_time":70470,"segment":0,"interval":1,"start_time":1611318303000},{"elapsed_time":72470,"segment":0,"interval":1,"start_time":1611318305000},{"elapsed_time":74470,"segment":0,"interval":1,"start_time":1611318307000},{"elapsed_time":76470,"segment":0,"interval":1,"start_time":1611318309000},{"elapsed_time":78470,"segment":0,"interval":1,"start_time":1611318311000},{"elapsed_time":80470,"segment":0,"interval":1,"start_time":1611318313000},{"elapsed_time":82470,"segment":0,"interval":1,"start_time":1611318315000},{"elapsed_time":84470,"segment":0,"interval":1,"start_time":1611318317000},{"elapsed_time":86470,"segment":0,"interval":1,"start_time":1611318319000},{"elapsed_time":89470,"segment":0,"interval":1,"start_time":1611318322000},{"elapsed_time":91470,"segment":0,"interval":1,"start_time":1611318324000},{"elapsed_time":93470,"segment":0,"interval":1,"start_time":1611318326000},{"elapsed_time":95470,"segment":0,"interval":1,"start_time":1611318328000},{"elapsed_time":97470,"segment":0,"interval":1,"start_time":1611318330000},{"elapsed_time":100470,"segment":0,"interval":1,"start_time":1611318333000},{"elapsed_time":102470,"segment":0,"interval":1,"start_time":1611318335000},{"elapsed_time":104470,"segment":0,"interval":1,"start_time":1611318337000},{"elapsed_time":106470,"segment":0,"interval":1,"start_time":1611318339000},{"elapsed_time":108470,"segment":0,"interval":1,"start_time":1611318341000},{"elapsed_time":110470,"segment":0,"interval":1,"start_time":1611318343000},{"elapsed_time":112470,"segment":0,"interval":1,"start_time":1611318345000},{"elapsed_time":114470,"segment":0,"interval":1,"start_time":1611318347000},{"elapsed_time":117470,"segment":0,"interval":1,"start_time":1611318350000},{"elapsed_time":119470,"segment":0,"interval":1,"start_time":1611318352000},{"elapsed_time":121470,"segment":0,"interval":1,"start_time":1611318354000},{"elapsed_time":123470,"segment":0,"interval":1,"start_time":1611318356000},{"elapsed_time":125470,"segment":0,"interval":1,"start_time":1611318358000},{"elapsed_time":127470,"segment":0,"interval":1,"start_time":1611318360000},{"elapsed_time":129470,"segment":0,"interval":1,"start_time":1611318362000},{"elapsed_time":131470,"segment":0,"interval":1,"start_time":1611318364000},{"elapsed_time":133470,"segment":0,"interval":1,"start_time":1611318366000},{"elapsed_time":135470,"segment":0,"interval":1,"start_time":1611318368000},{"elapsed_time":137470,"segment":0,"interval":1,"start_time":1611318370000},{"elapsed_time":139470,"segment":0,"interval":1,"start_time":1611318372000},{"elapsed_time":141470,"segment":0,"interval":1,"start_time":1611318374000},{"elapsed_time":143470,"segment":0,"interval":1,"start_time":1611318376000},{"elapsed_time":145470,"segment":0,"interval":1,"start_time":1611318378000},{"elapsed_time":147470,"segment":0,"interval":1,"start_time":1611318380000},{"elapsed_time":149470,"segment":0,"interval":1,"start_time":1611318382000},{"elapsed_time":151470,"segment":0,"interval":1,"start_time":1611318384000},{"elapsed_time":153470,"segment":0,"interval":1,"start_time":1611318386000},{"elapsed_time":155470,"segment":0,"interval":1,"start_time":1611318388000},{"elapsed_time":157470,"segment":0,"interval":1,"start_time":1611318390000},{"elapsed_time":159470,"segment":0,"interval":1,"start_time":1611318392000},{"elapsed_time":161470,"segment":0,"interval":1,"start_time":1611318394000},{"elapsed_time":163470,"segment":0,"interval":1,"start_time":1611318396000},{"elapsed_time":165470,"segment":0,"interval":1,"start_time":1611318398000},{"elapsed_time":167470,"segment":0,"interval":1,"start_time":1611318400000},{"elapsed_time":169470,"segment":0,"interval":1,"start_time":1611318402000},{"elapsed_time":171470,"segment":0,"interval":1,"start_time":1611318404000},{"elapsed_time":173470,"segment":0,"interval":1,"start_time":1611318406000},{"elapsed_time":175470,"segment":0,"interval":1,"start_time":1611318408000},{"elapsed_time":177470,"segment":0,"interval":1,"start_time":1611318410000},{"elapsed_time":179470,"segment":0,"interval":1,"start_time":1611318412000},{"elapsed_time":181470,"segment":0,"interval":1,"start_time":1611318414000},{"elapsed_time":183470,"segment":0,"interval":1,"start_time":1611318416000},{"elapsed_time":185470,"segment":0,"interval":1,"start_time":1611318418000},{"elapsed_time":188470,"segment":0,"interval":1,"start_time":1611318421000},{"elapsed_time":191470,"segment":0,"interval":1,"start_time":1611318424000},{"elapsed_time":194470,"segment":0,"interval":1,"start_time":1611318427000},{"elapsed_time":196470,"segment":0,"interval":1,"start_time":1611318429000},{"elapsed_time":198470,"segment":0,"interval":1,"start_time":1611318431000},{"elapsed_time":200470,"segment":0,"interval":1,"start_time":1611318433000},{"elapsed_time":202470,"segment":0,"interval":1,"start_time":1611318435000},{"elapsed_time":204470,"segment":0,"interval":1,"start_time":1611318437000},{"elapsed_time":206470,"segment":0,"interval":1,"start_time":1611318439000},{"elapsed_time":208470,"segment":0,"interval":1,"start_time":1611318441000},{"elapsed_time":210470,"segment":0,"interval":1,"start_time":1611318443000},{"elapsed_time":212470,"segment":0,"interval":1,"start_time":1611318445000},{"elapsed_time":214470,"segment":0,"interval":1,"start_time":1611318447000},{"elapsed_time":216470,"segment":0,"interval":1,"start_time":1611318449000},{"elapsed_time":218470,"segment":0,"interval":1,"start_time":1611318451000},{"elapsed_time":220470,"segment":0,"interval":1,"start_time":1611318453000},{"elapsed_time":222470,"segment":0,"interval":1,"start_time":1611318455000},{"elapsed_time":224470,"segment":0,"interval":1,"start_time":1611318457000},{"elapsed_time":226470,"segment":0,"interval":1,"start_time":1611318459000},{"elapsed_time":228470,"segment":0,"interval":1,"start_time":1611318461000},{"elapsed_time":230470,"segment":0,"interval":1,"start_time":1611318463000},{"elapsed_time":232470,"segment":0,"interval":1,"start_time":1611318465000},{"elapsed_time":234470,"segment":0,"interval":1,"start_time":1611318467000},{"elapsed_time":236470,"segment":0,"interval":1,"start_time":1611318469000},{"elapsed_time":238470,"segment":0,"interval":1,"start_time":1611318471000},{"elapsed_time":240470,"segment":0,"interval":1,"start_time":1611318473000},{"elapsed_time":242470,"segment":0,"interval":1,"start_time":1611318475000},{"elapsed_time":244470,"segment":0,"interval":1,"start_time":1611318477000},{"elapsed_time":246470,"segment":0,"interval":1,"start_time":1611318479000},{"elapsed_time":248470,"segment":0,"interval":1,"start_time":1611318481000},{"elapsed_time":250470,"segment":0,"interval":1,"start_time":1611318483000},{"elapsed_time":252470,"segment":0,"interval":1,"start_time":1611318485000},{"elapsed_time":254470,"segment":0,"interval":1,"start_time":1611318487000},{"elapsed_time":256470,"segment":0,"interval":1,"start_time":1611318489000},{"elapsed_time":258470,"segment":0,"interval":1,"start_time":1611318491000},{"elapsed_time":260470,"segment":0,"interval":1,"start_time":1611318493000},{"elapsed_time":262470,"segment":0,"interval":1,"start_time":1611318495000},{"elapsed_time":264470,"segment":0,"interval":1,"start_time":1611318497000},{"elapsed_time":266470,"segment":0,"interval":1,"start_time":1611318499000},{"elapsed_time":268470,"segment":0,"interval":1,"start_time":1611318501000},{"elapsed_time":270470,"segment":0,"interval":1,"start_time":1611318503000},{"elapsed_time":272470,"segment":0,"interval":1,"start_time":1611318505000},{"elapsed_time":274470,"segment":0,"interval":1,"start_time":1611318507000},{"elapsed_time":276470,"segment":0,"interval":1,"start_time":1611318509000},{"elapsed_time":278470,"segment":0,"interval":1,"start_time":1611318511000},{"elapsed_time":280470,"segment":0,"interval":1,"start_time":1611318513000},{"elapsed_time":282470,"segment":0,"interval":1,"start_time":1611318515000},{"elapsed_time":284470,"segment":0,"interval":1,"start_time":1611318517000},{"elapsed_time":286470,"segment":0,"interval":1,"start_time":1611318519000},{"elapsed_time":288470,"segment":0,"interval":1,"start_time":1611318521000},{"elapsed_time":290470,"segment":0,"interval":1,"start_time":1611318523000},{"elapsed_time":293470,"segment":0,"interval":1,"start_time":1611318526000},{"elapsed_time":295470,"segment":0,"interval":1,"start_time":1611318528000},{"elapsed_time":297470,"segment":0,"interval":1,"start_time":1611318530000},{"elapsed_time":299470,"segment":0,"interval":1,"start_time":1611318532000},{"elapsed_time":301470,"segment":0,"interval":1,"start_time":1611318534000},{"elapsed_time":303470,"segment":0,"interval":1,"start_time":1611318536000},{"elapsed_time":305470,"segment":0,"interval":1,"start_time":1611318538000},{"elapsed_time":307470,"segment":0,"interval":1,"start_time":1611318540000},{"elapsed_time":309470,"segment":0,"interval":1,"start_time":1611318542000},{"elapsed_time":311470,"segment":0,"interval":1,"start_time":1611318544000},{"elapsed_time":313470,"segment":0,"interval":1,"start_time":1611318546000},{"elapsed_time":315470,"segment":0,"interval":1,"start_time":1611318548000},{"elapsed_time":317470,"segment":0,"interval":1,"start_time":1611318550000},{"elapsed_time":319470,"segment":0,"interval":1,"start_time":1611318552000},{"elapsed_time":321470,"segment":0,"interval":1,"start_time":1611318554000},{"elapsed_time":323470,"segment":0,"interval":1,"start_time":1611318556000},{"elapsed_time":325470,"segment":0,"interval":1,"start_time":1611318558000},{"elapsed_time":327470,"segment":0,"interval":1,"start_time":1611318560000},{"elapsed_time":329470,"segment":0,"interval":1,"start_time":1611318562000},{"elapsed_time":331470,"segment":0,"interval":1,"start_time":1611318564000},{"elapsed_time":333470,"segment":0,"interval":1,"start_time":1611318566000},{"elapsed_time":335470,"segment":0,"interval":1,"start_time":1611318568000},{"elapsed_time":337470,"segment":0,"interval":1,"start_time":1611318570000},{"elapsed_time":339470,"segment":0,"interval":1,"start_time":1611318572000},{"elapsed_time":341470,"segment":0,"interval":1,"start_time":1611318574000},{"elapsed_time":343470,"segment":0,"interval":1,"start_time":1611318576000},{"elapsed_time":345470,"segment":0,"interval":1,"start_time":1611318578000},{"elapsed_time":347470,"segment":0,"interval":1,"start_time":1611318580000},{"elapsed_time":349470,"segment":0,"interval":1,"start_time":1611318582000},{"elapsed_time":351470,"segment":0,"interval":1,"start_time":1611318584000},{"elapsed_time":353470,"segment":0,"interval":1,"start_time":1611318586000},{"elapsed_time":355470,"segment":0,"interval":1,"start_time":1611318588000},{"elapsed_time":358470,"segment":0,"interval":1,"start_time":1611318591000},{"elapsed_time":360470,"segment":0,"interval":1,"start_time":1611318593000},{"elapsed_time":362470,"segment":0,"interval":1,"start_time":1611318595000},{"elapsed_time":364470,"segment":0,"interval":1,"start_time":1611318597000},{"elapsed_time":366470,"segment":0,"interval":1,"start_time":1611318599000},{"elapsed_time":368470,"segment":0,"interval":1,"start_time":1611318601000},{"elapsed_time":370470,"segment":0,"interval":1,"start_time":1611318603000},{"elapsed_time":372470,"segment":0,"interval":1,"start_time":1611318605000},{"elapsed_time":374470,"segment":0,"interval":1,"start_time":1611318607000},{"elapsed_time":376470,"segment":0,"interval":1,"start_time":1611318609000},{"elapsed_time":378470,"segment":0,"interval":1,"start_time":1611318611000},{"elapsed_time":380470,"segment":0,"interval":1,"start_time":1611318613000},{"elapsed_time":382470,"segment":0,"interval":1,"start_time":1611318615000},{"elapsed_time":384470,"segment":0,"interval":1,"start_time":1611318617000},{"elapsed_time":386470,"segment":0,"interval":1,"start_time":1611318619000},{"elapsed_time":388470,"segment":0,"interval":1,"start_time":1611318621000},{"elapsed_time":390470,"segment":0,"interval":1,"start_time":1611318623000},{"elapsed_time":392470,"segment":0,"interval":1,"start_time":1611318625000},{"elapsed_time":395470,"segment":0,"interval":1,"start_time":1611318628000},{"elapsed_time":397470,"segment":0,"interval":1,"start_time":1611318630000},{"elapsed_time":399470,"segment":0,"interval":1,"start_time":1611318632000},{"elapsed_time":401470,"segment":0,"interval":1,"start_time":1611318634000},{"elapsed_time":403470,"segment":0,"interval":1,"start_time":1611318636000},{"elapsed_time":405470,"segment":0,"interval":1,"start_time":1611318638000},{"elapsed_time":407470,"segment":0,"interval":1,"start_time":1611318640000},{"elapsed_time":409470,"segment":0,"interval":1,"start_time":1611318642000},{"elapsed_time":411470,"segment":0,"interval":1,"start_time":1611318644000},{"elapsed_time":413470,"segment":0,"interval":1,"start_time":1611318646000},{"elapsed_time":415470,"segment":0,"interval":1,"start_time":1611318648000},{"elapsed_time":417470,"segment":0,"interval":1,"start_time":1611318650000},{"elapsed_time":419470,"segment":0,"interval":1,"start_time":1611318652000},{"elapsed_time":421470,"segment":0,"interval":1,"start_time":1611318654000},{"elapsed_time":423470,"segment":0,"interval":1,"start_time":1611318656000},{"elapsed_time":425470,"segment":0,"interval":1,"start_time":1611318658000},{"elapsed_time":427470,"segment":0,"interval":1,"start_time":1611318660000},{"elapsed_time":429470,"segment":0,"interval":1,"start_time":1611318662000},{"elapsed_time":431470,"segment":0,"interval":1,"start_time":1611318664000},{"elapsed_time":433470,"segment":0,"interval":1,"start_time":1611318666000},{"elapsed_time":435470,"segment":0,"interval":1,"start_time":1611318668000},{"elapsed_time":437470,"segment":0,"interval":1,"start_time":1611318670000},{"elapsed_time":439470,"segment":0,"interval":1,"start_time":1611318672000},{"elapsed_time":441470,"segment":0,"interval":1,"start_time":1611318674000},{"elapsed_time":443470,"segment":0,"interval":1,"start_time":1611318676000},{"elapsed_time":445470,"segment":0,"interval":1,"start_time":1611318678000},{"elapsed_time":447470,"segment":0,"interval":1,"start_time":1611318680000},{"elapsed_time":449470,"segment":0,"interval":1,"start_time":1611318682000},{"elapsed_time":451470,"segment":0,"interval":1,"start_time":1611318684000},{"elapsed_time":453470,"segment":0,"interval":1,"start_time":1611318686000},{"elapsed_time":455470,"segment":0,"interval":1,"start_time":1611318688000},{"elapsed_time":457470,"segment":0,"interval":1,"start_time":1611318690000},{"elapsed_time":459470,"segment":0,"interval":1,"start_time":1611318692000},{"elapsed_time":461470,"segment":0,"interval":1,"start_time":1611318694000},{"elapsed_time":463470,"segment":0,"interval":1,"start_time":1611318696000},{"elapsed_time":465470,"segment":0,"interval":1,"start_time":1611318698000},{"elapsed_time":467470,"segment":0,"interval":1,"start_time":1611318700000},{"elapsed_time":469470,"segment":0,"interval":1,"start_time":1611318702000},{"elapsed_time":471470,"segment":0,"interval":1,"start_time":1611318704000},{"elapsed_time":473470,"segment":0,"interval":1,"start_time":1611318706000},{"elapsed_time":475470,"segment":0,"interval":1,"start_time":1611318708000},{"elapsed_time":477470,"segment":0,"interval":1,"start_time":1611318710000},{"elapsed_time":479470,"segment":0,"interval":1,"start_time":1611318712000},{"elapsed_time":481470,"segment":0,"interval":1,"start_time":1611318714000},{"elapsed_time":483470,"segment":0,"interval":1,"start_time":1611318716000},{"elapsed_time":485470,"segment":0,"interval":1,"start_time":1611318718000},{"elapsed_time":487470,"segment":0,"interval":1,"start_time":1611318720000},{"elapsed_time":489470,"segment":0,"interval":1,"start_time":1611318722000},{"elapsed_time":491470,"segment":0,"interval":1,"start_time":1611318724000},{"elapsed_time":493470,"segment":0,"interval":1,"start_time":1611318726000},{"elapsed_time":495470,"segment":0,"interval":1,"start_time":1611318728000},{"elapsed_time":497470,"segment":0,"interval":1,"start_time":1611318730000},{"elapsed_time":499470,"segment":0,"interval":1,"start_time":1611318732000},{"elapsed_time":501470,"segment":0,"interval":1,"start_time":1611318734000},{"elapsed_time":503470,"segment":0,"interval":1,"start_time":1611318736000},{"elapsed_time":505470,"segment":0,"interval":1,"start_time":1611318738000},{"elapsed_time":507470,"segment":0,"interval":1,"start_time":1611318740000},{"elapsed_time":509470,"segment":0,"interval":1,"start_time":1611318742000},{"elapsed_time":511470,"segment":0,"interval":1,"start_time":1611318744000},{"elapsed_time":513470,"segment":0,"interval":1,"start_time":1611318746000},{"elapsed_time":515470,"segment":0,"interval":1,"start_time":1611318748000},{"elapsed_time":518470,"segment":0,"interval":1,"start_time":1611318751000},{"elapsed_time":520470,"segment":0,"interval":1,"start_time":1611318753000},{"elapsed_time":522470,"segment":0,"interval":1,"start_time":1611318755000},{"elapsed_time":524470,"segment":0,"interval":1,"start_time":1611318757000},{"elapsed_time":526470,"segment":0,"interval":1,"start_time":1611318759000},{"elapsed_time":528470,"segment":0,"interval":1,"start_time":1611318761000},{"elapsed_time":530470,"segment":0,"interval":1,"start_time":1611318763000},{"elapsed_time":532470,"segment":0,"interval":1,"start_time":1611318765000},{"elapsed_time":534470,"segment":0,"interval":1,"start_time":1611318767000},{"elapsed_time":536470,"segment":0,"interval":1,"start_time":1611318769000},{"elapsed_time":538470,"segment":0,"interval":1,"start_time":1611318771000},{"elapsed_time":540470,"segment":0,"interval":1,"start_time":1611318773000},{"elapsed_time":542470,"segment":0,"interval":1,"start_time":1611318775000},{"elapsed_time":545470,"segment":0,"interval":1,"start_time":1611318778000},{"elapsed_time":547470,"segment":0,"interval":1,"start_time":1611318780000},{"elapsed_time":549470,"segment":0,"interval":1,"start_time":1611318782000},{"elapsed_time":551470,"segment":0,"interval":1,"start_time":1611318784000},{"elapsed_time":553470,"segment":0,"interval":1,"start_time":1611318786000},{"elapsed_time":555470,"segment":0,"interval":1,"start_time":1611318788000},{"elapsed_time":557470,"segment":0,"interval":1,"start_time":1611318790000},{"elapsed_time":559470,"segment":0,"interval":1,"start_time":1611318792000},{"elapsed_time":561470,"segment":0,"interval":1,"start_time":1611318794000},{"elapsed_time":563470,"segment":0,"interval":1,"start_time":1611318796000},{"elapsed_time":565470,"segment":0,"interval":1,"start_time":1611318798000},{"elapsed_time":567470,"segment":0,"interval":1,"start_time":1611318800000},{"elapsed_time":569470,"segment":0,"interval":1,"start_time":1611318802000},{"elapsed_time":571470,"segment":0,"interval":1,"start_time":1611318804000},{"elapsed_time":573470,"segment":0,"interval":1,"start_time":1611318806000},{"elapsed_time":575470,"segment":0,"interval":1,"start_time":1611318808000},{"elapsed_time":577470,"segment":0,"interval":1,"start_time":1611318810000},{"elapsed_time":579470,"segment":0,"interval":1,"start_time":1611318812000},{"elapsed_time":581470,"segment":0,"interval":1,"start_time":1611318814000},{"elapsed_time":583470,"segment":0,"interval":1,"start_time":1611318816000},{"elapsed_time":585470,"segment":0,"interval":1,"start_time":1611318818000},{"elapsed_time":587470,"segment":0,"interval":1,"start_time":1611318820000},{"elapsed_time":589470,"segment":0,"interval":1,"start_time":1611318822000},{"elapsed_time":591470,"segment":0,"interval":1,"start_time":1611318824000},{"elapsed_time":593470,"segment":0,"interval":1,"start_time":1611318826000},{"elapsed_time":595470,"segment":0,"interval":1,"start_time":1611318828000},{"elapsed_time":597470,"segment":0,"interval":1,"start_time":1611318830000},{"elapsed_time":599470,"segment":0,"interval":1,"start_time":1611318832000},{"elapsed_time":601470,"segment":0,"interval":1,"start_time":1611318834000},{"elapsed_time":603470,"segment":0,"interval":1,"start_time":1611318836000},{"elapsed_time":605470,"segment":0,"interval":1,"start_time":1611318838000},{"elapsed_time":607470,"segment":0,"interval":1,"start_time":1611318840000},{"elapsed_time":609470,"segment":0,"interval":1,"start_time":1611318842000},{"elapsed_time":611470,"segment":0,"interval":1,"start_time":1611318844000},{"elapsed_time":613470,"segment":0,"interval":1,"start_time":1611318846000},{"elapsed_time":615470,"segment":0,"interval":1,"start_time":1611318848000},{"elapsed_time":617470,"segment":0,"interval":1,"start_time":1611318850000},{"elapsed_time":619470,"segment":0,"interval":1,"start_time":1611318852000},{"elapsed_time":621470,"segment":0,"interval":1,"start_time":1611318854000},{"elapsed_time":624470,"segment":0,"interval":1,"start_time":1611318857000},{"elapsed_time":626470,"segment":0,"interval":1,"start_time":1611318859000},{"elapsed_time":628470,"segment":0,"interval":1,"start_time":1611318861000},{"elapsed_time":631470,"segment":0,"interval":1,"start_time":1611318864000},{"elapsed_time":633470,"segment":0,"interval":1,"start_time":1611318866000},{"elapsed_time":635470,"segment":0,"interval":1,"start_time":1611318868000},{"elapsed_time":637470,"segment":0,"interval":1,"start_time":1611318870000},{"elapsed_time":639470,"segment":0,"interval":1,"start_time":1611318872000},{"elapsed_time":641470,"segment":0,"interval":1,"start_time":1611318874000},{"elapsed_time":643470,"segment":0,"interval":1,"start_time":1611318876000},{"elapsed_time":645470,"segment":0,"interval":1,"start_time":1611318878000},{"elapsed_time":647470,"segment":0,"interval":1,"start_time":1611318880000},{"elapsed_time":649470,"segment":0,"interval":1,"start_time":1611318882000},{"elapsed_time":651470,"segment":0,"interval":1,"start_time":1611318884000},{"elapsed_time":653470,"segment":0,"interval":1,"start_time":1611318886000},{"elapsed_time":655470,"segment":0,"interval":1,"start_time":1611318888000},{"elapsed_time":657470,"segment":0,"interval":1,"start_time":1611318890000},{"elapsed_time":659470,"segment":0,"interval":1,"start_time":1611318892000},{"elapsed_time":661470,"segment":0,"interval":1,"start_time":1611318894000},{"elapsed_time":663470,"segment":0,"interval":1,"start_time":1611318896000},{"elapsed_time":665470,"segment":0,"interval":1,"start_time":1611318898000},{"elapsed_time":668470,"segment":0,"interval":1,"start_time":1611318901000},{"elapsed_time":670470,"segment":0,"interval":1,"start_time":1611318903000},{"elapsed_time":672470,"segment":0,"interval":1,"start_time":1611318905000},{"elapsed_time":674470,"segment":0,"interval":1,"start_time":1611318907000},{"elapsed_time":676470,"segment":0,"interval":1,"start_time":1611318909000},{"elapsed_time":678470,"segment":0,"interval":1,"start_time":1611318911000},{"elapsed_time":680470,"segment":0,"interval":1,"start_time":1611318913000},{"elapsed_time":682470,"segment":0,"interval":1,"start_time":1611318915000},{"elapsed_time":684470,"segment":0,"interval":1,"start_time":1611318917000},{"elapsed_time":686470,"segment":0,"interval":1,"start_time":1611318919000},{"elapsed_time":688470,"segment":0,"interval":1,"start_time":1611318921000},{"elapsed_time":690470,"segment":0,"interval":1,"start_time":1611318923000},{"elapsed_time":692470,"segment":0,"interval":1,"start_time":1611318925000},{"elapsed_time":694470,"segment":0,"interval":1,"start_time":1611318927000},{"elapsed_time":696470,"segment":0,"interval":1,"start_time":1611318929000},{"elapsed_time":698470,"segment":0,"interval":1,"start_time":1611318931000},{"elapsed_time":700470,"segment":0,"interval":1,"start_time":1611318933000},{"elapsed_time":703470,"segment":0,"interval":1,"start_time":1611318936000},{"elapsed_time":706470,"segment":0,"interval":1,"start_time":1611318939000},{"elapsed_time":708470,"segment":0,"interval":1,"start_time":1611318941000},{"elapsed_time":710470,"segment":0,"interval":1,"start_time":1611318943000},{"elapsed_time":712470,"segment":0,"interval":1,"start_time":1611318945000},{"elapsed_time":714470,"segment":0,"interval":1,"start_time":1611318947000},{"elapsed_time":716470,"segment":0,"interval":1,"start_time":1611318949000},{"elapsed_time":718470,"segment":0,"interval":1,"start_time":1611318951000},{"elapsed_time":720470,"segment":0,"interval":1,"start_time":1611318953000},{"elapsed_time":722470,"segment":0,"interval":1,"start_time":1611318955000},{"elapsed_time":724470,"segment":0,"interval":1,"start_time":1611318957000},{"elapsed_time":727470,"segment":0,"interval":1,"start_time":1611318960000},{"elapsed_time":730470,"segment":0,"interval":1,"start_time":1611318963000},{"elapsed_time":732470,"segment":0,"interval":1,"start_time":1611318965000},{"elapsed_time":734470,"segment":0,"interval":1,"start_time":1611318967000},{"elapsed_time":736470,"segment":0,"interval":1,"start_time":1611318969000},{"elapsed_time":738470,"segment":0,"interval":1,"start_time":1611318971000},{"elapsed_time":740470,"segment":0,"interval":1,"start_time":1611318973000},{"elapsed_time":742470,"segment":0,"interval":1,"start_time":1611318975000},{"elapsed_time":744470,"segment":0,"interval":1,"start_time":1611318977000},{"elapsed_time":746470,"segment":0,"interval":1,"start_time":1611318979000},{"elapsed_time":748470,"segment":0,"interval":1,"start_time":1611318981000},{"elapsed_time":750470,"segment":0,"interval":1,"start_time":1611318983000},{"elapsed_time":752470,"segment":0,"interval":1,"start_time":1611318985000},{"elapsed_time":754470,"segment":0,"interval":1,"start_time":1611318987000},{"elapsed_time":756470,"segment":0,"interval":1,"start_time":1611318989000},{"elapsed_time":758470,"segment":0,"interval":1,"start_time":1611318991000},{"elapsed_time":760470,"segment":0,"interval":1,"start_time":1611318993000},{"elapsed_time":762470,"segment":0,"interval":1,"start_time":1611318995000},{"elapsed_time":764470,"segment":0,"interval":1,"start_time":1611318997000},{"elapsed_time":765470,"segment":0,"interval":1,"start_time":1611318998000},{"elapsed_time":766470,"segment":0,"interval":1,"start_time":1611318999000},{"elapsed_time":768470,"segment":0,"interval":1,"start_time":1611319001000},{"elapsed_time":770470,"segment":0,"interval":1,"start_time":1611319003000},{"elapsed_time":772470,"segment":0,"interval":1,"start_time":1611319005000},{"elapsed_time":774470,"segment":0,"interval":1,"start_time":1611319007000},{"elapsed_time":776470,"segment":0,"interval":1,"start_time":1611319009000},{"elapsed_time":778470,"segment":0,"interval":1,"start_time":1611319011000},{"elapsed_time":780470,"segment":0,"interval":1,"start_time":1611319013000},{"elapsed_time":782470,"segment":0,"interval":1,"start_time":1611319015000},{"elapsed_time":784470,"segment":0,"interval":1,"start_time":1611319017000},{"elapsed_time":786470,"segment":0,"interval":1,"start_time":1611319019000},{"elapsed_time":788470,"segment":0,"interval":1,"start_time":1611319021000},{"elapsed_time":790470,"segment":0,"interval":1,"start_time":1611319023000},{"elapsed_time":792470,"segment":0,"interval":1,"start_time":1611319025000},{"elapsed_time":794470,"segment":0,"interval":1,"start_time":1611319027000},{"elapsed_time":796470,"segment":0,"interval":1,"start_time":1611319029000},{"elapsed_time":798470,"segment":0,"interval":1,"start_time":1611319031000},{"elapsed_time":800470,"segment":0,"interval":1,"start_time":1611319033000},{"elapsed_time":802470,"segment":0,"interval":1,"start_time":1611319035000},{"elapsed_time":805470,"segment":0,"interval":1,"start_time":1611319038000},{"elapsed_time":807470,"segment":0,"interval":1,"start_time":1611319040000},{"elapsed_time":809470,"segment":0,"interval":1,"start_time":1611319042000},{"elapsed_time":811470,"segment":0,"interval":1,"start_time":1611319044000},{"elapsed_time":813470,"segment":0,"interval":1,"start_time":1611319046000},{"elapsed_time":815470,"segment":0,"interval":1,"start_time":1611319048000},{"elapsed_time":817470,"segment":0,"interval":1,"start_time":1611319050000},{"elapsed_time":819470,"segment":0,"interval":1,"start_time":1611319052000},{"elapsed_time":821470,"segment":0,"interval":1,"start_time":1611319054000},{"elapsed_time":823470,"segment":0,"interval":1,"start_time":1611319056000},{"elapsed_time":825470,"segment":0,"interval":1,"start_time":1611319058000},{"elapsed_time":827470,"segment":0,"interval":1,"start_time":1611319060000},{"elapsed_time":829470,"segment":0,"interval":1,"start_time":1611319062000},{"elapsed_time":831470,"segment":0,"interval":1,"start_time":1611319064000},{"elapsed_time":833470,"segment":0,"interval":1,"start_time":1611319066000},{"elapsed_time":835470,"segment":0,"interval":1,"start_time":1611319068000},{"elapsed_time":837470,"segment":0,"interval":1,"start_time":1611319070000},{"elapsed_time":839470,"segment":0,"interval":1,"start_time":1611319072000},{"elapsed_time":842470,"segment":0,"interval":1,"start_time":1611319075000},{"elapsed_time":844470,"segment":0,"interval":1,"start_time":1611319077000},{"elapsed_time":846470,"segment":0,"interval":1,"start_time":1611319079000},{"elapsed_time":848470,"segment":0,"interval":1,"start_time":1611319081000},{"elapsed_time":850470,"segment":0,"interval":1,"start_time":1611319083000},{"elapsed_time":852470,"segment":0,"interval":1,"start_time":1611319085000},{"elapsed_time":854470,"segment":0,"interval":1,"start_time":1611319087000},{"elapsed_time":856470,"segment":0,"interval":1,"start_time":1611319089000},{"elapsed_time":858470,"segment":0,"interval":1,"start_time":1611319091000},{"elapsed_time":860470,"segment":0,"interval":1,"start_time":1611319093000},{"elapsed_time":862470,"segment":0,"interval":1,"start_time":1611319095000},{"elapsed_time":864470,"segment":0,"interval":1,"start_time":1611319097000},{"elapsed_time":867470,"segment":0,"interval":1,"start_time":1611319100000},{"elapsed_time":869470,"segment":0,"interval":1,"start_time":1611319102000},{"elapsed_time":872470,"segment":0,"interval":1,"start_time":1611319105000},{"elapsed_time":874470,"segment":0,"interval":1,"start_time":1611319107000},{"elapsed_time":876470,"segment":0,"interval":1,"start_time":1611319109000},{"elapsed_time":878470,"segment":0,"interval":1,"start_time":1611319111000},{"elapsed_time":880470,"segment":0,"interval":1,"start_time":1611319113000},{"elapsed_time":882470,"segment":0,"interval":1,"start_time":1611319115000},{"elapsed_time":884470,"segment":0,"interval":1,"start_time":1611319117000},{"elapsed_time":886470,"segment":0,"interval":1,"start_time":1611319119000},{"elapsed_time":888470,"segment":0,"interval":1,"start_time":1611319121000},{"elapsed_time":891470,"segment":0,"interval":1,"start_time":1611319124000},{"elapsed_time":893470,"segment":0,"interval":1,"start_time":1611319126000},{"elapsed_time":895470,"segment":0,"interval":1,"start_time":1611319128000},{"elapsed_time":897470,"segment":0,"interval":1,"start_time":1611319130000},{"elapsed_time":899470,"segment":0,"interval":1,"start_time":1611319132000},{"elapsed_time":901470,"segment":0,"interval":1,"start_time":1611319134000},{"elapsed_time":903470,"segment":0,"interval":1,"start_time":1611319136000},{"elapsed_time":905470,"segment":0,"interval":1,"start_time":1611319138000},{"elapsed_time":907470,"segment":0,"interval":1,"start_time":1611319140000},{"elapsed_time":909470,"segment":0,"interval":1,"start_time":1611319142000},{"elapsed_time":911470,"segment":0,"interval":1,"start_time":1611319144000},{"elapsed_time":913470,"segment":0,"interval":1,"start_time":1611319146000},{"elapsed_time":915470,"segment":0,"interval":1,"start_time":1611319148000},{"elapsed_time":917470,"segment":0,"interval":1,"start_time":1611319150000},{"elapsed_time":919470,"segment":0,"interval":1,"start_time":1611319152000},{"elapsed_time":921470,"segment":0,"interval":1,"start_time":1611319154000},{"elapsed_time":923470,"segment":0,"interval":1,"start_time":1611319156000},{"elapsed_time":925470,"segment":0,"interval":1,"start_time":1611319158000},{"elapsed_time":928470,"segment":0,"interval":1,"start_time":1611319161000},{"elapsed_time":930470,"segment":0,"interval":1,"start_time":1611319163000},{"elapsed_time":932470,"segment":0,"interval":1,"start_time":1611319165000},{"elapsed_time":935470,"segment":0,"interval":1,"start_time":1611319168000},{"elapsed_time":937470,"segment":0,"interval":1,"start_time":1611319170000},{"elapsed_time":939470,"segment":0,"interval":1,"start_time":1611319172000},{"elapsed_time":941470,"segment":0,"interval":1,"start_time":1611319174000},{"elapsed_time":943470,"segment":0,"interval":1,"start_time":1611319176000},{"elapsed_time":945470,"segment":0,"interval":1,"start_time":1611319178000},{"elapsed_time":947470,"segment":0,"interval":1,"start_time":1611319180000},{"elapsed_time":950470,"segment":0,"interval":1,"start_time":1611319183000},{"elapsed_time":952470,"segment":0,"interval":1,"start_time":1611319185000},{"elapsed_time":954470,"segment":0,"interval":1,"start_time":1611319187000},{"elapsed_time":956470,"segment":0,"interval":1,"start_time":1611319189000},{"elapsed_time":958470,"segment":0,"interval":1,"start_time":1611319191000},{"elapsed_time":960470,"segment":0,"interval":1,"start_time":1611319193000},{"elapsed_time":963470,"segment":0,"interval":1,"start_time":1611319196000},{"elapsed_time":965470,"segment":0,"interval":1,"start_time":1611319198000},{"elapsed_time":967470,"segment":0,"interval":1,"start_time":1611319200000},{"elapsed_time":969470,"segment":0,"interval":1,"start_time":1611319202000},{"elapsed_time":971470,"segment":0,"interval":1,"start_time":1611319204000},{"elapsed_time":973470,"segment":0,"interval":1,"start_time":1611319206000},{"elapsed_time":975470,"segment":0,"interval":1,"start_time":1611319208000},{"elapsed_time":977470,"segment":0,"interval":1,"start_time":1611319210000},{"elapsed_time":979470,"segment":0,"interval":1,"start_time":1611319212000},{"elapsed_time":981470,"segment":0,"interval":1,"start_time":1611319214000},{"elapsed_time":983470,"segment":0,"interval":1,"start_time":1611319216000},{"elapsed_time":985470,"segment":0,"interval":1,"start_time":1611319218000},{"elapsed_time":988470,"segment":0,"interval":1,"start_time":1611319221000},{"elapsed_time":991470,"segment":0,"interval":1,"start_time":1611319224000},{"elapsed_time":993470,"segment":0,"interval":1,"start_time":1611319226000},{"elapsed_time":995470,"segment":0,"interval":1,"start_time":1611319228000},{"elapsed_time":997470,"segment":0,"interval":1,"start_time":1611319230000},{"elapsed_time":999470,"segment":0,"interval":1,"start_time":1611319232000},{"elapsed_time":1001470,"segment":0,"interval":1,"start_time":1611319234000},{"elapsed_time":1003470,"segment":0,"interval":1,"start_time":1611319236000},{"elapsed_time":1005470,"segment":0,"interval":1,"start_time":1611319238000},{"elapsed_time":1007470,"segment":0,"interval":1,"start_time":1611319240000},{"elapsed_time":1009470,"segment":0,"interval":1,"start_time":1611319242000},{"elapsed_time":1011470,"segment":0,"interval":1,"start_time":1611319244000},{"elapsed_time":1013470,"segment":0,"interval":1,"start_time":1611319246000},{"elapsed_time":1015470,"segment":0,"interval":1,"start_time":1611319248000},{"elapsed_time":1017470,"segment":0,"interval":1,"start_time":1611319250000},{"elapsed_time":1019470,"segment":0,"interval":1,"start_time":1611319252000},{"elapsed_time":1021470,"segment":0,"interval":1,"start_time":1611319254000},{"elapsed_time":1023470,"segment":0,"interval":1,"start_time":1611319256000},{"elapsed_time":1025470,"segment":0,"interval":1,"start_time":1611319258000},{"elapsed_time":1027470,"segment":0,"interval":1,"start_time":1611319260000},{"elapsed_time":1029470,"segment":0,"interval":1,"start_time":1611319262000},{"elapsed_time":1031470,"segment":0,"interval":1,"start_time":1611319264000},{"elapsed_time":1033470,"segment":0,"interval":1,"start_time":1611319266000},{"elapsed_time":1035470,"segment":0,"interval":1,"start_time":1611319268000},{"elapsed_time":1036470,"segment":0,"interval":1,"start_time":1611319269000},{"elapsed_time":1038470,"segment":0,"interval":1,"start_time":1611319271000},{"elapsed_time":1040470,"segment":0,"interval":1,"start_time":1611319273000},{"elapsed_time":1042470,"segment":0,"interval":1,"start_time":1611319275000},{"elapsed_time":1044470,"segment":0,"interval":1,"start_time":1611319277000},{"elapsed_time":1046470,"segment":0,"interval":1,"start_time":1611319279000},{"elapsed_time":1049470,"segment":0,"interval":1,"start_time":1611319282000},{"elapsed_time":1051470,"segment":0,"interval":1,"start_time":1611319284000},{"elapsed_time":1053470,"segment":0,"interval":1,"start_time":1611319286000},{"elapsed_time":1055470,"segment":0,"interval":1,"start_time":1611319288000},{"elapsed_time":1057470,"segment":0,"interval":1,"start_time":1611319290000},{"elapsed_time":1059470,"segment":0,"interval":1,"start_time":1611319292000},{"elapsed_time":1061470,"segment":0,"interval":1,"start_time":1611319294000},{"elapsed_time":1063470,"segment":0,"interval":1,"start_time":1611319296000},{"elapsed_time":1065470,"segment":0,"interval":1,"start_time":1611319298000},{"elapsed_time":1067470,"segment":0,"interval":1,"start_time":1611319300000},{"elapsed_time":1069470,"segment":0,"interval":1,"start_time":1611319302000},{"elapsed_time":1071470,"segment":0,"interval":1,"start_time":1611319304000},{"elapsed_time":1073470,"segment":0,"interval":1,"start_time":1611319306000},{"elapsed_time":1075470,"segment":0,"interval":1,"start_time":1611319308000},{"elapsed_time":1077470,"segment":0,"interval":1,"start_time":1611319310000},{"elapsed_time":1079470,"segment":0,"interval":1,"start_time":1611319312000},{"elapsed_time":1081470,"segment":0,"interval":1,"start_time":1611319314000},{"elapsed_time":1083470,"segment":0,"interval":1,"start_time":1611319316000},{"elapsed_time":1085470,"segment":0,"interval":1,"start_time":1611319318000},{"elapsed_time":1087470,"segment":0,"interval":1,"start_time":1611319320000},{"elapsed_time":1089470,"segment":0,"interval":1,"start_time":1611319322000},{"elapsed_time":1091470,"segment":0,"interval":1,"start_time":1611319324000},{"elapsed_time":1093470,"segment":0,"interval":1,"start_time":1611319326000},{"elapsed_time":1095470,"segment":0,"interval":1,"start_time":1611319328000},{"elapsed_time":1097470,"segment":0,"interval":1,"start_time":1611319330000},{"elapsed_time":1099470,"segment":0,"interval":1,"start_time":1611319332000},{"elapsed_time":1102470,"segment":0,"interval":1,"start_time":1611319335000},{"elapsed_time":1104470,"segment":0,"interval":1,"start_time":1611319337000},{"elapsed_time":1105470,"segment":0,"interval":1,"start_time":1611319338000},{"elapsed_time":1107470,"segment":0,"interval":1,"start_time":1611319340000},{"elapsed_time":1109470,"segment":0,"interval":1,"start_time":1611319342000},{"elapsed_time":1112470,"segment":0,"interval":1,"start_time":1611319345000},{"elapsed_time":1114470,"segment":0,"interval":1,"start_time":1611319347000},{"elapsed_time":1116470,"segment":0,"interval":1,"start_time":1611319349000},{"elapsed_time":1118470,"segment":0,"interval":1,"start_time":1611319351000},{"elapsed_time":1120470,"segment":0,"interval":1,"start_time":1611319353000},{"elapsed_time":1122470,"segment":0,"interval":1,"start_time":1611319355000},{"elapsed_time":1124470,"segment":0,"interval":1,"start_time":1611319357000},{"elapsed_time":1126470,"segment":0,"interval":1,"start_time":1611319359000},{"elapsed_time":1128470,"segment":0,"interval":1,"start_time":1611319361000},{"elapsed_time":1130470,"segment":0,"interval":1,"start_time":1611319363000},{"elapsed_time":1132470,"segment":0,"interval":1,"start_time":1611319365000},{"elapsed_time":1134470,"segment":0,"interval":1,"start_time":1611319367000},{"elapsed_time":1136470,"segment":0,"interval":1,"start_time":1611319369000},{"elapsed_time":1138470,"segment":0,"interval":1,"start_time":1611319371000},{"elapsed_time":1140470,"segment":0,"interval":1,"start_time":1611319373000},{"elapsed_time":1142470,"segment":0,"interval":1,"start_time":1611319375000},{"elapsed_time":1144470,"segment":0,"interval":1,"start_time":1611319377000},{"elapsed_time":1147470,"segment":0,"interval":1,"start_time":1611319380000},{"elapsed_time":1149470,"segment":0,"interval":1,"start_time":1611319382000},{"elapsed_time":1151470,"segment":0,"interval":1,"start_time":1611319384000},{"elapsed_time":1153470,"segment":0,"interval":1,"start_time":1611319386000},{"elapsed_time":1155470,"segment":0,"interval":1,"start_time":1611319388000},{"elapsed_time":1157470,"segment":0,"interval":1,"start_time":1611319390000},{"elapsed_time":1159470,"segment":0,"interval":1,"start_time":1611319392000},{"elapsed_time":1161470,"segment":0,"interval":1,"start_time":1611319394000},{"elapsed_time":1163470,"segment":0,"interval":1,"start_time":1611319396000},{"elapsed_time":1165470,"segment":0,"interval":1,"start_time":1611319398000},{"elapsed_time":1167470,"segment":0,"interval":1,"start_time":1611319400000},{"elapsed_time":1169470,"segment":0,"interval":1,"start_time":1611319402000},{"elapsed_time":1171470,"segment":0,"interval":1,"start_time":1611319404000},{"elapsed_time":1173470,"segment":0,"interval":1,"start_time":1611319406000},{"elapsed_time":1175470,"segment":0,"interval":1,"start_time":1611319408000},{"elapsed_time":1177470,"segment":0,"interval":1,"start_time":1611319410000},{"elapsed_time":1179470,"segment":0,"interval":1,"start_time":1611319412000},{"elapsed_time":1181470,"segment":0,"interval":1,"start_time":1611319414000},{"elapsed_time":1183470,"segment":0,"interval":1,"start_time":1611319416000},{"elapsed_time":1185470,"segment":0,"interval":1,"start_time":1611319418000},{"elapsed_time":1187470,"segment":0,"interval":1,"start_time":1611319420000},{"elapsed_time":1190470,"segment":0,"interval":1,"start_time":1611319423000},{"elapsed_time":1192470,"segment":0,"interval":1,"start_time":1611319425000},{"elapsed_time":1194470,"segment":0,"interval":1,"start_time":1611319427000},{"elapsed_time":1196470,"segment":0,"interval":1,"start_time":1611319429000},{"elapsed_time":1198470,"segment":0,"interval":1,"start_time":1611319431000},{"elapsed_time":1200470,"segment":0,"interval":1,"start_time":1611319433000},{"elapsed_time":1202470,"segment":0,"interval":1,"start_time":1611319435000},{"elapsed_time":1204470,"segment":0,"interval":1,"start_time":1611319437000},{"elapsed_time":1206470,"segment":0,"interval":1,"start_time":1611319439000},{"elapsed_time":1208470,"segment":0,"interval":1,"start_time":1611319441000},{"elapsed_time":1210470,"segment":0,"interval":1,"start_time":1611319443000},{"elapsed_time":1213470,"segment":0,"interval":1,"start_time":1611319446000},{"elapsed_time":1215470,"segment":0,"interval":1,"start_time":1611319448000},{"elapsed_time":1217470,"segment":0,"interval":1,"start_time":1611319450000},{"elapsed_time":1219470,"segment":0,"interval":1,"start_time":1611319452000},{"elapsed_time":1221470,"segment":0,"interval":1,"start_time":1611319454000},{"elapsed_time":1223470,"segment":0,"interval":1,"start_time":1611319456000},{"elapsed_time":1225470,"segment":0,"interval":1,"start_time":1611319458000},{"elapsed_time":1227470,"segment":0,"interval":1,"start_time":1611319460000},{"elapsed_time":1229470,"segment":0,"interval":1,"start_time":1611319462000},{"elapsed_time":1231470,"segment":0,"interval":1,"start_time":1611319464000},{"elapsed_time":1233470,"segment":0,"interval":1,"start_time":1611319466000},{"elapsed_time":1235470,"segment":0,"interval":1,"start_time":1611319468000},{"elapsed_time":1237470,"segment":0,"interval":1,"start_time":1611319470000},{"elapsed_time":1239470,"segment":0,"interval":1,"start_time":1611319472000},{"elapsed_time":1241470,"segment":0,"interval":1,"start_time":1611319474000},{"elapsed_time":1243470,"segment":0,"interval":1,"start_time":1611319476000},{"elapsed_time":1245470,"segment":0,"interval":1,"start_time":1611319478000},{"elapsed_time":1247470,"segment":0,"interval":1,"start_time":1611319480000},{"elapsed_time":1250470,"segment":0,"interval":1,"start_time":1611319483000},{"elapsed_time":1252470,"segment":0,"interval":1,"start_time":1611319485000},{"elapsed_time":1254470,"segment":0,"interval":1,"start_time":1611319487000},{"elapsed_time":1256470,"segment":0,"interval":1,"start_time":1611319489000},{"elapsed_time":1258470,"segment":0,"interval":1,"start_time":1611319491000},{"elapsed_time":1260470,"segment":0,"interval":1,"start_time":1611319493000},{"elapsed_time":1262470,"segment":0,"interval":1,"start_time":1611319495000},{"elapsed_time":1264470,"segment":0,"interval":1,"start_time":1611319497000},{"elapsed_time":1266470,"segment":0,"interval":1,"start_time":1611319499000},{"elapsed_time":1268470,"segment":0,"interval":1,"start_time":1611319501000},{"elapsed_time":1270470,"segment":0,"interval":1,"start_time":1611319503000},{"elapsed_time":1272470,"segment":0,"interval":1,"start_time":1611319505000},{"elapsed_time":1274470,"segment":0,"interval":1,"start_time":1611319507000},{"elapsed_time":1276470,"segment":0,"interval":1,"start_time":1611319509000},{"elapsed_time":1278470,"segment":0,"interval":1,"start_time":1611319511000},{"elapsed_time":1280470,"segment":0,"interval":1,"start_time":1611319513000},{"elapsed_time":1282470,"segment":0,"interval":1,"start_time":1611319515000},{"elapsed_time":1285470,"segment":0,"interval":1,"start_time":1611319518000},{"elapsed_time":1287470,"segment":0,"interval":1,"start_time":1611319520000},{"elapsed_time":1289470,"segment":0,"interval":1,"start_time":1611319522000},{"elapsed_time":1291470,"segment":0,"interval":1,"start_time":1611319524000},{"elapsed_time":1293470,"segment":0,"interval":1,"start_time":1611319526000},{"elapsed_time":1296470,"segment":0,"interval":1,"start_time":1611319529000},{"elapsed_time":1298470,"segment":0,"interval":1,"start_time":1611319531000},{"elapsed_time":1300470,"segment":0,"interval":1,"start_time":1611319533000},{"elapsed_time":1302470,"segment":0,"interval":1,"start_time":1611319535000},{"elapsed_time":1304470,"segment":0,"interval":1,"start_time":1611319537000},{"elapsed_time":1306470,"segment":0,"interval":1,"start_time":1611319539000},{"elapsed_time":1309470,"segment":0,"interval":1,"start_time":1611319542000},{"elapsed_time":1311470,"segment":0,"interval":1,"start_time":1611319544000},{"elapsed_time":1313470,"segment":0,"interval":1,"start_time":1611319546000},{"elapsed_time":1316470,"segment":0,"interval":1,"start_time":1611319549000},{"elapsed_time":1318470,"segment":0,"interval":1,"start_time":1611319551000},{"elapsed_time":1320470,"segment":0,"interval":1,"start_time":1611319553000},{"elapsed_time":1322470,"segment":0,"interval":1,"start_time":1611319555000},{"elapsed_time":1324470,"segment":0,"interval":1,"start_time":1611319557000},{"elapsed_time":1326470,"segment":0,"interval":1,"start_time":1611319559000},{"elapsed_time":1328470,"segment":0,"interval":1,"start_time":1611319561000},{"elapsed_time":1330470,"segment":0,"interval":1,"start_time":1611319563000},{"elapsed_time":1332470,"segment":0,"interval":1,"start_time":1611319565000},{"elapsed_time":1334470,"segment":0,"interval":1,"start_time":1611319567000},{"elapsed_time":1336470,"segment":0,"interval":1,"start_time":1611319569000},{"elapsed_time":1338470,"segment":0,"interval":1,"start_time":1611319571000},{"elapsed_time":1340470,"segment":0,"interval":1,"start_time":1611319573000},{"elapsed_time":1342470,"segment":0,"interval":1,"start_time":1611319575000},{"elapsed_time":1344470,"segment":0,"interval":1,"start_time":1611319577000},{"elapsed_time":1346470,"segment":0,"interval":1,"start_time":1611319579000},{"elapsed_time":1348470,"segment":0,"interval":1,"start_time":1611319581000},{"elapsed_time":1350470,"segment":0,"interval":1,"start_time":1611319583000},{"elapsed_time":1352470,"segment":0,"interval":1,"start_time":1611319585000},{"elapsed_time":1354470,"segment":0,"interval":1,"start_time":1611319587000},{"elapsed_time":1356470,"segment":0,"interval":1,"start_time":1611319589000},{"elapsed_time":1358470,"segment":0,"interval":1,"start_time":1611319591000},{"elapsed_time":1360470,"segment":0,"interval":1,"start_time":1611319593000},{"elapsed_time":1362470,"segment":0,"interval":1,"start_time":1611319595000},{"elapsed_time":1364470,"segment":0,"interval":1,"start_time":1611319597000},{"elapsed_time":1366470,"segment":0,"interval":1,"start_time":1611319599000},{"elapsed_time":1368470,"segment":0,"interval":1,"start_time":1611319601000},{"elapsed_time":1370470,"segment":0,"interval":1,"start_time":1611319603000},{"elapsed_time":1372470,"segment":0,"interval":1,"start_time":1611319605000},{"elapsed_time":1374470,"segment":0,"interval":1,"start_time":1611319607000},{"elapsed_time":1376470,"segment":0,"interval":1,"start_time":1611319609000},{"elapsed_time":1378470,"segment":0,"interval":1,"start_time":1611319611000},{"elapsed_time":1380470,"segment":0,"interval":1,"start_time":1611319613000},{"elapsed_time":1382470,"segment":0,"interval":1,"start_time":1611319615000},{"elapsed_time":1384470,"segment":0,"interval":1,"start_time":1611319617000},{"elapsed_time":1386470,"segment":0,"interval":1,"start_time":1611319619000},{"elapsed_time":1388470,"segment":0,"interval":1,"start_time":1611319621000},{"elapsed_time":1390470,"segment":0,"interval":1,"start_time":1611319623000},{"elapsed_time":1392470,"segment":0,"interval":1,"start_time":1611319625000},{"elapsed_time":1394470,"segment":0,"interval":1,"start_time":1611319627000},{"elapsed_time":1396470,"segment":0,"interval":1,"start_time":1611319629000},{"elapsed_time":1398470,"segment":0,"interval":1,"start_time":1611319631000},{"elapsed_time":1400470,"segment":0,"interval":1,"start_time":1611319633000},{"elapsed_time":1402470,"segment":0,"interval":1,"start_time":1611319635000},{"elapsed_time":1404470,"segment":0,"interval":1,"start_time":1611319637000},{"elapsed_time":1406470,"segment":0,"interval":1,"start_time":1611319639000},{"elapsed_time":1408470,"segment":0,"interval":1,"start_time":1611319641000},{"elapsed_time":1410470,"segment":0,"interval":1,"start_time":1611319643000},{"elapsed_time":1412470,"segment":0,"interval":1,"start_time":1611319645000},{"elapsed_time":1414470,"segment":0,"interval":1,"start_time":1611319647000},{"elapsed_time":1416470,"segment":0,"interval":1,"start_time":1611319649000},{"elapsed_time":1419470,"segment":0,"interval":1,"start_time":1611319652000},{"elapsed_time":1421470,"segment":0,"interval":1,"start_time":1611319654000},{"elapsed_time":1423470,"segment":0,"interval":1,"start_time":1611319656000},{"elapsed_time":1425470,"segment":0,"interval":1,"start_time":1611319658000},{"elapsed_time":1427470,"segment":0,"interval":1,"start_time":1611319660000},{"elapsed_time":1429470,"segment":0,"interval":1,"start_time":1611319662000},{"elapsed_time":1431470,"segment":0,"interval":1,"start_time":1611319664000},{"elapsed_time":1433470,"segment":0,"interval":1,"start_time":1611319666000},{"elapsed_time":1435470,"segment":0,"interval":1,"start_time":1611319668000},{"elapsed_time":1437470,"segment":0,"interval":1,"start_time":1611319670000},{"elapsed_time":1439470,"segment":0,"interval":1,"start_time":1611319672000},{"elapsed_time":1441470,"segment":0,"interval":1,"start_time":1611319674000},{"elapsed_time":1443470,"segment":0,"interval":1,"start_time":1611319676000},{"elapsed_time":1445470,"segment":0,"interval":1,"start_time":1611319678000},{"elapsed_time":1447470,"segment":0,"interval":1,"start_time":1611319680000},{"elapsed_time":1449470,"segment":0,"interval":1,"start_time":1611319682000},{"elapsed_time":1451470,"segment":0,"interval":1,"start_time":1611319684000},{"elapsed_time":1453470,"segment":0,"interval":1,"start_time":1611319686000},{"elapsed_time":1455470,"segment":0,"interval":1,"start_time":1611319688000},{"elapsed_time":1457470,"segment":0,"interval":1,"start_time":1611319690000},{"elapsed_time":1459470,"segment":0,"interval":1,"start_time":1611319692000},{"elapsed_time":1461470,"segment":0,"interval":1,"start_time":1611319694000},{"elapsed_time":1463470,"segment":0,"interval":1,"start_time":1611319696000},{"elapsed_time":1465470,"segment":0,"interval":1,"start_time":1611319698000},{"elapsed_time":1467470,"segment":0,"interval":1,"start_time":1611319700000},{"elapsed_time":1469470,"segment":0,"interval":1,"start_time":1611319702000},{"elapsed_time":1471470,"segment":0,"interval":1,"start_time":1611319704000},{"elapsed_time":1473470,"segment":0,"interval":1,"start_time":1611319706000},{"elapsed_time":1475470,"segment":0,"interval":1,"start_time":1611319708000},{"elapsed_time":1477470,"segment":0,"interval":1,"start_time":1611319710000},{"elapsed_time":1479470,"segment":0,"interval":1,"start_time":1611319712000},{"elapsed_time":1481470,"segment":0,"interval":1,"start_time":1611319714000},{"elapsed_time":1483470,"segment":0,"interval":1,"start_time":1611319716000},{"elapsed_time":1485470,"segment":0,"interval":1,"start_time":1611319718000},{"elapsed_time":1487470,"segment":0,"interval":1,"start_time":1611319720000},{"elapsed_time":1489470,"segment":0,"interval":1,"start_time":1611319722000},{"elapsed_time":1491470,"segment":0,"interval":1,"start_time":1611319724000},{"elapsed_time":1494470,"segment":0,"interval":1,"start_time":1611319727000},{"elapsed_time":1496470,"segment":0,"interval":1,"start_time":1611319729000},{"elapsed_time":1498470,"segment":0,"interval":1,"start_time":1611319731000},{"elapsed_time":1500470,"segment":0,"interval":1,"start_time":1611319733000},{"elapsed_time":1502470,"segment":0,"interval":1,"start_time":1611319735000},{"elapsed_time":1504470,"segment":0,"interval":1,"start_time":1611319737000},{"elapsed_time":1506470,"segment":0,"interval":1,"start_time":1611319739000},{"elapsed_time":1508470,"segment":0,"interval":1,"start_time":1611319741000},{"elapsed_time":1510470,"segment":0,"interval":1,"start_time":1611319743000},{"elapsed_time":1512470,"segment":0,"interval":1,"start_time":1611319745000},{"elapsed_time":1514470,"segment":0,"interval":1,"start_time":1611319747000},{"elapsed_time":1516470,"segment":0,"interval":1,"start_time":1611319749000},{"elapsed_time":1518470,"segment":0,"interval":1,"start_time":1611319751000},{"elapsed_time":1520470,"segment":0,"interval":1,"start_time":1611319753000},{"elapsed_time":1522470,"segment":0,"interval":1,"start_time":1611319755000},{"elapsed_time":1524470,"segment":0,"interval":1,"start_time":1611319757000},{"elapsed_time":1526470,"segment":0,"interval":1,"start_time":1611319759000},{"elapsed_time":1528470,"segment":0,"interval":1,"start_time":1611319761000},{"elapsed_time":1530470,"segment":0,"interval":1,"start_time":1611319763000},{"elapsed_time":1532470,"segment":0,"interval":1,"start_time":1611319765000},{"elapsed_time":1534470,"segment":0,"interval":1,"start_time":1611319767000},{"elapsed_time":1536470,"segment":0,"interval":1,"start_time":1611319769000},{"elapsed_time":1538470,"segment":0,"interval":1,"start_time":1611319771000},{"elapsed_time":1540470,"segment":0,"interval":1,"start_time":1611319773000},{"elapsed_time":1542470,"segment":0,"interval":1,"start_time":1611319775000},{"elapsed_time":1545470,"segment":0,"interval":1,"start_time":1611319778000},{"elapsed_time":1547470,"segment":0,"interval":1,"start_time":1611319780000},{"elapsed_time":1550470,"segment":0,"interval":1,"start_time":1611319783000},{"elapsed_time":1552470,"segment":0,"interval":1,"start_time":1611319785000},{"elapsed_time":1555470,"segment":0,"interval":1,"start_time":1611319788000},{"elapsed_time":1557470,"segment":0,"interval":1,"start_time":1611319790000},{"elapsed_time":1559470,"segment":0,"interval":1,"start_time":1611319792000},{"elapsed_time":1561470,"segment":0,"interval":1,"start_time":1611319794000},{"elapsed_time":1563470,"segment":0,"interval":1,"start_time":1611319796000},{"elapsed_time":1565470,"segment":0,"interval":1,"start_time":1611319798000},{"elapsed_time":1567470,"segment":0,"interval":1,"start_time":1611319800000},{"elapsed_time":1569470,"segment":0,"interval":1,"start_time":1611319802000},{"elapsed_time":1571470,"segment":0,"interval":1,"start_time":1611319804000},{"elapsed_time":1573470,"segment":0,"interval":1,"start_time":1611319806000},{"elapsed_time":1575470,"segment":0,"interval":1,"start_time":1611319808000},{"elapsed_time":1577470,"segment":0,"interval":1,"start_time":1611319810000},{"elapsed_time":1579470,"segment":0,"interval":1,"start_time":1611319812000},{"elapsed_time":1581470,"segment":0,"interval":1,"start_time":1611319814000},{"elapsed_time":1583470,"segment":0,"interval":1,"start_time":1611319816000},{"elapsed_time":1586470,"segment":0,"interval":1,"start_time":1611319819000},{"elapsed_time":1589470,"segment":0,"interval":1,"start_time":1611319822000},{"elapsed_time":1591470,"segment":0,"interval":1,"start_time":1611319824000},{"elapsed_time":1593470,"segment":0,"interval":1,"start_time":1611319826000},{"elapsed_time":1595470,"segment":0,"interval":1,"start_time":1611319828000},{"elapsed_time":1597470,"segment":0,"interval":1,"start_time":1611319830000},{"elapsed_time":1599470,"segment":0,"interval":1,"start_time":1611319832000},{"elapsed_time":1601470,"segment":0,"interval":1,"start_time":1611319834000},{"elapsed_time":1603470,"segment":0,"interval":1,"start_time":1611319836000},{"elapsed_time":1605470,"segment":0,"interval":1,"start_time":1611319838000},{"elapsed_time":1607470,"segment":0,"interval":1,"start_time":1611319840000},{"elapsed_time":1609470,"segment":0,"interval":1,"start_time":1611319842000},{"elapsed_time":1611470,"segment":0,"interval":1,"start_time":1611319844000},{"elapsed_time":1614470,"segment":0,"interval":1,"start_time":1611319847000},{"elapsed_time":1616470,"segment":0,"interval":1,"start_time":1611319849000},{"elapsed_time":1618470,"segment":0,"interval":1,"start_time":1611319851000},{"elapsed_time":1620470,"segment":0,"interval":1,"start_time":1611319853000},{"elapsed_time":1622470,"segment":0,"interval":1,"start_time":1611319855000},{"elapsed_time":1624470,"segment":0,"interval":1,"start_time":1611319857000},{"elapsed_time":1627470,"segment":0,"interval":1,"start_time":1611319860000},{"elapsed_time":1629470,"segment":0,"interval":1,"start_time":1611319862000},{"elapsed_time":1631470,"segment":0,"interval":1,"start_time":1611319864000},{"elapsed_time":1633470,"segment":0,"interval":1,"start_time":1611319866000},{"elapsed_time":1635470,"segment":0,"interval":1,"start_time":1611319868000},{"elapsed_time":1637470,"segment":0,"interval":1,"start_time":1611319870000},{"elapsed_time":1639470,"segment":0,"interval":1,"start_time":1611319872000},{"elapsed_time":1641470,"segment":0,"interval":1,"start_time":1611319874000},{"elapsed_time":1644470,"segment":0,"interval":1,"start_time":1611319877000},{"elapsed_time":1646470,"segment":0,"interval":1,"start_time":1611319879000},{"elapsed_time":1648470,"segment":0,"interval":1,"start_time":1611319881000},{"elapsed_time":1650470,"segment":0,"interval":1,"start_time":1611319883000},{"elapsed_time":1652470,"segment":0,"interval":1,"start_time":1611319885000},{"elapsed_time":1654470,"segment":0,"interval":1,"start_time":1611319887000},{"elapsed_time":1656470,"segment":0,"interval":1,"start_time":1611319889000},{"elapsed_time":1658470,"segment":0,"interval":1,"start_time":1611319891000},{"elapsed_time":1660470,"segment":0,"interval":1,"start_time":1611319893000},{"elapsed_time":1662470,"segment":0,"interval":1,"start_time":1611319895000},{"elapsed_time":1664470,"segment":0,"interval":1,"start_time":1611319897000},{"elapsed_time":1666470,"segment":0,"interval":1,"start_time":1611319899000},{"elapsed_time":1669470,"segment":0,"interval":1,"start_time":1611319902000},{"elapsed_time":1672470,"segment":0,"interval":1,"start_time":1611319905000},{"elapsed_time":1674470,"segment":0,"interval":1,"start_time":1611319907000},{"elapsed_time":1676470,"segment":0,"interval":1,"start_time":1611319909000},{"elapsed_time":1678470,"segment":0,"interval":1,"start_time":1611319911000},{"elapsed_time":1680470,"segment":0,"interval":1,"start_time":1611319913000},{"elapsed_time":1682470,"segment":0,"interval":1,"start_time":1611319915000},{"elapsed_time":1684470,"segment":0,"interval":1,"start_time":1611319917000},{"elapsed_time":1686470,"segment":0,"interval":1,"start_time":1611319919000},{"elapsed_time":1688470,"segment":0,"interval":1,"start_time":1611319921000},{"elapsed_time":1690470,"segment":0,"interval":1,"start_time":1611319923000},{"elapsed_time":1692470,"segment":0,"interval":1,"start_time":1611319925000},{"elapsed_time":1694470,"segment":0,"interval":1,"start_time":1611319927000},{"elapsed_time":1696470,"segment":0,"interval":1,"start_time":1611319929000},{"elapsed_time":1698470,"segment":0,"interval":1,"start_time":1611319931000},{"elapsed_time":1701470,"segment":0,"interval":1,"start_time":1611319934000},{"elapsed_time":1703470,"segment":0,"interval":1,"start_time":1611319936000},{"elapsed_time":1705470,"segment":0,"interval":1,"start_time":1611319938000},{"elapsed_time":1707470,"segment":0,"interval":1,"start_time":1611319940000},{"elapsed_time":1709470,"segment":0,"interval":1,"start_time":1611319942000},{"elapsed_time":1711470,"segment":0,"interval":1,"start_time":1611319944000},{"elapsed_time":1713470,"segment":0,"interval":1,"start_time":1611319946000},{"elapsed_time":1715470,"segment":0,"interval":1,"start_time":1611319948000},{"elapsed_time":1717470,"segment":0,"interval":1,"start_time":1611319950000},{"elapsed_time":1719470,"segment":0,"interval":1,"start_time":1611319952000},{"elapsed_time":1721470,"segment":0,"interval":1,"start_time":1611319954000},{"elapsed_time":1723470,"segment":0,"interval":1,"start_time":1611319956000},{"elapsed_time":1726470,"segment":0,"interval":1,"start_time":1611319959000},{"elapsed_time":1728470,"segment":0,"interval":1,"start_time":1611319961000},{"elapsed_time":1730470,"segment":0,"interval":1,"start_time":1611319963000},{"elapsed_time":1732470,"segment":0,"interval":1,"start_time":1611319965000},{"elapsed_time":1734470,"segment":0,"interval":1,"start_time":1611319967000},{"elapsed_time":1736470,"segment":0,"interval":1,"start_time":1611319969000},{"elapsed_time":1738470,"segment":0,"interval":1,"start_time":1611319971000},{"elapsed_time":1740470,"segment":0,"interval":1,"start_time":1611319973000},{"elapsed_time":1742470,"segment":0,"interval":1,"start_time":1611319975000},{"elapsed_time":1744470,"segment":0,"interval":1,"start_time":1611319977000},{"elapsed_time":1746470,"segment":0,"interval":1,"start_time":1611319979000},{"elapsed_time":1748470,"segment":0,"interval":1,"start_time":1611319981000},{"elapsed_time":1750470,"segment":0,"interval":1,"start_time":1611319983000},{"elapsed_time":1752470,"segment":0,"interval":1,"start_time":1611319985000},{"elapsed_time":1754470,"segment":0,"interval":1,"start_time":1611319987000},{"elapsed_time":1756470,"segment":0,"interval":1,"start_time":1611319989000},{"elapsed_time":1758470,"segment":0,"interval":1,"start_time":1611319991000},{"elapsed_time":1761470,"segment":0,"interval":1,"start_time":1611319994000},{"elapsed_time":1764470,"segment":0,"interval":1,"start_time":1611319997000},{"elapsed_time":1766470,"segment":0,"interval":1,"start_time":1611319999000},{"elapsed_time":1768470,"segment":0,"interval":1,"start_time":1611320001000},{"elapsed_time":1771470,"segment":0,"interval":1,"start_time":1611320004000},{"elapsed_time":1773470,"segment":0,"interval":1,"start_time":1611320006000},{"elapsed_time":1775470,"segment":0,"interval":1,"start_time":1611320008000},{"elapsed_time":1777470,"segment":0,"interval":1,"start_time":1611320010000},{"elapsed_time":1779470,"segment":0,"interval":1,"start_time":1611320012000},{"elapsed_time":1781470,"segment":0,"interval":1,"start_time":1611320014000},{"elapsed_time":1783470,"segment":0,"interval":1,"start_time":1611320016000},{"elapsed_time":1785470,"segment":0,"interval":1,"start_time":1611320018000},{"elapsed_time":1787470,"segment":0,"interval":1,"start_time":1611320020000},{"elapsed_time":1789470,"segment":0,"interval":1,"start_time":1611320022000},{"elapsed_time":1791470,"segment":0,"interval":1,"start_time":1611320024000},{"elapsed_time":1793470,"segment":0,"interval":1,"start_time":1611320026000},{"elapsed_time":1795470,"segment":0,"interval":1,"start_time":1611320028000},{"elapsed_time":1797470,"segment":0,"interval":1,"start_time":1611320030000},{"elapsed_time":1799470,"segment":0,"interval":1,"start_time":1611320032000},{"elapsed_time":1801470,"segment":0,"interval":1,"start_time":1611320034000},{"elapsed_time":1803470,"segment":0,"interval":1,"start_time":1611320036000},{"elapsed_time":1805470,"segment":0,"interval":1,"start_time":1611320038000},{"elapsed_time":1808470,"segment":0,"interval":1,"start_time":1611320041000},{"elapsed_time":1811470,"segment":0,"interval":1,"start_time":1611320044000},{"elapsed_time":1813470,"segment":0,"interval":1,"start_time":1611320046000},{"elapsed_time":1815470,"segment":0,"interval":1,"start_time":1611320048000},{"elapsed_time":1817470,"segment":0,"interval":1,"start_time":1611320050000},{"elapsed_time":1819470,"segment":0,"interval":1,"start_time":1611320066310},{"elapsed_time":1820289,"segment":1,"interval":1,"start_time":1611320067129},{"elapsed_time":1820289,"segment":1,"interval":1,"start_time":1611320067129},{"elapsed_time":1821470,"segment":0,"interval":1,"start_time":1611320075020}]