[{"elapsed_time":0,"segment":0,"interval":1,"start_time":1611318232530},{"elapsed_time":4358,"segment":0,"interval":1,"start_time":1611318236888},{"elapsed_time":5557,"segment":0,"interval":1,"start_time":1611318238087},{"elapsed_time":14481,"segment":0,"interval":1,"start_time":1611318247011},{"elapsed_time":15900,"segment":0,"interval":1,"start_time":1611318248430},{"elapsed_time":25890,"segment":0,"interval":1,"start_time":1611318258420},{"elapsed_time":29446,"segment":0,"interval":1,"start_time":1611318261976},{"elapsed_time":30446,"segment":0,"interval":1,"start_time":1611318262976},{"elapsed_time":35882,"segment":0,"interval":1,"start_time":1611318268412},{"elapsed_time":38669,"segment":0,"interval":1,"start_time":1611318271199},{"elapsed_time":45897,"segment":0,"interval":1,"start_time":1611318278427},{"elapsed_time":50891,"segment":0,"interval":1,"start_time":1611318283421},{"elapsed_time":54400,"segment":0,"interval":1,"start_time":1611318286930},{"elapsed_time":60904,"segment":0,"interval":1,"start_time":1611318293434},{"elapsed_time":69611,"segment":0,"interval":1,"start_time":1611318302141},{"elapsed_time":70891,"segment":0,"interval":1,"start_time":1611318303421},{"elapsed_time":80894,"segment":0,"interval":1,"start_time":1611318313424},{"elapsed_time":90886,"segment":0,"interval":1,"start_time":1611318323416},{"elapsed_time":100895,"segment":0,"interval":1,"start_time":1611318333425},{"elapsed_time":102848,"segment":0,"interval":1,"start_time":1611318335378},{"elapsed_time":110900,"segment":0,"interval":1,"start_time":1611318343430},{"elapsed_time":125896,"segment":0,"interval":1,"start_time":1611318358426},{"elapsed_time":135883,"segment":0,"interval":1,"start_time":1611318368413},{"elapsed_time":136669,"segment":0,"interval":1,"start_time":1611318369199},{"elapsed_time":145916,"segment":0,"interval":1,"start_time":1611318378446},{"elapsed_time":150890,"segment":0,"interval":1,"start_time":1611318383420},{"elapsed_time":160916,"segment":0,"interval":1,"start_time":1611318393446},{"elapsed_time":170890,"segment":0,"interval":1,"start_time":1611318403420},{"elapsed_time":171283,"segment":0,"interval":1,"start_time":1611318403813},{"elapsed_time":180892,"segment":0,"interval":1,"start_time":1611318413422},{"elapsed_time":190878,"segment":0,"interval":1,"start_time":1611318423408},{"elapsed_time":200893,"segment":0,"interval":1,"start_time":1611318433423},{"elapsed_time":206283,"segment":0,"interval":1,"start_time":1611318438813},{"elapsed_time":210906,"segment":0,"interval":1,"start_time":1611318443436},{"elapsed_time":225901,"segment":0,"interval":1,"start_time":1611318458431},{"elapsed_time":235900,"segment":0,"interval":1,"start_time":1611318468430},{"elapsed_time":238314,"segment":0,"interval":1,"start_time":1611318470844},{"elapsed_time":245889,"segment":0,"interval":1,"start_time":1611318478419},{"elapsed_time":250893,"segment":0,"interval":1,"start_time":1611318483423},{"elapsed_time":260890,"segment":0,"interval":1,"start_time":1611318493420},{"elapsed_time":269275,"segment":0,"interval":1,"start_time":1611318501805},{"elapsed_time":270891,"segment":0,"interval":1,"start_time":1611318503421},{"elapsed_time":280887,"segment":0,"interval":1,"start_time":1611318513417},{"elapsed_time":290890,"segment":0,"interval":1,"start_time":1611318523420},{"elapsed_time":300889,"segment":0,"interval":1,"start_time":1611318533419},{"elapsed_time":302003,"segment":0,"interval":1,"start_time":1611318534533},{"elapsed_time":310888,"segment":0,"interval":1,"start_time":1611318543418},{"elapsed_time":325885,"segment":0,"interval":1,"start_time":1611318558415},{"elapsed_time":333235,"segment":0,"interval":1,"start_time":1611318565765},{"elapsed_time":335889,"segment":0,"interval":1,"start_time":1611318568419},{"elapsed_time":345894,"segment":0,"interval":1,"start_time":1611318578424},{"elapsed_time":350883,"segment":0,"interval":1,"start_time":1611318583413},{"elapsed_time":360893,"segment":0,"interval":1,"start_time":1611318593423},{"elapsed_time":365446,"segment":0,"interval":1,"start_time":1611318597976},{"elapsed_time":370885,"segment":0,"interval":1,"start_time":1611318603415},{"elapsed_time":380889,"segment":0,"interval":1,"start_time":1611318613419},{"elapsed_time":390897,"segment":0,"interval":1,"start_time":1611318623427},{"elapsed_time":398071,"segment":0,"interval":1,"start_time":1611318630601},{"elapsed_time":400892,"segment":0,"interval":1,"start_time":1611318633422},{"elapsed_time":410916,"segment":0,"interval":1,"start_time":1611318643446},{"elapsed_time":425893,"segment":0,"interval":1,"start_time":1611318658423},{"elapsed_time":428891,"segment":0,"interval":1,"start_time":1611318661421},{"elapsed_time":435901,"segment":0,"interval":1,"start_time":1611318668431},{"elapsed_time":445887,"segment":0,"interval":1,"start_time":1611318678417},{"elapsed_time":446383,"segment":0,"interval":1,"start_time":1611318678913},{"elapsed_time":450383,"segment":0,"interval":1,"start_time":1611318682913},{"elapsed_time":450893,"segment":0,"interval":1,"start_time":1611318683423},{"elapsed_time":459682,"segment":0,"interval":1,"start_time":1611318692212},{"elapsed_time":460894,"segment":0,"interval":1,"start_time":1611318693424},{"elapsed_time":470930,"segment":0,"interval":1,"start_time":1611318703460},{"elapsed_time":480876,"segment":0,"interval":1,"start_time":1611318713406},{"elapsed_time":490884,"segment":0,"interval":1,"start_time":1611318723414},{"elapsed_time":492768,"segment":0,"interval":1,"start_time":1611318725298},{"elapsed_time":500887,"segment":0,"interval":1,"start_time":1611318733417},{"elapsed_time":510878,"segment":0,"interval":1,"start_time":1611318743408},{"elapsed_time":517393,"segment":0,"interval":1,"start_time":1611318749923},{"elapsed_time":520394,"segment":0,"interval":1,"start_time":1611318752924},{"elapsed_time":524394,"segment":0,"interval":1,"start_time":1611318756924},{"elapsed_time":525896,"segment":0,"interval":1,"start_time":1611318758426},{"elapsed_time":529090,"segment":0,"interval":1,"start_time":1611318761620},{"elapsed_time":532317,"segment":0,"interval":1,"start_time":1611318764847},{"elapsed_time":535864,"segment":0,"interval":1,"start_time":1611318768394},{"elapsed_time":536974,"segment":0,"interval":1,"start_time":1611318769504},{"elapsed_time":540940,"segment":0,"interval":1,"start_time":1611318773470},{"elapsed_time":545889,"segment":0,"interval":1,"start_time":1611318778419},{"elapsed_time":550888,"segment":0,"interval":1,"start_time":1611318783418},{"elapsed_time":560888,"segment":0,"interval":1,"start_time":1611318793418},{"elapsed_time":561926,"segment":0,"interval":1,"start_time":1611318794456},{"elapsed_time":570884,"segment":0,"interval":1,"start_time":1611318803414},{"elapsed_time":580899,"segment":0,"interval":1,"start_time":1611318813429},{"elapsed_time":590884,"segment":0,"interval":1,"start_time":1611318823414},{"elapsed_time":594546,"segment":0,"interval":1,"start_time":1611318827076},{"elapsed_time":600884,"segment":0,"interval":1,"start_time":1611318833414},{"elapsed_time":610885,"segment":0,"interval":1,"start_time":1611318843415},{"elapsed_time":625890,"segment":0,"interval":1,"start_time":1611318858420},{"elapsed_time":627193,"segment":0,"interval":1,"start_time":1611318859723},{"elapsed_time":629002,"segment":0,"interval":1,"start_time":1611318861532},{"elapsed_time":630193,"segment":0,"interval":1,"start_time":1611318862723},{"elapsed_time":635886,"segment":0,"interval":1,"start_time":1611318868416},{"elapsed_time":640989,"segment":0,"interval":1,"start_time":1611318873519},{"elapsed_time":645889,"segment":0,"interval":1,"start_time":1611318878419},{"elapsed_time":650880,"segment":0,"interval":1,"start_time":1611318883410},{"elapsed_time":655037,"segment":0,"interval":1,"start_time":1611318887567},{"elapsed_time":660247,"segment":0,"interval":1,"start_time":1611318892777},{"elapsed_time":660884,"segment":0,"interval":1,"start_time":1611318893414},{"elapsed_time":661524,"segment":0,"interval":1,"start_time":1611318894054},{"elapsed_time":670031,"segment":0,"interval":1,"start_time":1611318902561},{"elapsed_time":670869,"segment":0,"interval":1,"start_time":1611318903399},{"elapsed_time":680891,"segment":0,"interval":1,"start_time":1611318913421},{"elapsed_time":685033,"segment":0,"interval":1,"start_time":1611318917563},{"elapsed_time":690034,"segment":0,"interval":1,"start_time":1611318922564},{"elapsed_time":690886,"segment":0,"interval":1,"start_time":1611318923416},{"elapsed_time":695076,"segment":0,"interval":1,"start_time":1611318927606},{"elapsed_time":700074,"segment":0,"interval":1,"start_time":1611318932604},{"elapsed_time":700885,"segment":0,"interval":1,"start_time":1611318933415},{"elapsed_time":710883,"segment":0,"interval":1,"start_time":1611318943413},{"elapsed_time":715082,"segment":0,"interval":1,"start_time":1611318947612},{"elapsed_time":725071,"segment":0,"interval":1,"start_time":1611318957601},{"elapsed_time":725878,"segment":0,"interval":1,"start_time":1611318958408},{"elapsed_time":730072,"segment":0,"interval":1,"start_time":1611318962602},{"elapsed_time":732720,"segment":0,"interval":1,"start_time":1611318965250},{"elapsed_time":735890,"segment":0,"interval":1,"start_time":1611318968420},{"elapsed_time":745892,"segment":0,"interval":1,"start_time":1611318978422},{"elapsed_time":746113,"segment":0,"interval":1,"start_time":1611318978643},{"elapsed_time":750113,"segment":0,"interval":1,"start_time":1611318982643},{"elapsed_time":750887,"segment":0,"interval":1,"start_time":1611318983417},{"elapsed_time":760906,"segment":0,"interval":1,"start_time":1611318993436},{"elapsed_time":765420,"segment":0,"interval":1,"start_time":1611318997950},{"elapsed_time":770893,"segment":0,"interval":1,"start_time":1611319003423},{"elapsed_time":777793,"segment":0,"interval":1,"start_time":1611319010323},{"elapsed_time":780297,"segment":0,"interval":1,"start_time":1611319012827},{"elapsed_time":780891,"segment":0,"interval":1,"start_time":1611319013421},{"elapsed_time":790887,"segment":0,"interval":1,"start_time":1611319023417},{"elapsed_time":797030,"segment":0,"interval":1,"start_time":1611319029560},{"elapsed_time":799396,"segment":0,"interval":1,"start_time":1611319031926},{"elapsed_time":800448,"segment":0,"interval":1,"start_time":1611319032978},{"elapsed_time":800861,"segment":0,"interval":1,"start_time":1611319033391},{"elapsed_time":810883,"segment":0,"interval":1,"start_time":1611319043413},{"elapsed_time":820156,"segment":0,"interval":1,"start_time":1611319052686},{"elapsed_time":825883,"segment":0,"interval":1,"start_time":1611319058413},{"elapsed_time":830258,"segment":0,"interval":1,"start_time":1611319062788},{"elapsed_time":830333,"segment":0,"interval":1,"start_time":1611319062863},{"elapsed_time":835886,"segment":0,"interval":1,"start_time":1611319068416},{"elapsed_time":845887,"segment":0,"interval":1,"start_time":1611319078417},{"elapsed_time":850879,"segment":0,"interval":1,"start_time":1611319083409},{"elapsed_time":860863,"segment":0,"interval":1,"start_time":1611319093393},{"elapsed_time":864938,"segment":0,"interval":1,"start_time":1611319097468},{"elapsed_time":865207,"segment":0,"interval":1,"start_time":1611319097737},{"elapsed_time":870208,"segment":0,"interval":1,"start_time":1611319102738},{"elapsed_time":870880,"segment":0,"interval":1,"start_time":1611319103410},{"elapsed_time":880225,"segment":0,"interval":1,"start_time":1611319112755},{"elapsed_time":880885,"segment":0,"interval":1,"start_time":1611319113415},{"elapsed_time":890226,"segment":0,"interval":1,"start_time":1611319122756},{"elapsed_time":890886,"segment":0,"interval":1,"start_time":1611319123416},{"elapsed_time":899950,"segment":0,"interval":1,"start_time":1611319132480},{"elapsed_time":900246,"segment":0,"interval":1,"start_time":1611319132776},{"elapsed_time":900879,"segment":0,"interval":1,"start_time":1611319133409},{"elapsed_time":910863,"segment":0,"interval":1,"start_time":1611319143393},{"elapsed_time":914786,"segment":0,"interval":1,"start_time":1611319147316},{"elapsed_time":924805,"segment":0,"interval":1,"start_time":1611319157335},{"elapsed_time":925874,"segment":0,"interval":1,"start_time":1611319158404},{"elapsed_time":934276,"segment":0,"interval":1,"start_time":1611319166806},{"elapsed_time":935818,"segment":0,"interval":1,"start_time":1611319168348},{"elapsed_time":935877,"segment":0,"interval":1,"start_time":1611319168407},{"elapsed_time":945603,"segment":0,"interval":1,"start_time":1611319178133},{"elapsed_time":945887,"segment":0,"interval":1,"start_time":1611319178417},{"elapsed_time":950603,"segment":0,"interval":1,"start_time":1611319183133},{"elapsed_time":950884,"segment":0,"interval":1,"start_time":1611319183414},{"elapsed_time":960908,"segment":0,"interval":1,"start_time":1611319193438},{"elapsed_time":961400,"segment":0,"interval":1,"start_time":1611319193930},{"elapsed_time":970481,"segment":0,"interval":1,"start_time":1611319203011},{"elapsed_time":970870,"segment":0,"interval":1,"start_time":1611319203400},{"elapsed_time":971489,"segment":0,"interval":1,"start_time":1611319204019},{"elapsed_time":980861,"segment":0,"interval":1,"start_time":1611319213391},{"elapsed_time":989054,"segment":0,"interval":1,"start_time":1611319221584},{"elapsed_time":990054,"segment":0,"interval":1,"start_time":1611319222584},{"elapsed_time":990897,"segment":0,"interval":1,"start_time":1611319223427},{"elapsed_time":1000334,"segment":0,"interval":1,"start_time":1611319232864},{"elapsed_time":1000891,"segment":0,"interval":1,"start_time":1611319233421},{"elapsed_time":1009423,"segment":0,"interval":1,"start_time":1611319241953},{"elapsed_time":1010420,"segment":0,"interval":1,"start_time":1611319242950},{"elapsed_time":1010865,"segment":0,"interval":1,"start_time":1611319243395},{"elapsed_time":1020949,"segment":0,"interval":1,"start_time":1611319253479},{"elapsed_time":1025886,"segment":0,"interval":1,"start_time":1611319258416},{"elapsed_time":1030619,"segment":0,"interval":1,"start_time":1611319263149},{"elapsed_time":1035877,"segment":0,"interval":1,"start_time":1611319268407},{"elapsed_time":1042074,"segment":0,"interval":1,"start_time":1611319274604},{"elapsed_time":1043379,"segment":0,"interval":1,"start_time":1611319275909},{"elapsed_time":1045886,"segment":0,"interval":1,"start_time":1611319278416},{"elapsed_time":1050408,"segment":0,"interval":1,"start_time":1611319282938},{"elapsed_time":1050863,"segment":0,"interval":1,"start_time":1611319283393},{"elapsed_time":1060411,"segment":0,"interval":1,"start_time":1611319292941},{"elapsed_time":1060888,"segment":0,"interval":1,"start_time":1611319293418},{"elapsed_time":1070894,"segment":0,"interval":1,"start_time":1611319303424},{"elapsed_time":1072413,"segment":0,"interval":1,"start_time":1611319304943},{"elapsed_time":1078604,"segment":0,"interval":1,"start_time":1611319311134},{"elapsed_time":1080890,"segment":0,"interval":1,"start_time":1611319313420},{"elapsed_time":1080987,"segment":0,"interval":1,"start_time":1611319313517},{"elapsed_time":1084878,"segment":0,"interval":1,"start_time":1611319317408},{"elapsed_time":1090445,"segment":0,"interval":1,"start_time":1611319322975},{"elapsed_time":1090902,"segment":0,"interval":1,"start_time":1611319323432},{"elapsed_time":1100007,"segment":0,"interval":1,"start_time":1611319332537},{"elapsed_time":1100870,"segment":0,"interval":1,"start_time":1611319333400},{"elapsed_time":1110760,"segment":0,"interval":1,"start_time":1611319343290},{"elapsed_time":1110882,"segment":0,"interval":1,"start_time":1611319343412},{"elapsed_time":1113999,"segment":0,"interval":1,"start_time":1611319346529},{"elapsed_time":1120768,"segment":0,"interval":1,"start_time":1611319353298},{"elapsed_time":1125881,"segment":0,"interval":1,"start_time":1611319358411},{"elapsed_time":1130499,"segment":0,"interval":1,"start_time":1611319363029},{"elapsed_time":1135886,"segment":0,"interval":1,"start_time":1611319368416},{"elapsed_time":1140481,"segment":0,"interval":1,"start_time":1611319373011},{"elapsed_time":1145883,"segment":0,"interval":1,"start_time":1611319378413},{"elapsed_time":1148228,"segment":0,"interval":1,"start_time":1611319380758},{"elapsed_time":1150477,"segment":0,"interval":1,"start_time":1611319383007},{"elapsed_time":1150891,"segment":0,"interval":1,"start_time":1611319383421},{"elapsed_time":1160873,"segment":0,"interval":1,"start_time":1611319393403},{"elapsed_time":1166812,"segment":0,"interval":1,"start_time":1611319399342},{"elapsed_time":1170546,"segment":0,"interval":1,"start_time":1611319403076},{"elapsed_time":1170885,"segment":0,"interval":1,"start_time":1611319403415},{"elapsed_time":1180547,"segment":0,"interval":1,"start_time":1611319413077},{"elapsed_time":1180882,"segment":0,"interval":1,"start_time":1611319413412},{"elapsed_time":1181703,"segment":0,"interval":1,"start_time":1611319414233},{"elapsed_time":1190567,"segment":0,"interval":1,"start_time":1611319423097},{"elapsed_time":1190868,"segment":0,"interval":1,"start_time":1611319423398},{"elapsed_time":1200534,"segment":0,"interval":1,"start_time":1611319433064},{"elapsed_time":1200889,"segment":0,"interval":1,"start_time":1611319433419},{"elapsed_time":1210537,"segment":0,"interval":1,"start_time":1611319443067},{"elapsed_time":1210876,"segment":0,"interval":1,"start_time":1611319443406},{"elapsed_time":1216343,"segment":0,"interval":1,"start_time":1611319448873},{"elapsed_time":1220804,"segment":0,"interval":1,"start_time":1611319453334},{"elapsed_time":1225876,"segment":0,"interval":1,"start_time":1611319458406},{"elapsed_time":1230693,"segment":0,"interval":1,"start_time":1611319463223},{"elapsed_time":1235882,"segment":0,"interval":1,"start_time":1611319468412},{"elapsed_time":1240696,"segment":0,"interval":1,"start_time":1611319473226},{"elapsed_time":1245882,"segment":0,"interval":1,"start_time":1611319478412},{"elapsed_time":1250682,"segment":0,"interval":1,"start_time":1611319483212},{"elapsed_time":1250697,"segment":0,"interval":1,"start_time":1611319483227},{"elapsed_time":1250884,"segment":0,"interval":1,"start_time":1611319483414},{"elapsed_time":1260297,"segment":0,"interval":1,"start_time":1611319492827},{"elapsed_time":1260879,"segment":0,"interval":1,"start_time":1611319493409},{"elapsed_time":1270653,"segment":0,"interval":1,"start_time":1611319503183},{"elapsed_time":1270876,"segment":0,"interval":1,"start_time":1611319503406},{"elapsed_time":1280608,"segment":0,"interval":1,"start_time":1611319513138},{"elapsed_time":1280882,"segment":0,"interval":1,"start_time":1611319513412},{"elapsed_time":1283930,"segment":0,"interval":1,"start_time":1611319516460},{"elapsed_time":1290632,"segment":0,"interval":1,"start_time":1611319523162},{"elapsed_time":1290935,"segment":0,"interval":1,"start_time":1611319523465},{"elapsed_time":1300622,"segment":0,"interval":1,"start_time":1611319533152},{"elapsed_time":1300900,"segment":0,"interval":1,"start_time":1611319533430},{"elapsed_time":1310773,"segment":0,"interval":1,"start_time":1611319543303},{"elapsed_time":1310878,"segment":0,"interval":1,"start_time":1611319543408},{"elapsed_time":1318886,"segment":0,"interval":1,"start_time":1611319551416},{"elapsed_time":1320057,"segment":0,"interval":1,"start_time":1611319552587},{"elapsed_time":1325879,"segment":0,"interval":1,"start_time":1611319558409},{"elapsed_time":1331104,"segment":0,"interval":1,"start_time":1611319563634},{"elapsed_time":1335887,"segment":0,"interval":1,"start_time":1611319568417},{"elapsed_time":1340822,"segment":0,"interval":1,"start_time":1611319573352},{"elapsed_time":1340868,"segment":0,"interval":1,"start_time":1611319573398},{"elapsed_time":1350080,"segment":0,"interval":1,"start_time":1611319582610},{"elapsed_time":1350540,"segment":0,"interval":1,"start_time":1611319583070},{"elapsed_time":1350858,"segment":0,"interval":1,"start_time":1611319583388},{"elapsed_time":1360461,"segment":0,"interval":1,"start_time":1611319592991},{"elapsed_time":1360884,"segment":0,"interval":1,"start_time":1611319593414},{"elapsed_time":1370784,"segment":0,"interval":1,"start_time":1611319603314},{"elapsed_time":1370866,"segment":0,"interval":1,"start_time":1611319603396},{"elapsed_time":1380071,"segment":0,"interval":1,"start_time":1611319612601},{"elapsed_time":1380907,"segment":0,"interval":1,"start_time":1611319613437},{"elapsed_time":1385365,"segment":0,"interval":1,"start_time":1611319617895},{"elapsed_time":1390074,"segment":0,"interval":1,"start_time":1611319622604},{"elapsed_time":1390881,"segment":0,"interval":1,"start_time":1611319623411},{"elapsed_time":1400897,"segment":0,"interval":1,"start_time":1611319633427},{"elapsed_time":1401072,"segment":0,"interval":1,"start_time":1611319633602},{"elapsed_time":1410872,"segment":0,"interval":1,"start_time":1611319643402},{"elapsed_time":1410891,"segment":0,"interval":1,"start_time":1611319643421},{"elapsed_time":1418348,"segment":0,"interval":1,"start_time":1611319650878},{"elapsed_time":1420929,"segment":0,"interval":1,"start_time":1611319653459},{"elapsed_time":1425855,"segment":0,"interval":1,"start_time":1611319658385},{"elapsed_time":1430778,"segment":0,"interval":1,"start_time":1611319663308},{"elapsed_time":1435876,"segment":0,"interval":1,"start_time":1611319668406},{"elapsed_time":1440154,"segment":0,"interval":1,"start_time":1611319672684},{"elapsed_time":1440878,"segment":0,"interval":1,"start_time":1611319673408},{"elapsed_time":1450775,"segment":0,"interval":1,"start_time":1611319683305},{"elapsed_time":1450801,"segment":0,"interval":1,"start_time":1611319683331},{"elapsed_time":1450874,"segment":0,"interval":1,"start_time":1611319683404},{"elapsed_time":1460018,"segment":0,"interval":1,"start_time":1611319692548},{"elapsed_time":1460872,"segment":0,"interval":1,"start_time":1611319693402},{"elapsed_time":1470815,"segment":0,"interval":1,"start_time":1611319703345},{"elapsed_time":1470870,"segment":0,"interval":1,"start_time":1611319703400},{"elapsed_time":1480812,"segment":0,"interval":1,"start_time":1611319713342},{"elapsed_time":1480881,"segment":0,"interval":1,"start_time":1611319713411},{"elapsed_time":1482781,"segment":0,"interval":1,"start_time":1611319715311},{"elapsed_time":1490881,"segment":0,"interval":1,"start_time":1611319723411},{"elapsed_time":1490935,"segment":0,"interval":1,"start_time":1611319723465},{"elapsed_time":1500879,"segment":0,"interval":1,"start_time":1611319733409},{"elapsed_time":1500947,"segment":0,"interval":1,"start_time":1611319733477},{"elapsed_time":1510856,"segment":0,"interval":1,"start_time":1611319743386},{"elapsed_time":1510973,"segment":0,"interval":1,"start_time":1611319743503},{"elapsed_time":1516708,"segment":0,"interval":1,"start_time":1611319749238},{"elapsed_time":1521050,"segment":0,"interval":1,"start_time":1611319753580},{"elapsed_time":1525884,"segment":0,"interval":1,"start_time":1611319758414},{"elapsed_time":1530930,"segment":0,"interval":1,"start_time":1611319763460},{"elapsed_time":1535875,"segment":0,"interval":1,"start_time":1611319768405},{"elapsed_time":1540860,"segment":0,"interval":1,"start_time":1611319773390},{"elapsed_time":1540884,"segment":0,"interval":1,"start_time":1611319773414},{"elapsed_time":1550867,"segment":0,"interval":1,"start_time":1611319783397},{"elapsed_time":1550874,"segment":0,"interval":1,"start_time":1611319783404},{"elapsed_time":1552704,"segment":0,"interval":1,"start_time":1611319785234},{"elapsed_time":1560177,"segment":0,"interval":1,"start_time":1611319792707},{"elapsed_time":1560878,"segment":0,"interval":1,"start_time":1611319793408},{"elapsed_time":1570127,"segment":0,"interval":1,"start_time":1611319802657},{"elapsed_time":1570876,"segment":0,"interval":1,"start_time":1611319803406},{"elapsed_time":1580128,"segment":0,"interval":1,"start_time":1611319812658},{"elapsed_time":1580866,"segment":0,"interval":1,"start_time":1611319813396},{"elapsed_time":1589422,"segment":0,"interval":1,"start_time":1611319821952},{"elapsed_time":1590033,"segment":0,"interval":1,"start_time":1611319822563},{"elapsed_time":1590876,"segment":0,"interval":1,"start_time":1611319823406},{"elapsed_time":1600191,"segment":0,"interval":1,"start_time":1611319832721},{"elapsed_time":1600857,"segment":0,"interval":1,"start_time":1611319833387},{"elapsed_time":1610865,"segment":0,"interval":1,"start_time":1611319843395},{"elapsed_time":1611128,"segment":0,"interval":1,"start_time":1611319843658},{"elapsed_time":1620939,"segment":0,"interval":1,"start_time":1611319853469},{"elapsed_time":1625882,"segment":0,"interval":1,"start_time":1611319858412},{"elapsed_time":1626533,"segment":0,"interval":1,"start_time":1611319859063},{"elapsed_time":1630010,"segment":0,"interval":1,"start_time":1611319862540},{"elapsed_time":1635885,"segment":0,"interval":1,"start_time":1611319868415},{"elapsed_time":1636823,"segment":0,"interval":1,"start_time":1611319869353},{"elapsed_time":1640287,"segment":0,"interval":1,"start_time":1611319872817},{"elapsed_time":1640877,"segment":0,"interval":1,"start_time":1611319873407},{"elapsed_time":1650033,"segment":0,"interval":1,"start_time":1611319882563},{"elapsed_time":1650871,"segment":0,"interval":1,"start_time":1611319883401},{"elapsed_time":1660254,"segment":0,"interval":1,"start_time":1611319892784},{"elapsed_time":1660875,"segment":0,"interval":1,"start_time":1611319893405},{"elapsed_time":1661561,"segment":0,"interval":1,"start_time":1611319894091},{"elapsed_time":1670022,"segment":0,"interval":1,"start_time":1611319902552},{"elapsed_time":1670873,"segment":0,"interval":1,"start_time":1611319903403},{"elapsed_time":1680004,"segment":0,"interval":1,"start_time":1611319912534},{"elapsed_time":1680878,"segment":0,"interval":1,"start_time":1611319913408},{"elapsed_time":1690086,"segment":0,"interval":1,"start_time":1611319922616},{"elapsed_time":1690886,"segment":0,"interval":1,"start_time":1611319923416},{"elapsed_time":1696982,"segment":0,"interval":1,"start_time":1611319929512},{"elapsed_time":1700087,"segment":0,"interval":1,"start_time":1611319932617},{"elapsed_time":1700872,"segment":0,"interval":1,"start_time":1611319933402},{"elapsed_time":1710177,"segment":0,"interval":1,"start_time":1611319942707},{"elapsed_time":1710870,"segment":0,"interval":1,"start_time":1611319943400},{"elapsed_time":1720267,"segment":0,"interval":1,"start_time":1611319952797},{"elapsed_time":1725880,"segment":0,"interval":1,"start_time":1611319958410},{"elapsed_time":1730061,"segment":0,"interval":1,"start_time":1611319962591},{"elapsed_time":1730107,"segment":0,"interval":1,"start_time":1611319962637},{"elapsed_time":1735885,"segment":0,"interval":1,"start_time":1611319968415},{"elapsed_time":1740088,"segment":0,"interval":1,"start_time":1611319972618},{"elapsed_time":1740872,"segment":0,"interval":1,"start_time":1611319973402},{"elapsed_time":1750531,"segment":0,"interval":1,"start_time":1611319983061},{"elapsed_time":1750877,"segment":0,"interval":1,"start_time":1611319983407},{"elapsed_time":1760076,"segment":0,"interval":1,"start_time":1611319992606},{"elapsed_time":1760874,"segment":0,"interval":1,"start_time":1611319993404},{"elapsed_time":1764416,"segment":0,"interval":1,"start_time":1611319996946},{"elapsed_time":1770114,"segment":0,"interval":1,"start_time":1611320002644},{"elapsed_time":1770885,"segment":0,"interval":1,"start_time":1611320003415},{"elapsed_time":1780090,"segment":0,"interval":1,"start_time":1611320012620},{"elapsed_time":1780880,"segment":0,"interval":1,"start_time":1611320013410},{"elapsed_time":1790130,"segment":0,"interval":1,"start_time":1611320022660},{"elapsed_time":1790875,"segment":0,"interval":1,"start_time":1611320023405},{"elapsed_time":1798756,"segment":0,"interval":1,"start_time":1611320031286},{"elapsed_time":1800135,"segment":0,"interval":1,"start_time":1611320032665},{"elapsed_time":1800864,"segment":0,"interval":1,"start_time":1611320033394},{"elapsed_time":1810719,"segment":0,"interval":1,"start_time":1611320043249},{"elapsed_time":1810864,"segment":0,"interval":1,"start_time":1611320043394},{"elapsed_time":1820289,"segment":1,"interval":1,"start_time":1611320067129}]