{"data":[{"advanced_metrics":[{"chart_data":[{"duration":10000,"score":1,"value":0.9304},{"duration":20000,"score":1,"value":0.9069},{"duration":30000,"score":1,"value":0.9485},{"duration":40000,"score":2,"value":0.9601},{"duration":50000,"score":2,"value":0.9624},{"duration":60000,"score":2,"value":0.9623},{"duration":70000,"score":2,"value":0.9618},{"duration":80000,"score":1,"value":0.9118},{"duration":90000,"score":0,"value":0.8899},{"duration":100000,"score":1,"value":0.9177},{"duration":110000,"score":2,"value":0.9635},{"duration":120000,"score":2,"value":0.9811},{"duration":130000,"score":2,"value":0.9882},{"duration":140000,"score":2,"value":0.9978},{"duration":150000,"score":2,"value":0.9957},{"duration":160000,"score":2,"value":0.9787},{"duration":170000,"score":2,"value":0.9560},{"duration":180000,"score":1,"value":0.9075},{"duration":190000,"score":0,"value":0.8799},{"duration":200000,"score":0,"value":0.8907},{"duration":210000,"score":1,"value":0.9464},{"duration":220000,"score":2,"value":0.9659},{"duration":230000,"score":2,"value":0.9624},{"duration":240000,"score":2,"value":0.9625},{"duration":250000,"score":2,"value":0.9605},{"duration":260000,"score":2,"value":0.9674},{"duration":270000,"score":2,"value":0.9530},{"duration":280000,"score":2,"value":0.9532},{"duration":290000,"score":2,"value":0.9692},{"duration":300000,"score":2,"value":0.9863},{"duration":310000,"score":2,"value":0.9901},{"duration":320000,"score":2,"value":0.9860},{"duration":330000,"score":2,"value":0.9669},{"duration":340000,"score":2,"value":0.9653},{"duration":350000,"score":2,"value":0.9676},{"duration":360000,"score":2,"value":0.9600},{"duration":370000,"score":2,"value":0.9715},{"duration":380000,"score":2,"value":0.9896},{"duration":390000,"score":2,"value":0.9711},{"duration":400000,"score":0,"value":0.8999},{"duration":410000,"score":0,"value":0.8528},{"duration":420000,"score":0,"value":0.8981},{"duration":430000,"score":1,"value":0.9405},{"duration":440000,"score":2,"value":0.9745},{"duration":450000,"score":2,"value":0.9855},{"duration":460000,"score":2,"value":0.9832},{"duration":470000,"score":2,"value":0.9717},{"duration":480000,"score":1,"value":0.9434},{"duration":490000,"score":2,"value":0.9502},{"duration":500000,"score":2,"value":0.9666},{"duration":510000,"score":2,"value":0.9674},{"duration":520000,"score":2,"value":0.9531},{"duration":530000,"score":1,"value":0.9497},{"duration":540000,"score":1,"value":0.9273},{"duration":550000,"score":0,"value":0.8961},{"duration":560000,"score":2,"value":0.9539},{"duration":570000,"score":2,"value":0.9834},{"duration":580000,"score":2,"value":0.9903},{"duration":590000,"score":2,"value":0.9874},{"duration":600000,"score":2,"value":0.9798},{"duration":610000,"score":2,"value":0.9679},{"duration":620000,"score":2,"value":0.9726},{"duration":630000,"score":2,"value":0.9862},{"duration":640000,"score":2,"value":0.9952},{"duration":650000,"score":2,"value":0.9810},{"duration":660000,"score":1,"value":0.9370},{"duration":670000,"score":0,"value":0.8966},{"duration":680000,"score":1,"value":0.9424},{"duration":690000,"score":2,"value":0.9614},{"duration":700000,"score":2,"value":0.9544},{"duration":710000,"score":2,"value":0.9684},{"duration":720000,"score":2,"value":0.9752},{"duration":730000,"score":2,"value":0.9695},{"duration":740000,"score":2,"value":0.9666},{"duration":750000,"score":2,"value":0.9624},{"duration":760000,"score":0,"value":0.8133},{"duration":770000,"score":0,"value":0.7455},{"duration":780000,"score":0,"value":0.8138},{"duration":790000,"score":2,"value":0.9539},{"duration":800000,"score":2,"value":0.9659},{"duration":810000,"score":2,"value":0.9646},{"duration":820000,"score":2,"value":0.9744},{"duration":830000,"score":2,"value":0.9869},{"duration":840000,"score":2,"value":0.9846},{"duration":850000,"score":2,"value":0.9843},{"duration":860000,"score":2,"value":0.9777},{"duration":870000,"score":2,"value":0.9719},{"duration":880000,"score":2,"value":0.9706},{"duration":890000,"score":2,"value":0.9793},{"duration":900000,"score":2,"value":0.9807},{"duration":910000,"score":2,"value":0.9894},{"duration":920000,"score":2,"value":0.9883},{"duration":930000,"score":2,"value":0.9836},{"duration":940000,"score":2,"value":0.9811},{"duration":950000,"score":2,"value":0.9817},{"duration":960000,"score":2,"value":0.9819},{"duration":970000,"score":2,"value":0.9600},{"duration":980000,"score":1,"value":0.9221},{"duration":990000,"score":0,"value":0.8584},{"duration":1000000,"score":0,"value":0.8954},{"duration":1010000,"score":2,"value":0.9555},{"duration":1020000,"score":2,"value":0.9718},{"duration":1030000,"score":2,"value":0.9819},{"duration":1040000,"score":2,"value":0.9949},{"duration":1050000,"score":2,"value":0.9990},{"duration":1060000,"score":2,"value":0.9982},{"duration":1070000,"score":2,"value":0.9894},{"duration":1080000,"score":2,"value":0.9778},{"duration":1090000,"score":2,"value":0.9772},{"duration":1100000,"score":2,"value":0.9817},{"duration":1110000,"score":2,"value":0.9761},{"duration":1120000,"score":2,"value":0.9773},{"duration":1130000,"score":2,"value":0.9667},{"duration":1140000,"score":2,"value":0.9658},{"duration":1150000,"score":2,"value":0.9757},{"duration":1160000,"score":2,"value":0.9903},{"duration":1170000,"score":2,"value":0.9917},{"duration":1180000,"score":2,"value":0.9899},{"duration":1190000,"score":2,"value":0.9949},{"duration":1200000,"score":2,"value":0.9914},{"duration":1210000,"score":2,"value":0.9697},{"duration":1220000,"score":2,"value":0.9550},{"duration":1230000,"score":2,"value":0.9588},{"duration":1240000,"score":2,"value":0.9766},{"duration":1250000,"score":2,"value":0.9868},{"duration":1260000,"score":2,"value":0.9868},{"duration":1270000,"score":1,"value":0.9006},{"duration":1280000,"score":0,"value":0.8636},{"duration":1290000,"score":2,"value":0.9518},{"duration":1300000,"score":2,"value":0.9824},{"duration":1310000,"score":2,"value":0.9844},{"duration":1320000,"score":2,"value":0.9709},{"duration":1330000,"score":2,"value":0.9719},{"duration":1340000,"score":2,"value":0.9716},{"duration":1350000,"score":2,"value":0.9792},{"duration":1360000,"score":2,"value":0.9698},{"duration":1370000,"score":2,"value":0.9549},{"duration":1380000,"score":2,"value":0.9772},{"duration":1390000,"score":2,"value":0.9713},{"duration":1400000,"score":2,"value":0.9667},{"duration":1410000,"score":2,"value":0.9616},{"duration":1420000,"score":2,"value":0.9684},{"duration":1430000,"score":2,"value":0.9643},{"duration":1440000,"score":2,"value":0.9669},{"duration":1450000,"score":2,"value":0.9763},{"duration":1460000,"score":2,"value":0.9894},{"duration":1470000,"score":2,"value":0.9926},{"duration":1480000,"score":2,"value":0.9854},{"duration":1490000,"score":0,"value":0.7972},{"duration":1500000,"score":0,"value":0.7108},{"duration":1510000,"score":0,"value":0.8907},{"duration":1520000,"score":2,"value":0.9596},{"duration":1530000,"score":2,"value":0.9706},{"duration":1540000,"score":2,"value":0.9719},{"duration":1550000,"score":2,"value":0.9783},{"duration":1560000,"score":2,"value":0.9718},{"duration":1570000,"score":2,"value":0.9632},{"duration":1580000,"score":2,"value":0.9605},{"duration":1590000,"score":1,"value":0.9414},{"duration":1600000,"score":1,"value":0.9356},{"duration":1610000,"score":0,"value":0.7558},{"duration":1620000,"score":0,"value":0.6379},{"duration":1630000,"score":0,"value":0.6686},{"duration":1640000,"score":0,"value":0.8682},{"duration":1650000,"score":2,"value":0.9510},{"duration":1660000,"score":2,"value":0.9547},{"duration":1670000,"score":1,"value":0.9480},{"duration":1680000,"score":0,"value":0.8983},{"duration":1690000,"score":1,"value":0.9044},{"duration":1700000,"score":1,"value":0.9363},{"duration":1710000,"score":1,"value":0.9490}],"data_type":"regularity","overall_score":2,"score_ratio":[12.0,9.0,79.0]},{"chart_data":[{"duration":10000,"score":2,"value":-0.0192},{"duration":20000,"score":1,"value":-0.0517},{"duration":30000,"score":1,"value":-0.0237},{"duration":40000,"score":1,"value":-0.0282},{"duration":50000,"score":1,"value":-0.0387},{"duration":60000,"score":2,"value":-0.0121},{"duration":70000,"score":2,"value":-0.0073},{"duration":80000,"score":1,"value":-0.0230},{"duration":90000,"score":2,"value":-0.0189},{"duration":100000,"score":2,"value":-0.0189},{"duration":110000,"score":1,"value":-0.0284},{"duration":120000,"score":1,"value":-0.0313},{"duration":130000,"score":2,"value":-0.0193},{"duration":140000,"score":1,"value":-0.0415},{"duration":150000,"score":1,"value":-0.0473},{"duration":160000,"score":1,"value":-0.0432},{"duration":170000,"score":1,"value":-0.0244},{"duration":180000,"score":2,"value":0.0044},{"duration":190000,"score":0,"value":-0.0548},{"duration":200000,"score":1,"value":-0.0233},{"duration":210000,"score":2,"value":-0.0066},{"duration":220000,"score":2,"value":-0.0039},{"duration":230000,"score":2,"value":-0.0003},{"duration":240000,"score":2,"value":-0.0179},{"duration":250000,"score":2,"value":-0.0185},{"duration":260000,"score":2,"value":-0.0220},{"duration":270000,"score":2,"value":-0.0113},{"duration":280000,"score":2,"value":-0.0171},{"duration":290000,"score":1,"value":-0.0368},{"duration":300000,"score":2,"value":-0.0197},{"duration":310000,"score":1,"value":-0.0250},{"duration":320000,"score":2,"value":-0.0165},{"duration":330000,"score":2,"value":-0.0218},{"duration":340000,"score":1,"value":-0.0250},{"duration":350000,"score":2,"value":-0.0196},{"duration":360000,"score":2,"value":-0.0195},{"duration":370000,"score":2,"value":-0.0216},{"duration":380000,"score":1,"value":-0.0256},{"duration":390000,"score":2,"value":-0.0052},{"duration":400000,"score":2,"value":-0.0108},{"duration":410000,"score":2,"value":-0.0098},{"duration":420000,"score":2,"value":-0.0172},{"duration":430000,"score":1,"value":-0.0224},{"duration":440000,"score":2,"value":-0.0199},{"duration":450000,"score":1,"value":-0.0339},{"duration":460000,"score":1,"value":-0.0495},{"duration":470000,"score":1,"value":-0.0340},{"duration":480000,"score":1,"value":-0.0226},{"duration":490000,"score":1,"value":-0.0296},{"duration":500000,"score":2,"value":-0.0214},{"duration":510000,"score":1,"value":-0.0300},{"duration":520000,"score":2,"value":-0.0195},{"duration":530000,"score":1,"value":-0.0298},{"duration":540000,"score":1,"value":-0.0379},{"duration":550000,"score":2,"value":-0.0116},{"duration":560000,"score":2,"value":-0.0124},{"duration":570000,"score":2,"value":-0.0157},{"duration":580000,"score":0,"value":-0.0567},{"duration":590000,"score":1,"value":-0.0304},{"duration":600000,"score":2,"value":-0.0188},{"duration":610000,"score":2,"value":-0.0172},{"duration":620000,"score":1,"value":-0.0248},{"duration":630000,"score":2,"value":-0.0213},{"duration":640000,"score":1,"value":-0.0452},{"duration":650000,"score":1,"value":-0.0462},{"duration":660000,"score":1,"value":-0.0255},{"duration":670000,"score":2,"value":-0.0203},{"duration":680000,"score":2,"value":-0.0173},{"duration":690000,"score":2,"value":-0.0101},{"duration":700000,"score":2,"value":-0.0117},{"duration":710000,"score":2,"value":-0.0176},{"duration":720000,"score":1,"value":-0.0242},{"duration":730000,"score":1,"value":-0.0261},{"duration":740000,"score":2,"value":-0.0125},{"duration":750000,"score":1,"value":-0.0275},{"duration":760000,"score":2,"value":0.0204},{"duration":770000,"score":2,"value":0.0025},{"duration":780000,"score":2,"value":-0.0065},{"duration":790000,"score":2,"value":-0.0090},{"duration":800000,"score":2,"value":-0.0121},{"duration":810000,"score":2,"value":-0.0132},{"duration":820000,"score":2,"value":-0.0115},{"duration":830000,"score":2,"value":0.0002},{"duration":840000,"score":2,"value":-0.0118},{"duration":850000,"score":2,"value":-0.0168},{"duration":860000,"score":2,"value":-0.0207},{"duration":870000,"score":1,"value":-0.0248},{"duration":880000,"score":2,"value":-0.0180},{"duration":890000,"score":2,"value":-0.0194},{"duration":900000,"score":2,"value":-0.0031},{"duration":910000,"score":2,"value":-0.0103},{"duration":920000,"score":2,"value":-0.0213},{"duration":930000,"score":2,"value":-0.0149},{"duration":940000,"score":2,"value":-0.0198},{"duration":950000,"score":1,"value":-0.0291},{"duration":960000,"score":2,"value":-0.0199},{"duration":970000,"score":2,"value":-0.0176},{"duration":980000,"score":2,"value":-0.0084},{"duration":990000,"score":2,"value":-0.0187},{"duration":1000000,"score":2,"value":-0.0037},{"duration":1010000,"score":2,"value":-0.0035},{"duration":1020000,"score":2,"value":-0.0183},{"duration":1030000,"score":2,"value":-0.0159},{"duration":1040000,"score":2,"value":-0.0172},{"duration":1050000,"score":2,"value":-0.0170},{"duration":1060000,"score":2,"value":-0.0200},{"duration":1070000,"score":2,"value":-0.0090},{"duration":1080000,"score":2,"value":0.0168},{"duration":1090000,"score":2,"value":-0.0114},{"duration":1100000,"score":2,"value":-0.0211},{"duration":1110000,"score":2,"value":-0.0139},{"duration":1120000,"score":2,"value":-0.0127},{"duration":1130000,"score":2,"value":-0.0050},{"duration":1140000,"score":2,"value":-0.0148},{"duration":1150000,"score":2,"value":-0.0090},{"duration":1160000,"score":2,"value":-0.0178},{"duration":1170000,"score":2,"value":-0.0103},{"duration":1180000,"score":2,"value":-0.0068},{"duration":1190000,"score":2,"value":-0.0051},{"duration":1200000,"score":2,"value":0.0085},{"duration":1210000,"score":2,"value":-0.0124},{"duration":1220000,"score":2,"value":-0.0150},{"duration":1230000,"score":2,"value":-0.0159},{"duration":1240000,"score":2,"value":-0.0187},{"duration":1250000,"score":2,"value":-0.0056},{"duration":1260000,"score":2,"value":-0.0072},{"duration":1270000,"score":2,"value":0.0059},{"duration":1280000,"score":2,"value":-0.0059},{"duration":1290000,"score":2,"value":-0.0133},{"duration":1300000,"score":2,"value":-0.0113},{"duration":1310000,"score":2,"value":-0.0056},{"duration":1320000,"score":2,"value":-0.0083},{"duration":1330000,"score":2,"value":-0.0033},{"duration":1340000,"score":2,"value":-0.0160},{"duration":1350000,"score":2,"value":-0.0186},{"duration":1360000,"score":2,"value":0.0007},{"duration":1370000,"score":2,"value":-0.0046},{"duration":1380000,"score":2,"value":0.0087},{"duration":1390000,"score":2,"value":-0.0052},{"duration":1400000,"score":2,"value":-0.0055},{"duration":1410000,"score":2,"value":-0.0094},{"duration":1420000,"score":2,"value":-0.0172},{"duration":1430000,"score":2,"value":-0.0168},{"duration":1440000,"score":2,"value":-0.0091},{"duration":1450000,"score":2,"value":-0.0140},{"duration":1460000,"score":2,"value":-0.0126},{"duration":1470000,"score":2,"value":-0.0200},{"duration":1480000,"score":2,"value":-0.0103},{"duration":1490000,"score":2,"value":-0.0181},{"duration":1500000,"score":2,"value":-0.0150},{"duration":1510000,"score":2,"value":-0.0142},{"duration":1520000,"score":2,"value":-0.0179},{"duration":1530000,"score":2,"value":-0.0167},{"duration":1540000,"score":2,"value":-0.0223},{"duration":1550000,"score":1,"value":-0.0287},{"duration":1560000,"score":1,"value":-0.0280},{"duration":1570000,"score":2,"value":-0.0215},{"duration":1580000,"score":2,"value":-0.0148},{"duration":1590000,"score":2,"value":-0.0133},{"duration":1600000,"score":1,"value":-0.0309},{"duration":1610000,"score":1,"value":-0.0255},{"duration":1620000,"score":2,"value":-0.0173},{"duration":1630000,"score":2,"value":-0.0142},{"duration":1640000,"score":2,"value":-0.0192},{"duration":1650000,"score":2,"value":-0.0161},{"duration":1660000,"score":2,"value":-0.0165},{"duration":1670000,"score":1,"value":-0.0296},{"duration":1680000,"score":2,"value":-0.0150},{"duration":1690000,"score":2,"value":0.0014},{"duration":1700000,"score":2,"value":-0.0081},{"duration":1710000,"score":2,"value":-0.0214}],"data_type":"asymmetry","overall_score":2,"score_ratio":[5.0,31.0,64.0]},{"chart_data":[{"duration":10000,"score":0,"value":31334.4511},{"duration":20000,"score":0,"value":35495.8945},{"duration":30000,"score":0,"value":35935.5078},{"duration":40000,"score":0,"value":36654.5234},{"duration":50000,"score":0,"value":35476.1796},{"duration":60000,"score":0,"value":35489.9765},{"duration":70000,"score":0,"value":32626.7167},{"duration":80000,"score":0,"value":33713.8359},{"duration":90000,"score":0,"value":32893.1953},{"duration":100000,"score":0,"value":33365.5546},{"duration":110000,"score":0,"value":34547.0351},{"duration":120000,"score":0,"value":34170.2460},{"duration":130000,"score":0,"value":33463.3906},{"duration":140000,"score":0,"value":34399.9101},{"duration":150000,"score":0,"value":34310.5898},{"duration":160000,"score":0,"value":34259.125},{"duration":170000,"score":0,"value":32036.1093},{"duration":180000,"score":0,"value":32277.2460},{"duration":190000,"score":0,"value":32633.9160},{"duration":200000,"score":0,"value":32811.3242},{"duration":210000,"score":0,"value":33463.4531},{"duration":220000,"score":0,"value":33117.25},{"duration":230000,"score":0,"value":32588.1816},{"duration":240000,"score":0,"value":33770.3945},{"duration":250000,"score":0,"value":32906.0664},{"duration":260000,"score":0,"value":37049.9843},{"duration":270000,"score":0,"value":33199.8320},{"duration":280000,"score":0,"value":32244.6191},{"duration":290000,"score":0,"value":33236.6992},{"duration":300000,"score":0,"value":33532.9023},{"duration":310000,"score":0,"value":33781.4687},{"duration":320000,"score":0,"value":33952.9218},{"duration":330000,"score":0,"value":34295.1796},{"duration":340000,"score":0,"value":35460.6601},{"duration":350000,"score":0,"value":33730.6210},{"duration":360000,"score":0,"value":34230.8554},{"duration":370000,"score":0,"value":33339.7539},{"duration":380000,"score":0,"value":33444.3320},{"duration":390000,"score":0,"value":32573.7792},{"duration":400000,"score":0,"value":35489.1132},{"duration":410000,"score":0,"value":36919.2578},{"duration":420000,"score":0,"value":34319.4218},{"duration":430000,"score":0,"value":34491.1210},{"duration":440000,"score":0,"value":34403.3281},{"duration":450000,"score":0,"value":35553.3281},{"duration":460000,"score":0,"value":34982.5468},{"duration":470000,"score":0,"value":33903.0625},{"duration":480000,"score":0,"value":33193.0546},{"duration":490000,"score":0,"value":34014.8203},{"duration":500000,"score":0,"value":33868.1601},{"duration":510000,"score":0,"value":33507.7148},{"duration":520000,"score":0,"value":33677.3320},{"duration":530000,"score":0,"value":33885.2851},{"duration":540000,"score":0,"value":33391.7695},{"duration":550000,"score":0,"value":33730.9804},{"duration":560000,"score":0,"value":33398.7695},{"duration":570000,"score":0,"value":33321.6210},{"duration":580000,"score":0,"value":33329.2734},{"duration":590000,"score":0,"value":32814.7109},{"duration":600000,"score":0,"value":32502.6914},{"duration":610000,"score":0,"value":33086.1835},{"duration":620000,"score":0,"value":32808.7265},{"duration":630000,"score":0,"value":31977.6796},{"duration":640000,"score":0,"value":33943.6054},{"duration":650000,"score":0,"value":33379.5351},{"duration":660000,"score":0,"value":34021.5625},{"duration":670000,"score":0,"value":33675.3007},{"duration":680000,"score":0,"value":33672.5625},{"duration":690000,"score":0,"value":32393.2070},{"duration":700000,"score":0,"value":32512.2480},{"duration":710000,"score":0,"value":32195.4433},{"duration":720000,"score":0,"value":32752.0468},{"duration":730000,"score":0,"value":32596.4101},{"duration":740000,"score":0,"value":32722.4882},{"duration":750000,"score":0,"value":33735.6093},{"duration":760000,"score":0,"value":35314.7070},{"duration":770000,"score":0,"value":33372.7812},{"duration":780000,"score":0,"value":33568.5390},{"duration":790000,"score":0,"value":32742.3281},{"duration":800000,"score":0,"value":32921.9960},{"duration":810000,"score":0,"value":33076.6796},{"duration":820000,"score":0,"value":34518.3242},{"duration":830000,"score":0,"value":34600.9375},{"duration":840000,"score":0,"value":33358.7226},{"duration":850000,"score":0,"value":33967.8671},{"duration":860000,"score":0,"value":32366.0683},{"duration":870000,"score":0,"value":32333.4609},{"duration":880000,"score":0,"value":31557.6718},{"duration":890000,"score":0,"value":33319.6406},{"duration":900000,"score":0,"value":34338.0351},{"duration":910000,"score":0,"value":32986.3984},{"duration":920000,"score":0,"value":32903.9570},{"duration":930000,"score":0,"value":33332.9101},{"duration":940000,"score":0,"value":33711.6406},{"duration":950000,"score":0,"value":33757.0195},{"duration":960000,"score":0,"value":33385.9570},{"duration":970000,"score":0,"value":31372.6914},{"duration":980000,"score":0,"value":32942.2070},{"duration":990000,"score":0,"value":32547.2128},{"duration":1000000,"score":0,"value":33770.4218},{"duration":1010000,"score":0,"value":33594.5156},{"duration":1020000,"score":0,"value":33424.7539},{"duration":1030000,"score":0,"value":33561.9375},{"duration":1040000,"score":0,"value":32291.9648},{"duration":1050000,"score":0,"value":33234.5078},{"duration":1060000,"score":0,"value":33677.7968},{"duration":1070000,"score":0,"value":34064.6562},{"duration":1080000,"score":0,"value":34688.9335},{"duration":1090000,"score":0,"value":33770.8164},{"duration":1100000,"score":0,"value":35132.3906},{"duration":1110000,"score":0,"value":36679.3437},{"duration":1120000,"score":0,"value":34500.0078},{"duration":1130000,"score":0,"value":35669.4492},{"duration":1140000,"score":0,"value":35307.8320},{"duration":1150000,"score":0,"value":33871.6718},{"duration":1160000,"score":0,"value":33530.8906},{"duration":1170000,"score":0,"value":34495.7734},{"duration":1180000,"score":0,"value":34471.8085},{"duration":1190000,"score":0,"value":33973.1796},{"duration":1200000,"score":0,"value":34238.4570},{"duration":1210000,"score":0,"value":32386.6933},{"duration":1220000,"score":0,"value":33013.9648},{"duration":1230000,"score":0,"value":32934.3906},{"duration":1240000,"score":0,"value":33010.5234},{"duration":1250000,"score":0,"value":32972.5664},{"duration":1260000,"score":0,"value":33462.6289},{"duration":1270000,"score":0,"value":33026.4726},{"duration":1280000,"score":0,"value":32273.1777},{"duration":1290000,"score":0,"value":32230.7988},{"duration":1300000,"score":0,"value":33101.8007},{"duration":1310000,"score":0,"value":33004.8164},{"duration":1320000,"score":0,"value":33660.6171},{"duration":1330000,"score":0,"value":32004.2851},{"duration":1340000,"score":0,"value":32361.2929},{"duration":1350000,"score":0,"value":32967.4570},{"duration":1360000,"score":0,"value":35053.7578},{"duration":1370000,"score":0,"value":34406.0937},{"duration":1380000,"score":0,"value":34438.6132},{"duration":1390000,"score":0,"value":33775.0859},{"duration":1400000,"score":0,"value":35226.3984},{"duration":1410000,"score":0,"value":36217.0546},{"duration":1420000,"score":0,"value":35783.3906},{"duration":1430000,"score":0,"value":35785.3632},{"duration":1440000,"score":0,"value":36679.5468},{"duration":1450000,"score":0,"value":34674.5351},{"duration":1460000,"score":0,"value":35629.6015},{"duration":1470000,"score":0,"value":36180.6875},{"duration":1480000,"score":0,"value":38038.6484},{"duration":1490000,"score":0,"value":35466.5429},{"duration":1500000,"score":0,"value":35685.0625},{"duration":1510000,"score":0,"value":35504.4492},{"duration":1520000,"score":0,"value":36394.3632},{"duration":1530000,"score":0,"value":36521.9648},{"duration":1540000,"score":0,"value":35949.9023},{"duration":1550000,"score":0,"value":35885.8789},{"duration":1560000,"score":0,"value":36230.1171},{"duration":1570000,"score":0,"value":36855.4843},{"duration":1580000,"score":0,"value":37452.7226},{"duration":1590000,"score":0,"value":34890.7226},{"duration":1600000,"score":0,"value":34651.7929},{"duration":1610000,"score":0,"value":39684.2656},{"duration":1620000,"score":0,"value":39582.4375},{"duration":1630000,"score":0,"value":37149.3437},{"duration":1640000,"score":0,"value":36056.7343},{"duration":1650000,"score":0,"value":36477.0664},{"duration":1660000,"score":0,"value":35689.9726},{"duration":1670000,"score":0,"value":36577.8203},{"duration":1680000,"score":0,"value":37293.8789},{"duration":1690000,"score":0,"value":35738.6796},{"duration":1700000,"score":0,"value":36435.0937},{"duration":1710000,"score":0,"value":36359.6914}],"data_type":"stiffness","overall_score":0,"score_ratio":[99.0,1.0,0.0]},{"chart_data":[{"duration":10000,"score":2,"value":0.0817},{"duration":20000,"score":0,"value":0.0963},{"duration":30000,"score":0,"value":0.0981},{"duration":40000,"score":0,"value":0.0980},{"duration":50000,"score":0,"value":0.1000},{"duration":60000,"score":0,"value":0.1007},{"duration":70000,"score":0,"value":0.1023},{"duration":80000,"score":0,"value":0.1001},{"duration":90000,"score":0,"value":0.1017},{"duration":100000,"score":0,"value":0.1035},{"duration":110000,"score":0,"value":0.1007},{"duration":120000,"score":0,"value":0.0988},{"duration":130000,"score":0,"value":0.1024},{"duration":140000,"score":0,"value":0.1008},{"duration":150000,"score":0,"value":0.1002},{"duration":160000,"score":0,"value":0.1006},{"duration":170000,"score":0,"value":0.1013},{"duration":180000,"score":0,"value":0.0983},{"duration":190000,"score":0,"value":0.1004},{"duration":200000,"score":0,"value":0.0991},{"duration":210000,"score":0,"value":0.0987},{"duration":220000,"score":0,"value":0.0995},{"duration":230000,"score":0,"value":0.1007},{"duration":240000,"score":0,"value":0.1006},{"duration":250000,"score":0,"value":0.1009},{"duration":260000,"score":0,"value":0.1007},{"duration":270000,"score":0,"value":0.1007},{"duration":280000,"score":0,"value":0.1022},{"duration":290000,"score":0,"value":0.1017},{"duration":300000,"score":0,"value":0.1010},{"duration":310000,"score":0,"value":0.0997},{"duration":320000,"score":0,"value":0.0993},{"duration":330000,"score":0,"value":0.0982},{"duration":340000,"score":0,"value":0.0975},{"duration":350000,"score":0,"value":0.0992},{"duration":360000,"score":0,"value":0.0946},{"duration":370000,"score":0,"value":0.0981},{"duration":380000,"score":0,"value":0.1019},{"duration":390000,"score":0,"value":0.1014},{"duration":400000,"score":0,"value":0.0958},{"duration":410000,"score":0,"value":0.0956},{"duration":420000,"score":0,"value":0.0986},{"duration":430000,"score":0,"value":0.0984},{"duration":440000,"score":0,"value":0.1007},{"duration":450000,"score":0,"value":0.0961},{"duration":460000,"score":0,"value":0.0975},{"duration":470000,"score":0,"value":0.0992},{"duration":480000,"score":0,"value":0.1005},{"duration":490000,"score":0,"value":0.1024},{"duration":500000,"score":0,"value":0.1001},{"duration":510000,"score":0,"value":0.1026},{"duration":520000,"score":0,"value":0.1019},{"duration":530000,"score":0,"value":0.1007},{"duration":540000,"score":0,"value":0.1012},{"duration":550000,"score":0,"value":0.1011},{"duration":560000,"score":0,"value":0.1009},{"duration":570000,"score":0,"value":0.1014},{"duration":580000,"score":0,"value":0.1016},{"duration":590000,"score":0,"value":0.1033},{"duration":600000,"score":0,"value":0.1043},{"duration":610000,"score":0,"value":0.1035},{"duration":620000,"score":0,"value":0.1046},{"duration":630000,"score":0,"value":0.1066},{"duration":640000,"score":0,"value":0.1030},{"duration":650000,"score":0,"value":0.1046},{"duration":660000,"score":0,"value":0.1026},{"duration":670000,"score":0,"value":0.1027},{"duration":680000,"score":0,"value":0.1035},{"duration":690000,"score":0,"value":0.1061},{"duration":700000,"score":0,"value":0.1056},{"duration":710000,"score":0,"value":0.1042},{"duration":720000,"score":0,"value":0.1059},{"duration":730000,"score":0,"value":0.1045},{"duration":740000,"score":0,"value":0.0984},{"duration":750000,"score":0,"value":0.1010},{"duration":760000,"score":0,"value":0.0989},{"duration":770000,"score":0,"value":0.1020},{"duration":780000,"score":0,"value":0.1013},{"duration":790000,"score":0,"value":0.1038},{"duration":800000,"score":0,"value":0.1035},{"duration":810000,"score":0,"value":0.1020},{"duration":820000,"score":0,"value":0.1015},{"duration":830000,"score":0,"value":0.1012},{"duration":840000,"score":0,"value":0.1041},{"duration":850000,"score":0,"value":0.1040},{"duration":860000,"score":0,"value":0.1072},{"duration":870000,"score":0,"value":0.1069},{"duration":880000,"score":0,"value":0.1060},{"duration":890000,"score":0,"value":0.1067},{"duration":900000,"score":0,"value":0.1044},{"duration":910000,"score":0,"value":0.1051},{"duration":920000,"score":0,"value":0.1037},{"duration":930000,"score":0,"value":0.1033},{"duration":940000,"score":0,"value":0.1032},{"duration":950000,"score":0,"value":0.1036},{"duration":960000,"score":0,"value":0.1015},{"duration":970000,"score":0,"value":0.1038},{"duration":980000,"score":0,"value":0.0999},{"duration":990000,"score":0,"value":0.1029},{"duration":1000000,"score":0,"value":0.1029},{"duration":1010000,"score":0,"value":0.1011},{"duration":1020000,"score":0,"value":0.1025},{"duration":1030000,"score":0,"value":0.1043},{"duration":1040000,"score":0,"value":0.1041},{"duration":1050000,"score":0,"value":0.1042},{"duration":1060000,"score":0,"value":0.1023},{"duration":1070000,"score":0,"value":0.1021},{"duration":1080000,"score":0,"value":0.1007},{"duration":1090000,"score":0,"value":0.1026},{"duration":1100000,"score":0,"value":0.1020},{"duration":1110000,"score":0,"value":0.1005},{"duration":1120000,"score":0,"value":0.0955},{"duration":1130000,"score":0,"value":0.0971},{"duration":1140000,"score":0,"value":0.0991},{"duration":1150000,"score":0,"value":0.1014},{"duration":1160000,"score":0,"value":0.1018},{"duration":1170000,"score":0,"value":0.1028},{"duration":1180000,"score":0,"value":0.1024},{"duration":1190000,"score":0,"value":0.1024},{"duration":1200000,"score":0,"value":0.1031},{"duration":1210000,"score":0,"value":0.1069},{"duration":1220000,"score":0,"value":0.1048},{"duration":1230000,"score":0,"value":0.1046},{"duration":1240000,"score":0,"value":0.1037},{"duration":1250000,"score":0,"value":0.1044},{"duration":1260000,"score":0,"value":0.1033},{"duration":1270000,"score":0,"value":0.0994},{"duration":1280000,"score":0,"value":0.1048},{"duration":1290000,"score":0,"value":0.1054},{"duration":1300000,"score":0,"value":0.1048},{"duration":1310000,"score":0,"value":0.1069},{"duration":1320000,"score":0,"value":0.1032},{"duration":1330000,"score":0,"value":0.1052},{"duration":1340000,"score":0,"value":0.1041},{"duration":1350000,"score":0,"value":0.1054},{"duration":1360000,"score":0,"value":0.1026},{"duration":1370000,"score":0,"value":0.1006},{"duration":1380000,"score":0,"value":0.0985},{"duration":1390000,"score":0,"value":0.1011},{"duration":1400000,"score":0,"value":0.1001},{"duration":1410000,"score":0,"value":0.1003},{"duration":1420000,"score":0,"value":0.1006},{"duration":1430000,"score":0,"value":0.1002},{"duration":1440000,"score":0,"value":0.0986},{"duration":1450000,"score":0,"value":0.0989},{"duration":1460000,"score":0,"value":0.1001},{"duration":1470000,"score":0,"value":0.1001},{"duration":1480000,"score":0,"value":0.0983},{"duration":1490000,"score":0,"value":0.1017},{"duration":1500000,"score":0,"value":0.1029},{"duration":1510000,"score":0,"value":0.1019},{"duration":1520000,"score":0,"value":0.0985},{"duration":1530000,"score":0,"value":0.0985},{"duration":1540000,"score":0,"value":0.1005},{"duration":1550000,"score":0,"value":0.1020},{"duration":1560000,"score":0,"value":0.1020},{"duration":1570000,"score":0,"value":0.0982},{"duration":1580000,"score":0,"value":0.0981},{"duration":1590000,"score":0,"value":0.1029},{"duration":1600000,"score":0,"value":0.1029},{"duration":1610000,"score":0,"value":0.0948},{"duration":1620000,"score":1,"value":0.0916},{"duration":1630000,"score":0,"value":0.0984},{"duration":1640000,"score":0,"value":0.1000},{"duration":1650000,"score":0,"value":0.0991},{"duration":1660000,"score":0,"value":0.1021},{"duration":1670000,"score":0,"value":0.1006},{"duration":1680000,"score":0,"value":0.0979},{"duration":1690000,"score":0,"value":0.0996},{"duration":1700000,"score":0,"value":0.0990},{"duration":1710000,"score":0,"value":0.1019}],"data_type":"undulation","overall_score":0,"score_ratio":[94.0,6.0,0.0]},{"chart_data":[{"duration":10000,"score":2,"value":146.4769},{"duration":20000,"score":1,"value":173.2360},{"duration":30000,"score":1,"value":178.8169},{"duration":40000,"score":1,"value":178.2191},{"duration":50000,"score":1,"value":181.9510},{"duration":60000,"score":1,"value":181.1926},{"duration":70000,"score":0,"value":191.8110},{"duration":80000,"score":0,"value":187.7957},{"duration":90000,"score":0,"value":189.7842},{"duration":100000,"score":0,"value":187.9691},{"duration":110000,"score":1,"value":184.2180},{"duration":120000,"score":0,"value":186.4624},{"duration":130000,"score":0,"value":187.4760},{"duration":140000,"score":0,"value":185.3041},{"duration":150000,"score":0,"value":185.6041},{"duration":160000,"score":0,"value":185.8373},{"duration":170000,"score":0,"value":194.7122},{"duration":180000,"score":0,"value":193.0593},{"duration":190000,"score":0,"value":192.9047},{"duration":200000,"score":0,"value":191.3286},{"duration":210000,"score":0,"value":188.6021},{"duration":220000,"score":0,"value":189.4469},{"duration":230000,"score":0,"value":188.4628},{"duration":240000,"score":0,"value":186.2699},{"duration":250000,"score":0,"value":189.8255},{"duration":260000,"score":1,"value":178.3891},{"duration":270000,"score":0,"value":190.2644},{"duration":280000,"score":0,"value":192.5674},{"duration":290000,"score":0,"value":189.0020},{"duration":300000,"score":0,"value":187.7438},{"duration":310000,"score":0,"value":187.6491},{"duration":320000,"score":0,"value":187.1379},{"duration":330000,"score":0,"value":185.9806},{"duration":340000,"score":1,"value":182.1619},{"duration":350000,"score":0,"value":187.6151},{"duration":360000,"score":0,"value":186.0966},{"duration":370000,"score":0,"value":188.8786},{"duration":380000,"score":0,"value":187.5993},{"duration":390000,"score":0,"value":191.3747},{"duration":400000,"score":0,"value":182.7768},{"duration":410000,"score":1,"value":178.4237},{"duration":420000,"score":0,"value":186.3092},{"duration":430000,"score":0,"value":185.1545},{"duration":440000,"score":0,"value":184.7439},{"duration":450000,"score":1,"value":182.6985},{"duration":460000,"score":0,"value":184.8216},{"duration":470000,"score":0,"value":188.2064},{"duration":480000,"score":0,"value":189.3927},{"duration":490000,"score":0,"value":185.7598},{"duration":500000,"score":0,"value":187.1505},{"duration":510000,"score":0,"value":187.6735},{"duration":520000,"score":0,"value":187.3707},{"duration":530000,"score":0,"value":186.9388},{"duration":540000,"score":0,"value":189.0888},{"duration":550000,"score":0,"value":187.4163},{"duration":560000,"score":0,"value":188.4326},{"duration":570000,"score":0,"value":187.8564},{"duration":580000,"score":0,"value":189.8919},{"duration":590000,"score":0,"value":189.7202},{"duration":600000,"score":0,"value":190.4080},{"duration":610000,"score":0,"value":188.1203},{"duration":620000,"score":0,"value":189.8620},{"duration":630000,"score":0,"value":191.6625},{"duration":640000,"score":0,"value":186.8030},{"duration":650000,"score":0,"value":187.8844},{"duration":660000,"score":0,"value":185.5900},{"duration":670000,"score":0,"value":186.1403},{"duration":680000,"score":0,"value":186.1607},{"duration":690000,"score":0,"value":188.5144},{"duration":700000,"score":0,"value":189.9107},{"duration":710000,"score":0,"value":192.1323},{"duration":720000,"score":0,"value":189.3972},{"duration":730000,"score":0,"value":190.2084},{"duration":740000,"score":1,"value":183.3399},{"duration":750000,"score":0,"value":186.4971},{"duration":760000,"score":1,"value":177.2442},{"duration":770000,"score":0,"value":186.5892},{"duration":780000,"score":0,"value":187.0871},{"duration":790000,"score":0,"value":189.2920},{"duration":800000,"score":0,"value":187.1181},{"duration":810000,"score":0,"value":188.4533},{"duration":820000,"score":1,"value":183.5623},{"duration":830000,"score":1,"value":184.4064},{"duration":840000,"score":0,"value":187.1032},{"duration":850000,"score":1,"value":185.2504},{"duration":860000,"score":0,"value":190.0406},{"duration":870000,"score":0,"value":190.2649},{"duration":880000,"score":0,"value":193.4078},{"duration":890000,"score":0,"value":186.1547},{"duration":900000,"score":1,"value":183.1016},{"duration":910000,"score":0,"value":188.0872},{"duration":920000,"score":0,"value":188.9577},{"duration":930000,"score":0,"value":187.7049},{"duration":940000,"score":0,"value":185.9759},{"duration":950000,"score":0,"value":186.1810},{"duration":960000,"score":0,"value":188.6552},{"duration":970000,"score":0,"value":195.4116},{"duration":980000,"score":0,"value":188.1244},{"duration":990000,"score":0,"value":190.0444},{"duration":1000000,"score":0,"value":185.8132},{"duration":1010000,"score":0,"value":187.7096},{"duration":1020000,"score":0,"value":187.5307},{"duration":1030000,"score":0,"value":186.2742},{"duration":1040000,"score":0,"value":190.9584},{"duration":1050000,"score":0,"value":187.2026},{"duration":1060000,"score":0,"value":186.3583},{"duration":1070000,"score":0,"value":184.8436},{"duration":1080000,"score":0,"value":185.0439},{"duration":1090000,"score":0,"value":186.2978},{"duration":1100000,"score":1,"value":181.7719},{"duration":1110000,"score":1,"value":176.6711},{"duration":1120000,"score":0,"value":187.2659},{"duration":1130000,"score":1,"value":181.6825},{"duration":1140000,"score":1,"value":181.8080},{"duration":1150000,"score":0,"value":185.5943},{"duration":1160000,"score":0,"value":186.9570},{"duration":1170000,"score":1,"value":182.8370},{"duration":1180000,"score":1,"value":183.2005},{"duration":1190000,"score":1,"value":184.8341},{"duration":1200000,"score":0,"value":185.2829},{"duration":1210000,"score":0,"value":190.1617},{"duration":1220000,"score":0,"value":188.6620},{"duration":1230000,"score":0,"value":188.7810},{"duration":1240000,"score":0,"value":188.3491},{"duration":1250000,"score":1,"value":184.9376},{"duration":1260000,"score":0,"value":186.3548},{"duration":1270000,"score":0,"value":190.3281},{"duration":1280000,"score":0,"value":190.6853},{"duration":1290000,"score":0,"value":190.7674},{"duration":1300000,"score":0,"value":187.8641},{"duration":1310000,"score":0,"value":187.3983},{"duration":1320000,"score":0,"value":186.3823},{"duration":1330000,"score":0,"value":190.7479},{"duration":1340000,"score":0,"value":190.3003},{"duration":1350000,"score":0,"value":188.0265},{"duration":1360000,"score":1,"value":181.4040},{"duration":1370000,"score":0,"value":184.9727},{"duration":1380000,"score":0,"value":185.2944},{"duration":1390000,"score":0,"value":186.7468},{"duration":1400000,"score":1,"value":181.7376},{"duration":1410000,"score":1,"value":178.9323},{"duration":1420000,"score":1,"value":179.8065},{"duration":1430000,"score":1,"value":179.8345},{"duration":1440000,"score":1,"value":177.4155},{"duration":1450000,"score":1,"value":180.9360},{"duration":1460000,"score":1,"value":179.6453},{"duration":1470000,"score":1,"value":178.8225},{"duration":1480000,"score":1,"value":174.0462},{"duration":1490000,"score":1,"value":181.1808},{"duration":1500000,"score":1,"value":180.2081},{"duration":1510000,"score":1,"value":180.0621},{"duration":1520000,"score":1,"value":179.0854},{"duration":1530000,"score":1,"value":178.7077},{"duration":1540000,"score":1,"value":179.8539},{"duration":1550000,"score":1,"value":179.8855},{"duration":1560000,"score":1,"value":178.5338},{"duration":1570000,"score":1,"value":177.8173},{"duration":1580000,"score":1,"value":175.5920},{"duration":1590000,"score":1,"value":181.5603},{"duration":1600000,"score":1,"value":183.4286},{"duration":1610000,"score":1,"value":171.5560},{"duration":1620000,"score":1,"value":174.4384},{"duration":1630000,"score":1,"value":176.8549},{"duration":1640000,"score":1,"value":179.2550},{"duration":1650000,"score":1,"value":178.0483},{"duration":1660000,"score":1,"value":180.8257},{"duration":1670000,"score":1,"value":178.4295},{"duration":1680000,"score":1,"value":176.3650},{"duration":1690000,"score":1,"value":179.5726},{"duration":1700000,"score":1,"value":178.0344},{"duration":1710000,"score":1,"value":177.8451}],"data_type":"effective_contact_time","overall_score":0,"score_ratio":[56.0,43.0,1.0]},{"chart_data":[{"duration":10000,"score":0,"value":165.6713},{"duration":20000,"score":1,"value":195.4619},{"duration":30000,"score":1,"value":199.7023},{"duration":40000,"score":1,"value":200.5176},{"duration":50000,"score":1,"value":201.8360},{"duration":60000,"score":1,"value":203.1132},{"duration":70000,"score":1,"value":201.4146},{"duration":80000,"score":1,"value":199.9046},{"duration":90000,"score":1,"value":201.3160},{"duration":100000,"score":1,"value":204.2445},{"duration":110000,"score":1,"value":201.8983},{"duration":120000,"score":1,"value":198.5924},{"duration":130000,"score":1,"value":202.9732},{"duration":140000,"score":1,"value":201.4951},{"duration":150000,"score":1,"value":200.7021},{"duration":160000,"score":1,"value":201.1501},{"duration":170000,"score":1,"value":199.0273},{"duration":180000,"score":1,"value":195.1197},{"duration":190000,"score":1,"value":197.9144},{"duration":200000,"score":1,"value":197.0923},{"duration":210000,"score":1,"value":197.7678},{"duration":220000,"score":1,"value":198.6971},{"duration":230000,"score":1,"value":200.4322},{"duration":240000,"score":1,"value":201.0776},{"duration":250000,"score":1,"value":200.3125},{"duration":260000,"score":2,"value":204.0552},{"duration":270000,"score":1,"value":199.8730},{"duration":280000,"score":1,"value":200.8867},{"duration":290000,"score":1,"value":201.5819},{"duration":300000,"score":1,"value":201.0693},{"duration":310000,"score":1,"value":199.3564},{"duration":320000,"score":1,"value":199.0655},{"duration":330000,"score":1,"value":198.0703},{"duration":340000,"score":1,"value":198.3724},{"duration":350000,"score":1,"value":198.7228},{"duration":360000,"score":1,"value":192.8669},{"duration":370000,"score":1,"value":196.7834},{"duration":380000,"score":1,"value":202.3837},{"duration":390000,"score":1,"value":200.4291},{"duration":400000,"score":1,"value":195.8896},{"duration":410000,"score":1,"value":197.2800},{"duration":420000,"score":1,"value":198.4841},{"duration":430000,"score":1,"value":198.5853},{"duration":440000,"score":1,"value":201.7917},{"duration":450000,"score":1,"value":196.2941},{"duration":460000,"score":1,"value":197.4139},{"duration":470000,"score":1,"value":198.6212},{"duration":480000,"score":1,"value":199.8554},{"duration":490000,"score":1,"value":203.5810},{"duration":500000,"score":1,"value":200.0379},{"duration":510000,"score":1,"value":203.2151},{"duration":520000,"score":1,"value":202.4592},{"duration":530000,"score":1,"value":200.7941},{"duration":540000,"score":1,"value":200.6392},{"duration":550000,"score":1,"value":201.4639},{"duration":560000,"score":1,"value":200.8549},{"duration":570000,"score":1,"value":201.4018},{"duration":580000,"score":1,"value":200.9769},{"duration":590000,"score":1,"value":203.5493},{"duration":600000,"score":1,"value":204.4956},{"duration":610000,"score":1,"value":204.4335},{"duration":620000,"score":1,"value":205.1096},{"duration":630000,"score":2,"value":207.1307},{"duration":640000,"score":1,"value":204.0082},{"duration":650000,"score":2,"value":205.6809},{"duration":660000,"score":1,"value":204.1044},{"duration":670000,"score":1,"value":203.7090},{"duration":680000,"score":1,"value":204.9365},{"duration":690000,"score":2,"value":207.6305},{"duration":700000,"score":2,"value":206.4766},{"duration":710000,"score":1,"value":203.8621},{"duration":720000,"score":2,"value":206.8641},{"duration":730000,"score":1,"value":204.8103},{"duration":740000,"score":1,"value":197.9790},{"duration":750000,"score":1,"value":201.2090},{"duration":760000,"score":1,"value":202.1855},{"duration":770000,"score":1,"value":203.0723},{"duration":780000,"score":1,"value":201.9314},{"duration":790000,"score":1,"value":204.3771},{"duration":800000,"score":1,"value":204.7991},{"duration":810000,"score":1,"value":202.3251},{"duration":820000,"score":1,"value":203.4759},{"duration":830000,"score":1,"value":202.8432},{"duration":840000,"score":2,"value":205.5110},{"duration":850000,"score":2,"value":206.0849},{"duration":860000,"score":2,"value":208.4209},{"duration":870000,"score":2,"value":208.0393},{"duration":880000,"score":1,"value":205.7501},{"duration":890000,"score":2,"value":209.3188},{"duration":900000,"score":2,"value":207.4672},{"duration":910000,"score":2,"value":206.5443},{"duration":920000,"score":1,"value":204.2960},{"duration":930000,"score":1,"value":204.1947},{"duration":940000,"score":1,"value":204.7841},{"duration":950000,"score":2,"value":205.1700},{"duration":960000,"score":1,"value":201.4637},{"duration":970000,"score":1,"value":202.1033},{"duration":980000,"score":1,"value":199.3002},{"duration":990000,"score":1,"value":202.7343},{"duration":1000000,"score":1,"value":204.5087},{"duration":1010000,"score":1,"value":201.3263},{"duration":1020000,"score":1,"value":203.2966},{"duration":1030000,"score":2,"value":206.1014},{"duration":1040000,"score":1,"value":204.2525},{"duration":1050000,"score":2,"value":205.7355},{"duration":1060000,"score":1,"value":203.3954},{"duration":1070000,"score":1,"value":203.6781},{"duration":1080000,"score":1,"value":201.7249},{"duration":1090000,"score":1,"value":203.8639},{"duration":1100000,"score":2,"value":204.6490},{"duration":1110000,"score":2,"value":204.7411},{"duration":1120000,"score":1,"value":193.7663},{"duration":1130000,"score":1,"value":198.2309},{"duration":1140000,"score":1,"value":200.9253},{"duration":1150000,"score":1,"value":202.6268},{"duration":1160000,"score":1,"value":202.6741},{"duration":1170000,"score":2,"value":205.4958},{"duration":1180000,"score":2,"value":204.8755},{"duration":1190000,"score":1,"value":204.2705},{"duration":1200000,"score":2,"value":204.7900},{"duration":1210000,"score":2,"value":208.0315},{"duration":1220000,"score":2,"value":205.9619},{"duration":1230000,"score":2,"value":205.5060},{"duration":1240000,"score":1,"value":204.6159},{"duration":1250000,"score":2,"value":206.7832},{"duration":1260000,"score":1,"value":204.8154},{"duration":1270000,"score":1,"value":198.0350},{"duration":1280000,"score":1,"value":205.1256},{"duration":1290000,"score":2,"value":205.9347},{"duration":1300000,"score":2,"value":206.2309},{"duration":1310000,"score":2,"value":209.0981},{"duration":1320000,"score":1,"value":204.7296},{"duration":1330000,"score":2,"value":205.6757},{"duration":1340000,"score":1,"value":204.4213},{"duration":1350000,"score":2,"value":206.8806},{"duration":1360000,"score":2,"value":205.7029},{"duration":1370000,"score":1,"value":201.6669},{"duration":1380000,"score":1,"value":198.8462},{"duration":1390000,"score":1,"value":201.6991},{"duration":1400000,"score":1,"value":202.3096},{"duration":1410000,"score":1,"value":203.5053},{"duration":1420000,"score":1,"value":203.5810},{"duration":1430000,"score":1,"value":203.0173},{"duration":1440000,"score":1,"value":201.8510},{"duration":1450000,"score":1,"value":200.8133},{"duration":1460000,"score":1,"value":203.0583},{"duration":1470000,"score":1,"value":203.3491},{"duration":1480000,"score":1,"value":202.6134},{"duration":1490000,"score":2,"value":204.4238},{"duration":1500000,"score":2,"value":206.3359},{"duration":1510000,"score":2,"value":205.3435},{"duration":1520000,"score":1,"value":200.9388},{"duration":1530000,"score":1,"value":201.0820},{"duration":1540000,"score":1,"value":203.4490},{"duration":1550000,"score":2,"value":205.3094},{"duration":1560000,"score":2,"value":205.8009},{"duration":1570000,"score":1,"value":201.1845},{"duration":1580000,"score":1,"value":201.7210},{"duration":1590000,"score":2,"value":205.9178},{"duration":1600000,"score":2,"value":205.1523},{"duration":1610000,"score":1,"value":198.5610},{"duration":1620000,"score":1,"value":192.1633},{"duration":1630000,"score":1,"value":201.5107},{"duration":1640000,"score":1,"value":203.0349},{"duration":1650000,"score":1,"value":202.2686},{"duration":1660000,"score":2,"value":205.2568},{"duration":1670000,"score":2,"value":204.0760},{"duration":1680000,"score":1,"value":201.2316},{"duration":1690000,"score":1,"value":202.2505},{"duration":1700000,"score":1,"value":202.0367},{"duration":1710000,"score":2,"value":205.9589}],"data_type":"effective_flight_time","overall_score":1,"score_ratio":[0.0,65.0,35.0]}],"sampling_rate":10000,"service_name":"Myotest","version":2}]}