[{"elapsed_time":8400,"segment":0,"interval":1,"start_time":1610545669000},{"elapsed_time":10400,"segment":0,"interval":1,"start_time":1610545671000},{"elapsed_time":12400,"segment":0,"interval":1,"start_time":1610545673000},{"elapsed_time":14400,"segment":0,"interval":1,"start_time":1610545675000},{"elapsed_time":15400,"segment":0,"interval":1,"start_time":1610545676000},{"elapsed_time":18400,"segment":0,"interval":1,"start_time":1610545679000},{"elapsed_time":20400,"segment":0,"interval":1,"start_time":1610545681000},{"elapsed_time":22400,"segment":0,"interval":1,"start_time":1610545683000},{"elapsed_time":24400,"segment":0,"interval":1,"start_time":1610545685000},{"elapsed_time":26400,"segment":0,"interval":1,"start_time":1610545687000},{"elapsed_time":28400,"segment":0,"interval":1,"start_time":1610545689000},{"elapsed_time":30400,"segment":0,"interval":1,"start_time":1610545691000},{"elapsed_time":32400,"segment":0,"interval":1,"start_time":1610545693000},{"elapsed_time":34400,"segment":0,"interval":1,"start_time":1610545695000},{"elapsed_time":36400,"segment":0,"interval":1,"start_time":1610545697000},{"elapsed_time":38400,"segment":0,"interval":1,"start_time":1610545699000},{"elapsed_time":40400,"segment":0,"interval":1,"start_time":1610545701000},{"elapsed_time":42400,"segment":0,"interval":1,"start_time":1610545703000},{"elapsed_time":44400,"segment":0,"interval":1,"start_time":1610545705000},{"elapsed_time":46400,"segment":0,"interval":1,"start_time":1610545707000},{"elapsed_time":48400,"segment":0,"interval":1,"start_time":1610545709000},{"elapsed_time":50400,"segment":0,"interval":1,"start_time":1610545711000},{"elapsed_time":52400,"segment":0,"interval":1,"start_time":1610545713000},{"elapsed_time":54400,"segment":0,"interval":1,"start_time":1610545715000},{"elapsed_time":56400,"segment":0,"interval":1,"start_time":1610545717000},{"elapsed_time":59400,"segment":0,"interval":1,"start_time":1610545720000},{"elapsed_time":61400,"segment":0,"interval":1,"start_time":1610545722000},{"elapsed_time":63400,"segment":0,"interval":1,"start_time":1610545724000},{"elapsed_time":65400,"segment":0,"interval":1,"start_time":1610545726000},{"elapsed_time":67400,"segment":0,"interval":1,"start_time":1610545728000},{"elapsed_time":69400,"segment":0,"interval":1,"start_time":1610545730000},{"elapsed_time":71400,"segment":0,"interval":1,"start_time":1610545732000},{"elapsed_time":73400,"segment":0,"interval":1,"start_time":1610545734000},{"elapsed_time":75400,"segment":0,"interval":1,"start_time":1610545736000},{"elapsed_time":77400,"segment":0,"interval":1,"start_time":1610545738000},{"elapsed_time":79400,"segment":0,"interval":1,"start_time":1610545740000},{"elapsed_time":81400,"segment":0,"interval":1,"start_time":1610545742000},{"elapsed_time":83400,"segment":0,"interval":1,"start_time":1610545744000},{"elapsed_time":85400,"segment":0,"interval":1,"start_time":1610545746000},{"elapsed_time":87400,"segment":0,"interval":1,"start_time":1610545748000},{"elapsed_time":89400,"segment":0,"interval":1,"start_time":1610545750000},{"elapsed_time":92400,"segment":0,"interval":1,"start_time":1610545753000},{"elapsed_time":94400,"segment":0,"interval":1,"start_time":1610545755000},{"elapsed_time":96400,"segment":0,"interval":1,"start_time":1610545757000},{"elapsed_time":99400,"segment":0,"interval":1,"start_time":1610545760000},{"elapsed_time":101400,"segment":0,"interval":1,"start_time":1610545762000},{"elapsed_time":103400,"segment":0,"interval":1,"start_time":1610545764000},{"elapsed_time":105400,"segment":0,"interval":1,"start_time":1610545766000},{"elapsed_time":107400,"segment":0,"interval":1,"start_time":1610545768000},{"elapsed_time":109400,"segment":0,"interval":1,"start_time":1610545770000},{"elapsed_time":111400,"segment":0,"interval":1,"start_time":1610545772000},{"elapsed_time":113400,"segment":0,"interval":1,"start_time":1610545774000},{"elapsed_time":115400,"segment":0,"interval":1,"start_time":1610545776000},{"elapsed_time":117400,"segment":0,"interval":1,"start_time":1610545778000},{"elapsed_time":119400,"segment":0,"interval":1,"start_time":1610545780000},{"elapsed_time":121400,"segment":0,"interval":1,"start_time":1610545782000},{"elapsed_time":123400,"segment":0,"interval":1,"start_time":1610545784000},{"elapsed_time":125400,"segment":0,"interval":1,"start_time":1610545786000},{"elapsed_time":127400,"segment":0,"interval":1,"start_time":1610545788000},{"elapsed_time":129400,"segment":0,"interval":1,"start_time":1610545790000},{"elapsed_time":131400,"segment":0,"interval":1,"start_time":1610545792000},{"elapsed_time":133400,"segment":0,"interval":1,"start_time":1610545794000},{"elapsed_time":135400,"segment":0,"interval":1,"start_time":1610545796000},{"elapsed_time":137400,"segment":0,"interval":1,"start_time":1610545798000},{"elapsed_time":139400,"segment":0,"interval":1,"start_time":1610545800000},{"elapsed_time":141400,"segment":0,"interval":1,"start_time":1610545802000},{"elapsed_time":143400,"segment":0,"interval":1,"start_time":1610545804000},{"elapsed_time":145400,"segment":0,"interval":1,"start_time":1610545806000},{"elapsed_time":147400,"segment":0,"interval":1,"start_time":1610545808000},{"elapsed_time":149400,"segment":0,"interval":1,"start_time":1610545810000},{"elapsed_time":151400,"segment":0,"interval":1,"start_time":1610545812000},{"elapsed_time":153400,"segment":0,"interval":1,"start_time":1610545814000},{"elapsed_time":155400,"segment":0,"interval":1,"start_time":1610545816000},{"elapsed_time":157400,"segment":0,"interval":1,"start_time":1610545818000},{"elapsed_time":159400,"segment":0,"interval":1,"start_time":1610545820000},{"elapsed_time":161400,"segment":0,"interval":1,"start_time":1610545822000},{"elapsed_time":164400,"segment":0,"interval":1,"start_time":1610545825000},{"elapsed_time":166400,"segment":0,"interval":1,"start_time":1610545827000},{"elapsed_time":168400,"segment":0,"interval":1,"start_time":1610545829000},{"elapsed_time":170400,"segment":0,"interval":1,"start_time":1610545831000},{"elapsed_time":172400,"segment":0,"interval":1,"start_time":1610545833000},{"elapsed_time":174400,"segment":0,"interval":1,"start_time":1610545835000},{"elapsed_time":176400,"segment":0,"interval":1,"start_time":1610545837000},{"elapsed_time":178400,"segment":0,"interval":1,"start_time":1610545839000},{"elapsed_time":181400,"segment":0,"interval":1,"start_time":1610545842000},{"elapsed_time":183400,"segment":0,"interval":1,"start_time":1610545844000},{"elapsed_time":185400,"segment":0,"interval":1,"start_time":1610545846000},{"elapsed_time":187400,"segment":0,"interval":1,"start_time":1610545848000},{"elapsed_time":190400,"segment":0,"interval":1,"start_time":1610545851000},{"elapsed_time":193400,"segment":0,"interval":1,"start_time":1610545854000},{"elapsed_time":196400,"segment":0,"interval":1,"start_time":1610545857000},{"elapsed_time":198400,"segment":0,"interval":1,"start_time":1610545859000},{"elapsed_time":200400,"segment":0,"interval":1,"start_time":1610545861000},{"elapsed_time":202400,"segment":0,"interval":1,"start_time":1610545863000},{"elapsed_time":204400,"segment":0,"interval":1,"start_time":1610545865000},{"elapsed_time":206400,"segment":0,"interval":1,"start_time":1610545867000},{"elapsed_time":208400,"segment":0,"interval":1,"start_time":1610545869000},{"elapsed_time":210400,"segment":0,"interval":1,"start_time":1610545871000},{"elapsed_time":212400,"segment":0,"interval":1,"start_time":1610545873000},{"elapsed_time":214400,"segment":0,"interval":1,"start_time":1610545875000},{"elapsed_time":216400,"segment":0,"interval":1,"start_time":1610545877000},{"elapsed_time":218400,"segment":0,"interval":1,"start_time":1610545879000},{"elapsed_time":220400,"segment":0,"interval":1,"start_time":1610545881000},{"elapsed_time":222400,"segment":0,"interval":1,"start_time":1610545883000},{"elapsed_time":224400,"segment":0,"interval":1,"start_time":1610545885000},{"elapsed_time":226400,"segment":0,"interval":1,"start_time":1610545887000},{"elapsed_time":228400,"segment":0,"interval":1,"start_time":1610545889000},{"elapsed_time":230400,"segment":0,"interval":1,"start_time":1610545891000},{"elapsed_time":232400,"segment":0,"interval":1,"start_time":1610545893000},{"elapsed_time":234400,"segment":0,"interval":1,"start_time":1610545895000},{"elapsed_time":236400,"segment":0,"interval":1,"start_time":1610545897000},{"elapsed_time":238400,"segment":0,"interval":1,"start_time":1610545899000},{"elapsed_time":240400,"segment":0,"interval":1,"start_time":1610545901000},{"elapsed_time":242400,"segment":0,"interval":1,"start_time":1610545903000},{"elapsed_time":244400,"segment":0,"interval":1,"start_time":1610545905000},{"elapsed_time":246400,"segment":0,"interval":1,"start_time":1610545907000},{"elapsed_time":248400,"segment":0,"interval":1,"start_time":1610545909000},{"elapsed_time":250400,"segment":0,"interval":1,"start_time":1610545911000},{"elapsed_time":252400,"segment":0,"interval":1,"start_time":1610545913000},{"elapsed_time":255400,"segment":0,"interval":1,"start_time":1610545916000},{"elapsed_time":258400,"segment":0,"interval":1,"start_time":1610545919000},{"elapsed_time":260400,"segment":0,"interval":1,"start_time":1610545921000},{"elapsed_time":262400,"segment":0,"interval":1,"start_time":1610545923000},{"elapsed_time":264400,"segment":0,"interval":1,"start_time":1610545925000},{"elapsed_time":266400,"segment":0,"interval":1,"start_time":1610545927000},{"elapsed_time":268400,"segment":0,"interval":1,"start_time":1610545929000},{"elapsed_time":270400,"segment":0,"interval":1,"start_time":1610545931000},{"elapsed_time":272400,"segment":0,"interval":1,"start_time":1610545933000},{"elapsed_time":274400,"segment":0,"interval":1,"start_time":1610545935000},{"elapsed_time":276400,"segment":0,"interval":1,"start_time":1610545937000},{"elapsed_time":278400,"segment":0,"interval":1,"start_time":1610545939000},{"elapsed_time":280400,"segment":0,"interval":1,"start_time":1610545941000},{"elapsed_time":282400,"segment":0,"interval":1,"start_time":1610545943000},{"elapsed_time":284400,"segment":0,"interval":1,"start_time":1610545945000},{"elapsed_time":286400,"segment":0,"interval":1,"start_time":1610545947000},{"elapsed_time":288400,"segment":0,"interval":1,"start_time":1610545949000},{"elapsed_time":290400,"segment":0,"interval":1,"start_time":1610545951000},{"elapsed_time":292400,"segment":0,"interval":1,"start_time":1610545953000},{"elapsed_time":294400,"segment":0,"interval":1,"start_time":1610545955000},{"elapsed_time":296400,"segment":0,"interval":1,"start_time":1610545957000},{"elapsed_time":298400,"segment":0,"interval":1,"start_time":1610545959000},{"elapsed_time":301400,"segment":0,"interval":1,"start_time":1610545962000},{"elapsed_time":304400,"segment":0,"interval":1,"start_time":1610545965000},{"elapsed_time":306400,"segment":0,"interval":1,"start_time":1610545967000},{"elapsed_time":308400,"segment":0,"interval":1,"start_time":1610545969000},{"elapsed_time":310400,"segment":0,"interval":1,"start_time":1610545971000},{"elapsed_time":312400,"segment":0,"interval":1,"start_time":1610545973000},{"elapsed_time":314400,"segment":0,"interval":1,"start_time":1610545975000},{"elapsed_time":316400,"segment":0,"interval":1,"start_time":1610545977000},{"elapsed_time":318400,"segment":0,"interval":1,"start_time":1610545979000},{"elapsed_time":320400,"segment":0,"interval":1,"start_time":1610545981000},{"elapsed_time":322400,"segment":0,"interval":1,"start_time":1610545983000},{"elapsed_time":324400,"segment":0,"interval":1,"start_time":1610545985000},{"elapsed_time":326400,"segment":0,"interval":1,"start_time":1610545987000},{"elapsed_time":328400,"segment":0,"interval":1,"start_time":1610545989000},{"elapsed_time":330400,"segment":0,"interval":1,"start_time":1610545991000},{"elapsed_time":332400,"segment":0,"interval":1,"start_time":1610545993000},{"elapsed_time":334400,"segment":0,"interval":1,"start_time":1610545995000},{"elapsed_time":336400,"segment":0,"interval":1,"start_time":1610545997000},{"elapsed_time":338400,"segment":0,"interval":1,"start_time":1610545999000},{"elapsed_time":340400,"segment":0,"interval":1,"start_time":1610546001000},{"elapsed_time":342400,"segment":0,"interval":1,"start_time":1610546003000},{"elapsed_time":344400,"segment":0,"interval":1,"start_time":1610546005000},{"elapsed_time":346400,"segment":0,"interval":1,"start_time":1610546007000},{"elapsed_time":348400,"segment":0,"interval":1,"start_time":1610546009000},{"elapsed_time":351400,"segment":0,"interval":1,"start_time":1610546012000},{"elapsed_time":353400,"segment":0,"interval":1,"start_time":1610546014000},{"elapsed_time":355400,"segment":0,"interval":1,"start_time":1610546016000},{"elapsed_time":357400,"segment":0,"interval":1,"start_time":1610546018000},{"elapsed_time":359400,"segment":0,"interval":1,"start_time":1610546020000},{"elapsed_time":361400,"segment":0,"interval":1,"start_time":1610546022000},{"elapsed_time":363400,"segment":0,"interval":1,"start_time":1610546024000},{"elapsed_time":365400,"segment":0,"interval":1,"start_time":1610546026000},{"elapsed_time":367400,"segment":0,"interval":1,"start_time":1610546028000},{"elapsed_time":369400,"segment":0,"interval":1,"start_time":1610546030000},{"elapsed_time":371400,"segment":0,"interval":1,"start_time":1610546032000},{"elapsed_time":373400,"segment":0,"interval":1,"start_time":1610546034000},{"elapsed_time":375400,"segment":0,"interval":1,"start_time":1610546036000},{"elapsed_time":377400,"segment":0,"interval":1,"start_time":1610546038000},{"elapsed_time":379400,"segment":0,"interval":1,"start_time":1610546040000},{"elapsed_time":381400,"segment":0,"interval":1,"start_time":1610546042000},{"elapsed_time":383400,"segment":0,"interval":1,"start_time":1610546044000},{"elapsed_time":385400,"segment":0,"interval":1,"start_time":1610546046000},{"elapsed_time":387400,"segment":0,"interval":1,"start_time":1610546048000},{"elapsed_time":390400,"segment":0,"interval":1,"start_time":1610546051000},{"elapsed_time":392400,"segment":0,"interval":1,"start_time":1610546053000},{"elapsed_time":394400,"segment":0,"interval":1,"start_time":1610546055000},{"elapsed_time":396400,"segment":0,"interval":1,"start_time":1610546057000},{"elapsed_time":398400,"segment":0,"interval":1,"start_time":1610546059000},{"elapsed_time":400400,"segment":0,"interval":1,"start_time":1610546061000},{"elapsed_time":402400,"segment":0,"interval":1,"start_time":1610546063000},{"elapsed_time":403400,"segment":0,"interval":1,"start_time":1610546064000},{"elapsed_time":405400,"segment":0,"interval":1,"start_time":1610546066000},{"elapsed_time":407400,"segment":0,"interval":1,"start_time":1610546068000},{"elapsed_time":409400,"segment":0,"interval":1,"start_time":1610546070000},{"elapsed_time":411400,"segment":0,"interval":1,"start_time":1610546072000},{"elapsed_time":413400,"segment":0,"interval":1,"start_time":1610546074000},{"elapsed_time":415400,"segment":0,"interval":1,"start_time":1610546076000},{"elapsed_time":417400,"segment":0,"interval":1,"start_time":1610546078000},{"elapsed_time":419400,"segment":0,"interval":1,"start_time":1610546080000},{"elapsed_time":421400,"segment":0,"interval":1,"start_time":1610546082000},{"elapsed_time":423400,"segment":0,"interval":1,"start_time":1610546084000},{"elapsed_time":425400,"segment":0,"interval":1,"start_time":1610546086000},{"elapsed_time":427400,"segment":0,"interval":1,"start_time":1610546088000},{"elapsed_time":429400,"segment":0,"interval":1,"start_time":1610546090000},{"elapsed_time":431400,"segment":0,"interval":1,"start_time":1610546092000},{"elapsed_time":433400,"segment":0,"interval":1,"start_time":1610546094000},{"elapsed_time":435400,"segment":0,"interval":1,"start_time":1610546096000},{"elapsed_time":437400,"segment":0,"interval":1,"start_time":1610546098000},{"elapsed_time":439400,"segment":0,"interval":1,"start_time":1610546100000},{"elapsed_time":441400,"segment":0,"interval":1,"start_time":1610546102000},{"elapsed_time":443400,"segment":0,"interval":1,"start_time":1610546104000},{"elapsed_time":445400,"segment":0,"interval":1,"start_time":1610546106000},{"elapsed_time":447400,"segment":0,"interval":1,"start_time":1610546108000},{"elapsed_time":449400,"segment":0,"interval":1,"start_time":1610546110000},{"elapsed_time":451400,"segment":0,"interval":1,"start_time":1610546112000},{"elapsed_time":453400,"segment":0,"interval":1,"start_time":1610546114000},{"elapsed_time":455400,"segment":0,"interval":1,"start_time":1610546116000},{"elapsed_time":457400,"segment":0,"interval":1,"start_time":1610546118000},{"elapsed_time":459400,"segment":0,"interval":1,"start_time":1610546120000},{"elapsed_time":461400,"segment":0,"interval":1,"start_time":1610546122000},{"elapsed_time":463400,"segment":0,"interval":1,"start_time":1610546124000},{"elapsed_time":465400,"segment":0,"interval":1,"start_time":1610546126000},{"elapsed_time":467400,"segment":0,"interval":1,"start_time":1610546128000},{"elapsed_time":469400,"segment":0,"interval":1,"start_time":1610546130000},{"elapsed_time":471400,"segment":0,"interval":1,"start_time":1610546132000},{"elapsed_time":473400,"segment":0,"interval":1,"start_time":1610546134000},{"elapsed_time":475400,"segment":0,"interval":1,"start_time":1610546136000},{"elapsed_time":477400,"segment":0,"interval":1,"start_time":1610546138000},{"elapsed_time":479400,"segment":0,"interval":1,"start_time":1610546140000},{"elapsed_time":481400,"segment":0,"interval":1,"start_time":1610546142000},{"elapsed_time":483400,"segment":0,"interval":1,"start_time":1610546144000},{"elapsed_time":485400,"segment":0,"interval":1,"start_time":1610546146000},{"elapsed_time":487400,"segment":0,"interval":1,"start_time":1610546148000},{"elapsed_time":489400,"segment":0,"interval":1,"start_time":1610546150000},{"elapsed_time":491400,"segment":0,"interval":1,"start_time":1610546152000},{"elapsed_time":493400,"segment":0,"interval":1,"start_time":1610546154000},{"elapsed_time":495400,"segment":0,"interval":1,"start_time":1610546156000},{"elapsed_time":497400,"segment":0,"interval":1,"start_time":1610546158000},{"elapsed_time":499400,"segment":0,"interval":1,"start_time":1610546160000},{"elapsed_time":501400,"segment":0,"interval":1,"start_time":1610546162000},{"elapsed_time":503400,"segment":0,"interval":1,"start_time":1610546164000},{"elapsed_time":505400,"segment":0,"interval":1,"start_time":1610546166000},{"elapsed_time":507400,"segment":0,"interval":1,"start_time":1610546168000},{"elapsed_time":509400,"segment":0,"interval":1,"start_time":1610546170000},{"elapsed_time":511400,"segment":0,"interval":1,"start_time":1610546172000},{"elapsed_time":513400,"segment":0,"interval":1,"start_time":1610546174000},{"elapsed_time":516400,"segment":0,"interval":1,"start_time":1610546177000},{"elapsed_time":519400,"segment":0,"interval":1,"start_time":1610546180000},{"elapsed_time":522400,"segment":0,"interval":1,"start_time":1610546183000},{"elapsed_time":524400,"segment":0,"interval":1,"start_time":1610546185000},{"elapsed_time":526400,"segment":0,"interval":1,"start_time":1610546187000},{"elapsed_time":528400,"segment":0,"interval":1,"start_time":1610546189000},{"elapsed_time":530400,"segment":0,"interval":1,"start_time":1610546191000},{"elapsed_time":532400,"segment":0,"interval":1,"start_time":1610546193000},{"elapsed_time":534400,"segment":0,"interval":1,"start_time":1610546195000},{"elapsed_time":536400,"segment":0,"interval":1,"start_time":1610546197000},{"elapsed_time":538400,"segment":0,"interval":1,"start_time":1610546199000},{"elapsed_time":540400,"segment":0,"interval":1,"start_time":1610546201000},{"elapsed_time":542400,"segment":0,"interval":1,"start_time":1610546203000},{"elapsed_time":544400,"segment":0,"interval":1,"start_time":1610546205000},{"elapsed_time":546400,"segment":0,"interval":1,"start_time":1610546207000},{"elapsed_time":548400,"segment":0,"interval":1,"start_time":1610546209000},{"elapsed_time":550400,"segment":0,"interval":1,"start_time":1610546211000},{"elapsed_time":552400,"segment":0,"interval":1,"start_time":1610546213000},{"elapsed_time":554400,"segment":0,"interval":1,"start_time":1610546215000},{"elapsed_time":556400,"segment":0,"interval":1,"start_time":1610546217000},{"elapsed_time":558400,"segment":0,"interval":1,"start_time":1610546219000},{"elapsed_time":560400,"segment":0,"interval":1,"start_time":1610546221000},{"elapsed_time":562400,"segment":0,"interval":1,"start_time":1610546223000},{"elapsed_time":564400,"segment":0,"interval":1,"start_time":1610546225000},{"elapsed_time":566400,"segment":0,"interval":1,"start_time":1610546227000},{"elapsed_time":568400,"segment":0,"interval":1,"start_time":1610546229000},{"elapsed_time":570400,"segment":0,"interval":1,"start_time":1610546231000},{"elapsed_time":572400,"segment":0,"interval":1,"start_time":1610546233000},{"elapsed_time":574400,"segment":0,"interval":1,"start_time":1610546235000},{"elapsed_time":576400,"segment":0,"interval":1,"start_time":1610546237000},{"elapsed_time":578400,"segment":0,"interval":1,"start_time":1610546239000},{"elapsed_time":580400,"segment":0,"interval":1,"start_time":1610546241000},{"elapsed_time":582400,"segment":0,"interval":1,"start_time":1610546243000},{"elapsed_time":584400,"segment":0,"interval":1,"start_time":1610546245000},{"elapsed_time":586400,"segment":0,"interval":1,"start_time":1610546247000},{"elapsed_time":588400,"segment":0,"interval":1,"start_time":1610546249000},{"elapsed_time":590400,"segment":0,"interval":1,"start_time":1610546251000},{"elapsed_time":592400,"segment":0,"interval":1,"start_time":1610546253000},{"elapsed_time":594400,"segment":0,"interval":1,"start_time":1610546255000},{"elapsed_time":596400,"segment":0,"interval":1,"start_time":1610546257000},{"elapsed_time":599400,"segment":0,"interval":1,"start_time":1610546260000},{"elapsed_time":601400,"segment":0,"interval":1,"start_time":1610546262000},{"elapsed_time":603400,"segment":0,"interval":1,"start_time":1610546264000},{"elapsed_time":605400,"segment":0,"interval":1,"start_time":1610546266000},{"elapsed_time":607400,"segment":0,"interval":1,"start_time":1610546268000},{"elapsed_time":609400,"segment":0,"interval":1,"start_time":1610546270000},{"elapsed_time":612400,"segment":0,"interval":1,"start_time":1610546273000},{"elapsed_time":614400,"segment":0,"interval":1,"start_time":1610546275000},{"elapsed_time":616400,"segment":0,"interval":1,"start_time":1610546277000},{"elapsed_time":618400,"segment":0,"interval":1,"start_time":1610546279000},{"elapsed_time":620400,"segment":0,"interval":1,"start_time":1610546281000},{"elapsed_time":622400,"segment":0,"interval":1,"start_time":1610546283000},{"elapsed_time":624400,"segment":0,"interval":1,"start_time":1610546285000},{"elapsed_time":626400,"segment":0,"interval":1,"start_time":1610546287000},{"elapsed_time":628400,"segment":0,"interval":1,"start_time":1610546289000},{"elapsed_time":630400,"segment":0,"interval":1,"start_time":1610546291000},{"elapsed_time":632400,"segment":0,"interval":1,"start_time":1610546293000},{"elapsed_time":634400,"segment":0,"interval":1,"start_time":1610546295000},{"elapsed_time":636400,"segment":0,"interval":1,"start_time":1610546297000},{"elapsed_time":638400,"segment":0,"interval":1,"start_time":1610546299000},{"elapsed_time":640400,"segment":0,"interval":1,"start_time":1610546301000},{"elapsed_time":642400,"segment":0,"interval":1,"start_time":1610546303000},{"elapsed_time":644400,"segment":0,"interval":1,"start_time":1610546305000},{"elapsed_time":646400,"segment":0,"interval":1,"start_time":1610546307000},{"elapsed_time":648400,"segment":0,"interval":1,"start_time":1610546309000},{"elapsed_time":650400,"segment":0,"interval":1,"start_time":1610546311000},{"elapsed_time":652400,"segment":0,"interval":1,"start_time":1610546313000},{"elapsed_time":654400,"segment":0,"interval":1,"start_time":1610546315000},{"elapsed_time":656400,"segment":0,"interval":1,"start_time":1610546317000},{"elapsed_time":658400,"segment":0,"interval":1,"start_time":1610546319000},{"elapsed_time":660400,"segment":0,"interval":1,"start_time":1610546321000},{"elapsed_time":662400,"segment":0,"interval":1,"start_time":1610546323000},{"elapsed_time":664400,"segment":0,"interval":1,"start_time":1610546325000},{"elapsed_time":666400,"segment":0,"interval":1,"start_time":1610546327000},{"elapsed_time":668400,"segment":0,"interval":1,"start_time":1610546329000},{"elapsed_time":670400,"segment":0,"interval":1,"start_time":1610546331000},{"elapsed_time":672400,"segment":0,"interval":1,"start_time":1610546333000},{"elapsed_time":674400,"segment":0,"interval":1,"start_time":1610546335000},{"elapsed_time":676400,"segment":0,"interval":1,"start_time":1610546337000},{"elapsed_time":678400,"segment":0,"interval":1,"start_time":1610546339000},{"elapsed_time":680400,"segment":0,"interval":1,"start_time":1610546341000},{"elapsed_time":682400,"segment":0,"interval":1,"start_time":1610546343000},{"elapsed_time":684400,"segment":0,"interval":1,"start_time":1610546345000},{"elapsed_time":686400,"segment":0,"interval":1,"start_time":1610546347000},{"elapsed_time":688400,"segment":0,"interval":1,"start_time":1610546349000},{"elapsed_time":690400,"segment":0,"interval":1,"start_time":1610546351000},{"elapsed_time":692400,"segment":0,"interval":1,"start_time":1610546353000},{"elapsed_time":694400,"segment":0,"interval":1,"start_time":1610546355000},{"elapsed_time":696400,"segment":0,"interval":1,"start_time":1610546357000},{"elapsed_time":698400,"segment":0,"interval":1,"start_time":1610546359000},{"elapsed_time":700400,"segment":0,"interval":1,"start_time":1610546361000},{"elapsed_time":702400,"segment":0,"interval":1,"start_time":1610546363000},{"elapsed_time":704400,"segment":0,"interval":1,"start_time":1610546365000},{"elapsed_time":706400,"segment":0,"interval":1,"start_time":1610546367000},{"elapsed_time":708400,"segment":0,"interval":1,"start_time":1610546369000},{"elapsed_time":710400,"segment":0,"interval":1,"start_time":1610546371000},{"elapsed_time":712400,"segment":0,"interval":1,"start_time":1610546373000},{"elapsed_time":714400,"segment":0,"interval":1,"start_time":1610546375000},{"elapsed_time":716400,"segment":0,"interval":1,"start_time":1610546377000},{"elapsed_time":718400,"segment":0,"interval":1,"start_time":1610546379000},{"elapsed_time":720400,"segment":0,"interval":1,"start_time":1610546381000},{"elapsed_time":722400,"segment":0,"interval":1,"start_time":1610546383000},{"elapsed_time":724400,"segment":0,"interval":1,"start_time":1610546385000},{"elapsed_time":726400,"segment":0,"interval":1,"start_time":1610546387000},{"elapsed_time":728400,"segment":0,"interval":1,"start_time":1610546389000},{"elapsed_time":730400,"segment":0,"interval":1,"start_time":1610546391000},{"elapsed_time":732400,"segment":0,"interval":1,"start_time":1610546393000},{"elapsed_time":734400,"segment":0,"interval":1,"start_time":1610546395000},{"elapsed_time":736400,"segment":0,"interval":1,"start_time":1610546397000},{"elapsed_time":738400,"segment":0,"interval":1,"start_time":1610546399000},{"elapsed_time":740400,"segment":0,"interval":1,"start_time":1610546401000},{"elapsed_time":741400,"segment":0,"interval":1,"start_time":1610546402000},{"elapsed_time":743400,"segment":0,"interval":1,"start_time":1610546404000},{"elapsed_time":745400,"segment":0,"interval":1,"start_time":1610546406000},{"elapsed_time":747400,"segment":0,"interval":1,"start_time":1610546408000},{"elapsed_time":749400,"segment":0,"interval":1,"start_time":1610546410000},{"elapsed_time":751400,"segment":0,"interval":1,"start_time":1610546412000},{"elapsed_time":753400,"segment":0,"interval":1,"start_time":1610546414000},{"elapsed_time":755400,"segment":0,"interval":1,"start_time":1610546416000},{"elapsed_time":757400,"segment":0,"interval":1,"start_time":1610546418000},{"elapsed_time":759400,"segment":0,"interval":1,"start_time":1610546420000},{"elapsed_time":761400,"segment":0,"interval":1,"start_time":1610546422000},{"elapsed_time":763400,"segment":0,"interval":1,"start_time":1610546424000},{"elapsed_time":765400,"segment":0,"interval":1,"start_time":1610546426000},{"elapsed_time":767400,"segment":0,"interval":1,"start_time":1610546428000},{"elapsed_time":769400,"segment":0,"interval":1,"start_time":1610546430000},{"elapsed_time":771400,"segment":0,"interval":1,"start_time":1610546432000},{"elapsed_time":773400,"segment":0,"interval":1,"start_time":1610546434000},{"elapsed_time":775400,"segment":0,"interval":1,"start_time":1610546436000},{"elapsed_time":777400,"segment":0,"interval":1,"start_time":1610546438000},{"elapsed_time":779400,"segment":0,"interval":1,"start_time":1610546440000},{"elapsed_time":781400,"segment":0,"interval":1,"start_time":1610546442000},{"elapsed_time":783400,"segment":0,"interval":1,"start_time":1610546444000},{"elapsed_time":785400,"segment":0,"interval":1,"start_time":1610546446000},{"elapsed_time":787400,"segment":0,"interval":1,"start_time":1610546448000},{"elapsed_time":789400,"segment":0,"interval":1,"start_time":1610546450000},{"elapsed_time":791400,"segment":0,"interval":1,"start_time":1610546452000},{"elapsed_time":793400,"segment":0,"interval":1,"start_time":1610546454000},{"elapsed_time":795400,"segment":0,"interval":1,"start_time":1610546456000},{"elapsed_time":797400,"segment":0,"interval":1,"start_time":1610546458000},{"elapsed_time":799400,"segment":0,"interval":1,"start_time":1610546460000},{"elapsed_time":801400,"segment":0,"interval":1,"start_time":1610546462000},{"elapsed_time":803400,"segment":0,"interval":1,"start_time":1610546464000},{"elapsed_time":805400,"segment":0,"interval":1,"start_time":1610546466000},{"elapsed_time":807400,"segment":0,"interval":1,"start_time":1610546468000},{"elapsed_time":809400,"segment":0,"interval":1,"start_time":1610546470000},{"elapsed_time":811400,"segment":0,"interval":1,"start_time":1610546472000},{"elapsed_time":813400,"segment":0,"interval":1,"start_time":1610546474000},{"elapsed_time":815400,"segment":0,"interval":1,"start_time":1610546476000},{"elapsed_time":817400,"segment":0,"interval":1,"start_time":1610546478000},{"elapsed_time":819400,"segment":0,"interval":1,"start_time":1610546480000},{"elapsed_time":821400,"segment":0,"interval":1,"start_time":1610546482000},{"elapsed_time":823400,"segment":0,"interval":1,"start_time":1610546484000},{"elapsed_time":825400,"segment":0,"interval":1,"start_time":1610546486000},{"elapsed_time":827400,"segment":0,"interval":1,"start_time":1610546488000},{"elapsed_time":829400,"segment":0,"interval":1,"start_time":1610546490000},{"elapsed_time":831400,"segment":0,"interval":1,"start_time":1610546492000},{"elapsed_time":833400,"segment":0,"interval":1,"start_time":1610546494000},{"elapsed_time":835400,"segment":0,"interval":1,"start_time":1610546496000},{"elapsed_time":837400,"segment":0,"interval":1,"start_time":1610546498000},{"elapsed_time":839400,"segment":0,"interval":1,"start_time":1610546500000},{"elapsed_time":841400,"segment":0,"interval":1,"start_time":1610546502000},{"elapsed_time":843400,"segment":0,"interval":1,"start_time":1610546504000},{"elapsed_time":845400,"segment":0,"interval":1,"start_time":1610546506000},{"elapsed_time":847400,"segment":0,"interval":1,"start_time":1610546508000},{"elapsed_time":849400,"segment":0,"interval":1,"start_time":1610546510000},{"elapsed_time":851400,"segment":0,"interval":1,"start_time":1610546512000},{"elapsed_time":853400,"segment":0,"interval":1,"start_time":1610546514000},{"elapsed_time":855400,"segment":0,"interval":1,"start_time":1610546516000},{"elapsed_time":857400,"segment":0,"interval":1,"start_time":1610546518000},{"elapsed_time":859400,"segment":0,"interval":1,"start_time":1610546520000},{"elapsed_time":861400,"segment":0,"interval":1,"start_time":1610546522000},{"elapsed_time":863400,"segment":0,"interval":1,"start_time":1610546524000},{"elapsed_time":865400,"segment":0,"interval":1,"start_time":1610546526000},{"elapsed_time":867400,"segment":0,"interval":1,"start_time":1610546528000},{"elapsed_time":870400,"segment":0,"interval":1,"start_time":1610546531000},{"elapsed_time":876400,"segment":0,"interval":1,"start_time":1610546537000},{"elapsed_time":878400,"segment":0,"interval":1,"start_time":1610546539000},{"elapsed_time":880400,"segment":0,"interval":1,"start_time":1610546541000},{"elapsed_time":882400,"segment":0,"interval":1,"start_time":1610546543000},{"elapsed_time":884400,"segment":0,"interval":1,"start_time":1610546545000},{"elapsed_time":886400,"segment":0,"interval":1,"start_time":1610546547000},{"elapsed_time":888400,"segment":0,"interval":1,"start_time":1610546549000},{"elapsed_time":890400,"segment":0,"interval":1,"start_time":1610546551000},{"elapsed_time":892400,"segment":0,"interval":1,"start_time":1610546553000},{"elapsed_time":894400,"segment":0,"interval":1,"start_time":1610546555000},{"elapsed_time":896400,"segment":0,"interval":1,"start_time":1610546557000},{"elapsed_time":898400,"segment":0,"interval":1,"start_time":1610546559000},{"elapsed_time":900400,"segment":0,"interval":1,"start_time":1610546561000},{"elapsed_time":902400,"segment":0,"interval":1,"start_time":1610546563000},{"elapsed_time":904400,"segment":0,"interval":1,"start_time":1610546565000},{"elapsed_time":906400,"segment":0,"interval":1,"start_time":1610546567000},{"elapsed_time":908400,"segment":0,"interval":1,"start_time":1610546569000},{"elapsed_time":910400,"segment":0,"interval":1,"start_time":1610546571000},{"elapsed_time":912400,"segment":0,"interval":1,"start_time":1610546573000},{"elapsed_time":914400,"segment":0,"interval":1,"start_time":1610546575000},{"elapsed_time":916400,"segment":0,"interval":1,"start_time":1610546577000},{"elapsed_time":918400,"segment":0,"interval":1,"start_time":1610546579000},{"elapsed_time":920400,"segment":0,"interval":1,"start_time":1610546581000},{"elapsed_time":922400,"segment":0,"interval":1,"start_time":1610546583000},{"elapsed_time":924400,"segment":0,"interval":1,"start_time":1610546585000},{"elapsed_time":926400,"segment":0,"interval":1,"start_time":1610546587000},{"elapsed_time":928400,"segment":0,"interval":1,"start_time":1610546589000},{"elapsed_time":930400,"segment":0,"interval":1,"start_time":1610546591000},{"elapsed_time":932400,"segment":0,"interval":1,"start_time":1610546593000},{"elapsed_time":934400,"segment":0,"interval":1,"start_time":1610546595000},{"elapsed_time":936400,"segment":0,"interval":1,"start_time":1610546597000},{"elapsed_time":938400,"segment":0,"interval":1,"start_time":1610546599000},{"elapsed_time":940400,"segment":0,"interval":1,"start_time":1610546601000},{"elapsed_time":942400,"segment":0,"interval":1,"start_time":1610546603000},{"elapsed_time":944400,"segment":0,"interval":1,"start_time":1610546605000},{"elapsed_time":946400,"segment":0,"interval":1,"start_time":1610546607000},{"elapsed_time":948400,"segment":0,"interval":1,"start_time":1610546609000},{"elapsed_time":950400,"segment":0,"interval":1,"start_time":1610546611000},{"elapsed_time":952400,"segment":0,"interval":1,"start_time":1610546613000},{"elapsed_time":954400,"segment":0,"interval":1,"start_time":1610546615000},{"elapsed_time":956400,"segment":0,"interval":1,"start_time":1610546617000},{"elapsed_time":958400,"segment":0,"interval":1,"start_time":1610546619000},{"elapsed_time":960400,"segment":0,"interval":1,"start_time":1610546621000},{"elapsed_time":962400,"segment":0,"interval":1,"start_time":1610546623000},{"elapsed_time":964400,"segment":0,"interval":1,"start_time":1610546625000},{"elapsed_time":967400,"segment":0,"interval":1,"start_time":1610546628000},{"elapsed_time":970400,"segment":0,"interval":1,"start_time":1610546631000},{"elapsed_time":975400,"segment":0,"interval":1,"start_time":1610546636000},{"elapsed_time":977400,"segment":0,"interval":1,"start_time":1610546638000},{"elapsed_time":979400,"segment":0,"interval":1,"start_time":1610546640000},{"elapsed_time":981400,"segment":0,"interval":1,"start_time":1610546642000},{"elapsed_time":983400,"segment":0,"interval":1,"start_time":1610546644000},{"elapsed_time":985400,"segment":0,"interval":1,"start_time":1610546646000},{"elapsed_time":987400,"segment":0,"interval":1,"start_time":1610546648000},{"elapsed_time":989400,"segment":0,"interval":1,"start_time":1610546650000},{"elapsed_time":991400,"segment":0,"interval":1,"start_time":1610546652000},{"elapsed_time":993400,"segment":0,"interval":1,"start_time":1610546654000},{"elapsed_time":995400,"segment":0,"interval":1,"start_time":1610546656000},{"elapsed_time":997400,"segment":0,"interval":1,"start_time":1610546658000},{"elapsed_time":999400,"segment":0,"interval":1,"start_time":1610546660000},{"elapsed_time":1001400,"segment":0,"interval":1,"start_time":1610546662000},{"elapsed_time":1003400,"segment":0,"interval":1,"start_time":1610546664000},{"elapsed_time":1005400,"segment":0,"interval":1,"start_time":1610546666000},{"elapsed_time":1007400,"segment":0,"interval":1,"start_time":1610546668000},{"elapsed_time":1009400,"segment":0,"interval":1,"start_time":1610546670000},{"elapsed_time":1011400,"segment":0,"interval":1,"start_time":1610546672000},{"elapsed_time":1013400,"segment":0,"interval":1,"start_time":1610546674000},{"elapsed_time":1015400,"segment":0,"interval":1,"start_time":1610546676000},{"elapsed_time":1017400,"segment":0,"interval":1,"start_time":1610546678000},{"elapsed_time":1019400,"segment":0,"interval":1,"start_time":1610546680000},{"elapsed_time":1021400,"segment":0,"interval":1,"start_time":1610546682000},{"elapsed_time":1023400,"segment":0,"interval":1,"start_time":1610546684000},{"elapsed_time":1025400,"segment":0,"interval":1,"start_time":1610546686000},{"elapsed_time":1027400,"segment":0,"interval":1,"start_time":1610546688000},{"elapsed_time":1029400,"segment":0,"interval":1,"start_time":1610546690000},{"elapsed_time":1031400,"segment":0,"interval":1,"start_time":1610546692000},{"elapsed_time":1033400,"segment":0,"interval":1,"start_time":1610546694000},{"elapsed_time":1035400,"segment":0,"interval":1,"start_time":1610546696000},{"elapsed_time":1037400,"segment":0,"interval":1,"start_time":1610546698000},{"elapsed_time":1039400,"segment":0,"interval":1,"start_time":1610546700000},{"elapsed_time":1041400,"segment":0,"interval":1,"start_time":1610546702000},{"elapsed_time":1043400,"segment":0,"interval":1,"start_time":1610546704000},{"elapsed_time":1045400,"segment":0,"interval":1,"start_time":1610546706000},{"elapsed_time":1047400,"segment":0,"interval":1,"start_time":1610546708000},{"elapsed_time":1049400,"segment":0,"interval":1,"start_time":1610546710000},{"elapsed_time":1051400,"segment":0,"interval":1,"start_time":1610546712000},{"elapsed_time":1053400,"segment":0,"interval":1,"start_time":1610546714000},{"elapsed_time":1055400,"segment":0,"interval":1,"start_time":1610546716000},{"elapsed_time":1057400,"segment":0,"interval":1,"start_time":1610546718000},{"elapsed_time":1059400,"segment":0,"interval":1,"start_time":1610546720000},{"elapsed_time":1061400,"segment":0,"interval":1,"start_time":1610546722000},{"elapsed_time":1063400,"segment":0,"interval":1,"start_time":1610546724000},{"elapsed_time":1065400,"segment":0,"interval":1,"start_time":1610546726000},{"elapsed_time":1067400,"segment":0,"interval":1,"start_time":1610546728000},{"elapsed_time":1069400,"segment":0,"interval":1,"start_time":1610546730000},{"elapsed_time":1071400,"segment":0,"interval":1,"start_time":1610546732000},{"elapsed_time":1073400,"segment":0,"interval":1,"start_time":1610546734000},{"elapsed_time":1075400,"segment":0,"interval":1,"start_time":1610546736000},{"elapsed_time":1077400,"segment":0,"interval":1,"start_time":1610546738000},{"elapsed_time":1079400,"segment":0,"interval":1,"start_time":1610546740000},{"elapsed_time":1081400,"segment":0,"interval":1,"start_time":1610546742000},{"elapsed_time":1083400,"segment":0,"interval":1,"start_time":1610546744000},{"elapsed_time":1085400,"segment":0,"interval":1,"start_time":1610546746000},{"elapsed_time":1087400,"segment":0,"interval":1,"start_time":1610546748000},{"elapsed_time":1089400,"segment":0,"interval":1,"start_time":1610546750000},{"elapsed_time":1091400,"segment":0,"interval":1,"start_time":1610546752000},{"elapsed_time":1093400,"segment":0,"interval":1,"start_time":1610546754000},{"elapsed_time":1095400,"segment":0,"interval":1,"start_time":1610546756000},{"elapsed_time":1097400,"segment":0,"interval":1,"start_time":1610546758000},{"elapsed_time":1099400,"segment":0,"interval":1,"start_time":1610546760000},{"elapsed_time":1101400,"segment":0,"interval":1,"start_time":1610546762000},{"elapsed_time":1103400,"segment":0,"interval":1,"start_time":1610546764000},{"elapsed_time":1105400,"segment":0,"interval":1,"start_time":1610546766000},{"elapsed_time":1107400,"segment":0,"interval":1,"start_time":1610546768000},{"elapsed_time":1109400,"segment":0,"interval":1,"start_time":1610546770000},{"elapsed_time":1111400,"segment":0,"interval":1,"start_time":1610546772000},{"elapsed_time":1113400,"segment":0,"interval":1,"start_time":1610546774000},{"elapsed_time":1115400,"segment":0,"interval":1,"start_time":1610546776000},{"elapsed_time":1117400,"segment":0,"interval":1,"start_time":1610546778000},{"elapsed_time":1119400,"segment":0,"interval":1,"start_time":1610546780000},{"elapsed_time":1121400,"segment":0,"interval":1,"start_time":1610546782000},{"elapsed_time":1123400,"segment":0,"interval":1,"start_time":1610546784000},{"elapsed_time":1125400,"segment":0,"interval":1,"start_time":1610546786000},{"elapsed_time":1127400,"segment":0,"interval":1,"start_time":1610546788000},{"elapsed_time":1129400,"segment":0,"interval":1,"start_time":1610546790000},{"elapsed_time":1131400,"segment":0,"interval":1,"start_time":1610546792000},{"elapsed_time":1133400,"segment":0,"interval":1,"start_time":1610546794000},{"elapsed_time":1135400,"segment":0,"interval":1,"start_time":1610546796000},{"elapsed_time":1137400,"segment":0,"interval":1,"start_time":1610546798000},{"elapsed_time":1139400,"segment":0,"interval":1,"start_time":1610546800000},{"elapsed_time":1141400,"segment":0,"interval":1,"start_time":1610546802000},{"elapsed_time":1143400,"segment":0,"interval":1,"start_time":1610546804000},{"elapsed_time":1145400,"segment":0,"interval":1,"start_time":1610546806000},{"elapsed_time":1147400,"segment":0,"interval":1,"start_time":1610546808000},{"elapsed_time":1149400,"segment":0,"interval":1,"start_time":1610546810000},{"elapsed_time":1151400,"segment":0,"interval":1,"start_time":1610546812000},{"elapsed_time":1153400,"segment":0,"interval":1,"start_time":1610546814000},{"elapsed_time":1155400,"segment":0,"interval":1,"start_time":1610546816000},{"elapsed_time":1157400,"segment":0,"interval":1,"start_time":1610546818000},{"elapsed_time":1159400,"segment":0,"interval":1,"start_time":1610546820000},{"elapsed_time":1161400,"segment":0,"interval":1,"start_time":1610546822000},{"elapsed_time":1163400,"segment":0,"interval":1,"start_time":1610546824000},{"elapsed_time":1166400,"segment":0,"interval":1,"start_time":1610546827000},{"elapsed_time":1168400,"segment":0,"interval":1,"start_time":1610546829000},{"elapsed_time":1170400,"segment":0,"interval":1,"start_time":1610546831000},{"elapsed_time":1172400,"segment":0,"interval":1,"start_time":1610546833000},{"elapsed_time":1174400,"segment":0,"interval":1,"start_time":1610546835000},{"elapsed_time":1176400,"segment":0,"interval":1,"start_time":1610546837000},{"elapsed_time":1179400,"segment":0,"interval":1,"start_time":1610546840000},{"elapsed_time":1181400,"segment":0,"interval":1,"start_time":1610546842000},{"elapsed_time":1183400,"segment":0,"interval":1,"start_time":1610546844000},{"elapsed_time":1185400,"segment":0,"interval":1,"start_time":1610546846000},{"elapsed_time":1187400,"segment":0,"interval":1,"start_time":1610546848000},{"elapsed_time":1189400,"segment":0,"interval":1,"start_time":1610546850000},{"elapsed_time":1191400,"segment":0,"interval":1,"start_time":1610546852000},{"elapsed_time":1193400,"segment":0,"interval":1,"start_time":1610546854000},{"elapsed_time":1195400,"segment":0,"interval":1,"start_time":1610546856000},{"elapsed_time":1197400,"segment":0,"interval":1,"start_time":1610546858000},{"elapsed_time":1199400,"segment":0,"interval":1,"start_time":1610546860000},{"elapsed_time":1201400,"segment":0,"interval":1,"start_time":1610546862000},{"elapsed_time":1203400,"segment":0,"interval":1,"start_time":1610546864000},{"elapsed_time":1205400,"segment":0,"interval":1,"start_time":1610546866000},{"elapsed_time":1207400,"segment":0,"interval":1,"start_time":1610546868000},{"elapsed_time":1209400,"segment":0,"interval":1,"start_time":1610546870000},{"elapsed_time":1211400,"segment":0,"interval":1,"start_time":1610546872000},{"elapsed_time":1213400,"segment":0,"interval":1,"start_time":1610546874000},{"elapsed_time":1215400,"segment":0,"interval":1,"start_time":1610546876000},{"elapsed_time":1217400,"segment":0,"interval":1,"start_time":1610546878000},{"elapsed_time":1219400,"segment":0,"interval":1,"start_time":1610546880000},{"elapsed_time":1221400,"segment":0,"interval":1,"start_time":1610546882000},{"elapsed_time":1224400,"segment":0,"interval":1,"start_time":1610546885000},{"elapsed_time":1226400,"segment":0,"interval":1,"start_time":1610546887000},{"elapsed_time":1228400,"segment":0,"interval":1,"start_time":1610546889000},{"elapsed_time":1230400,"segment":0,"interval":1,"start_time":1610546891000},{"elapsed_time":1232400,"segment":0,"interval":1,"start_time":1610546893000},{"elapsed_time":1234400,"segment":0,"interval":1,"start_time":1610546895000},{"elapsed_time":1236400,"segment":0,"interval":1,"start_time":1610546897000},{"elapsed_time":1238400,"segment":0,"interval":1,"start_time":1610546899000},{"elapsed_time":1240400,"segment":0,"interval":1,"start_time":1610546901000},{"elapsed_time":1242400,"segment":0,"interval":1,"start_time":1610546903000},{"elapsed_time":1244400,"segment":0,"interval":1,"start_time":1610546905000},{"elapsed_time":1246400,"segment":0,"interval":1,"start_time":1610546907000},{"elapsed_time":1248400,"segment":0,"interval":1,"start_time":1610546909000},{"elapsed_time":1250400,"segment":0,"interval":1,"start_time":1610546911000},{"elapsed_time":1252400,"segment":0,"interval":1,"start_time":1610546913000},{"elapsed_time":1254400,"segment":0,"interval":1,"start_time":1610546915000},{"elapsed_time":1256400,"segment":0,"interval":1,"start_time":1610546917000},{"elapsed_time":1258400,"segment":0,"interval":1,"start_time":1610546919000},{"elapsed_time":1260400,"segment":0,"interval":1,"start_time":1610546921000},{"elapsed_time":1262400,"segment":0,"interval":1,"start_time":1610546923000},{"elapsed_time":1264400,"segment":0,"interval":1,"start_time":1610546925000},{"elapsed_time":1267400,"segment":0,"interval":1,"start_time":1610546928000},{"elapsed_time":1269400,"segment":0,"interval":1,"start_time":1610546930000},{"elapsed_time":1271400,"segment":0,"interval":1,"start_time":1610546932000},{"elapsed_time":1273400,"segment":0,"interval":1,"start_time":1610546934000},{"elapsed_time":1275400,"segment":0,"interval":1,"start_time":1610546936000},{"elapsed_time":1277400,"segment":0,"interval":1,"start_time":1610546938000},{"elapsed_time":1279400,"segment":0,"interval":1,"start_time":1610546940000},{"elapsed_time":1281400,"segment":0,"interval":1,"start_time":1610546942000},{"elapsed_time":1283400,"segment":0,"interval":1,"start_time":1610546944000},{"elapsed_time":1286400,"segment":0,"interval":1,"start_time":1610546947000},{"elapsed_time":1288400,"segment":0,"interval":1,"start_time":1610546949000},{"elapsed_time":1290400,"segment":0,"interval":1,"start_time":1610546951000},{"elapsed_time":1292400,"segment":0,"interval":1,"start_time":1610546953000},{"elapsed_time":1294400,"segment":0,"interval":1,"start_time":1610546955000},{"elapsed_time":1296400,"segment":0,"interval":1,"start_time":1610546957000},{"elapsed_time":1298400,"segment":0,"interval":1,"start_time":1610546959000},{"elapsed_time":1300400,"segment":0,"interval":1,"start_time":1610546961000},{"elapsed_time":1302400,"segment":0,"interval":1,"start_time":1610546963000},{"elapsed_time":1304400,"segment":0,"interval":1,"start_time":1610546965000},{"elapsed_time":1306400,"segment":0,"interval":1,"start_time":1610546967000},{"elapsed_time":1308400,"segment":0,"interval":1,"start_time":1610546969000},{"elapsed_time":1310400,"segment":0,"interval":1,"start_time":1610546971000},{"elapsed_time":1313400,"segment":0,"interval":1,"start_time":1610546974000},{"elapsed_time":1315400,"segment":0,"interval":1,"start_time":1610546976000},{"elapsed_time":1317400,"segment":0,"interval":1,"start_time":1610546978000},{"elapsed_time":1319400,"segment":0,"interval":1,"start_time":1610546980000},{"elapsed_time":1321400,"segment":0,"interval":1,"start_time":1610546982000},{"elapsed_time":1323400,"segment":0,"interval":1,"start_time":1610546984000},{"elapsed_time":1325400,"segment":0,"interval":1,"start_time":1610546986000},{"elapsed_time":1327400,"segment":0,"interval":1,"start_time":1610546988000},{"elapsed_time":1329400,"segment":0,"interval":1,"start_time":1610546990000},{"elapsed_time":1331400,"segment":0,"interval":1,"start_time":1610546992000},{"elapsed_time":1333400,"segment":0,"interval":1,"start_time":1610546994000},{"elapsed_time":1335400,"segment":0,"interval":1,"start_time":1610546996000},{"elapsed_time":1337400,"segment":0,"interval":1,"start_time":1610546998000},{"elapsed_time":1339400,"segment":0,"interval":1,"start_time":1610547000000},{"elapsed_time":1341400,"segment":0,"interval":1,"start_time":1610547002000},{"elapsed_time":1343400,"segment":0,"interval":1,"start_time":1610547004000},{"elapsed_time":1345400,"segment":0,"interval":1,"start_time":1610547006000},{"elapsed_time":1347400,"segment":0,"interval":1,"start_time":1610547008000},{"elapsed_time":1349400,"segment":0,"interval":1,"start_time":1610547010000},{"elapsed_time":1352400,"segment":0,"interval":1,"start_time":1610547013000},{"elapsed_time":1354400,"segment":0,"interval":1,"start_time":1610547015000},{"elapsed_time":1356400,"segment":0,"interval":1,"start_time":1610547017000},{"elapsed_time":1358400,"segment":0,"interval":1,"start_time":1610547019000},{"elapsed_time":1361400,"segment":0,"interval":1,"start_time":1610547022000},{"elapsed_time":1363400,"segment":0,"interval":1,"start_time":1610547024000},{"elapsed_time":1365400,"segment":0,"interval":1,"start_time":1610547026000},{"elapsed_time":1367400,"segment":0,"interval":1,"start_time":1610547028000},{"elapsed_time":1369400,"segment":0,"interval":1,"start_time":1610547030000},{"elapsed_time":1371400,"segment":0,"interval":1,"start_time":1610547032000},{"elapsed_time":1373400,"segment":0,"interval":1,"start_time":1610547034000},{"elapsed_time":1375400,"segment":0,"interval":1,"start_time":1610547036000},{"elapsed_time":1377400,"segment":0,"interval":1,"start_time":1610547038000},{"elapsed_time":1379400,"segment":0,"interval":1,"start_time":1610547040000},{"elapsed_time":1381400,"segment":0,"interval":1,"start_time":1610547042000},{"elapsed_time":1383400,"segment":0,"interval":1,"start_time":1610547044000},{"elapsed_time":1385400,"segment":0,"interval":1,"start_time":1610547046000},{"elapsed_time":1387400,"segment":0,"interval":1,"start_time":1610547048000},{"elapsed_time":1389400,"segment":0,"interval":1,"start_time":1610547050000},{"elapsed_time":1391400,"segment":0,"interval":1,"start_time":1610547052000},{"elapsed_time":1393400,"segment":0,"interval":1,"start_time":1610547054000},{"elapsed_time":1395400,"segment":0,"interval":1,"start_time":1610547056000},{"elapsed_time":1397400,"segment":0,"interval":1,"start_time":1610547058000},{"elapsed_time":1399400,"segment":0,"interval":1,"start_time":1610547060000},{"elapsed_time":1401400,"segment":0,"interval":1,"start_time":1610547062000},{"elapsed_time":1403400,"segment":0,"interval":1,"start_time":1610547064000},{"elapsed_time":1405400,"segment":0,"interval":1,"start_time":1610547066000},{"elapsed_time":1407400,"segment":0,"interval":1,"start_time":1610547068000},{"elapsed_time":1409400,"segment":0,"interval":1,"start_time":1610547070000},{"elapsed_time":1411400,"segment":0,"interval":1,"start_time":1610547072000},{"elapsed_time":1413400,"segment":0,"interval":1,"start_time":1610547074000},{"elapsed_time":1415400,"segment":0,"interval":1,"start_time":1610547076000},{"elapsed_time":1417400,"segment":0,"interval":1,"start_time":1610547078000},{"elapsed_time":1419400,"segment":0,"interval":1,"start_time":1610547080000},{"elapsed_time":1421400,"segment":0,"interval":1,"start_time":1610547082000},{"elapsed_time":1423400,"segment":0,"interval":1,"start_time":1610547084000},{"elapsed_time":1425400,"segment":0,"interval":1,"start_time":1610547086000},{"elapsed_time":1427400,"segment":0,"interval":1,"start_time":1610547088000},{"elapsed_time":1429400,"segment":0,"interval":1,"start_time":1610547090000},{"elapsed_time":1431400,"segment":0,"interval":1,"start_time":1610547092000},{"elapsed_time":1433400,"segment":0,"interval":1,"start_time":1610547094000},{"elapsed_time":1435400,"segment":0,"interval":1,"start_time":1610547096000},{"elapsed_time":1437400,"segment":0,"interval":1,"start_time":1610547098000},{"elapsed_time":1439400,"segment":0,"interval":1,"start_time":1610547100000},{"elapsed_time":1441400,"segment":0,"interval":1,"start_time":1610547102000},{"elapsed_time":1443400,"segment":0,"interval":1,"start_time":1610547104000},{"elapsed_time":1445400,"segment":0,"interval":1,"start_time":1610547106000},{"elapsed_time":1447400,"segment":0,"interval":1,"start_time":1610547108000},{"elapsed_time":1449400,"segment":0,"interval":1,"start_time":1610547110000},{"elapsed_time":1451400,"segment":0,"interval":1,"start_time":1610547112000},{"elapsed_time":1453400,"segment":0,"interval":1,"start_time":1610547114000},{"elapsed_time":1455400,"segment":0,"interval":1,"start_time":1610547116000},{"elapsed_time":1457400,"segment":0,"interval":1,"start_time":1610547118000},{"elapsed_time":1459400,"segment":0,"interval":1,"start_time":1610547120000},{"elapsed_time":1461400,"segment":0,"interval":1,"start_time":1610547122000},{"elapsed_time":1463400,"segment":0,"interval":1,"start_time":1610547124000},{"elapsed_time":1465400,"segment":0,"interval":1,"start_time":1610547126000},{"elapsed_time":1467400,"segment":0,"interval":1,"start_time":1610547128000},{"elapsed_time":1469400,"segment":0,"interval":1,"start_time":1610547130000},{"elapsed_time":1471400,"segment":0,"interval":1,"start_time":1610547132000},{"elapsed_time":1473400,"segment":0,"interval":1,"start_time":1610547134000},{"elapsed_time":1475400,"segment":0,"interval":1,"start_time":1610547136000},{"elapsed_time":1477400,"segment":0,"interval":1,"start_time":1610547138000},{"elapsed_time":1479400,"segment":0,"interval":1,"start_time":1610547140000},{"elapsed_time":1481400,"segment":0,"interval":1,"start_time":1610547142000},{"elapsed_time":1483400,"segment":0,"interval":1,"start_time":1610547144000},{"elapsed_time":1485400,"segment":0,"interval":1,"start_time":1610547146000},{"elapsed_time":1487400,"segment":0,"interval":1,"start_time":1610547148000},{"elapsed_time":1489400,"segment":0,"interval":1,"start_time":1610547150000},{"elapsed_time":1491400,"segment":0,"interval":1,"start_time":1610547152000},{"elapsed_time":1493400,"segment":0,"interval":1,"start_time":1610547154000},{"elapsed_time":1496400,"segment":0,"interval":1,"start_time":1610547157000},{"elapsed_time":1499400,"segment":0,"interval":1,"start_time":1610547160000},{"elapsed_time":1501400,"segment":0,"interval":1,"start_time":1610547162000},{"elapsed_time":1503400,"segment":0,"interval":1,"start_time":1610547164000},{"elapsed_time":1505400,"segment":0,"interval":1,"start_time":1610547166000},{"elapsed_time":1507400,"segment":0,"interval":1,"start_time":1610547168000},{"elapsed_time":1509400,"segment":0,"interval":1,"start_time":1610547170000},{"elapsed_time":1511400,"segment":0,"interval":1,"start_time":1610547172000},{"elapsed_time":1513400,"segment":0,"interval":1,"start_time":1610547174000},{"elapsed_time":1515400,"segment":0,"interval":1,"start_time":1610547176000},{"elapsed_time":1517400,"segment":0,"interval":1,"start_time":1610547178000},{"elapsed_time":1519400,"segment":0,"interval":1,"start_time":1610547180000},{"elapsed_time":1521400,"segment":0,"interval":1,"start_time":1610547182000},{"elapsed_time":1523400,"segment":0,"interval":1,"start_time":1610547184000},{"elapsed_time":1525400,"segment":0,"interval":1,"start_time":1610547186000},{"elapsed_time":1527400,"segment":0,"interval":1,"start_time":1610547188000},{"elapsed_time":1529400,"segment":0,"interval":1,"start_time":1610547190000},{"elapsed_time":1531400,"segment":0,"interval":1,"start_time":1610547192000},{"elapsed_time":1533400,"segment":0,"interval":1,"start_time":1610547194000},{"elapsed_time":1535400,"segment":0,"interval":1,"start_time":1610547196000},{"elapsed_time":1537400,"segment":0,"interval":1,"start_time":1610547198000},{"elapsed_time":1539400,"segment":0,"interval":1,"start_time":1610547200000},{"elapsed_time":1541400,"segment":0,"interval":1,"start_time":1610547202000},{"elapsed_time":1543400,"segment":0,"interval":1,"start_time":1610547204000},{"elapsed_time":1545400,"segment":0,"interval":1,"start_time":1610547206000},{"elapsed_time":1547400,"segment":0,"interval":1,"start_time":1610547208000},{"elapsed_time":1549400,"segment":0,"interval":1,"start_time":1610547210000},{"elapsed_time":1551400,"segment":0,"interval":1,"start_time":1610547212000},{"elapsed_time":1553400,"segment":0,"interval":1,"start_time":1610547214000},{"elapsed_time":1555400,"segment":0,"interval":1,"start_time":1610547216000},{"elapsed_time":1557400,"segment":0,"interval":1,"start_time":1610547218000},{"elapsed_time":1559400,"segment":0,"interval":1,"start_time":1610547220000},{"elapsed_time":1561400,"segment":0,"interval":1,"start_time":1610547222000},{"elapsed_time":1563400,"segment":0,"interval":1,"start_time":1610547224000},{"elapsed_time":1565400,"segment":0,"interval":1,"start_time":1610547226000},{"elapsed_time":1567400,"segment":0,"interval":1,"start_time":1610547228000},{"elapsed_time":1569400,"segment":0,"interval":1,"start_time":1610547230000},{"elapsed_time":1571400,"segment":0,"interval":1,"start_time":1610547232000},{"elapsed_time":1573400,"segment":0,"interval":1,"start_time":1610547234000},{"elapsed_time":1575400,"segment":0,"interval":1,"start_time":1610547236000},{"elapsed_time":1577400,"segment":0,"interval":1,"start_time":1610547238000},{"elapsed_time":1579400,"segment":0,"interval":1,"start_time":1610547240000},{"elapsed_time":1581400,"segment":0,"interval":1,"start_time":1610547242000},{"elapsed_time":1583400,"segment":0,"interval":1,"start_time":1610547244000},{"elapsed_time":1585400,"segment":0,"interval":1,"start_time":1610547246000},{"elapsed_time":1587400,"segment":0,"interval":1,"start_time":1610547248000},{"elapsed_time":1589400,"segment":0,"interval":1,"start_time":1610547250000},{"elapsed_time":1591400,"segment":0,"interval":1,"start_time":1610547252000},{"elapsed_time":1593400,"segment":0,"interval":1,"start_time":1610547254000},{"elapsed_time":1595400,"segment":0,"interval":1,"start_time":1610547256000},{"elapsed_time":1597400,"segment":0,"interval":1,"start_time":1610547258000},{"elapsed_time":1599400,"segment":0,"interval":1,"start_time":1610547260000},{"elapsed_time":1601400,"segment":0,"interval":1,"start_time":1610547262000},{"elapsed_time":1603400,"segment":0,"interval":1,"start_time":1610547264000},{"elapsed_time":1605400,"segment":0,"interval":1,"start_time":1610547266000},{"elapsed_time":1607400,"segment":0,"interval":1,"start_time":1610547268000},{"elapsed_time":1609400,"segment":0,"interval":1,"start_time":1610547270000},{"elapsed_time":1611400,"segment":0,"interval":1,"start_time":1610547272000},{"elapsed_time":1613400,"segment":0,"interval":1,"start_time":1610547274000},{"elapsed_time":1615400,"segment":0,"interval":1,"start_time":1610547276000},{"elapsed_time":1617400,"segment":0,"interval":1,"start_time":1610547278000},{"elapsed_time":1619400,"segment":0,"interval":1,"start_time":1610547280000},{"elapsed_time":1621400,"segment":0,"interval":1,"start_time":1610547282000},{"elapsed_time":1623400,"segment":0,"interval":1,"start_time":1610547284000},{"elapsed_time":1625400,"segment":0,"interval":1,"start_time":1610547286000},{"elapsed_time":1627400,"segment":0,"interval":1,"start_time":1610547288000},{"elapsed_time":1629400,"segment":0,"interval":1,"start_time":1610547290000},{"elapsed_time":1631400,"segment":0,"interval":1,"start_time":1610547292000},{"elapsed_time":1633400,"segment":0,"interval":1,"start_time":1610547294000},{"elapsed_time":1635400,"segment":0,"interval":1,"start_time":1610547296000},{"elapsed_time":1637400,"segment":0,"interval":1,"start_time":1610547298000},{"elapsed_time":1639400,"segment":0,"interval":1,"start_time":1610547300000},{"elapsed_time":1641400,"segment":0,"interval":1,"start_time":1610547302000},{"elapsed_time":1643400,"segment":0,"interval":1,"start_time":1610547304000},{"elapsed_time":1645400,"segment":0,"interval":1,"start_time":1610547306000},{"elapsed_time":1647400,"segment":0,"interval":1,"start_time":1610547308000},{"elapsed_time":1649400,"segment":0,"interval":1,"start_time":1610547310000},{"elapsed_time":1651400,"segment":0,"interval":1,"start_time":1610547312000},{"elapsed_time":1653400,"segment":0,"interval":1,"start_time":1610547314000},{"elapsed_time":1655400,"segment":0,"interval":1,"start_time":1610547316000},{"elapsed_time":1657400,"segment":0,"interval":1,"start_time":1610547318000},{"elapsed_time":1659400,"segment":0,"interval":1,"start_time":1610547320000},{"elapsed_time":1661400,"segment":0,"interval":1,"start_time":1610547322000},{"elapsed_time":1663400,"segment":0,"interval":1,"start_time":1610547324000},{"elapsed_time":1665400,"segment":0,"interval":1,"start_time":1610547326000},{"elapsed_time":1667400,"segment":0,"interval":1,"start_time":1610547328000},{"elapsed_time":1669400,"segment":0,"interval":1,"start_time":1610547330000},{"elapsed_time":1671400,"segment":0,"interval":1,"start_time":1610547332000},{"elapsed_time":1674400,"segment":0,"interval":1,"start_time":1610547335000},{"elapsed_time":1676400,"segment":0,"interval":1,"start_time":1610547337000},{"elapsed_time":1678400,"segment":0,"interval":1,"start_time":1610547339000},{"elapsed_time":1680400,"segment":0,"interval":1,"start_time":1610547341000},{"elapsed_time":1682400,"segment":0,"interval":1,"start_time":1610547343000},{"elapsed_time":1684400,"segment":0,"interval":1,"start_time":1610547345000},{"elapsed_time":1686400,"segment":0,"interval":1,"start_time":1610547347000},{"elapsed_time":1688400,"segment":0,"interval":1,"start_time":1610547349000},{"elapsed_time":1690400,"segment":0,"interval":1,"start_time":1610547351000},{"elapsed_time":1692400,"segment":0,"interval":1,"start_time":1610547353000},{"elapsed_time":1694400,"segment":0,"interval":1,"start_time":1610547355000},{"elapsed_time":1696400,"segment":0,"interval":1,"start_time":1610547357000},{"elapsed_time":1698400,"segment":0,"interval":1,"start_time":1610547359000},{"elapsed_time":1700400,"segment":0,"interval":1,"start_time":1610547361000},{"elapsed_time":1702400,"segment":0,"interval":1,"start_time":1610547363000},{"elapsed_time":1704400,"segment":0,"interval":1,"start_time":1610547365000},{"elapsed_time":1706400,"segment":0,"interval":1,"start_time":1610547367000},{"elapsed_time":1708400,"segment":0,"interval":1,"start_time":1610547369000},{"elapsed_time":1710400,"segment":0,"interval":1,"start_time":1610547371000},{"elapsed_time":1712400,"segment":0,"interval":1,"start_time":1610547373000},{"elapsed_time":1714400,"segment":0,"interval":1,"start_time":1610547375000},{"elapsed_time":1716400,"segment":0,"interval":1,"start_time":1610547377000},{"elapsed_time":1718400,"segment":0,"interval":1,"start_time":1610547379000},{"elapsed_time":1720400,"segment":0,"interval":1,"start_time":1610547381000},{"elapsed_time":1722220,"segment":0,"interval":1,"start_time":1610547382820},{"elapsed_time":1722400,"segment":0,"interval":1,"start_time":1610547386030},{"elapsed_time":1724400,"segment":0,"interval":1,"start_time":1610547388030}]