{"data":[{"advanced_metrics":[{"chart_data":[{"duration":10000,"score":0,"value":0.8571},{"duration":20000,"score":0,"value":0.8653},{"duration":30000,"score":2,"value":0.9533},{"duration":40000,"score":2,"value":0.9713},{"duration":50000,"score":1,"value":0.9499},{"duration":60000,"score":1,"value":0.9330},{"duration":70000,"score":2,"value":0.9523},{"duration":77180,"score":3,"value":0.0},{"duration":87180,"score":3,"value":0.0},{"duration":97180,"score":0,"value":0.5809},{"duration":107180,"score":0,"value":0.8869},{"duration":117180,"score":0,"value":0.8931},{"duration":127180,"score":1,"value":0.9438},{"duration":137180,"score":1,"value":0.9452},{"duration":147180,"score":2,"value":0.9610},{"duration":157180,"score":2,"value":0.9816},{"duration":167180,"score":2,"value":0.9899},{"duration":177180,"score":2,"value":0.9587},{"duration":187180,"score":1,"value":0.9405},{"duration":197180,"score":1,"value":0.9397},{"duration":207180,"score":2,"value":0.9552},{"duration":217180,"score":2,"value":0.9666},{"duration":227180,"score":2,"value":0.9752},{"duration":237180,"score":2,"value":0.9857},{"duration":247180,"score":2,"value":0.9950},{"duration":257180,"score":2,"value":0.9831},{"duration":267180,"score":2,"value":0.9723},{"duration":277180,"score":2,"value":0.9598},{"duration":287180,"score":2,"value":0.9562},{"duration":297180,"score":2,"value":0.9716},{"duration":307180,"score":2,"value":0.9715},{"duration":317180,"score":2,"value":0.9599},{"duration":327180,"score":1,"value":0.9422},{"duration":337180,"score":1,"value":0.9362},{"duration":347180,"score":1,"value":0.9482},{"duration":357180,"score":2,"value":0.9645},{"duration":367180,"score":2,"value":0.9651},{"duration":377180,"score":2,"value":0.9747},{"duration":387180,"score":2,"value":0.9794},{"duration":397180,"score":2,"value":0.9773},{"duration":407180,"score":2,"value":0.9808},{"duration":417180,"score":2,"value":0.9820},{"duration":427180,"score":2,"value":0.9820},{"duration":437180,"score":0,"value":0.8506},{"duration":447180,"score":0,"value":0.6705},{"duration":457180,"score":0,"value":0.7292},{"duration":467180,"score":1,"value":0.9324},{"duration":477180,"score":2,"value":0.9772},{"duration":487180,"score":2,"value":0.9728},{"duration":497180,"score":2,"value":0.9655},{"duration":507180,"score":2,"value":0.9610},{"duration":517180,"score":2,"value":0.9588},{"duration":527180,"score":1,"value":0.9303},{"duration":537180,"score":0,"value":0.8918},{"duration":547180,"score":1,"value":0.9264},{"duration":557180,"score":2,"value":0.9681},{"duration":567180,"score":2,"value":0.9709},{"duration":577180,"score":1,"value":0.9433},{"duration":587180,"score":1,"value":0.9208},{"duration":597180,"score":1,"value":0.9186},{"duration":607180,"score":2,"value":0.9567},{"duration":617180,"score":2,"value":0.9707},{"duration":627180,"score":2,"value":0.9773},{"duration":637180,"score":2,"value":0.9764},{"duration":647180,"score":2,"value":0.9694},{"duration":657180,"score":1,"value":0.9306},{"duration":667180,"score":1,"value":0.9169},{"duration":677180,"score":2,"value":0.9518},{"duration":687180,"score":2,"value":0.9669},{"duration":697180,"score":2,"value":0.9637},{"duration":707180,"score":2,"value":0.9557},{"duration":717180,"score":2,"value":0.9665},{"duration":727180,"score":2,"value":0.9786},{"duration":737180,"score":2,"value":0.9906},{"duration":747180,"score":2,"value":0.9870},{"duration":757180,"score":2,"value":0.9810},{"duration":767180,"score":2,"value":0.9853},{"duration":777180,"score":2,"value":0.9862},{"duration":787180,"score":2,"value":0.9664},{"duration":797180,"score":1,"value":0.9091},{"duration":807180,"score":3,"value":0.0},{"duration":817180,"score":0,"value":0.6018}],"data_type":"regularity","overall_score":2,"score_ratio":[12.0,14.0,74.0]},{"chart_data":[{"duration":10000,"score":1,"value":-0.0408},{"duration":20000,"score":1,"value":-0.0293},{"duration":30000,"score":2,"value":-0.0145},{"duration":40000,"score":2,"value":-0.0061},{"duration":50000,"score":2,"value":-0.0038},{"duration":60000,"score":1,"value":-0.0252},{"duration":70000,"score":1,"value":-0.0383},{"duration":77180,"score":0,"value":-0.0585},{"duration":87180,"score":1,"value":-0.0262},{"duration":97180,"score":1,"value":-0.0319},{"duration":107180,"score":2,"value":-0.0225},{"duration":117180,"score":1,"value":-0.0386},{"duration":127180,"score":1,"value":-0.0333},{"duration":137180,"score":1,"value":-0.0321},{"duration":147180,"score":1,"value":-0.0495},{"duration":157180,"score":1,"value":-0.0322},{"duration":167180,"score":1,"value":-0.0242},{"duration":177180,"score":1,"value":-0.0248},{"duration":187180,"score":2,"value":-0.0200},{"duration":197180,"score":1,"value":-0.0278},{"duration":207180,"score":1,"value":-0.0326},{"duration":217180,"score":2,"value":-0.0139},{"duration":227180,"score":2,"value":-0.0129},{"duration":237180,"score":2,"value":-0.0149},{"duration":247180,"score":2,"value":-0.0203},{"duration":257180,"score":2,"value":-0.0159},{"duration":267180,"score":2,"value":-0.0133},{"duration":277180,"score":2,"value":-0.0121},{"duration":287180,"score":2,"value":-0.0209},{"duration":297180,"score":2,"value":-0.0097},{"duration":307180,"score":1,"value":-0.0244},{"duration":317180,"score":1,"value":-0.0237},{"duration":327180,"score":2,"value":-0.0126},{"duration":337180,"score":2,"value":-0.0002},{"duration":347180,"score":2,"value":0.0012},{"duration":357180,"score":1,"value":-0.0256},{"duration":367180,"score":1,"value":-0.0306},{"duration":377180,"score":2,"value":-0.0098},{"duration":387180,"score":2,"value":0.0101},{"duration":397180,"score":2,"value":-0.0128},{"duration":407180,"score":2,"value":-0.0135},{"duration":417180,"score":2,"value":-0.0187},{"duration":427180,"score":1,"value":-0.0243},{"duration":437180,"score":2,"value":-0.0167},{"duration":447180,"score":2,"value":-0.0073},{"duration":457180,"score":2,"value":-0.0187},{"duration":467180,"score":1,"value":-0.0232},{"duration":477180,"score":2,"value":-0.0213},{"duration":487180,"score":2,"value":-0.0137},{"duration":497180,"score":2,"value":-0.0155},{"duration":507180,"score":2,"value":0.0009},{"duration":517180,"score":1,"value":-0.0234},{"duration":527180,"score":2,"value":-0.0155},{"duration":537180,"score":2,"value":-0.0215},{"duration":547180,"score":2,"value":-0.0188},{"duration":557180,"score":2,"value":-0.0163},{"duration":567180,"score":2,"value":-0.0079},{"duration":577180,"score":2,"value":-0.0071},{"duration":587180,"score":2,"value":-0.0132},{"duration":597180,"score":2,"value":-0.0175},{"duration":607180,"score":1,"value":-0.0262},{"duration":617180,"score":1,"value":-0.0256},{"duration":627180,"score":2,"value":-0.0162},{"duration":637180,"score":1,"value":-0.0269},{"duration":647180,"score":2,"value":-0.0177},{"duration":657180,"score":1,"value":-0.0234},{"duration":667180,"score":2,"value":-0.0171},{"duration":677180,"score":2,"value":-0.0205},{"duration":687180,"score":2,"value":-0.0198},{"duration":697180,"score":2,"value":-0.0146},{"duration":707180,"score":2,"value":-0.0172},{"duration":717180,"score":2,"value":-0.0167},{"duration":727180,"score":2,"value":-0.0103},{"duration":737180,"score":2,"value":-0.0142},{"duration":747180,"score":2,"value":-0.0173},{"duration":757180,"score":2,"value":-0.0194},{"duration":767180,"score":1,"value":-0.0240},{"duration":777180,"score":2,"value":-0.0191},{"duration":787180,"score":2,"value":-0.0061},{"duration":797180,"score":2,"value":-0.0147},{"duration":807180,"score":3,"value":0.0},{"duration":817180,"score":2,"value":-0.0121}],"data_type":"asymmetry","overall_score":2,"score_ratio":[3.0,32.0,65.0]},{"chart_data":[{"duration":10000,"score":0,"value":35039.0742},{"duration":20000,"score":0,"value":39408.3984},{"duration":30000,"score":0,"value":40044.5078},{"duration":40000,"score":0,"value":39391.7734},{"duration":50000,"score":0,"value":40289.0703},{"duration":60000,"score":0,"value":38653.7773},{"duration":70000,"score":0,"value":38773.3945},{"duration":77180,"score":2,"value":38671.4687},{"duration":87180,"score":0,"value":39438.8828},{"duration":97180,"score":0,"value":37238.3203},{"duration":107180,"score":0,"value":38275.1562},{"duration":117180,"score":0,"value":37825.9101},{"duration":127180,"score":0,"value":39736.8203},{"duration":137180,"score":0,"value":39008.3242},{"duration":147180,"score":0,"value":38482.5039},{"duration":157180,"score":0,"value":37041.1835},{"duration":167180,"score":0,"value":38488.6210},{"duration":177180,"score":0,"value":37116.9140},{"duration":187180,"score":0,"value":37250.2578},{"duration":197180,"score":0,"value":37864.4335},{"duration":207180,"score":0,"value":37707.4375},{"duration":217180,"score":0,"value":37427.5937},{"duration":227180,"score":0,"value":38805.3281},{"duration":237180,"score":0,"value":37972.9062},{"duration":247180,"score":0,"value":39191.1210},{"duration":257180,"score":0,"value":39580.5976},{"duration":267180,"score":0,"value":40458.2421},{"duration":277180,"score":0,"value":41123.8242},{"duration":287180,"score":0,"value":41108.4921},{"duration":297180,"score":0,"value":39116.6484},{"duration":307180,"score":0,"value":37217.0585},{"duration":317180,"score":0,"value":35987.2929},{"duration":327180,"score":0,"value":38028.8593},{"duration":337180,"score":0,"value":37855.0468},{"duration":347180,"score":0,"value":36161.6445},{"duration":357180,"score":0,"value":36304.6132},{"duration":367180,"score":0,"value":38432.5781},{"duration":377180,"score":0,"value":37211.9648},{"duration":387180,"score":0,"value":39435.6601},{"duration":397180,"score":0,"value":38755.1875},{"duration":407180,"score":0,"value":37800.8984},{"duration":417180,"score":0,"value":37416.3007},{"duration":427180,"score":0,"value":37543.6523},{"duration":437180,"score":1,"value":44528.8046},{"duration":447180,"score":0,"value":40419.4960},{"duration":457180,"score":0,"value":39173.1289},{"duration":467180,"score":0,"value":37936.1171},{"duration":477180,"score":0,"value":38261.7929},{"duration":487180,"score":0,"value":37352.7226},{"duration":497180,"score":0,"value":38340.2109},{"duration":507180,"score":0,"value":38909.6015},{"duration":517180,"score":0,"value":36889.4375},{"duration":527180,"score":0,"value":36945.0781},{"duration":537180,"score":0,"value":39558.9492},{"duration":547180,"score":0,"value":39141.0117},{"duration":557180,"score":0,"value":37051.3710},{"duration":567180,"score":0,"value":37688.3320},{"duration":577180,"score":0,"value":35843.9218},{"duration":587180,"score":0,"value":37193.7343},{"duration":597180,"score":0,"value":37811.0507},{"duration":607180,"score":0,"value":37345.9960},{"duration":617180,"score":0,"value":37256.1953},{"duration":627180,"score":0,"value":35635.1757},{"duration":637180,"score":0,"value":36081.1445},{"duration":647180,"score":0,"value":39104.8320},{"duration":657180,"score":0,"value":37898.0625},{"duration":667180,"score":0,"value":36774.1132},{"duration":677180,"score":0,"value":38212.2187},{"duration":687180,"score":0,"value":37143.8242},{"duration":697180,"score":0,"value":36452.75},{"duration":707180,"score":0,"value":37147.4023},{"duration":717180,"score":0,"value":36886.2421},{"duration":727180,"score":0,"value":37200.9375},{"duration":737180,"score":0,"value":38338.9218},{"duration":747180,"score":0,"value":39341.6289},{"duration":757180,"score":0,"value":39206.5234},{"duration":767180,"score":0,"value":38204.25},{"duration":777180,"score":0,"value":39939.8593},{"duration":787180,"score":0,"value":38649.6328},{"duration":797180,"score":0,"value":36367.2031},{"duration":807180,"score":3,"value":0.0},{"duration":817180,"score":0,"value":38106.1210}],"data_type":"stiffness","overall_score":0,"score_ratio":[92.0,6.0,2.0]},{"chart_data":[{"duration":10000,"score":2,"value":0.0778},{"duration":20000,"score":1,"value":0.0905},{"duration":30000,"score":0,"value":0.0946},{"duration":40000,"score":0,"value":0.0937},{"duration":50000,"score":0,"value":0.0958},{"duration":60000,"score":0,"value":0.0942},{"duration":70000,"score":0,"value":0.0956},{"duration":77180,"score":2,"value":0.0704},{"duration":87180,"score":1,"value":0.0917},{"duration":97180,"score":0,"value":0.0944},{"duration":107180,"score":0,"value":0.0949},{"duration":117180,"score":0,"value":0.0986},{"duration":127180,"score":0,"value":0.0954},{"duration":137180,"score":0,"value":0.0947},{"duration":147180,"score":0,"value":0.0952},{"duration":157180,"score":0,"value":0.0942},{"duration":167180,"score":1,"value":0.0924},{"duration":177180,"score":0,"value":0.0969},{"duration":187180,"score":0,"value":0.0937},{"duration":197180,"score":0,"value":0.0946},{"duration":207180,"score":0,"value":0.0949},{"duration":217180,"score":0,"value":0.0936},{"duration":227180,"score":1,"value":0.0917},{"duration":237180,"score":1,"value":0.0919},{"duration":247180,"score":1,"value":0.0925},{"duration":257180,"score":1,"value":0.0905},{"duration":267180,"score":1,"value":0.0843},{"duration":277180,"score":1,"value":0.0874},{"duration":287180,"score":1,"value":0.0895},{"duration":297180,"score":1,"value":0.0928},{"duration":307180,"score":0,"value":0.0965},{"duration":317180,"score":0,"value":0.0977},{"duration":327180,"score":0,"value":0.0952},{"duration":337180,"score":0,"value":0.0951},{"duration":347180,"score":0,"value":0.0959},{"duration":357180,"score":0,"value":0.0973},{"duration":367180,"score":0,"value":0.0933},{"duration":377180,"score":0,"value":0.0945},{"duration":387180,"score":1,"value":0.0905},{"duration":397180,"score":0,"value":0.0940},{"duration":407180,"score":0,"value":0.0972},{"duration":417180,"score":0,"value":0.0961},{"duration":427180,"score":0,"value":0.0970},{"duration":437180,"score":1,"value":0.0863},{"duration":447180,"score":1,"value":0.0909},{"duration":457180,"score":0,"value":0.0954},{"duration":467180,"score":0,"value":0.0979},{"duration":477180,"score":0,"value":0.0966},{"duration":487180,"score":0,"value":0.0962},{"duration":497180,"score":0,"value":0.0956},{"duration":507180,"score":0,"value":0.0974},{"duration":517180,"score":0,"value":0.0992},{"duration":527180,"score":0,"value":0.0985},{"duration":537180,"score":0,"value":0.0953},{"duration":547180,"score":0,"value":0.0977},{"duration":557180,"score":0,"value":0.0985},{"duration":567180,"score":0,"value":0.0994},{"duration":577180,"score":0,"value":0.1018},{"duration":587180,"score":0,"value":0.1005},{"duration":597180,"score":0,"value":0.0985},{"duration":607180,"score":0,"value":0.1005},{"duration":617180,"score":0,"value":0.1006},{"duration":627180,"score":0,"value":0.1015},{"duration":637180,"score":0,"value":0.1006},{"duration":647180,"score":0,"value":0.0977},{"duration":657180,"score":0,"value":0.0992},{"duration":667180,"score":0,"value":0.1012},{"duration":677180,"score":0,"value":0.0986},{"duration":687180,"score":0,"value":0.0979},{"duration":697180,"score":0,"value":0.0997},{"duration":707180,"score":0,"value":0.0995},{"duration":717180,"score":0,"value":0.0982},{"duration":727180,"score":0,"value":0.0963},{"duration":737180,"score":0,"value":0.0968},{"duration":747180,"score":0,"value":0.0947},{"duration":757180,"score":0,"value":0.0977},{"duration":767180,"score":0,"value":0.0985},{"duration":777180,"score":0,"value":0.0969},{"duration":787180,"score":0,"value":0.0963},{"duration":797180,"score":0,"value":0.1006},{"duration":807180,"score":3,"value":0.0},{"duration":817180,"score":1,"value":0.0894}],"data_type":"undulation","overall_score":0,"score_ratio":[70.0,29.0,1.0]},{"chart_data":[{"duration":10000,"score":2,"value":135.9284},{"duration":20000,"score":1,"value":166.4758},{"duration":30000,"score":1,"value":171.2160},{"duration":40000,"score":1,"value":173.0178},{"duration":50000,"score":1,"value":172.5434},{"duration":60000,"score":1,"value":177.3437},{"duration":70000,"score":1,"value":176.3025},{"duration":77180,"score":2,"value":177.3860},{"duration":87180,"score":1,"value":173.8915},{"duration":97180,"score":1,"value":181.4379},{"duration":107180,"score":1,"value":177.8924},{"duration":117180,"score":1,"value":178.4295},{"duration":127180,"score":1,"value":174.2362},{"duration":137180,"score":1,"value":176.4242},{"duration":147180,"score":1,"value":177.9900},{"duration":157180,"score":0,"value":182.0798},{"duration":167180,"score":1,"value":178.2948},{"duration":177180,"score":1,"value":181.4773},{"duration":187180,"score":1,"value":181.1183},{"duration":197180,"score":1,"value":179.4167},{"duration":207180,"score":1,"value":180.0893},{"duration":217180,"score":1,"value":180.8914},{"duration":227180,"score":1,"value":177.4135},{"duration":237180,"score":1,"value":179.7564},{"duration":247180,"score":1,"value":175.7848},{"duration":257180,"score":1,"value":175.4925},{"duration":267180,"score":1,"value":176.5069},{"duration":277180,"score":1,"value":173.1056},{"duration":287180,"score":1,"value":171.9637},{"duration":297180,"score":1,"value":176.6499},{"duration":307180,"score":1,"value":180.8602},{"duration":317180,"score":0,"value":184.7549},{"duration":327180,"score":1,"value":178.3979},{"duration":337180,"score":1,"value":179.0176},{"duration":347180,"score":1,"value":181.8829},{"duration":357180,"score":1,"value":182.9397},{"duration":367180,"score":1,"value":178.2688},{"duration":377180,"score":1,"value":180.8355},{"duration":387180,"score":1,"value":177.7482},{"duration":397180,"score":1,"value":176.9321},{"duration":407180,"score":1,"value":179.0065},{"duration":417180,"score":1,"value":179.6910},{"duration":427180,"score":1,"value":179.2204},{"duration":437180,"score":1,"value":163.5894},{"duration":447180,"score":1,"value":172.9367},{"duration":457180,"score":1,"value":175.2530},{"duration":467180,"score":1,"value":178.0838},{"duration":477180,"score":1,"value":177.3246},{"duration":487180,"score":1,"value":180.2338},{"duration":497180,"score":1,"value":177.5931},{"duration":507180,"score":1,"value":174.4012},{"duration":517180,"score":1,"value":181.0000},{"duration":527180,"score":1,"value":181.3497},{"duration":537180,"score":1,"value":173.8654},{"duration":547180,"score":1,"value":174.0905},{"duration":557180,"score":1,"value":179.8774},{"duration":567180,"score":1,"value":178.0931},{"duration":577180,"score":1,"value":182.7155},{"duration":587180,"score":1,"value":178.8521},{"duration":597180,"score":1,"value":178.2815},{"duration":607180,"score":1,"value":178.7260},{"duration":617180,"score":1,"value":178.7816},{"duration":627180,"score":1,"value":183.4441},{"duration":637180,"score":1,"value":182.7419},{"duration":647180,"score":1,"value":175.5698},{"duration":657180,"score":1,"value":178.0860},{"duration":667180,"score":1,"value":180.1824},{"duration":677180,"score":1,"value":177.1263},{"duration":687180,"score":1,"value":180.1024},{"duration":697180,"score":1,"value":181.8268},{"duration":707180,"score":1,"value":180.1325},{"duration":717180,"score":1,"value":180.6533},{"duration":727180,"score":1,"value":181.2464},{"duration":737180,"score":1,"value":177.0009},{"duration":747180,"score":1,"value":174.9564},{"duration":757180,"score":1,"value":174.6867},{"duration":767180,"score":1,"value":176.9825},{"duration":777180,"score":1,"value":172.5064},{"duration":787180,"score":1,"value":176.4649},{"duration":797180,"score":1,"value":181.9773},{"duration":807180,"score":3,"value":0.0},{"duration":817180,"score":1,"value":180.7254}],"data_type":"effective_contact_time","overall_score":1,"score_ratio":[24.0,74.0,2.0]},{"chart_data":[{"duration":10000,"score":0,"value":164.6467},{"duration":20000,"score":1,"value":190.2110},{"duration":30000,"score":1,"value":197.8171},{"duration":40000,"score":1,"value":196.3650},{"duration":50000,"score":1,"value":199.5846},{"duration":60000,"score":1,"value":195.5524},{"duration":70000,"score":1,"value":198.0253},{"duration":77180,"score":1,"value":204.4343},{"duration":87180,"score":1,"value":201.1218},{"duration":97180,"score":1,"value":195.8557},{"duration":107180,"score":1,"value":196.8020},{"duration":117180,"score":1,"value":201.3686},{"duration":127180,"score":1,"value":198.3763},{"duration":137180,"score":1,"value":196.7308},{"duration":147180,"score":1,"value":196.7323},{"duration":157180,"score":1,"value":193.9481},{"duration":167180,"score":1,"value":192.9173},{"duration":177180,"score":1,"value":197.8364},{"duration":187180,"score":1,"value":193.7586},{"duration":197180,"score":1,"value":195.4668},{"duration":207180,"score":1,"value":195.5453},{"duration":217180,"score":1,"value":193.6601},{"duration":227180,"score":1,"value":192.2959},{"duration":237180,"score":1,"value":191.7339},{"duration":247180,"score":1,"value":193.9666},{"duration":257180,"score":1,"value":191.3042},{"duration":267180,"score":0,"value":181.4372},{"duration":277180,"score":1,"value":187.7071},{"duration":287180,"score":1,"value":191.2313},{"duration":297180,"score":1,"value":193.8764},{"duration":307180,"score":1,"value":197.4800},{"duration":317180,"score":1,"value":197.8116},{"duration":327180,"score":1,"value":196.7906},{"duration":337180,"score":1,"value":196.4579},{"duration":347180,"score":1,"value":196.4108},{"duration":357180,"score":1,"value":197.8589},{"duration":367180,"score":1,"value":194.0897},{"duration":377180,"score":1,"value":194.9495},{"duration":387180,"score":1,"value":190.1655},{"duration":397180,"score":1,"value":195.6598},{"duration":407180,"score":1,"value":199.1186},{"duration":417180,"score":1,"value":197.5347},{"duration":427180,"score":1,"value":198.9405},{"duration":437180,"score":1,"value":189.3796},{"duration":447180,"score":1,"value":192.7695},{"duration":457180,"score":1,"value":198.1634},{"duration":467180,"score":1,"value":200.5420},{"duration":477180,"score":1,"value":199.1169},{"duration":487180,"score":1,"value":197.4213},{"duration":497180,"score":1,"value":197.6699},{"duration":507180,"score":1,"value":201.2195},{"duration":517180,"score":1,"value":201.1521},{"duration":527180,"score":1,"value":200.0495},{"duration":537180,"score":1,"value":198.6151},{"duration":547180,"score":1,"value":201.7280},{"duration":557180,"score":1,"value":200.8580},{"duration":567180,"score":1,"value":202.6307},{"duration":577180,"score":1,"value":204.2021},{"duration":587180,"score":2,"value":203.8172},{"duration":597180,"score":1,"value":201.4357},{"duration":607180,"score":1,"value":203.7402},{"duration":617180,"score":2,"value":204.0347},{"duration":627180,"score":1,"value":203.4087},{"duration":637180,"score":1,"value":202.4980},{"duration":647180,"score":1,"value":201.2306},{"duration":657180,"score":1,"value":202.2493},{"duration":667180,"score":2,"value":204.2251},{"duration":677180,"score":1,"value":201.7489},{"duration":687180,"score":1,"value":199.7362},{"duration":697180,"score":1,"value":201.6283},{"duration":707180,"score":1,"value":202.0136},{"duration":717180,"score":1,"value":200.1202},{"duration":727180,"score":1,"value":197.3156},{"duration":737180,"score":1,"value":199.4618},{"duration":747180,"score":1,"value":197.2954},{"duration":757180,"score":1,"value":201.5142},{"duration":767180,"score":1,"value":201.7456},{"duration":777180,"score":1,"value":201.3611},{"duration":787180,"score":1,"value":199.0377},{"duration":797180,"score":1,"value":202.7526},{"duration":807180,"score":3,"value":0.0},{"duration":817180,"score":1,"value":186.9280}],"data_type":"effective_flight_time","overall_score":1,"score_ratio":[1.0,81.0,18.0]}],"sampling_rate":10000,"service_name":"Myotest","version":2}]}