[{"elapsed_time":2950,"segment":0,"interval":1,"start_time":1607515579000},{"elapsed_time":4950,"segment":0,"interval":1,"start_time":1607515581000},{"elapsed_time":5950,"segment":0,"interval":1,"start_time":1607515582000},{"elapsed_time":6950,"segment":0,"interval":1,"start_time":1607515583000},{"elapsed_time":7950,"segment":0,"interval":1,"start_time":1607515584000},{"elapsed_time":9950,"segment":0,"interval":1,"start_time":1607515586000},{"elapsed_time":10950,"segment":0,"interval":1,"start_time":1607515587000},{"elapsed_time":12950,"segment":0,"interval":1,"start_time":1607515589000},{"elapsed_time":14950,"segment":0,"interval":1,"start_time":1607515591000},{"elapsed_time":16950,"segment":0,"interval":1,"start_time":1607515593000},{"elapsed_time":18950,"segment":0,"interval":1,"start_time":1607515595000},{"elapsed_time":20950,"segment":0,"interval":1,"start_time":1607515597000},{"elapsed_time":22950,"segment":0,"interval":1,"start_time":1607515599000},{"elapsed_time":24950,"segment":0,"interval":1,"start_time":1607515601000},{"elapsed_time":26950,"segment":0,"interval":1,"start_time":1607515603000},{"elapsed_time":28950,"segment":0,"interval":1,"start_time":1607515605000},{"elapsed_time":30950,"segment":0,"interval":1,"start_time":1607515607000},{"elapsed_time":32950,"segment":0,"interval":1,"start_time":1607515609000},{"elapsed_time":34950,"segment":0,"interval":1,"start_time":1607515611000},{"elapsed_time":36950,"segment":0,"interval":1,"start_time":1607515613000},{"elapsed_time":38950,"segment":0,"interval":1,"start_time":1607515615000},{"elapsed_time":40950,"segment":0,"interval":1,"start_time":1607515617000},{"elapsed_time":42950,"segment":0,"interval":1,"start_time":1607515619000},{"elapsed_time":44950,"segment":0,"interval":1,"start_time":1607515621000},{"elapsed_time":46950,"segment":0,"interval":1,"start_time":1607515623000},{"elapsed_time":48950,"segment":0,"interval":1,"start_time":1607515625000},{"elapsed_time":50950,"segment":0,"interval":1,"start_time":1607515627000},{"elapsed_time":52950,"segment":0,"interval":1,"start_time":1607515629000},{"elapsed_time":54950,"segment":0,"interval":1,"start_time":1607515631000},{"elapsed_time":57950,"segment":0,"interval":1,"start_time":1607515634000},{"elapsed_time":59950,"segment":0,"interval":1,"start_time":1607515636000},{"elapsed_time":61950,"segment":0,"interval":1,"start_time":1607515638000},{"elapsed_time":63950,"segment":0,"interval":1,"start_time":1607515640000},{"elapsed_time":65950,"segment":0,"interval":1,"start_time":1607515642000},{"elapsed_time":67950,"segment":0,"interval":1,"start_time":1607515644000},{"elapsed_time":69950,"segment":0,"interval":1,"start_time":1607515646000},{"elapsed_time":74130,"segment":1,"interval":1,"start_time":1607515663000},{"elapsed_time":76130,"segment":1,"interval":1,"start_time":1607515665000},{"elapsed_time":78130,"segment":1,"interval":1,"start_time":1607515667000},{"elapsed_time":80130,"segment":1,"interval":1,"start_time":1607515669000},{"elapsed_time":82130,"segment":1,"interval":1,"start_time":1607515671000},{"elapsed_time":84130,"segment":1,"interval":1,"start_time":1607515673000},{"elapsed_time":86130,"segment":1,"interval":1,"start_time":1607515675000},{"elapsed_time":89130,"segment":1,"interval":1,"start_time":1607515678000},{"elapsed_time":91130,"segment":1,"interval":1,"start_time":1607515680000},{"elapsed_time":93130,"segment":1,"interval":1,"start_time":1607515682000},{"elapsed_time":95130,"segment":1,"interval":1,"start_time":1607515684000},{"elapsed_time":98130,"segment":1,"interval":1,"start_time":1607515687000},{"elapsed_time":100130,"segment":1,"interval":1,"start_time":1607515689000},{"elapsed_time":102130,"segment":1,"interval":1,"start_time":1607515691000},{"elapsed_time":104130,"segment":1,"interval":1,"start_time":1607515693000},{"elapsed_time":106130,"segment":1,"interval":1,"start_time":1607515695000},{"elapsed_time":108130,"segment":1,"interval":1,"start_time":1607515697000},{"elapsed_time":111130,"segment":1,"interval":1,"start_time":1607515700000},{"elapsed_time":114130,"segment":1,"interval":1,"start_time":1607515703000},{"elapsed_time":117130,"segment":1,"interval":1,"start_time":1607515706000},{"elapsed_time":120130,"segment":1,"interval":1,"start_time":1607515709000},{"elapsed_time":122130,"segment":1,"interval":1,"start_time":1607515711000},{"elapsed_time":124130,"segment":1,"interval":1,"start_time":1607515713000},{"elapsed_time":126130,"segment":1,"interval":1,"start_time":1607515715000},{"elapsed_time":128130,"segment":1,"interval":1,"start_time":1607515717000},{"elapsed_time":130130,"segment":1,"interval":1,"start_time":1607515719000},{"elapsed_time":132130,"segment":1,"interval":1,"start_time":1607515721000},{"elapsed_time":134130,"segment":1,"interval":1,"start_time":1607515723000},{"elapsed_time":136130,"segment":1,"interval":1,"start_time":1607515725000},{"elapsed_time":139130,"segment":1,"interval":1,"start_time":1607515728000},{"elapsed_time":141130,"segment":1,"interval":1,"start_time":1607515730000},{"elapsed_time":143130,"segment":1,"interval":1,"start_time":1607515732000},{"elapsed_time":145130,"segment":1,"interval":1,"start_time":1607515734000},{"elapsed_time":147130,"segment":1,"interval":1,"start_time":1607515736000},{"elapsed_time":149130,"segment":1,"interval":1,"start_time":1607515738000},{"elapsed_time":151130,"segment":1,"interval":1,"start_time":1607515740000},{"elapsed_time":153130,"segment":1,"interval":1,"start_time":1607515742000},{"elapsed_time":155130,"segment":1,"interval":1,"start_time":1607515744000},{"elapsed_time":157130,"segment":1,"interval":1,"start_time":1607515746000},{"elapsed_time":159130,"segment":1,"interval":1,"start_time":1607515748000},{"elapsed_time":161130,"segment":1,"interval":1,"start_time":1607515750000},{"elapsed_time":163130,"segment":1,"interval":1,"start_time":1607515752000},{"elapsed_time":165130,"segment":1,"interval":1,"start_time":1607515754000},{"elapsed_time":167130,"segment":1,"interval":1,"start_time":1607515756000},{"elapsed_time":169130,"segment":1,"interval":1,"start_time":1607515758000},{"elapsed_time":171130,"segment":1,"interval":1,"start_time":1607515760000},{"elapsed_time":173130,"segment":1,"interval":1,"start_time":1607515762000},{"elapsed_time":175130,"segment":1,"interval":1,"start_time":1607515764000},{"elapsed_time":177130,"segment":1,"interval":1,"start_time":1607515766000},{"elapsed_time":179130,"segment":1,"interval":1,"start_time":1607515768000},{"elapsed_time":181130,"segment":1,"interval":1,"start_time":1607515770000},{"elapsed_time":183130,"segment":1,"interval":1,"start_time":1607515772000},{"elapsed_time":185130,"segment":1,"interval":1,"start_time":1607515774000},{"elapsed_time":187130,"segment":1,"interval":1,"start_time":1607515776000},{"elapsed_time":189130,"segment":1,"interval":1,"start_time":1607515778000},{"elapsed_time":191130,"segment":1,"interval":1,"start_time":1607515780000},{"elapsed_time":193130,"segment":1,"interval":1,"start_time":1607515782000},{"elapsed_time":196130,"segment":1,"interval":1,"start_time":1607515785000},{"elapsed_time":199130,"segment":1,"interval":1,"start_time":1607515788000},{"elapsed_time":202130,"segment":1,"interval":1,"start_time":1607515791000},{"elapsed_time":205130,"segment":1,"interval":1,"start_time":1607515794000},{"elapsed_time":207130,"segment":1,"interval":1,"start_time":1607515796000},{"elapsed_time":210130,"segment":1,"interval":1,"start_time":1607515799000},{"elapsed_time":212130,"segment":1,"interval":1,"start_time":1607515801000},{"elapsed_time":214130,"segment":1,"interval":1,"start_time":1607515803000},{"elapsed_time":216130,"segment":1,"interval":1,"start_time":1607515805000},{"elapsed_time":218130,"segment":1,"interval":1,"start_time":1607515807000},{"elapsed_time":220130,"segment":1,"interval":1,"start_time":1607515809000},{"elapsed_time":222130,"segment":1,"interval":1,"start_time":1607515811000},{"elapsed_time":224130,"segment":1,"interval":1,"start_time":1607515813000},{"elapsed_time":226130,"segment":1,"interval":1,"start_time":1607515815000},{"elapsed_time":228130,"segment":1,"interval":1,"start_time":1607515817000},{"elapsed_time":230130,"segment":1,"interval":1,"start_time":1607515819000},{"elapsed_time":232130,"segment":1,"interval":1,"start_time":1607515821000},{"elapsed_time":234130,"segment":1,"interval":1,"start_time":1607515823000},{"elapsed_time":236130,"segment":1,"interval":1,"start_time":1607515825000},{"elapsed_time":238130,"segment":1,"interval":1,"start_time":1607515827000},{"elapsed_time":240130,"segment":1,"interval":1,"start_time":1607515829000},{"elapsed_time":242130,"segment":1,"interval":1,"start_time":1607515831000},{"elapsed_time":244130,"segment":1,"interval":1,"start_time":1607515833000},{"elapsed_time":246130,"segment":1,"interval":1,"start_time":1607515835000},{"elapsed_time":248130,"segment":1,"interval":1,"start_time":1607515837000},{"elapsed_time":251130,"segment":1,"interval":1,"start_time":1607515840000},{"elapsed_time":253130,"segment":1,"interval":1,"start_time":1607515842000},{"elapsed_time":255130,"segment":1,"interval":1,"start_time":1607515844000},{"elapsed_time":257130,"segment":1,"interval":1,"start_time":1607515846000},{"elapsed_time":259130,"segment":1,"interval":1,"start_time":1607515848000},{"elapsed_time":261130,"segment":1,"interval":1,"start_time":1607515850000},{"elapsed_time":263130,"segment":1,"interval":1,"start_time":1607515852000},{"elapsed_time":265130,"segment":1,"interval":1,"start_time":1607515854000},{"elapsed_time":267130,"segment":1,"interval":1,"start_time":1607515856000},{"elapsed_time":269130,"segment":1,"interval":1,"start_time":1607515858000},{"elapsed_time":271130,"segment":1,"interval":1,"start_time":1607515860000},{"elapsed_time":273130,"segment":1,"interval":1,"start_time":1607515862000},{"elapsed_time":275130,"segment":1,"interval":1,"start_time":1607515864000},{"elapsed_time":277130,"segment":1,"interval":1,"start_time":1607515866000},{"elapsed_time":279130,"segment":1,"interval":1,"start_time":1607515868000},{"elapsed_time":281130,"segment":1,"interval":1,"start_time":1607515870000},{"elapsed_time":283130,"segment":1,"interval":1,"start_time":1607515872000},{"elapsed_time":285130,"segment":1,"interval":1,"start_time":1607515874000},{"elapsed_time":287130,"segment":1,"interval":1,"start_time":1607515876000},{"elapsed_time":289130,"segment":1,"interval":1,"start_time":1607515878000},{"elapsed_time":291130,"segment":1,"interval":1,"start_time":1607515880000},{"elapsed_time":293130,"segment":1,"interval":1,"start_time":1607515882000},{"elapsed_time":295130,"segment":1,"interval":1,"start_time":1607515884000},{"elapsed_time":297130,"segment":1,"interval":1,"start_time":1607515886000},{"elapsed_time":299130,"segment":1,"interval":1,"start_time":1607515888000},{"elapsed_time":301130,"segment":1,"interval":1,"start_time":1607515890000},{"elapsed_time":303130,"segment":1,"interval":1,"start_time":1607515892000},{"elapsed_time":305130,"segment":1,"interval":1,"start_time":1607515894000},{"elapsed_time":308130,"segment":1,"interval":1,"start_time":1607515897000},{"elapsed_time":310130,"segment":1,"interval":1,"start_time":1607515899000},{"elapsed_time":313130,"segment":1,"interval":1,"start_time":1607515902000},{"elapsed_time":316130,"segment":1,"interval":1,"start_time":1607515905000},{"elapsed_time":318130,"segment":1,"interval":1,"start_time":1607515907000},{"elapsed_time":320130,"segment":1,"interval":1,"start_time":1607515909000},{"elapsed_time":322130,"segment":1,"interval":1,"start_time":1607515911000},{"elapsed_time":325130,"segment":1,"interval":1,"start_time":1607515914000},{"elapsed_time":328130,"segment":1,"interval":1,"start_time":1607515917000},{"elapsed_time":330130,"segment":1,"interval":1,"start_time":1607515919000},{"elapsed_time":332130,"segment":1,"interval":1,"start_time":1607515921000},{"elapsed_time":334130,"segment":1,"interval":1,"start_time":1607515923000},{"elapsed_time":336130,"segment":1,"interval":1,"start_time":1607515925000},{"elapsed_time":338130,"segment":1,"interval":1,"start_time":1607515927000},{"elapsed_time":340130,"segment":1,"interval":1,"start_time":1607515929000},{"elapsed_time":342130,"segment":1,"interval":1,"start_time":1607515931000},{"elapsed_time":344130,"segment":1,"interval":1,"start_time":1607515933000},{"elapsed_time":346130,"segment":1,"interval":1,"start_time":1607515935000},{"elapsed_time":348130,"segment":1,"interval":1,"start_time":1607515937000},{"elapsed_time":350130,"segment":1,"interval":1,"start_time":1607515939000},{"elapsed_time":352130,"segment":1,"interval":1,"start_time":1607515941000},{"elapsed_time":354130,"segment":1,"interval":1,"start_time":1607515943000},{"elapsed_time":357130,"segment":1,"interval":1,"start_time":1607515946000},{"elapsed_time":360130,"segment":1,"interval":1,"start_time":1607515949000},{"elapsed_time":362130,"segment":1,"interval":1,"start_time":1607515951000},{"elapsed_time":364130,"segment":1,"interval":1,"start_time":1607515953000},{"elapsed_time":366130,"segment":1,"interval":1,"start_time":1607515955000},{"elapsed_time":368130,"segment":1,"interval":1,"start_time":1607515957000},{"elapsed_time":370130,"segment":1,"interval":1,"start_time":1607515959000},{"elapsed_time":372130,"segment":1,"interval":1,"start_time":1607515961000},{"elapsed_time":374130,"segment":1,"interval":1,"start_time":1607515963000},{"elapsed_time":376130,"segment":1,"interval":1,"start_time":1607515965000},{"elapsed_time":379130,"segment":1,"interval":1,"start_time":1607515968000},{"elapsed_time":382130,"segment":1,"interval":1,"start_time":1607515971000},{"elapsed_time":384130,"segment":1,"interval":1,"start_time":1607515973000},{"elapsed_time":386130,"segment":1,"interval":1,"start_time":1607515975000},{"elapsed_time":388130,"segment":1,"interval":1,"start_time":1607515977000},{"elapsed_time":390130,"segment":1,"interval":1,"start_time":1607515979000},{"elapsed_time":392130,"segment":1,"interval":1,"start_time":1607515981000},{"elapsed_time":394130,"segment":1,"interval":1,"start_time":1607515983000},{"elapsed_time":396130,"segment":1,"interval":1,"start_time":1607515985000},{"elapsed_time":398130,"segment":1,"interval":1,"start_time":1607515987000},{"elapsed_time":401130,"segment":1,"interval":1,"start_time":1607515990000},{"elapsed_time":403130,"segment":1,"interval":1,"start_time":1607515992000},{"elapsed_time":406130,"segment":1,"interval":1,"start_time":1607515995000},{"elapsed_time":410130,"segment":1,"interval":1,"start_time":1607515999000},{"elapsed_time":413130,"segment":1,"interval":1,"start_time":1607516002000},{"elapsed_time":415130,"segment":1,"interval":1,"start_time":1607516004000},{"elapsed_time":418130,"segment":1,"interval":1,"start_time":1607516007000},{"elapsed_time":420130,"segment":1,"interval":1,"start_time":1607516009000},{"elapsed_time":422130,"segment":1,"interval":1,"start_time":1607516011000},{"elapsed_time":425130,"segment":1,"interval":1,"start_time":1607516014000},{"elapsed_time":428130,"segment":1,"interval":1,"start_time":1607516017000},{"elapsed_time":431130,"segment":1,"interval":1,"start_time":1607516020000},{"elapsed_time":433130,"segment":1,"interval":1,"start_time":1607516022000},{"elapsed_time":435130,"segment":1,"interval":1,"start_time":1607516024000},{"elapsed_time":436130,"segment":1,"interval":1,"start_time":1607516025000},{"elapsed_time":438130,"segment":1,"interval":1,"start_time":1607516027000},{"elapsed_time":440130,"segment":1,"interval":1,"start_time":1607516029000},{"elapsed_time":442130,"segment":1,"interval":1,"start_time":1607516031000},{"elapsed_time":444130,"segment":1,"interval":1,"start_time":1607516033000},{"elapsed_time":446130,"segment":1,"interval":1,"start_time":1607516035000},{"elapsed_time":448130,"segment":1,"interval":1,"start_time":1607516037000},{"elapsed_time":450130,"segment":1,"interval":1,"start_time":1607516039000},{"elapsed_time":452130,"segment":1,"interval":1,"start_time":1607516041000},{"elapsed_time":454130,"segment":1,"interval":1,"start_time":1607516043000},{"elapsed_time":456130,"segment":1,"interval":1,"start_time":1607516045000},{"elapsed_time":458130,"segment":1,"interval":1,"start_time":1607516047000},{"elapsed_time":461130,"segment":1,"interval":1,"start_time":1607516050000},{"elapsed_time":463130,"segment":1,"interval":1,"start_time":1607516052000},{"elapsed_time":465130,"segment":1,"interval":1,"start_time":1607516054000},{"elapsed_time":467130,"segment":1,"interval":1,"start_time":1607516056000},{"elapsed_time":469130,"segment":1,"interval":1,"start_time":1607516058000},{"elapsed_time":471130,"segment":1,"interval":1,"start_time":1607516060000},{"elapsed_time":473130,"segment":1,"interval":1,"start_time":1607516062000},{"elapsed_time":475130,"segment":1,"interval":1,"start_time":1607516064000},{"elapsed_time":477130,"segment":1,"interval":1,"start_time":1607516066000},{"elapsed_time":479130,"segment":1,"interval":1,"start_time":1607516068000},{"elapsed_time":481130,"segment":1,"interval":1,"start_time":1607516070000},{"elapsed_time":484130,"segment":1,"interval":1,"start_time":1607516073000},{"elapsed_time":486130,"segment":1,"interval":1,"start_time":1607516075000},{"elapsed_time":488130,"segment":1,"interval":1,"start_time":1607516077000},{"elapsed_time":490130,"segment":1,"interval":1,"start_time":1607516079000},{"elapsed_time":492130,"segment":1,"interval":1,"start_time":1607516081000},{"elapsed_time":494130,"segment":1,"interval":1,"start_time":1607516083000},{"elapsed_time":496130,"segment":1,"interval":1,"start_time":1607516085000},{"elapsed_time":498130,"segment":1,"interval":1,"start_time":1607516087000},{"elapsed_time":500130,"segment":1,"interval":1,"start_time":1607516089000},{"elapsed_time":502130,"segment":1,"interval":1,"start_time":1607516091000},{"elapsed_time":504130,"segment":1,"interval":1,"start_time":1607516093000},{"elapsed_time":506130,"segment":1,"interval":1,"start_time":1607516095000},{"elapsed_time":509130,"segment":1,"interval":1,"start_time":1607516098000},{"elapsed_time":511130,"segment":1,"interval":1,"start_time":1607516100000},{"elapsed_time":514130,"segment":1,"interval":1,"start_time":1607516103000},{"elapsed_time":516130,"segment":1,"interval":1,"start_time":1607516105000},{"elapsed_time":518130,"segment":1,"interval":1,"start_time":1607516107000},{"elapsed_time":520130,"segment":1,"interval":1,"start_time":1607516109000},{"elapsed_time":522130,"segment":1,"interval":1,"start_time":1607516111000},{"elapsed_time":524130,"segment":1,"interval":1,"start_time":1607516113000},{"elapsed_time":526130,"segment":1,"interval":1,"start_time":1607516115000},{"elapsed_time":528130,"segment":1,"interval":1,"start_time":1607516117000},{"elapsed_time":531130,"segment":1,"interval":1,"start_time":1607516120000},{"elapsed_time":533130,"segment":1,"interval":1,"start_time":1607516122000},{"elapsed_time":535130,"segment":1,"interval":1,"start_time":1607516124000},{"elapsed_time":537130,"segment":1,"interval":1,"start_time":1607516126000},{"elapsed_time":539130,"segment":1,"interval":1,"start_time":1607516128000},{"elapsed_time":541130,"segment":1,"interval":1,"start_time":1607516130000},{"elapsed_time":543130,"segment":1,"interval":1,"start_time":1607516132000},{"elapsed_time":545130,"segment":1,"interval":1,"start_time":1607516134000},{"elapsed_time":547130,"segment":1,"interval":1,"start_time":1607516136000},{"elapsed_time":549130,"segment":1,"interval":1,"start_time":1607516138000},{"elapsed_time":551130,"segment":1,"interval":1,"start_time":1607516140000},{"elapsed_time":554130,"segment":1,"interval":1,"start_time":1607516143000},{"elapsed_time":556130,"segment":1,"interval":1,"start_time":1607516145000},{"elapsed_time":558130,"segment":1,"interval":1,"start_time":1607516147000},{"elapsed_time":560130,"segment":1,"interval":1,"start_time":1607516149000},{"elapsed_time":562130,"segment":1,"interval":1,"start_time":1607516151000},{"elapsed_time":565130,"segment":1,"interval":1,"start_time":1607516154000},{"elapsed_time":568130,"segment":1,"interval":1,"start_time":1607516157000},{"elapsed_time":571130,"segment":1,"interval":1,"start_time":1607516160000},{"elapsed_time":574130,"segment":1,"interval":1,"start_time":1607516163000},{"elapsed_time":577130,"segment":1,"interval":1,"start_time":1607516166000},{"elapsed_time":580130,"segment":1,"interval":1,"start_time":1607516169000},{"elapsed_time":582130,"segment":1,"interval":1,"start_time":1607516171000},{"elapsed_time":584130,"segment":1,"interval":1,"start_time":1607516173000},{"elapsed_time":586130,"segment":1,"interval":1,"start_time":1607516175000},{"elapsed_time":588130,"segment":1,"interval":1,"start_time":1607516177000},{"elapsed_time":591130,"segment":1,"interval":1,"start_time":1607516180000},{"elapsed_time":593130,"segment":1,"interval":1,"start_time":1607516182000},{"elapsed_time":595130,"segment":1,"interval":1,"start_time":1607516184000},{"elapsed_time":597130,"segment":1,"interval":1,"start_time":1607516186000},{"elapsed_time":599130,"segment":1,"interval":1,"start_time":1607516188000},{"elapsed_time":602130,"segment":1,"interval":1,"start_time":1607516191000},{"elapsed_time":604130,"segment":1,"interval":1,"start_time":1607516193000},{"elapsed_time":606130,"segment":1,"interval":1,"start_time":1607516195000},{"elapsed_time":608130,"segment":1,"interval":1,"start_time":1607516197000},{"elapsed_time":611130,"segment":1,"interval":1,"start_time":1607516200000},{"elapsed_time":614130,"segment":1,"interval":1,"start_time":1607516203000},{"elapsed_time":617130,"segment":1,"interval":1,"start_time":1607516206000},{"elapsed_time":620130,"segment":1,"interval":1,"start_time":1607516209000},{"elapsed_time":623130,"segment":1,"interval":1,"start_time":1607516212000},{"elapsed_time":626130,"segment":1,"interval":1,"start_time":1607516215000},{"elapsed_time":629130,"segment":1,"interval":1,"start_time":1607516218000},{"elapsed_time":632130,"segment":1,"interval":1,"start_time":1607516221000},{"elapsed_time":635130,"segment":1,"interval":1,"start_time":1607516224000},{"elapsed_time":637130,"segment":1,"interval":1,"start_time":1607516226000},{"elapsed_time":639130,"segment":1,"interval":1,"start_time":1607516228000},{"elapsed_time":641130,"segment":1,"interval":1,"start_time":1607516230000},{"elapsed_time":643130,"segment":1,"interval":1,"start_time":1607516232000},{"elapsed_time":645130,"segment":1,"interval":1,"start_time":1607516234000},{"elapsed_time":647130,"segment":1,"interval":1,"start_time":1607516236000},{"elapsed_time":648130,"segment":1,"interval":1,"start_time":1607516237000},{"elapsed_time":650130,"segment":1,"interval":1,"start_time":1607516239000},{"elapsed_time":652130,"segment":1,"interval":1,"start_time":1607516241000},{"elapsed_time":654130,"segment":1,"interval":1,"start_time":1607516243000},{"elapsed_time":656130,"segment":1,"interval":1,"start_time":1607516245000},{"elapsed_time":659130,"segment":1,"interval":1,"start_time":1607516248000},{"elapsed_time":661130,"segment":1,"interval":1,"start_time":1607516250000},{"elapsed_time":663130,"segment":1,"interval":1,"start_time":1607516252000},{"elapsed_time":665130,"segment":1,"interval":1,"start_time":1607516254000},{"elapsed_time":668130,"segment":1,"interval":1,"start_time":1607516257000},{"elapsed_time":671130,"segment":1,"interval":1,"start_time":1607516260000},{"elapsed_time":673130,"segment":1,"interval":1,"start_time":1607516262000},{"elapsed_time":675130,"segment":1,"interval":1,"start_time":1607516264000},{"elapsed_time":678130,"segment":1,"interval":1,"start_time":1607516267000},{"elapsed_time":680130,"segment":1,"interval":1,"start_time":1607516269000},{"elapsed_time":682130,"segment":1,"interval":1,"start_time":1607516271000},{"elapsed_time":684130,"segment":1,"interval":1,"start_time":1607516273000},{"elapsed_time":687130,"segment":1,"interval":1,"start_time":1607516276000},{"elapsed_time":689130,"segment":1,"interval":1,"start_time":1607516278000},{"elapsed_time":691130,"segment":1,"interval":1,"start_time":1607516280000},{"elapsed_time":694130,"segment":1,"interval":1,"start_time":1607516283000},{"elapsed_time":696130,"segment":1,"interval":1,"start_time":1607516285000},{"elapsed_time":698130,"segment":1,"interval":1,"start_time":1607516287000},{"elapsed_time":700130,"segment":1,"interval":1,"start_time":1607516289000},{"elapsed_time":702130,"segment":1,"interval":1,"start_time":1607516291000},{"elapsed_time":704130,"segment":1,"interval":1,"start_time":1607516293000},{"elapsed_time":706130,"segment":1,"interval":1,"start_time":1607516295000},{"elapsed_time":709130,"segment":1,"interval":1,"start_time":1607516298000},{"elapsed_time":711130,"segment":1,"interval":1,"start_time":1607516300000},{"elapsed_time":713130,"segment":1,"interval":1,"start_time":1607516302000},{"elapsed_time":715130,"segment":1,"interval":1,"start_time":1607516304000},{"elapsed_time":717130,"segment":1,"interval":1,"start_time":1607516306000},{"elapsed_time":720130,"segment":1,"interval":1,"start_time":1607516309000},{"elapsed_time":723130,"segment":1,"interval":1,"start_time":1607516312000},{"elapsed_time":725130,"segment":1,"interval":1,"start_time":1607516314000},{"elapsed_time":727130,"segment":1,"interval":1,"start_time":1607516316000},{"elapsed_time":729130,"segment":1,"interval":1,"start_time":1607516318000},{"elapsed_time":731130,"segment":1,"interval":1,"start_time":1607516320000},{"elapsed_time":733130,"segment":1,"interval":1,"start_time":1607516322000},{"elapsed_time":735130,"segment":1,"interval":1,"start_time":1607516324000},{"elapsed_time":737130,"segment":1,"interval":1,"start_time":1607516326000},{"elapsed_time":739130,"segment":1,"interval":1,"start_time":1607516328000},{"elapsed_time":742130,"segment":1,"interval":1,"start_time":1607516331000},{"elapsed_time":744130,"segment":1,"interval":1,"start_time":1607516333000},{"elapsed_time":746130,"segment":1,"interval":1,"start_time":1607516335000},{"elapsed_time":748130,"segment":1,"interval":1,"start_time":1607516337000},{"elapsed_time":751130,"segment":1,"interval":1,"start_time":1607516340000},{"elapsed_time":753130,"segment":1,"interval":1,"start_time":1607516342000},{"elapsed_time":755130,"segment":1,"interval":1,"start_time":1607516344000},{"elapsed_time":757130,"segment":1,"interval":1,"start_time":1607516346000},{"elapsed_time":759130,"segment":1,"interval":1,"start_time":1607516348000},{"elapsed_time":761130,"segment":1,"interval":1,"start_time":1607516350000},{"elapsed_time":763130,"segment":1,"interval":1,"start_time":1607516352000},{"elapsed_time":765130,"segment":1,"interval":1,"start_time":1607516354000},{"elapsed_time":768130,"segment":1,"interval":1,"start_time":1607516357000},{"elapsed_time":770130,"segment":1,"interval":1,"start_time":1607516359000},{"elapsed_time":772130,"segment":1,"interval":1,"start_time":1607516361000},{"elapsed_time":774130,"segment":1,"interval":1,"start_time":1607516363000},{"elapsed_time":776130,"segment":1,"interval":1,"start_time":1607516365000},{"elapsed_time":778130,"segment":1,"interval":1,"start_time":1607516367000},{"elapsed_time":780130,"segment":1,"interval":1,"start_time":1607516369000},{"elapsed_time":782130,"segment":1,"interval":1,"start_time":1607516371000},{"elapsed_time":784130,"segment":1,"interval":1,"start_time":1607516373000},{"elapsed_time":786130,"segment":1,"interval":1,"start_time":1607516375000},{"elapsed_time":788130,"segment":1,"interval":1,"start_time":1607516377000},{"elapsed_time":790130,"segment":1,"interval":1,"start_time":1607516379000},{"elapsed_time":793130,"segment":1,"interval":1,"start_time":1607516382000},{"elapsed_time":796130,"segment":1,"interval":1,"start_time":1607516385000},{"elapsed_time":799130,"segment":1,"interval":1,"start_time":1607516388000},{"elapsed_time":806130,"segment":1,"interval":1,"start_time":1607516395000},{"elapsed_time":810130,"segment":1,"interval":1,"start_time":1607516399000},{"elapsed_time":812130,"segment":1,"interval":1,"start_time":1607516401000},{"elapsed_time":814130,"segment":1,"interval":1,"start_time":1607516403000},{"elapsed_time":816130,"segment":1,"interval":1,"start_time":1607516405000},{"elapsed_time":819130,"segment":1,"interval":1,"start_time":1607516408000},{"elapsed_time":821130,"segment":1,"interval":1,"start_time":1607516410000},{"elapsed_time":823130,"segment":1,"interval":1,"start_time":1607516413610},{"elapsed_time":824520,"segment":2,"interval":1,"start_time":1607516415000},{"elapsed_time":826520,"segment":2,"interval":1,"start_time":1607516417000},{"elapsed_time":829520,"segment":2,"interval":1,"start_time":1607516420000},{"elapsed_time":831520,"segment":2,"interval":1,"start_time":1607516422000},{"elapsed_time":834520,"segment":2,"interval":1,"start_time":1607516425000},{"elapsed_time":836520,"segment":2,"interval":1,"start_time":1607516427000},{"elapsed_time":838520,"segment":2,"interval":1,"start_time":1607516429000},{"elapsed_time":840520,"segment":2,"interval":1,"start_time":1607516431000},{"elapsed_time":843520,"segment":2,"interval":1,"start_time":1607516434000},{"elapsed_time":846520,"segment":2,"interval":1,"start_time":1607516437000},{"elapsed_time":849520,"segment":2,"interval":1,"start_time":1607516440000},{"elapsed_time":852520,"segment":2,"interval":1,"start_time":1607516443000},{"elapsed_time":855520,"segment":2,"interval":1,"start_time":1607516446000},{"elapsed_time":858520,"segment":2,"interval":1,"start_time":1607516449000},{"elapsed_time":861520,"segment":2,"interval":1,"start_time":1607516452000},{"elapsed_time":864520,"segment":2,"interval":1,"start_time":1607516455000},{"elapsed_time":867520,"segment":2,"interval":1,"start_time":1607516458000},{"elapsed_time":869520,"segment":2,"interval":1,"start_time":1607516460000},{"elapsed_time":871520,"segment":2,"interval":1,"start_time":1607516462000},{"elapsed_time":873520,"segment":2,"interval":1,"start_time":1607516464000},{"elapsed_time":875520,"segment":2,"interval":1,"start_time":1607516466000},{"elapsed_time":877520,"segment":2,"interval":1,"start_time":1607516468000},{"elapsed_time":879520,"segment":2,"interval":1,"start_time":1607516470000},{"elapsed_time":881520,"segment":2,"interval":1,"start_time":1607516472000},{"elapsed_time":883520,"segment":2,"interval":1,"start_time":1607516474000},{"elapsed_time":885520,"segment":2,"interval":1,"start_time":1607516476000},{"elapsed_time":887520,"segment":2,"interval":1,"start_time":1607516478000},{"elapsed_time":889520,"segment":2,"interval":1,"start_time":1607516480000},{"elapsed_time":891520,"segment":2,"interval":1,"start_time":1607516482000},{"elapsed_time":893520,"segment":2,"interval":1,"start_time":1607516484000},{"elapsed_time":896520,"segment":2,"interval":1,"start_time":1607516487000},{"elapsed_time":898520,"segment":2,"interval":1,"start_time":1607516489000},{"elapsed_time":900520,"segment":2,"interval":1,"start_time":1607516491000},{"elapsed_time":902520,"segment":2,"interval":1,"start_time":1607516493000},{"elapsed_time":904520,"segment":2,"interval":1,"start_time":1607516495000},{"elapsed_time":906520,"segment":2,"interval":1,"start_time":1607516497000},{"elapsed_time":908520,"segment":2,"interval":1,"start_time":1607516499000},{"elapsed_time":910520,"segment":2,"interval":1,"start_time":1607516501000},{"elapsed_time":912520,"segment":2,"interval":1,"start_time":1607516503000},{"elapsed_time":914520,"segment":2,"interval":1,"start_time":1607516505000},{"elapsed_time":917520,"segment":2,"interval":1,"start_time":1607516508000},{"elapsed_time":919520,"segment":2,"interval":1,"start_time":1607516510000},{"elapsed_time":922520,"segment":2,"interval":1,"start_time":1607516513000},{"elapsed_time":925520,"segment":2,"interval":1,"start_time":1607516516000},{"elapsed_time":927520,"segment":2,"interval":1,"start_time":1607516518000},{"elapsed_time":929520,"segment":2,"interval":1,"start_time":1607516520000},{"elapsed_time":931520,"segment":2,"interval":1,"start_time":1607516522000},{"elapsed_time":933520,"segment":2,"interval":1,"start_time":1607516524000},{"elapsed_time":935520,"segment":2,"interval":1,"start_time":1607516526000},{"elapsed_time":937520,"segment":2,"interval":1,"start_time":1607516528000},{"elapsed_time":939520,"segment":2,"interval":1,"start_time":1607516530000},{"elapsed_time":941520,"segment":2,"interval":1,"start_time":1607516532000},{"elapsed_time":943520,"segment":2,"interval":1,"start_time":1607516534000},{"elapsed_time":945520,"segment":2,"interval":1,"start_time":1607516536000},{"elapsed_time":947520,"segment":2,"interval":1,"start_time":1607516538000},{"elapsed_time":949520,"segment":2,"interval":1,"start_time":1607516540000},{"elapsed_time":951520,"segment":2,"interval":1,"start_time":1607516542000},{"elapsed_time":953520,"segment":2,"interval":1,"start_time":1607516544000},{"elapsed_time":955520,"segment":2,"interval":1,"start_time":1607516546000},{"elapsed_time":957520,"segment":2,"interval":1,"start_time":1607516548000},{"elapsed_time":959520,"segment":2,"interval":1,"start_time":1607516550000},{"elapsed_time":962520,"segment":2,"interval":1,"start_time":1607516553000},{"elapsed_time":964520,"segment":2,"interval":1,"start_time":1607516555000},{"elapsed_time":966520,"segment":2,"interval":1,"start_time":1607516557000},{"elapsed_time":968520,"segment":2,"interval":1,"start_time":1607516559000},{"elapsed_time":970520,"segment":2,"interval":1,"start_time":1607516561000},{"elapsed_time":973520,"segment":2,"interval":1,"start_time":1607516564000},{"elapsed_time":975520,"segment":2,"interval":1,"start_time":1607516566000},{"elapsed_time":977520,"segment":2,"interval":1,"start_time":1607516568000},{"elapsed_time":979520,"segment":2,"interval":1,"start_time":1607516570000},{"elapsed_time":981520,"segment":2,"interval":1,"start_time":1607516572000},{"elapsed_time":983520,"segment":2,"interval":1,"start_time":1607516574000},{"elapsed_time":985520,"segment":2,"interval":1,"start_time":1607516576000},{"elapsed_time":987520,"segment":2,"interval":1,"start_time":1607516578000},{"elapsed_time":989520,"segment":2,"interval":1,"start_time":1607516580000},{"elapsed_time":991520,"segment":2,"interval":1,"start_time":1607516582000},{"elapsed_time":993520,"segment":2,"interval":1,"start_time":1607516584000},{"elapsed_time":995520,"segment":2,"interval":1,"start_time":1607516586000},{"elapsed_time":997520,"segment":2,"interval":1,"start_time":1607516588000},{"elapsed_time":999520,"segment":2,"interval":1,"start_time":1607516590000},{"elapsed_time":1001520,"segment":2,"interval":1,"start_time":1607516592000},{"elapsed_time":1003520,"segment":2,"interval":1,"start_time":1607516594000},{"elapsed_time":1005520,"segment":2,"interval":1,"start_time":1607516596000},{"elapsed_time":1007520,"segment":2,"interval":1,"start_time":1607516598000},{"elapsed_time":1009520,"segment":2,"interval":1,"start_time":1607516600000},{"elapsed_time":1010520,"segment":2,"interval":1,"start_time":1607516601000},{"elapsed_time":1012520,"segment":2,"interval":1,"start_time":1607516603000},{"elapsed_time":1014520,"segment":2,"interval":1,"start_time":1607516605000},{"elapsed_time":1016520,"segment":2,"interval":1,"start_time":1607516607000},{"elapsed_time":1018520,"segment":2,"interval":1,"start_time":1607516609000},{"elapsed_time":1020520,"segment":2,"interval":1,"start_time":1607516611000},{"elapsed_time":1028520,"segment":2,"interval":1,"start_time":1607516619000},{"elapsed_time":1030520,"segment":2,"interval":1,"start_time":1607516621000},{"elapsed_time":1033520,"segment":2,"interval":1,"start_time":1607516624000},{"elapsed_time":1035520,"segment":2,"interval":1,"start_time":1607516626000},{"elapsed_time":1037520,"segment":2,"interval":1,"start_time":1607516628000},{"elapsed_time":1039520,"segment":2,"interval":1,"start_time":1607516630000},{"elapsed_time":1041520,"segment":2,"interval":1,"start_time":1607516632000},{"elapsed_time":1043520,"segment":2,"interval":1,"start_time":1607516634000},{"elapsed_time":1045520,"segment":2,"interval":1,"start_time":1607516636000},{"elapsed_time":1047520,"segment":2,"interval":1,"start_time":1607516638000},{"elapsed_time":1049520,"segment":2,"interval":1,"start_time":1607516640000},{"elapsed_time":1051520,"segment":2,"interval":1,"start_time":1607516642000},{"elapsed_time":1053520,"segment":2,"interval":1,"start_time":1607516644000},{"elapsed_time":1056520,"segment":2,"interval":1,"start_time":1607516647000},{"elapsed_time":1058520,"segment":2,"interval":1,"start_time":1607516649000},{"elapsed_time":1060520,"segment":2,"interval":1,"start_time":1607516651000},{"elapsed_time":1062520,"segment":2,"interval":1,"start_time":1607516653000},{"elapsed_time":1064520,"segment":2,"interval":1,"start_time":1607516655000},{"elapsed_time":1067520,"segment":2,"interval":1,"start_time":1607516658000},{"elapsed_time":1069520,"segment":2,"interval":1,"start_time":1607516660000},{"elapsed_time":1071520,"segment":2,"interval":1,"start_time":1607516662000},{"elapsed_time":1073520,"segment":2,"interval":1,"start_time":1607516664000},{"elapsed_time":1075520,"segment":2,"interval":1,"start_time":1607516666000},{"elapsed_time":1077520,"segment":2,"interval":1,"start_time":1607516668000},{"elapsed_time":1079520,"segment":2,"interval":1,"start_time":1607516670000},{"elapsed_time":1081520,"segment":2,"interval":1,"start_time":1607516672000},{"elapsed_time":1083520,"segment":2,"interval":1,"start_time":1607516674000},{"elapsed_time":1085520,"segment":2,"interval":1,"start_time":1607516676000},{"elapsed_time":1088520,"segment":2,"interval":1,"start_time":1607516679000},{"elapsed_time":1090520,"segment":2,"interval":1,"start_time":1607516681000},{"elapsed_time":1093520,"segment":2,"interval":1,"start_time":1607516684000},{"elapsed_time":1095520,"segment":2,"interval":1,"start_time":1607516686000},{"elapsed_time":1097520,"segment":2,"interval":1,"start_time":1607516688000},{"elapsed_time":1099520,"segment":2,"interval":1,"start_time":1607516690000},{"elapsed_time":1101520,"segment":2,"interval":1,"start_time":1607516692000},{"elapsed_time":1103520,"segment":2,"interval":1,"start_time":1607516694000},{"elapsed_time":1105520,"segment":2,"interval":1,"start_time":1607516696000},{"elapsed_time":1107520,"segment":2,"interval":1,"start_time":1607516698000},{"elapsed_time":1109520,"segment":2,"interval":1,"start_time":1607516700000},{"elapsed_time":1112520,"segment":2,"interval":1,"start_time":1607516703000},{"elapsed_time":1114520,"segment":2,"interval":1,"start_time":1607516705000},{"elapsed_time":1117520,"segment":2,"interval":1,"start_time":1607516708000},{"elapsed_time":1120520,"segment":2,"interval":1,"start_time":1607516711000},{"elapsed_time":1122520,"segment":2,"interval":1,"start_time":1607516713000},{"elapsed_time":1124520,"segment":2,"interval":1,"start_time":1607516715000},{"elapsed_time":1126520,"segment":2,"interval":1,"start_time":1607516717000},{"elapsed_time":1128520,"segment":2,"interval":1,"start_time":1607516719000},{"elapsed_time":1131520,"segment":2,"interval":1,"start_time":1607516722000},{"elapsed_time":1133520,"segment":2,"interval":1,"start_time":1607516724000},{"elapsed_time":1135520,"segment":2,"interval":1,"start_time":1607516726000},{"elapsed_time":1137520,"segment":2,"interval":1,"start_time":1607516728000},{"elapsed_time":1139520,"segment":2,"interval":1,"start_time":1607516730000},{"elapsed_time":1142520,"segment":2,"interval":1,"start_time":1607516733000},{"elapsed_time":1144520,"segment":2,"interval":1,"start_time":1607516735000},{"elapsed_time":1146520,"segment":2,"interval":1,"start_time":1607516737000},{"elapsed_time":1148520,"segment":2,"interval":1,"start_time":1607516739000},{"elapsed_time":1151520,"segment":2,"interval":1,"start_time":1607516742000},{"elapsed_time":1154520,"segment":2,"interval":1,"start_time":1607516745000},{"elapsed_time":1157520,"segment":2,"interval":1,"start_time":1607516748000},{"elapsed_time":1160520,"segment":2,"interval":1,"start_time":1607516751000},{"elapsed_time":1162520,"segment":2,"interval":1,"start_time":1607516753000},{"elapsed_time":1164520,"segment":2,"interval":1,"start_time":1607516755000},{"elapsed_time":1166520,"segment":2,"interval":1,"start_time":1607516757000},{"elapsed_time":1168520,"segment":2,"interval":1,"start_time":1607516759000},{"elapsed_time":1170520,"segment":2,"interval":1,"start_time":1607516761000},{"elapsed_time":1172520,"segment":2,"interval":1,"start_time":1607516763000},{"elapsed_time":1175520,"segment":2,"interval":1,"start_time":1607516766000},{"elapsed_time":1178520,"segment":2,"interval":1,"start_time":1607516769000},{"elapsed_time":1181520,"segment":2,"interval":1,"start_time":1607516772000},{"elapsed_time":1184520,"segment":2,"interval":1,"start_time":1607516775000},{"elapsed_time":1187520,"segment":2,"interval":1,"start_time":1607516778000},{"elapsed_time":1189520,"segment":2,"interval":1,"start_time":1607516780000},{"elapsed_time":1191520,"segment":2,"interval":1,"start_time":1607516782000},{"elapsed_time":1193520,"segment":2,"interval":1,"start_time":1607516784000},{"elapsed_time":1195520,"segment":2,"interval":1,"start_time":1607516786000},{"elapsed_time":1197520,"segment":2,"interval":1,"start_time":1607516788000},{"elapsed_time":1199520,"segment":2,"interval":1,"start_time":1607516790000},{"elapsed_time":1201520,"segment":2,"interval":1,"start_time":1607516792000},{"elapsed_time":1203520,"segment":2,"interval":1,"start_time":1607516794000},{"elapsed_time":1205520,"segment":2,"interval":1,"start_time":1607516796000},{"elapsed_time":1207520,"segment":2,"interval":1,"start_time":1607516798000},{"elapsed_time":1209520,"segment":2,"interval":1,"start_time":1607516800000},{"elapsed_time":1211520,"segment":2,"interval":1,"start_time":1607516802000},{"elapsed_time":1213520,"segment":2,"interval":1,"start_time":1607516804000},{"elapsed_time":1215520,"segment":2,"interval":1,"start_time":1607516806000},{"elapsed_time":1217520,"segment":2,"interval":1,"start_time":1607516808000},{"elapsed_time":1219520,"segment":2,"interval":1,"start_time":1607516810000},{"elapsed_time":1221520,"segment":2,"interval":1,"start_time":1607516812000},{"elapsed_time":1223520,"segment":2,"interval":1,"start_time":1607516814000},{"elapsed_time":1225520,"segment":2,"interval":1,"start_time":1607516816000},{"elapsed_time":1227520,"segment":2,"interval":1,"start_time":1607516818000},{"elapsed_time":1229520,"segment":2,"interval":1,"start_time":1607516820000},{"elapsed_time":1231520,"segment":2,"interval":1,"start_time":1607516822000},{"elapsed_time":1234520,"segment":2,"interval":1,"start_time":1607516825000},{"elapsed_time":1236520,"segment":2,"interval":1,"start_time":1607516827000},{"elapsed_time":1238520,"segment":2,"interval":1,"start_time":1607516829000},{"elapsed_time":1240520,"segment":2,"interval":1,"start_time":1607516831000},{"elapsed_time":1242520,"segment":2,"interval":1,"start_time":1607516833000},{"elapsed_time":1244520,"segment":2,"interval":1,"start_time":1607516835000},{"elapsed_time":1247520,"segment":2,"interval":1,"start_time":1607516838000},{"elapsed_time":1249520,"segment":2,"interval":1,"start_time":1607516840000},{"elapsed_time":1251520,"segment":2,"interval":1,"start_time":1607516842000},{"elapsed_time":1254520,"segment":2,"interval":1,"start_time":1607516845000},{"elapsed_time":1256520,"segment":2,"interval":1,"start_time":1607516847000},{"elapsed_time":1259520,"segment":2,"interval":1,"start_time":1607516850000},{"elapsed_time":1262520,"segment":2,"interval":1,"start_time":1607516853000},{"elapsed_time":1265520,"segment":2,"interval":1,"start_time":1607516856000},{"elapsed_time":1268520,"segment":2,"interval":1,"start_time":1607516859000},{"elapsed_time":1271520,"segment":2,"interval":1,"start_time":1607516862000},{"elapsed_time":1274520,"segment":2,"interval":1,"start_time":1607516865000},{"elapsed_time":1276520,"segment":2,"interval":1,"start_time":1607516867000},{"elapsed_time":1279520,"segment":2,"interval":1,"start_time":1607516870000},{"elapsed_time":1281520,"segment":2,"interval":1,"start_time":1607516872000},{"elapsed_time":1283520,"segment":2,"interval":1,"start_time":1607516874000},{"elapsed_time":1285520,"segment":2,"interval":1,"start_time":1607516876000},{"elapsed_time":1287520,"segment":2,"interval":1,"start_time":1607516878000},{"elapsed_time":1289520,"segment":2,"interval":1,"start_time":1607516880000},{"elapsed_time":1291520,"segment":2,"interval":1,"start_time":1607516882000},{"elapsed_time":1293520,"segment":2,"interval":1,"start_time":1607516884000},{"elapsed_time":1295520,"segment":2,"interval":1,"start_time":1607516886000},{"elapsed_time":1298520,"segment":2,"interval":1,"start_time":1607516889000},{"elapsed_time":1301520,"segment":2,"interval":1,"start_time":1607516892000},{"elapsed_time":1304520,"segment":2,"interval":1,"start_time":1607516895000},{"elapsed_time":1307520,"segment":2,"interval":1,"start_time":1607516898000},{"elapsed_time":1309520,"segment":2,"interval":1,"start_time":1607516900000},{"elapsed_time":1311520,"segment":2,"interval":1,"start_time":1607516902000},{"elapsed_time":1314520,"segment":2,"interval":1,"start_time":1607516905000},{"elapsed_time":1317520,"segment":2,"interval":1,"start_time":1607516908000},{"elapsed_time":1319520,"segment":2,"interval":1,"start_time":1607516910000},{"elapsed_time":1321520,"segment":2,"interval":1,"start_time":1607516912000},{"elapsed_time":1324520,"segment":2,"interval":1,"start_time":1607516915000},{"elapsed_time":1327520,"segment":2,"interval":1,"start_time":1607516918000},{"elapsed_time":1329520,"segment":2,"interval":1,"start_time":1607516920000},{"elapsed_time":1331520,"segment":2,"interval":1,"start_time":1607516922000},{"elapsed_time":1333520,"segment":2,"interval":1,"start_time":1607516924000},{"elapsed_time":1335520,"segment":2,"interval":1,"start_time":1607516926000},{"elapsed_time":1337520,"segment":2,"interval":1,"start_time":1607516928000},{"elapsed_time":1339520,"segment":2,"interval":1,"start_time":1607516930000},{"elapsed_time":1341520,"segment":2,"interval":1,"start_time":1607516932000},{"elapsed_time":1343520,"segment":2,"interval":1,"start_time":1607516934000},{"elapsed_time":1345520,"segment":2,"interval":1,"start_time":1607516936000},{"elapsed_time":1347520,"segment":2,"interval":1,"start_time":1607516938000},{"elapsed_time":1349520,"segment":2,"interval":1,"start_time":1607516940000},{"elapsed_time":1351520,"segment":2,"interval":1,"start_time":1607516942000},{"elapsed_time":1353520,"segment":2,"interval":1,"start_time":1607516944000},{"elapsed_time":1355520,"segment":2,"interval":1,"start_time":1607516946000},{"elapsed_time":1357520,"segment":2,"interval":1,"start_time":1607516948000},{"elapsed_time":1359520,"segment":2,"interval":1,"start_time":1607516950000},{"elapsed_time":1361520,"segment":2,"interval":1,"start_time":1607516952000},{"elapsed_time":1363520,"segment":2,"interval":1,"start_time":1607516954000},{"elapsed_time":1365520,"segment":2,"interval":1,"start_time":1607516956000},{"elapsed_time":1367520,"segment":2,"interval":1,"start_time":1607516958000},{"elapsed_time":1369520,"segment":2,"interval":1,"start_time":1607516960000},{"elapsed_time":1371520,"segment":2,"interval":1,"start_time":1607516962000},{"elapsed_time":1373520,"segment":2,"interval":1,"start_time":1607516964000},{"elapsed_time":1375520,"segment":2,"interval":1,"start_time":1607516966000},{"elapsed_time":1377520,"segment":2,"interval":1,"start_time":1607516968000},{"elapsed_time":1379520,"segment":2,"interval":1,"start_time":1607516970000},{"elapsed_time":1381520,"segment":2,"interval":1,"start_time":1607516972000},{"elapsed_time":1383520,"segment":2,"interval":1,"start_time":1607516974000},{"elapsed_time":1386520,"segment":2,"interval":1,"start_time":1607516977000},{"elapsed_time":1389520,"segment":2,"interval":1,"start_time":1607516980000},{"elapsed_time":1392520,"segment":2,"interval":1,"start_time":1607516983000},{"elapsed_time":1395520,"segment":2,"interval":1,"start_time":1607516986000},{"elapsed_time":1397520,"segment":2,"interval":1,"start_time":1607516988000},{"elapsed_time":1399520,"segment":2,"interval":1,"start_time":1607516990000},{"elapsed_time":1401520,"segment":2,"interval":1,"start_time":1607516992000},{"elapsed_time":1403520,"segment":2,"interval":1,"start_time":1607516994000},{"elapsed_time":1405520,"segment":2,"interval":1,"start_time":1607516996000},{"elapsed_time":1408520,"segment":2,"interval":1,"start_time":1607516999000},{"elapsed_time":1410520,"segment":2,"interval":1,"start_time":1607517001000},{"elapsed_time":1413520,"segment":2,"interval":1,"start_time":1607517004000},{"elapsed_time":1415520,"segment":2,"interval":1,"start_time":1607517006000},{"elapsed_time":1417520,"segment":2,"interval":1,"start_time":1607517008000},{"elapsed_time":1419520,"segment":2,"interval":1,"start_time":1607517010000},{"elapsed_time":1421520,"segment":2,"interval":1,"start_time":1607517012000},{"elapsed_time":1423520,"segment":2,"interval":1,"start_time":1607517014000},{"elapsed_time":1425520,"segment":2,"interval":1,"start_time":1607517016000},{"elapsed_time":1427520,"segment":2,"interval":1,"start_time":1607517018000},{"elapsed_time":1429520,"segment":2,"interval":1,"start_time":1607517020000},{"elapsed_time":1432520,"segment":2,"interval":1,"start_time":1607517023000},{"elapsed_time":1435520,"segment":2,"interval":1,"start_time":1607517026000},{"elapsed_time":1437520,"segment":2,"interval":1,"start_time":1607517028000},{"elapsed_time":1439520,"segment":2,"interval":1,"start_time":1607517030000},{"elapsed_time":1441520,"segment":2,"interval":1,"start_time":1607517032000},{"elapsed_time":1443520,"segment":2,"interval":1,"start_time":1607517034000},{"elapsed_time":1445520,"segment":2,"interval":1,"start_time":1607517036000},{"elapsed_time":1447520,"segment":2,"interval":1,"start_time":1607517038000},{"elapsed_time":1449520,"segment":2,"interval":1,"start_time":1607517040000},{"elapsed_time":1451520,"segment":2,"interval":1,"start_time":1607517042000},{"elapsed_time":1453520,"segment":2,"interval":1,"start_time":1607517044000},{"elapsed_time":1456520,"segment":2,"interval":1,"start_time":1607517047000},{"elapsed_time":1458520,"segment":2,"interval":1,"start_time":1607517049000},{"elapsed_time":1460520,"segment":2,"interval":1,"start_time":1607517051000},{"elapsed_time":1462520,"segment":2,"interval":1,"start_time":1607517053000},{"elapsed_time":1464520,"segment":2,"interval":1,"start_time":1607517055000},{"elapsed_time":1466520,"segment":2,"interval":1,"start_time":1607517057000},{"elapsed_time":1468520,"segment":2,"interval":1,"start_time":1607517059000},{"elapsed_time":1470520,"segment":2,"interval":1,"start_time":1607517061000},{"elapsed_time":1472520,"segment":2,"interval":1,"start_time":1607517063000},{"elapsed_time":1474520,"segment":2,"interval":1,"start_time":1607517065000},{"elapsed_time":1476520,"segment":2,"interval":1,"start_time":1607517067000},{"elapsed_time":1479520,"segment":2,"interval":1,"start_time":1607517070000},{"elapsed_time":1482520,"segment":2,"interval":1,"start_time":1607517073000},{"elapsed_time":1485520,"segment":2,"interval":1,"start_time":1607517076000},{"elapsed_time":1487520,"segment":2,"interval":1,"start_time":1607517078000},{"elapsed_time":1489520,"segment":2,"interval":1,"start_time":1607517080000},{"elapsed_time":1491520,"segment":2,"interval":1,"start_time":1607517082000},{"elapsed_time":1493520,"segment":2,"interval":1,"start_time":1607517084000},{"elapsed_time":1495520,"segment":2,"interval":1,"start_time":1607517086000},{"elapsed_time":1497520,"segment":2,"interval":1,"start_time":1607517088000},{"elapsed_time":1499520,"segment":2,"interval":1,"start_time":1607517090000},{"elapsed_time":1501520,"segment":2,"interval":1,"start_time":1607517092000},{"elapsed_time":1503520,"segment":2,"interval":1,"start_time":1607517094000},{"elapsed_time":1505520,"segment":2,"interval":1,"start_time":1607517096000},{"elapsed_time":1508520,"segment":2,"interval":1,"start_time":1607517099000},{"elapsed_time":1510520,"segment":2,"interval":1,"start_time":1607517101000},{"elapsed_time":1512520,"segment":2,"interval":1,"start_time":1607517103000},{"elapsed_time":1515520,"segment":2,"interval":1,"start_time":1607517106000},{"elapsed_time":1517520,"segment":2,"interval":1,"start_time":1607517108000},{"elapsed_time":1520520,"segment":2,"interval":1,"start_time":1607517111000},{"elapsed_time":1523520,"segment":2,"interval":1,"start_time":1607517114000},{"elapsed_time":1526520,"segment":2,"interval":1,"start_time":1607517117000},{"elapsed_time":1529520,"segment":2,"interval":1,"start_time":1607517120000},{"elapsed_time":1532520,"segment":2,"interval":1,"start_time":1607517123000},{"elapsed_time":1534520,"segment":2,"interval":1,"start_time":1607517125000},{"elapsed_time":1537520,"segment":2,"interval":1,"start_time":1607517128000},{"elapsed_time":1539520,"segment":2,"interval":1,"start_time":1607517130000},{"elapsed_time":1541520,"segment":2,"interval":1,"start_time":1607517132000},{"elapsed_time":1543520,"segment":2,"interval":1,"start_time":1607517134000},{"elapsed_time":1545520,"segment":2,"interval":1,"start_time":1607517136000},{"elapsed_time":1547520,"segment":2,"interval":1,"start_time":1607517138000},{"elapsed_time":1549520,"segment":2,"interval":1,"start_time":1607517140000},{"elapsed_time":1552520,"segment":2,"interval":1,"start_time":1607517143000},{"elapsed_time":1554520,"segment":2,"interval":1,"start_time":1607517145000},{"elapsed_time":1556520,"segment":2,"interval":1,"start_time":1607517147000},{"elapsed_time":1558520,"segment":2,"interval":1,"start_time":1607517149000},{"elapsed_time":1560520,"segment":2,"interval":1,"start_time":1607517151000},{"elapsed_time":1563520,"segment":2,"interval":1,"start_time":1607517154000},{"elapsed_time":1565520,"segment":2,"interval":1,"start_time":1607517156000},{"elapsed_time":1567520,"segment":2,"interval":1,"start_time":1607517158000},{"elapsed_time":1569520,"segment":2,"interval":1,"start_time":1607517160000},{"elapsed_time":1571520,"segment":2,"interval":1,"start_time":1607517162000},{"elapsed_time":1573520,"segment":2,"interval":1,"start_time":1607517164000},{"elapsed_time":1576520,"segment":2,"interval":1,"start_time":1607517167000},{"elapsed_time":1578520,"segment":2,"interval":1,"start_time":1607517169000},{"elapsed_time":1581520,"segment":2,"interval":1,"start_time":1607517172000},{"elapsed_time":1583520,"segment":2,"interval":1,"start_time":1607517174000},{"elapsed_time":1586520,"segment":2,"interval":1,"start_time":1607517177000},{"elapsed_time":1588520,"segment":2,"interval":1,"start_time":1607517179000},{"elapsed_time":1590520,"segment":2,"interval":1,"start_time":1607517181000},{"elapsed_time":1592520,"segment":2,"interval":1,"start_time":1607517183000},{"elapsed_time":1594520,"segment":2,"interval":1,"start_time":1607517185000},{"elapsed_time":1596520,"segment":2,"interval":1,"start_time":1607517187000},{"elapsed_time":1599520,"segment":2,"interval":1,"start_time":1607517190000},{"elapsed_time":1601520,"segment":2,"interval":1,"start_time":1607517192000},{"elapsed_time":1603520,"segment":2,"interval":1,"start_time":1607517194000},{"elapsed_time":1605520,"segment":2,"interval":1,"start_time":1607517196000},{"elapsed_time":1607520,"segment":2,"interval":1,"start_time":1607517198000},{"elapsed_time":1609520,"segment":2,"interval":1,"start_time":1607517200000},{"elapsed_time":1612520,"segment":2,"interval":1,"start_time":1607517203000},{"elapsed_time":1614520,"segment":2,"interval":1,"start_time":1607517205000},{"elapsed_time":1617520,"segment":2,"interval":1,"start_time":1607517208000},{"elapsed_time":1619520,"segment":2,"interval":1,"start_time":1607517210000},{"elapsed_time":1621520,"segment":2,"interval":1,"start_time":1607517212000},{"elapsed_time":1623520,"segment":2,"interval":1,"start_time":1607517214000},{"elapsed_time":1626520,"segment":2,"interval":1,"start_time":1607517217000},{"elapsed_time":1628520,"segment":2,"interval":1,"start_time":1607517219000},{"elapsed_time":1630520,"segment":2,"interval":1,"start_time":1607517221000},{"elapsed_time":1632520,"segment":2,"interval":1,"start_time":1607517223000},{"elapsed_time":1635520,"segment":2,"interval":1,"start_time":1607517226000},{"elapsed_time":1638520,"segment":2,"interval":1,"start_time":1607517229000},{"elapsed_time":1641520,"segment":2,"interval":1,"start_time":1607517232000},{"elapsed_time":1644520,"segment":2,"interval":1,"start_time":1607517235000},{"elapsed_time":1646520,"segment":2,"interval":1,"start_time":1607517237000},{"elapsed_time":1648520,"segment":2,"interval":1,"start_time":1607517239000},{"elapsed_time":1650520,"segment":2,"interval":1,"start_time":1607517241000},{"elapsed_time":1652520,"segment":2,"interval":1,"start_time":1607517243000},{"elapsed_time":1654520,"segment":2,"interval":1,"start_time":1607517245000},{"elapsed_time":1656520,"segment":2,"interval":1,"start_time":1607517247000},{"elapsed_time":1658520,"segment":2,"interval":1,"start_time":1607517249000},{"elapsed_time":1661520,"segment":2,"interval":1,"start_time":1607517252000},{"elapsed_time":1664520,"segment":2,"interval":1,"start_time":1607517255000},{"elapsed_time":1666520,"segment":2,"interval":1,"start_time":1607517257000},{"elapsed_time":1668520,"segment":2,"interval":1,"start_time":1607517259000},{"elapsed_time":1670520,"segment":2,"interval":1,"start_time":1607517261000},{"elapsed_time":1672520,"segment":2,"interval":1,"start_time":1607517263000},{"elapsed_time":1674520,"segment":2,"interval":1,"start_time":1607517265000},{"elapsed_time":1676520,"segment":2,"interval":1,"start_time":1607517267000},{"elapsed_time":1678520,"segment":2,"interval":1,"start_time":1607517269000},{"elapsed_time":1681520,"segment":2,"interval":1,"start_time":1607517272000},{"elapsed_time":1683520,"segment":2,"interval":1,"start_time":1607517274000},{"elapsed_time":1685520,"segment":2,"interval":1,"start_time":1607517276000},{"elapsed_time":1687520,"segment":2,"interval":1,"start_time":1607517278000},{"elapsed_time":1689520,"segment":2,"interval":1,"start_time":1607517280000},{"elapsed_time":1691520,"segment":2,"interval":1,"start_time":1607517282000},{"elapsed_time":1693520,"segment":2,"interval":1,"start_time":1607517284000},{"elapsed_time":1695520,"segment":2,"interval":1,"start_time":1607517286000},{"elapsed_time":1698520,"segment":2,"interval":1,"start_time":1607517289000},{"elapsed_time":1707520,"segment":2,"interval":1,"start_time":1607517298000},{"elapsed_time":1713520,"segment":2,"interval":1,"start_time":1607517304000},{"elapsed_time":1715520,"segment":2,"interval":1,"start_time":1607517306000},{"elapsed_time":1718520,"segment":2,"interval":1,"start_time":1607517309000},{"elapsed_time":1720520,"segment":2,"interval":1,"start_time":1607517311000},{"elapsed_time":1722520,"segment":2,"interval":1,"start_time":1607517313000},{"elapsed_time":1724520,"segment":2,"interval":1,"start_time":1607517315000},{"elapsed_time":1726520,"segment":2,"interval":1,"start_time":1607517317000},{"elapsed_time":1728520,"segment":2,"interval":1,"start_time":1607517319000},{"elapsed_time":1731520,"segment":2,"interval":1,"start_time":1607517322000},{"elapsed_time":1734520,"segment":2,"interval":1,"start_time":1607517325000},{"elapsed_time":1736520,"segment":2,"interval":1,"start_time":1607517327000},{"elapsed_time":1738520,"segment":2,"interval":1,"start_time":1607517329000},{"elapsed_time":1740520,"segment":2,"interval":1,"start_time":1607517331000},{"elapsed_time":1742520,"segment":2,"interval":1,"start_time":1607517333000},{"elapsed_time":1744520,"segment":2,"interval":1,"start_time":1607517335000},{"elapsed_time":1746520,"segment":2,"interval":1,"start_time":1607517337000},{"elapsed_time":1748520,"segment":2,"interval":1,"start_time":1607517339000},{"elapsed_time":1751520,"segment":2,"interval":1,"start_time":1607517342000},{"elapsed_time":1753520,"segment":2,"interval":1,"start_time":1607517344000},{"elapsed_time":1756520,"segment":2,"interval":1,"start_time":1607517347000},{"elapsed_time":1758520,"segment":2,"interval":1,"start_time":1607517349000},{"elapsed_time":1760520,"segment":2,"interval":1,"start_time":1607517351000},{"elapsed_time":1762520,"segment":2,"interval":1,"start_time":1607517353000},{"elapsed_time":1763520,"segment":2,"interval":1,"start_time":1607517354000},{"elapsed_time":1764520,"segment":2,"interval":1,"start_time":1607517355000},{"elapsed_time":1765520,"segment":2,"interval":1,"start_time":1607517356000},{"elapsed_time":1767520,"segment":2,"interval":1,"start_time":1607517358000},{"elapsed_time":1769520,"segment":2,"interval":1,"start_time":1607517360000},{"elapsed_time":1771520,"segment":2,"interval":1,"start_time":1607517362000},{"elapsed_time":1773520,"segment":2,"interval":1,"start_time":1607517364000},{"elapsed_time":1775520,"segment":2,"interval":1,"start_time":1607517366000},{"elapsed_time":1777520,"segment":2,"interval":1,"start_time":1607517368000},{"elapsed_time":1780520,"segment":2,"interval":1,"start_time":1607517371000},{"elapsed_time":1782520,"segment":2,"interval":1,"start_time":1607517373000},{"elapsed_time":1784520,"segment":2,"interval":1,"start_time":1607517375000},{"elapsed_time":1786520,"segment":2,"interval":1,"start_time":1607517377000},{"elapsed_time":1788520,"segment":2,"interval":1,"start_time":1607517379000},{"elapsed_time":1791520,"segment":2,"interval":1,"start_time":1607517382000},{"elapsed_time":1794520,"segment":2,"interval":1,"start_time":1607517385000},{"elapsed_time":1796520,"segment":2,"interval":1,"start_time":1607517387000},{"elapsed_time":1798520,"segment":2,"interval":1,"start_time":1607517389000},{"elapsed_time":1801520,"segment":2,"interval":1,"start_time":1607517392000},{"elapsed_time":1804520,"segment":2,"interval":1,"start_time":1607517395000},{"elapsed_time":1807520,"segment":2,"interval":1,"start_time":1607517398000},{"elapsed_time":1809520,"segment":2,"interval":1,"start_time":1607517400000},{"elapsed_time":1813520,"segment":2,"interval":1,"start_time":1607517404000},{"elapsed_time":1815520,"segment":2,"interval":1,"start_time":1607517406000},{"elapsed_time":1818520,"segment":2,"interval":1,"start_time":1607517409000},{"elapsed_time":1821520,"segment":2,"interval":1,"start_time":1607517412000},{"elapsed_time":1825520,"segment":2,"interval":1,"start_time":1607517416000},{"elapsed_time":1828520,"segment":2,"interval":1,"start_time":1607517419000},{"elapsed_time":1831520,"segment":2,"interval":1,"start_time":1607517422000},{"elapsed_time":1834520,"segment":2,"interval":1,"start_time":1607517425000},{"elapsed_time":1836520,"segment":2,"interval":1,"start_time":1607517427000},{"elapsed_time":1838520,"segment":2,"interval":1,"start_time":1607517429000},{"elapsed_time":1840520,"segment":2,"interval":1,"start_time":1607517431000},{"elapsed_time":1843520,"segment":2,"interval":1,"start_time":1607517434000},{"elapsed_time":1845520,"segment":2,"interval":1,"start_time":1607517436000},{"elapsed_time":1847520,"segment":2,"interval":1,"start_time":1607517438000},{"elapsed_time":1849520,"segment":2,"interval":1,"start_time":1607517440000},{"elapsed_time":1851520,"segment":2,"interval":1,"start_time":1607517442000},{"elapsed_time":1853520,"segment":2,"interval":1,"start_time":1607517444000},{"elapsed_time":1855520,"segment":2,"interval":1,"start_time":1607517446000},{"elapsed_time":1857520,"segment":2,"interval":1,"start_time":1607517448000},{"elapsed_time":1859520,"segment":2,"interval":1,"start_time":1607517450000},{"elapsed_time":1861520,"segment":2,"interval":1,"start_time":1607517452000},{"elapsed_time":1863520,"segment":2,"interval":1,"start_time":1607517454000},{"elapsed_time":1865520,"segment":2,"interval":1,"start_time":1607517456000},{"elapsed_time":1868520,"segment":2,"interval":1,"start_time":1607517459000},{"elapsed_time":1870520,"segment":2,"interval":1,"start_time":1607517461000},{"elapsed_time":1872520,"segment":2,"interval":1,"start_time":1607517463000},{"elapsed_time":1874520,"segment":2,"interval":1,"start_time":1607517465000},{"elapsed_time":1876520,"segment":2,"interval":1,"start_time":1607517467000},{"elapsed_time":1879520,"segment":2,"interval":1,"start_time":1607517470000},{"elapsed_time":1882520,"segment":2,"interval":1,"start_time":1607517473000},{"elapsed_time":1884520,"segment":2,"interval":1,"start_time":1607517475000},{"elapsed_time":1886520,"segment":2,"interval":1,"start_time":1607517477000},{"elapsed_time":1888520,"segment":2,"interval":1,"start_time":1607517479000},{"elapsed_time":1890520,"segment":2,"interval":1,"start_time":1607517481000},{"elapsed_time":1893520,"segment":2,"interval":1,"start_time":1607517484000},{"elapsed_time":1895520,"segment":2,"interval":1,"start_time":1607517486000},{"elapsed_time":1897520,"segment":2,"interval":1,"start_time":1607517488000},{"elapsed_time":1899520,"segment":2,"interval":1,"start_time":1607517490000},{"elapsed_time":1901520,"segment":2,"interval":1,"start_time":1607517492000},{"elapsed_time":1903520,"segment":2,"interval":1,"start_time":1607517494000},{"elapsed_time":1905520,"segment":2,"interval":1,"start_time":1607517496000},{"elapsed_time":1907520,"segment":2,"interval":1,"start_time":1607517498000},{"elapsed_time":1909520,"segment":2,"interval":1,"start_time":1607517500000},{"elapsed_time":1911520,"segment":2,"interval":1,"start_time":1607517502000},{"elapsed_time":1913520,"segment":2,"interval":1,"start_time":1607517504000},{"elapsed_time":1915520,"segment":2,"interval":1,"start_time":1607517506000},{"elapsed_time":1917520,"segment":2,"interval":1,"start_time":1607517508000},{"elapsed_time":1919520,"segment":2,"interval":1,"start_time":1607517510000},{"elapsed_time":1921520,"segment":2,"interval":1,"start_time":1607517512000},{"elapsed_time":1924430,"segment":2,"interval":1,"start_time":1607517514910},{"elapsed_time":1924520,"segment":2,"interval":1,"start_time":1607517520860}]