[{"elapsed_time":0,"segment":0,"interval":1,"start_time":1607515576050},{"elapsed_time":1793,"segment":0,"interval":1,"start_time":1607515577843},{"elapsed_time":6288,"segment":0,"interval":1,"start_time":1607515582338},{"elapsed_time":10245,"segment":0,"interval":1,"start_time":1607515586295},{"elapsed_time":10509,"segment":0,"interval":1,"start_time":1607515586559},{"elapsed_time":20254,"segment":0,"interval":1,"start_time":1607515596304},{"elapsed_time":20335,"segment":0,"interval":1,"start_time":1607515596385},{"elapsed_time":25293,"segment":0,"interval":1,"start_time":1607515601343},{"elapsed_time":30266,"segment":0,"interval":1,"start_time":1607515606316},{"elapsed_time":30303,"segment":0,"interval":1,"start_time":1607515606353},{"elapsed_time":40274,"segment":0,"interval":1,"start_time":1607515616324},{"elapsed_time":40321,"segment":0,"interval":1,"start_time":1607515616371},{"elapsed_time":40479,"segment":0,"interval":1,"start_time":1607515616529},{"elapsed_time":50282,"segment":0,"interval":1,"start_time":1607515626332},{"elapsed_time":50310,"segment":0,"interval":1,"start_time":1607515626360},{"elapsed_time":60304,"segment":0,"interval":1,"start_time":1607515636354},{"elapsed_time":60345,"segment":0,"interval":1,"start_time":1607515636395},{"elapsed_time":70305,"segment":0,"interval":1,"start_time":1607515646355},{"elapsed_time":70334,"segment":0,"interval":1,"start_time":1607515646384},{"elapsed_time":75858,"segment":1,"interval":1,"start_time":1607515664728},{"elapsed_time":80506,"segment":1,"interval":1,"start_time":1607515669376},{"elapsed_time":82492,"segment":1,"interval":1,"start_time":1607515671362},{"elapsed_time":90521,"segment":1,"interval":1,"start_time":1607515679391},{"elapsed_time":93468,"segment":1,"interval":1,"start_time":1607515682338},{"elapsed_time":100527,"segment":1,"interval":1,"start_time":1607515689397},{"elapsed_time":102488,"segment":1,"interval":1,"start_time":1607515691358},{"elapsed_time":110563,"segment":1,"interval":1,"start_time":1607515699433},{"elapsed_time":112528,"segment":1,"interval":1,"start_time":1607515701398},{"elapsed_time":113442,"segment":1,"interval":1,"start_time":1607515702312},{"elapsed_time":120545,"segment":1,"interval":1,"start_time":1607515709415},{"elapsed_time":122486,"segment":1,"interval":1,"start_time":1607515711356},{"elapsed_time":130558,"segment":1,"interval":1,"start_time":1607515719428},{"elapsed_time":132484,"segment":1,"interval":1,"start_time":1607515721354},{"elapsed_time":140643,"segment":1,"interval":1,"start_time":1607515729513},{"elapsed_time":142489,"segment":1,"interval":1,"start_time":1607515731359},{"elapsed_time":150590,"segment":1,"interval":1,"start_time":1607515739460},{"elapsed_time":150902,"segment":1,"interval":1,"start_time":1607515739772},{"elapsed_time":152497,"segment":1,"interval":1,"start_time":1607515741367},{"elapsed_time":160588,"segment":1,"interval":1,"start_time":1607515749458},{"elapsed_time":162489,"segment":1,"interval":1,"start_time":1607515751359},{"elapsed_time":170598,"segment":1,"interval":1,"start_time":1607515759468},{"elapsed_time":172516,"segment":1,"interval":1,"start_time":1607515761386},{"elapsed_time":180608,"segment":1,"interval":1,"start_time":1607515769478},{"elapsed_time":182485,"segment":1,"interval":1,"start_time":1607515771355},{"elapsed_time":186277,"segment":1,"interval":1,"start_time":1607515775147},{"elapsed_time":190742,"segment":1,"interval":1,"start_time":1607515779612},{"elapsed_time":192490,"segment":1,"interval":1,"start_time":1607515781360},{"elapsed_time":200626,"segment":1,"interval":1,"start_time":1607515789496},{"elapsed_time":202476,"segment":1,"interval":1,"start_time":1607515791346},{"elapsed_time":210633,"segment":1,"interval":1,"start_time":1607515799503},{"elapsed_time":212505,"segment":1,"interval":1,"start_time":1607515801375},{"elapsed_time":220643,"segment":1,"interval":1,"start_time":1607515809513},{"elapsed_time":222484,"segment":1,"interval":1,"start_time":1607515811354},{"elapsed_time":225139,"segment":1,"interval":1,"start_time":1607515814009},{"elapsed_time":230788,"segment":1,"interval":1,"start_time":1607515819658},{"elapsed_time":232494,"segment":1,"interval":1,"start_time":1607515821364},{"elapsed_time":240663,"segment":1,"interval":1,"start_time":1607515829533},{"elapsed_time":242482,"segment":1,"interval":1,"start_time":1607515831352},{"elapsed_time":250672,"segment":1,"interval":1,"start_time":1607515839542},{"elapsed_time":252497,"segment":1,"interval":1,"start_time":1607515841367},{"elapsed_time":260625,"segment":1,"interval":1,"start_time":1607515849495},{"elapsed_time":260682,"segment":1,"interval":1,"start_time":1607515849552},{"elapsed_time":262484,"segment":1,"interval":1,"start_time":1607515851354},{"elapsed_time":270691,"segment":1,"interval":1,"start_time":1607515859561},{"elapsed_time":272478,"segment":1,"interval":1,"start_time":1607515861348},{"elapsed_time":280718,"segment":1,"interval":1,"start_time":1607515869588},{"elapsed_time":282526,"segment":1,"interval":1,"start_time":1607515871396},{"elapsed_time":290754,"segment":1,"interval":1,"start_time":1607515879624},{"elapsed_time":292462,"segment":1,"interval":1,"start_time":1607515881332},{"elapsed_time":295660,"segment":1,"interval":1,"start_time":1607515884530},{"elapsed_time":300795,"segment":1,"interval":1,"start_time":1607515889665},{"elapsed_time":302501,"segment":1,"interval":1,"start_time":1607515891371},{"elapsed_time":310731,"segment":1,"interval":1,"start_time":1607515899601},{"elapsed_time":312485,"segment":1,"interval":1,"start_time":1607515901355},{"elapsed_time":320754,"segment":1,"interval":1,"start_time":1607515909624},{"elapsed_time":322485,"segment":1,"interval":1,"start_time":1607515911355},{"elapsed_time":330751,"segment":1,"interval":1,"start_time":1607515919621},{"elapsed_time":332479,"segment":1,"interval":1,"start_time":1607515921349},{"elapsed_time":333460,"segment":1,"interval":1,"start_time":1607515922330},{"elapsed_time":340830,"segment":1,"interval":1,"start_time":1607515929700},{"elapsed_time":342486,"segment":1,"interval":1,"start_time":1607515931356},{"elapsed_time":350770,"segment":1,"interval":1,"start_time":1607515939640},{"elapsed_time":352493,"segment":1,"interval":1,"start_time":1607515941363},{"elapsed_time":360849,"segment":1,"interval":1,"start_time":1607515949719},{"elapsed_time":362499,"segment":1,"interval":1,"start_time":1607515951369},{"elapsed_time":368258,"segment":1,"interval":1,"start_time":1607515957128},{"elapsed_time":372494,"segment":1,"interval":1,"start_time":1607515961364},{"elapsed_time":372802,"segment":1,"interval":1,"start_time":1607515961672},{"elapsed_time":380799,"segment":1,"interval":1,"start_time":1607515969669},{"elapsed_time":382481,"segment":1,"interval":1,"start_time":1607515971351},{"elapsed_time":390809,"segment":1,"interval":1,"start_time":1607515979679},{"elapsed_time":392511,"segment":1,"interval":1,"start_time":1607515981381},{"elapsed_time":400889,"segment":1,"interval":1,"start_time":1607515989759},{"elapsed_time":402523,"segment":1,"interval":1,"start_time":1607515991393},{"elapsed_time":403921,"segment":1,"interval":1,"start_time":1607515992791},{"elapsed_time":410831,"segment":1,"interval":1,"start_time":1607515999701},{"elapsed_time":412493,"segment":1,"interval":1,"start_time":1607516001363},{"elapsed_time":420892,"segment":1,"interval":1,"start_time":1607516009762},{"elapsed_time":422478,"segment":1,"interval":1,"start_time":1607516011348},{"elapsed_time":430848,"segment":1,"interval":1,"start_time":1607516019718},{"elapsed_time":432475,"segment":1,"interval":1,"start_time":1607516021345},{"elapsed_time":440858,"segment":1,"interval":1,"start_time":1607516029728},{"elapsed_time":441123,"segment":1,"interval":1,"start_time":1607516029993},{"elapsed_time":442540,"segment":1,"interval":1,"start_time":1607516031410},{"elapsed_time":450898,"segment":1,"interval":1,"start_time":1607516039768},{"elapsed_time":452491,"segment":1,"interval":1,"start_time":1607516041361},{"elapsed_time":460880,"segment":1,"interval":1,"start_time":1607516049750},{"elapsed_time":462471,"segment":1,"interval":1,"start_time":1607516051341},{"elapsed_time":470887,"segment":1,"interval":1,"start_time":1607516059757},{"elapsed_time":472485,"segment":1,"interval":1,"start_time":1607516061355},{"elapsed_time":476043,"segment":1,"interval":1,"start_time":1607516064913},{"elapsed_time":480898,"segment":1,"interval":1,"start_time":1607516069768},{"elapsed_time":482481,"segment":1,"interval":1,"start_time":1607516071351},{"elapsed_time":490908,"segment":1,"interval":1,"start_time":1607516079778},{"elapsed_time":492513,"segment":1,"interval":1,"start_time":1607516081383},{"elapsed_time":500951,"segment":1,"interval":1,"start_time":1607516089821},{"elapsed_time":502479,"segment":1,"interval":1,"start_time":1607516091349},{"elapsed_time":510929,"segment":1,"interval":1,"start_time":1607516099799},{"elapsed_time":512522,"segment":1,"interval":1,"start_time":1607516101392},{"elapsed_time":512593,"segment":1,"interval":1,"start_time":1607516101463},{"elapsed_time":520940,"segment":1,"interval":1,"start_time":1607516109810},{"elapsed_time":522459,"segment":1,"interval":1,"start_time":1607516111329},{"elapsed_time":530948,"segment":1,"interval":1,"start_time":1607516119818},{"elapsed_time":532517,"segment":1,"interval":1,"start_time":1607516121387},{"elapsed_time":540967,"segment":1,"interval":1,"start_time":1607516129837},{"elapsed_time":542488,"segment":1,"interval":1,"start_time":1607516131358},{"elapsed_time":549385,"segment":1,"interval":1,"start_time":1607516138255},{"elapsed_time":550074,"segment":1,"interval":1,"start_time":1607516138944},{"elapsed_time":552509,"segment":1,"interval":1,"start_time":1607516141379},{"elapsed_time":560976,"segment":1,"interval":1,"start_time":1607516149846},{"elapsed_time":562480,"segment":1,"interval":1,"start_time":1607516151350},{"elapsed_time":570002,"segment":1,"interval":1,"start_time":1607516158872},{"elapsed_time":572483,"segment":1,"interval":1,"start_time":1607516161353},{"elapsed_time":580026,"segment":1,"interval":1,"start_time":1607516168896},{"elapsed_time":582481,"segment":1,"interval":1,"start_time":1607516171351},{"elapsed_time":590002,"segment":1,"interval":1,"start_time":1607516178872},{"elapsed_time":592491,"segment":1,"interval":1,"start_time":1607516181361},{"elapsed_time":592554,"segment":1,"interval":1,"start_time":1607516181424},{"elapsed_time":595824,"segment":1,"interval":1,"start_time":1607516184694},{"elapsed_time":600059,"segment":1,"interval":1,"start_time":1607516188929},{"elapsed_time":602483,"segment":1,"interval":1,"start_time":1607516191353},{"elapsed_time":610063,"segment":1,"interval":1,"start_time":1607516198933},{"elapsed_time":612507,"segment":1,"interval":1,"start_time":1607516201377},{"elapsed_time":620031,"segment":1,"interval":1,"start_time":1607516208901},{"elapsed_time":622495,"segment":1,"interval":1,"start_time":1607516211365},{"elapsed_time":630041,"segment":1,"interval":1,"start_time":1607516218911},{"elapsed_time":632484,"segment":1,"interval":1,"start_time":1607516221354},{"elapsed_time":634293,"segment":1,"interval":1,"start_time":1607516223163},{"elapsed_time":640051,"segment":1,"interval":1,"start_time":1607516228921},{"elapsed_time":642477,"segment":1,"interval":1,"start_time":1607516231347},{"elapsed_time":650064,"segment":1,"interval":1,"start_time":1607516238934},{"elapsed_time":652492,"segment":1,"interval":1,"start_time":1607516241362},{"elapsed_time":660225,"segment":1,"interval":1,"start_time":1607516249095},{"elapsed_time":662480,"segment":1,"interval":1,"start_time":1607516251350},{"elapsed_time":666640,"segment":1,"interval":1,"start_time":1607516255510},{"elapsed_time":670108,"segment":1,"interval":1,"start_time":1607516258978},{"elapsed_time":672531,"segment":1,"interval":1,"start_time":1607516261401},{"elapsed_time":680092,"segment":1,"interval":1,"start_time":1607516268962},{"elapsed_time":682496,"segment":1,"interval":1,"start_time":1607516271366},{"elapsed_time":690151,"segment":1,"interval":1,"start_time":1607516279021},{"elapsed_time":692493,"segment":1,"interval":1,"start_time":1607516281363},{"elapsed_time":700110,"segment":1,"interval":1,"start_time":1607516288980},{"elapsed_time":702477,"segment":1,"interval":1,"start_time":1607516291347},{"elapsed_time":703858,"segment":1,"interval":1,"start_time":1607516292728},{"elapsed_time":710120,"segment":1,"interval":1,"start_time":1607516298990},{"elapsed_time":712550,"segment":1,"interval":1,"start_time":1607516301420},{"elapsed_time":720129,"segment":1,"interval":1,"start_time":1607516308999},{"elapsed_time":722514,"segment":1,"interval":1,"start_time":1607516311384},{"elapsed_time":730139,"segment":1,"interval":1,"start_time":1607516319009},{"elapsed_time":732504,"segment":1,"interval":1,"start_time":1607516321374},{"elapsed_time":740149,"segment":1,"interval":1,"start_time":1607516329019},{"elapsed_time":741635,"segment":1,"interval":1,"start_time":1607516330505},{"elapsed_time":742489,"segment":1,"interval":1,"start_time":1607516331359},{"elapsed_time":750172,"segment":1,"interval":1,"start_time":1607516339042},{"elapsed_time":752506,"segment":1,"interval":1,"start_time":1607516341376},{"elapsed_time":760178,"segment":1,"interval":1,"start_time":1607516349048},{"elapsed_time":762486,"segment":1,"interval":1,"start_time":1607516351356},{"elapsed_time":770188,"segment":1,"interval":1,"start_time":1607516359058},{"elapsed_time":772504,"segment":1,"interval":1,"start_time":1607516361374},{"elapsed_time":778221,"segment":1,"interval":1,"start_time":1607516367091},{"elapsed_time":780283,"segment":1,"interval":1,"start_time":1607516369153},{"elapsed_time":782499,"segment":1,"interval":1,"start_time":1607516371369},{"elapsed_time":790202,"segment":1,"interval":1,"start_time":1607516379072},{"elapsed_time":792491,"segment":1,"interval":1,"start_time":1607516381361},{"elapsed_time":800211,"segment":1,"interval":1,"start_time":1607516389081},{"elapsed_time":802503,"segment":1,"interval":1,"start_time":1607516391373},{"elapsed_time":810337,"segment":1,"interval":1,"start_time":1607516399207},{"elapsed_time":812474,"segment":1,"interval":1,"start_time":1607516401344},{"elapsed_time":820227,"segment":1,"interval":1,"start_time":1607516409097},{"elapsed_time":821152,"segment":1,"interval":1,"start_time":1607516410022},{"elapsed_time":822469,"segment":1,"interval":1,"start_time":1607516411339},{"elapsed_time":830627,"segment":2,"interval":1,"start_time":1607516421107},{"elapsed_time":830861,"segment":2,"interval":1,"start_time":1607516421341},{"elapsed_time":840746,"segment":2,"interval":1,"start_time":1607516431226},{"elapsed_time":840862,"segment":2,"interval":1,"start_time":1607516431342},{"elapsed_time":850650,"segment":2,"interval":1,"start_time":1607516441130},{"elapsed_time":850846,"segment":2,"interval":1,"start_time":1607516441326},{"elapsed_time":860694,"segment":2,"interval":1,"start_time":1607516451174},{"elapsed_time":860868,"segment":2,"interval":1,"start_time":1607516451348},{"elapsed_time":863042,"segment":2,"interval":1,"start_time":1607516453522},{"elapsed_time":870675,"segment":2,"interval":1,"start_time":1607516461155},{"elapsed_time":870883,"segment":2,"interval":1,"start_time":1607516461363},{"elapsed_time":880857,"segment":2,"interval":1,"start_time":1607516471337},{"elapsed_time":880901,"segment":2,"interval":1,"start_time":1607516471381},{"elapsed_time":890800,"segment":2,"interval":1,"start_time":1607516481280},{"elapsed_time":890911,"segment":2,"interval":1,"start_time":1607516481391},{"elapsed_time":900711,"segment":2,"interval":1,"start_time":1607516491191},{"elapsed_time":900880,"segment":2,"interval":1,"start_time":1607516491360},{"elapsed_time":900962,"segment":2,"interval":1,"start_time":1607516491442},{"elapsed_time":910723,"segment":2,"interval":1,"start_time":1607516501203},{"elapsed_time":910905,"segment":2,"interval":1,"start_time":1607516501385},{"elapsed_time":920874,"segment":2,"interval":1,"start_time":1607516511354},{"elapsed_time":920901,"segment":2,"interval":1,"start_time":1607516511381},{"elapsed_time":930732,"segment":2,"interval":1,"start_time":1607516521212},{"elapsed_time":930861,"segment":2,"interval":1,"start_time":1607516521341},{"elapsed_time":937860,"segment":2,"interval":1,"start_time":1607516528340},{"elapsed_time":940742,"segment":2,"interval":1,"start_time":1607516531222},{"elapsed_time":940887,"segment":2,"interval":1,"start_time":1607516531367},{"elapsed_time":950744,"segment":2,"interval":1,"start_time":1607516541224},{"elapsed_time":950885,"segment":2,"interval":1,"start_time":1607516541365},{"elapsed_time":960756,"segment":2,"interval":1,"start_time":1607516551236},{"elapsed_time":960866,"segment":2,"interval":1,"start_time":1607516551346},{"elapsed_time":970771,"segment":2,"interval":1,"start_time":1607516561251},{"elapsed_time":970869,"segment":2,"interval":1,"start_time":1607516561349},{"elapsed_time":974903,"segment":2,"interval":1,"start_time":1607516565383},{"elapsed_time":980794,"segment":2,"interval":1,"start_time":1607516571274},{"elapsed_time":980873,"segment":2,"interval":1,"start_time":1607516571353},{"elapsed_time":990878,"segment":2,"interval":1,"start_time":1607516581358},{"elapsed_time":990889,"segment":2,"interval":1,"start_time":1607516581369},{"elapsed_time":1000859,"segment":2,"interval":1,"start_time":1607516591339},{"elapsed_time":1000903,"segment":2,"interval":1,"start_time":1607516591383},{"elapsed_time":1009972,"segment":2,"interval":1,"start_time":1607516600452},{"elapsed_time":1010807,"segment":2,"interval":1,"start_time":1607516601287},{"elapsed_time":1010864,"segment":2,"interval":1,"start_time":1607516601344},{"elapsed_time":1020836,"segment":2,"interval":1,"start_time":1607516611316},{"elapsed_time":1020865,"segment":2,"interval":1,"start_time":1607516611345},{"elapsed_time":1030824,"segment":2,"interval":1,"start_time":1607516621304},{"elapsed_time":1030871,"segment":2,"interval":1,"start_time":1607516621351},{"elapsed_time":1040834,"segment":2,"interval":1,"start_time":1607516631314},{"elapsed_time":1040868,"segment":2,"interval":1,"start_time":1607516631348},{"elapsed_time":1050844,"segment":2,"interval":1,"start_time":1607516641324},{"elapsed_time":1050892,"segment":2,"interval":1,"start_time":1607516641372},{"elapsed_time":1060853,"segment":2,"interval":1,"start_time":1607516651333},{"elapsed_time":1060927,"segment":2,"interval":1,"start_time":1607516651407},{"elapsed_time":1070869,"segment":2,"interval":1,"start_time":1607516661349},{"elapsed_time":1070926,"segment":2,"interval":1,"start_time":1607516661406},{"elapsed_time":1080867,"segment":2,"interval":1,"start_time":1607516671347},{"elapsed_time":1080886,"segment":2,"interval":1,"start_time":1607516671366},{"elapsed_time":1086641,"segment":2,"interval":1,"start_time":1607516677121},{"elapsed_time":1090882,"segment":2,"interval":1,"start_time":1607516681362},{"elapsed_time":1090883,"segment":2,"interval":1,"start_time":1607516681363},{"elapsed_time":1100861,"segment":2,"interval":1,"start_time":1607516691341},{"elapsed_time":1100896,"segment":2,"interval":1,"start_time":1607516691376},{"elapsed_time":1110880,"segment":2,"interval":1,"start_time":1607516701360},{"elapsed_time":1110905,"segment":2,"interval":1,"start_time":1607516701385},{"elapsed_time":1120872,"segment":2,"interval":1,"start_time":1607516711352},{"elapsed_time":1121006,"segment":2,"interval":1,"start_time":1607516711486},{"elapsed_time":1124013,"segment":2,"interval":1,"start_time":1607516714493},{"elapsed_time":1130882,"segment":2,"interval":1,"start_time":1607516721362},{"elapsed_time":1130996,"segment":2,"interval":1,"start_time":1607516721476},{"elapsed_time":1140876,"segment":2,"interval":1,"start_time":1607516731356},{"elapsed_time":1140932,"segment":2,"interval":1,"start_time":1607516731412},{"elapsed_time":1150872,"segment":2,"interval":1,"start_time":1607516741352},{"elapsed_time":1150942,"segment":2,"interval":1,"start_time":1607516741422},{"elapsed_time":1160909,"segment":2,"interval":1,"start_time":1607516751389},{"elapsed_time":1161118,"segment":2,"interval":1,"start_time":1607516751598},{"elapsed_time":1162025,"segment":2,"interval":1,"start_time":1607516752505},{"elapsed_time":1170865,"segment":2,"interval":1,"start_time":1607516761345},{"elapsed_time":1170960,"segment":2,"interval":1,"start_time":1607516761440},{"elapsed_time":1180887,"segment":2,"interval":1,"start_time":1607516771367},{"elapsed_time":1181090,"segment":2,"interval":1,"start_time":1607516771570},{"elapsed_time":1190036,"segment":2,"interval":1,"start_time":1607516780516},{"elapsed_time":1190911,"segment":2,"interval":1,"start_time":1607516781391},{"elapsed_time":1200893,"segment":2,"interval":1,"start_time":1607516791373},{"elapsed_time":1200997,"segment":2,"interval":1,"start_time":1607516791477},{"elapsed_time":1202033,"segment":2,"interval":1,"start_time":1607516792513},{"elapsed_time":1207499,"segment":2,"interval":1,"start_time":1607516797979},{"elapsed_time":1210001,"segment":2,"interval":1,"start_time":1607516800481},{"elapsed_time":1210864,"segment":2,"interval":1,"start_time":1607516801344},{"elapsed_time":1220013,"segment":2,"interval":1,"start_time":1607516810493},{"elapsed_time":1220883,"segment":2,"interval":1,"start_time":1607516811363},{"elapsed_time":1230126,"segment":2,"interval":1,"start_time":1607516820606},{"elapsed_time":1230856,"segment":2,"interval":1,"start_time":1607516821336},{"elapsed_time":1236573,"segment":2,"interval":1,"start_time":1607516827053},{"elapsed_time":1240032,"segment":2,"interval":1,"start_time":1607516830512},{"elapsed_time":1240888,"segment":2,"interval":1,"start_time":1607516831368},{"elapsed_time":1250142,"segment":2,"interval":1,"start_time":1607516840622},{"elapsed_time":1250870,"segment":2,"interval":1,"start_time":1607516841350},{"elapsed_time":1260124,"segment":2,"interval":1,"start_time":1607516850604},{"elapsed_time":1260888,"segment":2,"interval":1,"start_time":1607516851368},{"elapsed_time":1270059,"segment":2,"interval":1,"start_time":1607516860539},{"elapsed_time":1270903,"segment":2,"interval":1,"start_time":1607516861383},{"elapsed_time":1276816,"segment":2,"interval":1,"start_time":1607516867296},{"elapsed_time":1280069,"segment":2,"interval":1,"start_time":1607516870549},{"elapsed_time":1280914,"segment":2,"interval":1,"start_time":1607516871394},{"elapsed_time":1290080,"segment":2,"interval":1,"start_time":1607516880560},{"elapsed_time":1290866,"segment":2,"interval":1,"start_time":1607516881346},{"elapsed_time":1300090,"segment":2,"interval":1,"start_time":1607516890570},{"elapsed_time":1300903,"segment":2,"interval":1,"start_time":1607516891383},{"elapsed_time":1310098,"segment":2,"interval":1,"start_time":1607516900578},{"elapsed_time":1310856,"segment":2,"interval":1,"start_time":1607516901336},{"elapsed_time":1313578,"segment":2,"interval":1,"start_time":1607516904058},{"elapsed_time":1320139,"segment":2,"interval":1,"start_time":1607516910619},{"elapsed_time":1320877,"segment":2,"interval":1,"start_time":1607516911357},{"elapsed_time":1330152,"segment":2,"interval":1,"start_time":1607516920632},{"elapsed_time":1330878,"segment":2,"interval":1,"start_time":1607516921358},{"elapsed_time":1340134,"segment":2,"interval":1,"start_time":1607516930614},{"elapsed_time":1340885,"segment":2,"interval":1,"start_time":1607516931365},{"elapsed_time":1350185,"segment":2,"interval":1,"start_time":1607516940665},{"elapsed_time":1350773,"segment":2,"interval":1,"start_time":1607516941253},{"elapsed_time":1350880,"segment":2,"interval":1,"start_time":1607516941360},{"elapsed_time":1360154,"segment":2,"interval":1,"start_time":1607516950634},{"elapsed_time":1360876,"segment":2,"interval":1,"start_time":1607516951356},{"elapsed_time":1370156,"segment":2,"interval":1,"start_time":1607516960636},{"elapsed_time":1370906,"segment":2,"interval":1,"start_time":1607516961386},{"elapsed_time":1380167,"segment":2,"interval":1,"start_time":1607516970647},{"elapsed_time":1380880,"segment":2,"interval":1,"start_time":1607516971360},{"elapsed_time":1384956,"segment":2,"interval":1,"start_time":1607516975436},{"elapsed_time":1390177,"segment":2,"interval":1,"start_time":1607516980657},{"elapsed_time":1390882,"segment":2,"interval":1,"start_time":1607516981362},{"elapsed_time":1400186,"segment":2,"interval":1,"start_time":1607516990666},{"elapsed_time":1400872,"segment":2,"interval":1,"start_time":1607516991352},{"elapsed_time":1410198,"segment":2,"interval":1,"start_time":1607517000678},{"elapsed_time":1410887,"segment":2,"interval":1,"start_time":1607517001367},{"elapsed_time":1420206,"segment":2,"interval":1,"start_time":1607517010686},{"elapsed_time":1420881,"segment":2,"interval":1,"start_time":1607517011361},{"elapsed_time":1423512,"segment":2,"interval":1,"start_time":1607517013992},{"elapsed_time":1430216,"segment":2,"interval":1,"start_time":1607517020696},{"elapsed_time":1430912,"segment":2,"interval":1,"start_time":1607517021392},{"elapsed_time":1440307,"segment":2,"interval":1,"start_time":1607517030787},{"elapsed_time":1440889,"segment":2,"interval":1,"start_time":1607517031369},{"elapsed_time":1450235,"segment":2,"interval":1,"start_time":1607517040715},{"elapsed_time":1450891,"segment":2,"interval":1,"start_time":1607517041371},{"elapsed_time":1460246,"segment":2,"interval":1,"start_time":1607517050726},{"elapsed_time":1460790,"segment":2,"interval":1,"start_time":1607517051270},{"elapsed_time":1460880,"segment":2,"interval":1,"start_time":1607517051360},{"elapsed_time":1470257,"segment":2,"interval":1,"start_time":1607517060737},{"elapsed_time":1470888,"segment":2,"interval":1,"start_time":1607517061368},{"elapsed_time":1480266,"segment":2,"interval":1,"start_time":1607517070746},{"elapsed_time":1480908,"segment":2,"interval":1,"start_time":1607517071388},{"elapsed_time":1490274,"segment":2,"interval":1,"start_time":1607517080754},{"elapsed_time":1490879,"segment":2,"interval":1,"start_time":1607517081359},{"elapsed_time":1494582,"segment":2,"interval":1,"start_time":1607517085062},{"elapsed_time":1500371,"segment":2,"interval":1,"start_time":1607517090851},{"elapsed_time":1500888,"segment":2,"interval":1,"start_time":1607517091368},{"elapsed_time":1510320,"segment":2,"interval":1,"start_time":1607517100800},{"elapsed_time":1510889,"segment":2,"interval":1,"start_time":1607517101369},{"elapsed_time":1520304,"segment":2,"interval":1,"start_time":1607517110784},{"elapsed_time":1520881,"segment":2,"interval":1,"start_time":1607517111361},{"elapsed_time":1530313,"segment":2,"interval":1,"start_time":1607517120793},{"elapsed_time":1530914,"segment":2,"interval":1,"start_time":1607517121394},{"elapsed_time":1535868,"segment":2,"interval":1,"start_time":1607517126348},{"elapsed_time":1540324,"segment":2,"interval":1,"start_time":1607517130804},{"elapsed_time":1540904,"segment":2,"interval":1,"start_time":1607517131384},{"elapsed_time":1550333,"segment":2,"interval":1,"start_time":1607517140813},{"elapsed_time":1550884,"segment":2,"interval":1,"start_time":1607517141364},{"elapsed_time":1560343,"segment":2,"interval":1,"start_time":1607517150823},{"elapsed_time":1560888,"segment":2,"interval":1,"start_time":1607517151368},{"elapsed_time":1569542,"segment":2,"interval":1,"start_time":1607517160022},{"elapsed_time":1570355,"segment":2,"interval":1,"start_time":1607517160835},{"elapsed_time":1570879,"segment":2,"interval":1,"start_time":1607517161359},{"elapsed_time":1580439,"segment":2,"interval":1,"start_time":1607517170919},{"elapsed_time":1580885,"segment":2,"interval":1,"start_time":1607517171365},{"elapsed_time":1590375,"segment":2,"interval":1,"start_time":1607517180855},{"elapsed_time":1590880,"segment":2,"interval":1,"start_time":1607517181360},{"elapsed_time":1600428,"segment":2,"interval":1,"start_time":1607517190908},{"elapsed_time":1600902,"segment":2,"interval":1,"start_time":1607517191382},{"elapsed_time":1605048,"segment":2,"interval":1,"start_time":1607517195528},{"elapsed_time":1610391,"segment":2,"interval":1,"start_time":1607517200871},{"elapsed_time":1610914,"segment":2,"interval":1,"start_time":1607517201394},{"elapsed_time":1620402,"segment":2,"interval":1,"start_time":1607517210882},{"elapsed_time":1620883,"segment":2,"interval":1,"start_time":1607517211363},{"elapsed_time":1630411,"segment":2,"interval":1,"start_time":1607517220891},{"elapsed_time":1630884,"segment":2,"interval":1,"start_time":1607517221364},{"elapsed_time":1636421,"segment":2,"interval":1,"start_time":1607517226901},{"elapsed_time":1640421,"segment":2,"interval":1,"start_time":1607517230901},{"elapsed_time":1640886,"segment":2,"interval":1,"start_time":1607517231366},{"elapsed_time":1644074,"segment":2,"interval":1,"start_time":1607517234554},{"elapsed_time":1650431,"segment":2,"interval":1,"start_time":1607517240911},{"elapsed_time":1650899,"segment":2,"interval":1,"start_time":1607517241379},{"elapsed_time":1660528,"segment":2,"interval":1,"start_time":1607517251008},{"elapsed_time":1660885,"segment":2,"interval":1,"start_time":1607517251365},{"elapsed_time":1670450,"segment":2,"interval":1,"start_time":1607517260930},{"elapsed_time":1670872,"segment":2,"interval":1,"start_time":1607517261352},{"elapsed_time":1680494,"segment":2,"interval":1,"start_time":1607517270974},{"elapsed_time":1680891,"segment":2,"interval":1,"start_time":1607517271371},{"elapsed_time":1681080,"segment":2,"interval":1,"start_time":1607517271560},{"elapsed_time":1690480,"segment":2,"interval":1,"start_time":1607517280960},{"elapsed_time":1690876,"segment":2,"interval":1,"start_time":1607517281356},{"elapsed_time":1700483,"segment":2,"interval":1,"start_time":1607517290963},{"elapsed_time":1700901,"segment":2,"interval":1,"start_time":1607517291381},{"elapsed_time":1710549,"segment":2,"interval":1,"start_time":1607517301029},{"elapsed_time":1710856,"segment":2,"interval":1,"start_time":1607517301336},{"elapsed_time":1720656,"segment":2,"interval":1,"start_time":1607517311136},{"elapsed_time":1720871,"segment":2,"interval":1,"start_time":1607517311351},{"elapsed_time":1727084,"segment":2,"interval":1,"start_time":1607517317564},{"elapsed_time":1730509,"segment":2,"interval":1,"start_time":1607517320989},{"elapsed_time":1730874,"segment":2,"interval":1,"start_time":1607517321354},{"elapsed_time":1740529,"segment":2,"interval":1,"start_time":1607517331009},{"elapsed_time":1740901,"segment":2,"interval":1,"start_time":1607517331381},{"elapsed_time":1750529,"segment":2,"interval":1,"start_time":1607517341009},{"elapsed_time":1750905,"segment":2,"interval":1,"start_time":1607517341385},{"elapsed_time":1759770,"segment":2,"interval":1,"start_time":1607517350250},{"elapsed_time":1760538,"segment":2,"interval":1,"start_time":1607517351018},{"elapsed_time":1760904,"segment":2,"interval":1,"start_time":1607517351384},{"elapsed_time":1770548,"segment":2,"interval":1,"start_time":1607517361028},{"elapsed_time":1770885,"segment":2,"interval":1,"start_time":1607517361365},{"elapsed_time":1780845,"segment":2,"interval":1,"start_time":1607517371325},{"elapsed_time":1785563,"segment":2,"interval":1,"start_time":1607517376043},{"elapsed_time":1788384,"segment":2,"interval":1,"start_time":1607517378864},{"elapsed_time":1790565,"segment":2,"interval":1,"start_time":1607517381045},{"elapsed_time":1790912,"segment":2,"interval":1,"start_time":1607517381392},{"elapsed_time":1799357,"segment":2,"interval":1,"start_time":1607517389837},{"elapsed_time":1800582,"segment":2,"interval":1,"start_time":1607517391062},{"elapsed_time":1800907,"segment":2,"interval":1,"start_time":1607517391387},{"elapsed_time":1810588,"segment":2,"interval":1,"start_time":1607517401068},{"elapsed_time":1810866,"segment":2,"interval":1,"start_time":1607517401346},{"elapsed_time":1820639,"segment":2,"interval":1,"start_time":1607517411119},{"elapsed_time":1820875,"segment":2,"interval":1,"start_time":1607517411355},{"elapsed_time":1830620,"segment":2,"interval":1,"start_time":1607517421100},{"elapsed_time":1830869,"segment":2,"interval":1,"start_time":1607517421349},{"elapsed_time":1833581,"segment":2,"interval":1,"start_time":1607517424061},{"elapsed_time":1840874,"segment":2,"interval":1,"start_time":1607517431354},{"elapsed_time":1840893,"segment":2,"interval":1,"start_time":1607517431373},{"elapsed_time":1850705,"segment":2,"interval":1,"start_time":1607517441185},{"elapsed_time":1850887,"segment":2,"interval":1,"start_time":1607517441367},{"elapsed_time":1860702,"segment":2,"interval":1,"start_time":1607517451182},{"elapsed_time":1860877,"segment":2,"interval":1,"start_time":1607517451357},{"elapsed_time":1865605,"segment":2,"interval":1,"start_time":1607517456085},{"elapsed_time":1870645,"segment":2,"interval":1,"start_time":1607517461125},{"elapsed_time":1870880,"segment":2,"interval":1,"start_time":1607517461360},{"elapsed_time":1880780,"segment":2,"interval":1,"start_time":1607517471260},{"elapsed_time":1880850,"segment":2,"interval":1,"start_time":1607517471330},{"elapsed_time":1890755,"segment":2,"interval":1,"start_time":1607517481235},{"elapsed_time":1890882,"segment":2,"interval":1,"start_time":1607517481362},{"elapsed_time":1900696,"segment":2,"interval":1,"start_time":1607517491176},{"elapsed_time":1900886,"segment":2,"interval":1,"start_time":1607517491366},{"elapsed_time":1901590,"segment":2,"interval":1,"start_time":1607517492070},{"elapsed_time":1910795,"segment":2,"interval":1,"start_time":1607517501275},{"elapsed_time":1910903,"segment":2,"interval":1,"start_time":1607517501383},{"elapsed_time":1920694,"segment":2,"interval":1,"start_time":1607517511174},{"elapsed_time":1920865,"segment":2,"interval":1,"start_time":1607517511345},{"elapsed_time":1924430,"segment":2,"interval":1,"start_time":1607517514910}]