{"lengths":[{"duration":34940,"interval":1,"stroke_count":18,"stroke_type":"Freestyle"},{"duration":37560,"interval":1,"stroke_count":19,"stroke_type":"Freestyle"},{"duration":43180,"interval":1,"stroke_count":17,"stroke_type":"Mixed"},{"duration":44380,"interval":1,"stroke_count":19,"stroke_type":"Mixed"},{"duration":47480,"interval":1,"stroke_count":16,"stroke_type":"Butterfly"},{"duration":45460,"interval":1,"stroke_count":20,"stroke_type":"Butterfly"},{"duration":43580,"interval":1,"stroke_count":21,"stroke_type":"Mixed"},{"duration":47060,"interval":1,"stroke_count":21,"stroke_type":"Mixed"},{"duration":44800,"interval":1,"stroke_count":19,"stroke_type":"Mixed"},{"duration":45140,"interval":1,"stroke_count":17,"stroke_type":"Mixed"},{"duration":42080,"interval":1,"stroke_count":21,"stroke_type":"Mixed"},{"duration":43420,"interval":1,"stroke_count":20,"stroke_type":"Mixed"},{"duration":49460,"interval":1,"stroke_count":20,"stroke_type":"Mixed"},{"duration":47740,"interval":1,"stroke_count":20,"stroke_type":"Butterfly"},{"duration":48140,"interval":1,"stroke_count":21,"stroke_type":"Mixed"},{"duration":48060,"interval":1,"stroke_count":20,"stroke_type":"Mixed"},{"duration":46380,"interval":1,"stroke_count":20,"stroke_type":"Mixed"},{"duration":43120,"interval":1,"stroke_count":22,"stroke_type":"Mixed"},{"duration":40900,"interval":1,"stroke_count":21,"stroke_type":"Freestyle"},{"duration":43320,"interval":1,"stroke_count":21,"stroke_type":"Mixed"},{"duration":39140,"interval":1,"stroke_count":19,"stroke_type":"Mixed"},{"duration":42000,"interval":1,"stroke_count":21,"stroke_type":"Mixed"},{"duration":47440,"interval":1,"stroke_count":23,"stroke_type":"Mixed"},{"duration":47060,"interval":1,"stroke_count":22,"stroke_type":"Mixed"},{"duration":51440,"interval":1,"stroke_count":24,"stroke_type":"Mixed"},{"duration":51360,"interval":1,"stroke_count":21,"stroke_type":"Freestyle"},{"duration":41960,"interval":1,"stroke_count":21,"stroke_type":"Freestyle"},{"duration":51600,"interval":1,"stroke_count":22,"stroke_type":"Freestyle"},{"duration":44040,"interval":1,"stroke_count":21,"stroke_type":"Mixed"},{"duration":50600,"interval":1,"stroke_count":24,"stroke_type":"Freestyle"},{"duration":48620,"interval":1,"stroke_count":14,"stroke_type":"Freestyle"},{"duration":46140,"interval":1,"stroke_count":24,"stroke_type":"Mixed"},{"duration":50400,"interval":1,"stroke_count":24,"stroke_type":"Mixed"},{"duration":46180,"interval":1,"stroke_count":21,"stroke_type":"Butterfly"},{"duration":52620,"interval":1,"stroke_count":23,"stroke_type":"Freestyle"},{"duration":49100,"interval":1,"stroke_count":17,"stroke_type":"Freestyle"},{"duration":50640,"interval":1,"stroke_count":21,"stroke_type":"Mixed"},{"duration":48780,"interval":1,"stroke_count":22,"stroke_type":"Mixed"},{"duration":53220,"interval":1,"stroke_count":24,"stroke_type":"Mixed"},{"duration":39760,"interval":1,"stroke_count":20,"stroke_type":"Butterfly"}],"pool_length":25,"pool_length_unit":"meter","total_distance":1000.0,"total_duration":1874890}