com.samsung.shealth.calories_burned.details,6156001,1
version,extra_data,com.samsung.shealth.calories_burned.tef_calorie,com.samsung.shealth.calories_burned.active_time,com.samsung.shealth.calories_burned.rest_calorie,com.samsung.shealth.calories_burned.update_time,com.samsung.shealth.calories_burned.create_time,com.samsung.shealth.calories_burned.active_calorie,com.samsung.shealth.calories_burned.deviceuuid,com.samsung.shealth.calories_burned.pkg_name,com.samsung.shealth.calories_burned.datauuid,com.samsung.shealth.calories_burned.day_time
,e5a8a58c-5959-4b2b-9c30-6763f9d37176.extra_data.json,0.0,2247189,1653.6246,2021-03-05 21:49:03.078,2021-02-28 13:46:14.880,187.63414,OD8XXfRrR9,com.sec.android.app.shealth,e5a8a58c-5959-4b2b-9c30-6763f9d37176,1612569600000,
,a65e3962-3de9-473e-81db-f60fa048e531.extra_data.json,0.0,409802,1689.7299,2021-02-28 20:55:04.017,2021-02-28 13:46:14.837,24.063124,OD8XXfRrR9,com.sec.android.app.shealth,a65e3962-3de9-473e-81db-f60fa048e531,1612137600000,
,bbeda9a8-f613-49d4-aa64-632004d56d31.extra_data.json,0.0,3078455,1637.29,2021-03-04 21:35:04.257,2021-02-28 13:46:14.874,413.0679,OD8XXfRrR9,com.sec.android.app.shealth,bbeda9a8-f613-49d4-aa64-632004d56d31,1612483200000,
,de0979ff-90fe-474d-bde1-d78e7f2669de.extra_data.json,0.0,7464166,1558.7212,2021-03-15 20:39:18.677,2021-02-28 13:46:14.953,462.20654,OD8XXfRrR9,com.sec.android.app.shealth,de0979ff-90fe-474d-bde1-d78e7f2669de,1613433600000,
,d9c280fb-6c73-4fbe-bdb5-88fa17ea0ab3.extra_data.json,0.0,370717,1698.7932,2021-03-12 20:22:10.305,2021-02-28 13:46:14.931,22.396036,OD8XXfRrR9,com.sec.android.app.shealth,d9c280fb-6c73-4fbe-bdb5-88fa17ea0ab3,1613174400000,
,ccc6798c-471d-43bb-adea-23ee8736fcd1.extra_data.json,0.0,4122077,1623.6864,2021-03-24 21:55:06.480,2021-02-28 13:46:15.043,472.62305,OD8XXfRrR9,com.sec.android.app.shealth,ccc6798c-471d-43bb-adea-23ee8736fcd1,1614211200000,
,6db49afb-8489-4eb2-b930-69d207ab8933.extra_data.json,0.0,3777432,1630.4877,2021-03-22 21:55:06.108,2021-02-28 13:46:15.026,519.1133,OD8XXfRrR9,com.sec.android.app.shealth,6db49afb-8489-4eb2-b930-69d207ab8933,1614038400000,
,d6e69bff-b4a3-4a2a-9945-a5beeac32d95.extra_data.json,0.0,390995,1698.393,2021-03-13 17:42:03.130,2021-02-28 13:46:14.936,21.860518,OD8XXfRrR9,com.sec.android.app.shealth,d6e69bff-b4a3-4a2a-9945-a5beeac32d95,1613260800000,
,c727a6ca-15f0-479e-a555-771893b2cbe6.extra_data.json,0.0,4827575,1608.5878,2021-02-12 21:45:11.795,2021-01-15 23:00:00.439,435.6168,vC702BfhH0,com.sec.android.app.shealth,c727a6ca-15f0-479e-a555-771893b2cbe6,1610755200000,
,19807312-d266-4c7b-9ba4-0b73ce51cb31.extra_data.json,0.0,25311180,1210.8405,2021-01-09 22:47:03.384,2020-12-12 23:00:00.379,2307.1006,vC702BfhH0,com.sec.android.app.shealth,19807312-d266-4c7b-9ba4-0b73ce51cb31,1607817600000,
,a6bc3a7b-5146-465c-8e0d-5a0a7ed8c3e3.extra_data.json,0.0,3076139,1644.3271,2021-03-23 21:47:46.719,2021-02-28 13:46:15.033,411.13034,OD8XXfRrR9,com.sec.android.app.shealth,a6bc3a7b-5146-465c-8e0d-5a0a7ed8c3e3,1614124800000,
,ea76efbf-5289-4e37-975e-172f0059ae98.extra_data.json,0.0,12492753,1464.1587,2021-01-20 22:19:21.622,2020-12-23 23:00:00.442,849.8484,vC702BfhH0,com.sec.android.app.shealth,ea76efbf-5289-4e37-975e-172f0059ae98,1608768000000,
,21ba4116-1034-4129-b757-811b8f3036c9.extra_data.json,0.0,3350261,1646.1274,2021-01-10 22:35:03.778,2020-12-13 23:00:00.603,523.59094,vC702BfhH0,com.sec.android.app.shealth,21ba4116-1034-4129-b757-811b8f3036c9,1607904000000,
,6ac1c04e-b043-4394-bc5f-bf98510a9f6c.extra_data.json,0.0,187427,1714.4827,2020-12-18 18:24:45.789,2020-11-20 22:00:00.946,10.05983,vC702BfhH0,com.sec.android.app.shealth,6ac1c04e-b043-4394-bc5f-bf98510a9f6c,1605916800000,
,3990811a-9f44-4235-85dc-7c7e6647ae98.extra_data.json,0.0,2852799,1647.5299,2021-02-16 22:15:04.443,2021-01-19 23:00:00.605,285.1318,vC702BfhH0,com.sec.android.app.shealth,3990811a-9f44-4235-85dc-7c7e6647ae98,1611100800000,
,f0116763-69ff-47eb-8265-6268d17859e4.extra_data.json,0.0,6955807,1579.882,2020-12-13 22:15:02.397,2020-11-15 22:00:00.533,422.54163,vC702BfhH0,com.sec.android.app.shealth,f0116763-69ff-47eb-8265-6268d17859e4,1605484800000,
,7e5d05a7-0e81-4f80-a3fb-19452e829fa6.extra_data.json,0.0,3954266,1531.2454,2020-11-29 22:55:04.173,2020-11-07 08:33:38.832,554.82825,vC702BfhH0,com.sec.android.app.shealth,7e5d05a7-0e81-4f80-a3fb-19452e829fa6,1604275200000,
,ebe1c099-fa95-498b-b620-370db8ccf7c5.extra_data.json,0.0,0,1604.687,2020-11-21 21:57:56.490,2020-11-07 08:33:38.588,0.0,vC702BfhH0,com.sec.android.app.shealth,ebe1c099-fa95-498b-b620-370db8ccf7c5,1603584000000,
,a8ae6c90-df14-4d99-a238-7b1cd8dd6bd4.extra_data.json,196.90001,4987541,1612.8425,2021-01-23 19:04:13.775,2020-12-26 23:00:00.749,553.1918,vC702BfhH0,com.sec.android.app.shealth,a8ae6c90-df14-4d99-a238-7b1cd8dd6bd4,1609027200000,
,ee56f000-cd75-4d42-9a95-be7e3a41c77a.extra_data.json,0.0,3131045,1636.2566,2021-02-25 22:53:58.744,2021-01-28 23:00:01.312,442.05444,vC702BfhH0,com.sec.android.app.shealth,ee56f000-cd75-4d42-9a95-be7e3a41c77a,1611878400000,
,18479637-7037-4206-9e92-31a9fed668e6.extra_data.json,150.0,447460,1681.8623,2021-02-06 21:42:43.313,2021-01-09 23:00:00.462,26.19145,vC702BfhH0,com.sec.android.app.shealth,18479637-7037-4206-9e92-31a9fed668e6,1610236800000,
,37fc1378-8740-4485-ac5f-95a483a6f120.extra_data.json,0.0,0,1604.687,2020-11-22 21:46:58.535,2020-11-07 08:33:38.609,0.0,vC702BfhH0,com.sec.android.app.shealth,37fc1378-8740-4485-ac5f-95a483a6f120,1603670400000,
,d1047f8d-4c4b-4b22-a012-e756f2c7fe32.extra_data.json,0.0,2628903,1660.4255,2021-01-13 22:55:02.458,2020-12-16 23:00:01.497,260.4511,vC702BfhH0,com.sec.android.app.shealth,d1047f8d-4c4b-4b22-a012-e756f2c7fe32,1608163200000,
,5a80bd38-c506-4d1f-99cc-a8d5e3d2a94e.extra_data.json,0.0,194764,1714.3367,2020-12-17 21:41:25.844,2020-11-19 22:00:00.437,10.400642,vC702BfhH0,com.sec.android.app.shealth,5a80bd38-c506-4d1f-99cc-a8d5e3d2a94e,1605830400000,
,d7c2e728-6863-46a8-93e6-ecb075df89cd.extra_data.json,0.0,3107823,1643.7019,2021-03-26 20:23:50.824,2021-02-26 23:00:01.488,197.27873,OD8XXfRrR9,com.sec.android.app.shealth,d7c2e728-6863-46a8-93e6-ecb075df89cd,1614384000000,
,0c410b4f-b9c5-4898-92e1-be6b15e72197.extra_data.json,214.2,6003661,1585.6333,2021-02-04 22:55:02.556,2021-01-07 23:00:00.737,471.00858,vC702BfhH0,com.sec.android.app.shealth,0c410b4f-b9c5-4898-92e1-be6b15e72197,1610064000000,
,b32d860e-4117-46b1-99ce-56f40246eda8.extra_data.json,9.0,264265,1685.4469,2021-02-08 21:55:03.810,2021-01-11 23:00:01.959,15.508608,vC702BfhH0,com.sec.android.app.shealth,b32d860e-4117-46b1-99ce-56f40246eda8,1610409600000,
,24a673db-7724-4043-bf8e-7c3d109e0c5b.extra_data.json,0.0,3121468,1636.4448,2021-03-08 21:38:55.135,2021-02-08 23:00:00.983,437.75296,OD8XXfRrR9,com.sec.android.app.shealth,24a673db-7724-4043-bf8e-7c3d109e0c5b,1612828800000,
,faf14a6e-8cc3-46f2-b537-e929922ea870.extra_data.json,0.0,0,1604.687,2020-11-11 21:39:49.336,2020-11-07 08:33:38.469,0.0,vC702BfhH0,com.sec.android.app.shealth,faf14a6e-8cc3-46f2-b537-e929922ea870,1602720000000,
,312377e1-589f-4d2d-8d4b-c18f8c38376e.extra_data.json,0.0,5274810,1594.1311,2021-02-22 12:14:45.182,2021-01-25 23:00:00.884,545.48486,vC702BfhH0,com.sec.android.app.shealth,312377e1-589f-4d2d-8d4b-c18f8c38376e,1611619200000,
,f11afcbf-afed-4ecd-9849-dbb56e48a17e.extra_data.json,0.0,3180593,1643.3076,2021-03-11 19:18:54.413,2021-02-11 23:00:00.579,403.95663,OD8XXfRrR9,com.sec.android.app.shealth,f11afcbf-afed-4ecd-9849-dbb56e48a17e,1613088000000,
,e85fb060-bf29-465e-b3a7-4dd5c3ee8d30.extra_data.json,0.0,14493123,1412.9889,2021-03-03 20:12:07.051,2021-02-03 23:00:00.424,1402.543,OD8XXfRrR9,com.sec.android.app.shealth,e85fb060-bf29-465e-b3a7-4dd5c3ee8d30,1612396800000,
,1d9caf94-ca1a-4bf8-83b2-46799da35cca.extra_data.json,0.0,0,1604.687,2020-11-14 21:22:30.805,2020-11-07 08:33:38.504,0.0,vC702BfhH0,com.sec.android.app.shealth,1d9caf94-ca1a-4bf8-83b2-46799da35cca,1602979200000,
,735d2588-53f3-4231-84f9-b51048d97498.extra_data.json,0.0,5075928,1611.9231,2021-01-06 22:55:03.382,2020-12-09 23:00:00.782,647.8245,vC702BfhH0,com.sec.android.app.shealth,735d2588-53f3-4231-84f9-b51048d97498,1607558400000,
,23c823e2-1bfa-4071-9b1e-8516c9c9bfd0.extra_data.json,183.1,11979783,1475.6141,2021-01-29 22:50:59.143,2021-01-01 23:00:01.335,1402.9941,vC702BfhH0,com.sec.android.app.shealth,23c823e2-1bfa-4071-9b1e-8516c9c9bfd0,1609545600000,
,11768117-9c3a-4c6d-bd68-0c3bd68cd694.extra_data.json,0.0,6877494,1576.2142,2021-01-14 22:35:04.326,2020-12-17 23:00:00.791,1050.7952,vC702BfhH0,com.sec.android.app.shealth,11768117-9c3a-4c6d-bd68-0c3bd68cd694,1608249600000,
,38c204d8-251d-46f9-b2ce-35d3f1ec48df.extra_data.json,0.0,3131131,1650.471,2021-01-11 22:55:04.617,2020-12-14 23:00:00.813,471.7005,vC702BfhH0,com.sec.android.app.shealth,38c204d8-251d-46f9-b2ce-35d3f1ec48df,1607990400000,
,bc23d4de-a2ed-46b8-b6fd-2baed628628a.extra_data.json,0.0,0,1604.687,2020-11-28 22:35:04.972,2020-11-07 08:33:38.765,0.0,vC702BfhH0,com.sec.android.app.shealth,bc23d4de-a2ed-46b8-b6fd-2baed628628a,1604188800000,
,6e1e2610-137b-4990-bd23-d4a8212cf47d.extra_data.json,0.0,11426515,1490.9745,2020-12-05 17:55:03.715,2020-11-07 22:00:00.523,711.51,vC702BfhH0,com.sec.android.app.shealth,6e1e2610-137b-4990-bd23-d4a8212cf47d,1604793600000,
,16f918ef-514f-482f-be57-2eefd09222c2.extra_data.json,0.0,0,1604.687,2020-11-09 20:55:04.257,2020-11-07 08:33:38.401,0.0,vC702BfhH0,com.sec.android.app.shealth,16f918ef-514f-482f-be57-2eefd09222c2,1602547200000,
,66756086-e6de-4a52-8f36-f15e1e0cd90b.extra_data.json,161.7,3359441,1628.282,2021-02-03 22:55:02.999,2021-01-06 23:00:01.284,447.55307,vC702BfhH0,com.sec.android.app.shealth,66756086-e6de-4a52-8f36-f15e1e0cd90b,1609977600000,
,1a6ec583-5653-4ad7-9740-c19a6ef833d4.extra_data.json,0.0,3553586,1642.0974,2021-01-03 22:55:05.073,2020-12-06 23:00:01.229,526.9898,vC702BfhH0,com.sec.android.app.shealth,1a6ec583-5653-4ad7-9740-c19a6ef833d4,1607299200000,
,ce361d36-e11d-4748-95cc-87f475e7f60c.extra_data.json,0.0,3377683,1638.3765,2021-03-21 20:55:04.283,2021-02-21 23:00:00.608,497.329,OD8XXfRrR9,com.sec.android.app.shealth,ce361d36-e11d-4748-95cc-87f475e7f60c,1613952000000,
,439faa78-6d86-4749-868e-d9b0bc2536d0.extra_data.json,0.0,51359,1717.1886,2020-12-22 22:47:27.267,2020-11-24 22:00:00.594,2.724121,vC702BfhH0,com.sec.android.app.shealth,439faa78-6d86-4749-868e-d9b0bc2536d0,1606262400000,
,e67d9fc4-732d-461e-b3a1-703a479c055b.extra_data.json,0.0,5037256,1598.7991,2021-02-26 22:43:35.212,2021-01-29 23:00:00.410,469.63885,vC702BfhH0,com.sec.android.app.shealth,e67d9fc4-732d-461e-b3a1-703a479c055b,1611964800000,
,35f30ff0-4988-4464-bcaf-62d2c00bc507.extra_data.json,0.0,9487061,1523.7036,2021-01-21 18:54:18.417,2020-12-24 23:00:01.716,603.17285,vC702BfhH0,com.sec.android.app.shealth,35f30ff0-4988-4464-bcaf-62d2c00bc507,1608854400000,
,a11a91d5-e72d-43d6-915e-64735523bf16.extra_data.json,0.0,3627085,1646.0792,2020-12-26 22:35:03.667,2020-11-28 23:00:00.477,470.40063,vC702BfhH0,com.sec.android.app.shealth,a11a91d5-e72d-43d6-915e-64735523bf16,1606608000000,
,5176d184-9611-4758-880a-ea89e0d83815.extra_data.json,242.2,4706192,1598.5303,2021-02-05 22:20:35.026,2021-01-08 23:00:00.778,1048.6212,vC702BfhH0,com.sec.android.app.shealth,5176d184-9611-4758-880a-ea89e0d83815,1610150400000,
,f9bb2fa1-aea8-476a-8a53-d45b029ed3cf.extra_data.json,0.0,2978276,1653.5007,2021-01-08 22:55:04.721,2020-12-11 23:00:01.364,423.78745,vC702BfhH0,com.sec.android.app.shealth,f9bb2fa1-aea8-476a-8a53-d45b029ed3cf,1607731200000,
,a846eaa0-95cb-41a6-abfc-65314a924ebd.extra_data.json,0.0,4402657,1625.2681,2021-01-12 22:35:03.899,2020-12-15 23:00:00.555,548.39435,vC702BfhH0,com.sec.android.app.shealth,a846eaa0-95cb-41a6-abfc-65314a924ebd,1608076800000,
,a1cdadb8-5bec-4093-a786-1bf91745a793.extra_data.json,0.0,3162069,1641.4312,2021-02-18 22:21:40.238,2021-01-21 23:00:00.415,419.06445,vC702BfhH0,com.sec.android.app.shealth,a1cdadb8-5bec-4093-a786-1bf91745a793,1611273600000,
,1d72140e-1c05-48d5-aa51-f5d5578d9b41.extra_data.json,0.0,3020125,1638.4362,2021-02-21 22:24:06.164,2021-01-24 23:00:00.921,406.62555,vC702BfhH0,com.sec.android.app.shealth,1d72140e-1c05-48d5-aa51-f5d5578d9b41,1611532800000,
,7b7caf96-3d12-4ef8-91fd-32a35147131f.extra_data.json,0.0,2985120,1632.207,2021-02-09 22:11:03.344,2021-01-12 23:00:00.682,383.18445,vC702BfhH0,com.sec.android.app.shealth,7b7caf96-3d12-4ef8-91fd-32a35147131f,1610496000000,
,02849b0e-db12-4c32-b82c-17168cb8468f.extra_data.json,0.0,370185,1710.8483,2020-12-14 22:52:06.151,2020-11-16 22:00:00.999,19.648312,vC702BfhH0,com.sec.android.app.shealth,02849b0e-db12-4c32-b82c-17168cb8468f,1605571200000,
,18151337-accb-40f0-b085-4c0c2bb5a72a.extra_data.json,0.0,6100836,1596.8846,2021-01-01 21:35:03.529,2020-12-04 23:00:00.756,665.095,vC702BfhH0,com.sec.android.app.shealth,18151337-accb-40f0-b085-4c0c2bb5a72a,1607126400000,
,dab8cbf4-2bd2-49a2-830d-dc0687eb89f6.extra_data.json,208.7,4728687,1616.236,2021-01-25 21:35:05.432,2020-12-28 23:00:01.923,413.87503,vC702BfhH0,com.sec.android.app.shealth,dab8cbf4-2bd2-49a2-830d-dc0687eb89f6,1609200000000,
,30df510d-1861-4acf-8612-140a62229aac.extra_data.json,0.0,4518603,1622.9698,2021-01-07 22:35:02.670,2020-12-10 23:00:00.819,461.47543,vC702BfhH0,com.sec.android.app.shealth,30df510d-1861-4acf-8612-140a62229aac,1607644800000,
,865576dd-40dd-4c25-bbc6-0d2e776b458f.extra_data.json,0.0,6908950,1568.6897,2021-03-27 21:35:04.805,2021-02-27 22:41:21.280,432.64136,OD8XXfRrR9,com.sec.android.app.shealth,865576dd-40dd-4c25-bbc6-0d2e776b458f,1614470400000,
,02093723-ec78-4b0f-9b57-de4ab18882ff.extra_data.json,201.7,3107827,1636.4318,2021-02-02 22:55:03.580,2021-01-05 23:00:03.921,416.8787,vC702BfhH0,com.sec.android.app.shealth,02093723-ec78-4b0f-9b57-de4ab18882ff,1609891200000,
,355d877a-2f5e-43bc-a312-ea863c17ec52.extra_data.json,0.0,11398021,1491.541,2020-12-10 22:20:20.433,2020-11-12 22:00:00.555,680.98975,vC702BfhH0,com.sec.android.app.shealth,355d877a-2f5e-43bc-a312-ea863c17ec52,1605225600000,
,d845697e-ec1b-4755-9c69-5c91aae36781.extra_data.json,0.0,3036378,1657.8265,2020-12-15 22:35:04.473,2020-11-17 22:00:00.439,158.19144,vC702BfhH0,com.sec.android.app.shealth,d845697e-ec1b-4755-9c69-5c91aae36781,1605657600000,
,b2e1e9ca-3f0e-42ce-9a53-98cfc09b5113.extra_data.json,0.0,3374970,1639.4694,2021-03-16 21:55:06.627,2021-02-16 23:00:00.789,439.71118,OD8XXfRrR9,com.sec.android.app.shealth,b2e1e9ca-3f0e-42ce-9a53-98cfc09b5113,1613520000000,
,b1ed61a8-cc30-4464-8116-d97ee7c200d2.extra_data.json,0.0,0,1604.687,2020-11-26 20:49:40.882,2020-11-07 08:33:38.705,0.0,vC702BfhH0,com.sec.android.app.shealth,b1ed61a8-cc30-4464-8116-d97ee7c200d2,1604016000000,
,d2c9c4c8-761e-4b2d-a055-d10ac0c7486d.extra_data.json,0.0,0,1604.687,2020-11-13 21:24:02.380,2020-11-07 08:33:38.495,0.0,vC702BfhH0,com.sec.android.app.shealth,d2c9c4c8-761e-4b2d-a055-d10ac0c7486d,1602892800000,
,cd711c1a-846f-4a40-9e1f-81b78f088371.extra_data.json,0.0,3893393,1532.3759,2020-11-30 22:35:02.946,2020-11-07 08:33:38.863,554.2224,vC702BfhH0,com.sec.android.app.shealth,cd711c1a-846f-4a40-9e1f-81b78f088371,1604361600000,
,b2c90984-5b4e-4236-bc3a-e7b8be805924.extra_data.json,0.0,5372424,1611.3702,2020-12-29 22:54:27.785,2020-12-01 23:00:01.711,639.1929,vC702BfhH0,com.sec.android.app.shealth,b2c90984-5b4e-4236-bc3a-e7b8be805924,1606867200000,
,655c9bd2-61b2-48b7-afb2-235553da0036.extra_data.json,181.0,3041099,1656.1348,2021-01-28 18:21:48.608,2020-12-31 23:00:08.246,470.17468,vC702BfhH0,com.sec.android.app.shealth,655c9bd2-61b2-48b7-afb2-235553da0036,1609459200000,
,f096e18f-9b92-40b2-ae04-ac18a374c157.extra_data.json,0.0,13749200,1440.0104,2021-01-15 22:10:32.994,2020-12-18 23:14:53.952,1906.7351,vC702BfhH0,com.sec.android.app.shealth,f096e18f-9b92-40b2-ae04-ac18a374c157,1608336000000,
,3dce2d65-32e7-4738-849d-4b6dce575cf5.extra_data.json,0.0,4791779,1622.9174,2020-12-09 22:50:51.468,2020-11-11 22:00:01.440,271.36255,vC702BfhH0,com.sec.android.app.shealth,3dce2d65-32e7-4738-849d-4b6dce575cf5,1605139200000,
,81387e42-c801-44cc-a59a-b94cb13cef76.extra_data.json,0.0,0,1604.687,2020-11-25 13:09:59.893,2020-11-07 08:33:38.675,0.0,vC702BfhH0,com.sec.android.app.shealth,81387e42-c801-44cc-a59a-b94cb13cef76,1603929600000,
,f6b0f28a-db47-465d-9df4-dfe6f167afcc.extra_data.json,0.0,0,1604.687,2020-11-23 21:35:02.658,2020-11-07 08:33:38.616,0.0,vC702BfhH0,com.sec.android.app.shealth,f6b0f28a-db47-465d-9df4-dfe6f167afcc,1603756800000,
,83fce294-aae5-4a14-a45d-3596af02cabf.extra_data.json,0.0,596430,1693.2621,2021-03-30 15:24:51.550,2021-03-05 22:00:00.580,34.98,OD8XXfRrR9,com.sec.android.app.shealth,83fce294-aae5-4a14-a45d-3596af02cabf,1614988800000,
,b3402c63-617a-43ba-a779-067a4124191a.extra_data.json,0.0,430881,1696.5292,2021-03-30 15:24:51.524,2021-03-03 22:00:00.715,25.530003,OD8XXfRrR9,com.sec.android.app.shealth,b3402c63-617a-43ba-a779-067a4124191a,1614816000000,
,e0ed03cd-0f5c-405b-84e0-d9f4575e0743.extra_data.json,0.0,7345257,1468.2653,2020-12-02 22:55:02.369,2020-11-07 08:33:38.940,435.71985,vC702BfhH0,com.sec.android.app.shealth,e0ed03cd-0f5c-405b-84e0-d9f4575e0743,1604534400000,
,cec90279-8a0e-41c3-a672-2c252396b5be.extra_data.json,0.0,799332,1689.258,2021-03-30 15:24:51.582,2021-03-09 22:00:01.080,49.339996,OD8XXfRrR9,com.sec.android.app.shealth,cec90279-8a0e-41c3-a672-2c252396b5be,1615334400000,
,a7847d1b-517b-4ec3-92d1-9b1ffdada26a.extra_data.json,0.0,1184026,1681.6665,2021-03-30 15:24:51.534,2021-03-04 22:00:00.325,70.12001,OD8XXfRrR9,com.sec.android.app.shealth,a7847d1b-517b-4ec3-92d1-9b1ffdada26a,1614902400000,
,8172f75f-567c-49a6-9c3a-c0ebd8962e29.extra_data.json,0.0,1219940,1680.9578,2021-03-30 15:24:51.592,2021-03-11 22:00:01.966,70.69001,OD8XXfRrR9,com.sec.android.app.shealth,8172f75f-567c-49a6-9c3a-c0ebd8962e29,1615507200000,
,6beb5c47-9036-4f42-8bd8-796431eb8581.extra_data.json,0.0,2310669,1659.433,2021-03-30 15:24:51.625,2021-03-15 22:00:00.590,141.021,OD8XXfRrR9,com.sec.android.app.shealth,6beb5c47-9036-4f42-8bd8-796431eb8581,1615852800000,
,828b3008-15f9-45b3-9a7a-617545f85562.extra_data.json,0.0,749303,1690.2452,2021-03-30 15:24:51.584,2021-03-10 22:00:01.690,46.450993,OD8XXfRrR9,com.sec.android.app.shealth,828b3008-15f9-45b3-9a7a-617545f85562,1615420800000,
,8274bd9b-d18d-4154-94f9-87a51c6444c0.extra_data.json,0.0,748904,1690.2532,2021-03-30 15:24:51.639,2021-03-17 22:00:01.363,43.828896,OD8XXfRrR9,com.sec.android.app.shealth,8274bd9b-d18d-4154-94f9-87a51c6444c0,1616025600000,
,304853b3-9b4b-4dc3-8039-ea99f6e74aa0.extra_data.json,0.0,4879130,1608.7467,2021-03-30 15:24:51.688,2021-03-21 22:00:01.504,526.0785,OD8XXfRrR9,com.sec.android.app.shealth,304853b3-9b4b-4dc3-8039-ea99f6e74aa0,1616371200000,
,4be8595b-96a6-4ee8-a8e7-fa8634227077.extra_data.json,0.0,1456262,1676.2941,2021-03-30 15:24:51.631,2021-03-16 22:00:00.688,90.06001,OD8XXfRrR9,com.sec.android.app.shealth,4be8595b-96a6-4ee8-a8e7-fa8634227077,1615939200000,
,c1b81b06-c426-460b-b3c8-07c7b7b0822f.extra_data.json,0.0,8831967,1530.7406,2021-03-30 15:24:51.720,2021-03-23 22:00:01.649,537.2711,OD8XXfRrR9,com.sec.android.app.shealth,c1b81b06-c426-460b-b3c8-07c7b7b0822f,1616544000000,
,79d96f5d-f31e-4628-9f6a-df2172b12c0d.extra_data.json,0.0,5676149,1593.0181,2021-03-30 15:24:51.733,2021-03-27 22:00:01.291,348.4267,OD8XXfRrR9,com.sec.android.app.shealth,79d96f5d-f31e-4628-9f6a-df2172b12c0d,1616889600000,
,a877ba55-e454-4634-8ee1-7bd24ab36363.extra_data.json,0.0,6129080,1584.0798,2021-03-30 15:24:51.696,2021-03-22 22:00:00.787,959.2915,OD8XXfRrR9,com.sec.android.app.shealth,a877ba55-e454-4634-8ee1-7bd24ab36363,1616457600000,
,2b204aa4-ee46-4be2-92cd-e789fba90051.extra_data.json,0.0,850683,1291.4241,2021-03-30 15:24:51.740,2021-03-29 21:00:02.538,54.131,OD8XXfRrR9,com.sec.android.app.shealth,2b204aa4-ee46-4be2-92cd-e789fba90051,1617062400000,
,bdc8a708-3c7e-47ec-af55-740270e6c05e.extra_data.json,0.0,3029835,1638.2455,2021-03-06 15:33:07.192,2021-02-28 13:46:14.886,406.90375,OD8XXfRrR9,com.sec.android.app.shealth,bdc8a708-3c7e-47ec-af55-740270e6c05e,1612656000000,
,5d15de68-3459-4243-9528-f334f3eb1a92.extra_data.json,0.0,701549,1691.1876,2021-03-30 15:24:51.737,2021-03-28 21:00:00.716,40.889,OD8XXfRrR9,com.sec.android.app.shealth,5d15de68-3459-4243-9528-f334f3eb1a92,1616976000000,
,ca28b775-9cf1-4476-a971-60b653b18e34.extra_data.json,0.0,6077045,1578.367,2021-03-07 19:33:45.384,2021-02-28 13:46:14.892,937.9105,OD8XXfRrR9,com.sec.android.app.shealth,ca28b775-9cf1-4476-a971-60b653b18e34,1612742400000,
,f6cb0a1c-864a-42e2-962a-b072c9f67aa4.extra_data.json,0.0,3693745,1625.1995,2021-03-10 21:55:04.567,2021-02-28 13:46:14.915,449.89166,OD8XXfRrR9,com.sec.android.app.shealth,f6cb0a1c-864a-42e2-962a-b072c9f67aa4,1613001600000,
,bfd16e22-da8d-41a9-a6fc-9b6c85414943.extra_data.json,0.0,12946278,1450.4677,2021-03-17 20:55:03.758,2021-02-28 13:46:14.972,1748.6431,OD8XXfRrR9,com.sec.android.app.shealth,bfd16e22-da8d-41a9-a6fc-9b6c85414943,1613606400000,
,1c35fdb1-d32a-49c0-aa99-e7835002f19c.extra_data.json,0.0,5415176,1599.182,2021-03-19 21:54:20.918,2021-02-28 13:46:14.987,656.66406,OD8XXfRrR9,com.sec.android.app.shealth,1c35fdb1-d32a-49c0-aa99-e7835002f19c,1613779200000,
,c83affe7-e667-45c7-ac3b-2e6282d68778.extra_data.json,0.0,5985238,1586.9185,2021-03-25 21:40:53.902,2021-02-28 13:46:15.053,561.86053,OD8XXfRrR9,com.sec.android.app.shealth,c83affe7-e667-45c7-ac3b-2e6282d68778,1614297600000,
,4390664e-2a49-442a-9b78-6021f0319583.extra_data.json,0.0,3045405,1644.9336,2021-03-20 20:46:02.727,2021-02-28 13:46:15.013,410.14777,OD8XXfRrR9,com.sec.android.app.shealth,4390664e-2a49-442a-9b78-6021f0319583,1613865600000,
,41613b3d-8ea5-43dd-a060-16af396bb21f.extra_data.json,0.0,0,1604.687,2020-11-19 21:43:31.874,2020-11-07 08:33:38.573,0.0,vC702BfhH0,com.sec.android.app.shealth,41613b3d-8ea5-43dd-a060-16af396bb21f,1603411200000,
,d7a16a0c-d1f9-4d89-a0da-dac494c3e148.extra_data.json,227.2,4956742,1607.0603,2021-01-18 22:55:03.309,2020-12-21 23:00:00.828,637.72766,vC702BfhH0,com.sec.android.app.shealth,d7a16a0c-d1f9-4d89-a0da-dac494c3e148,1608595200000,
,a162b1c7-ede6-462c-ac83-47165cea617a.extra_data.json,0.0,0,1604.687,2020-11-18 21:15:04.187,2020-11-07 08:33:38.564,0.0,vC702BfhH0,com.sec.android.app.shealth,a162b1c7-ede6-462c-ac83-47165cea617a,1603324800000,
,6389f0fb-c128-44ef-8506-9a17c164509c.extra_data.json,0.0,3182328,1649.4562,2021-01-05 22:51:47.767,2020-12-08 23:00:00.440,508.68146,vC702BfhH0,com.sec.android.app.shealth,6389f0fb-c128-44ef-8506-9a17c164509c,1607472000000,
,0e5dc0be-1511-49fa-86f8-117dca90d878.extra_data.json,0.0,0,1604.687,2020-11-08 21:53:17.271,2020-11-07 08:33:38.389,0.0,vC702BfhH0,com.sec.android.app.shealth,0e5dc0be-1511-49fa-86f8-117dca90d878,1602460800000,
,43d12b62-5877-48f1-bb49-e66109d4f3c8.extra_data.json,0.0,404202,1718.5166,2020-12-24 21:35:03.096,2020-11-26 22:00:00.574,21.478638,vC702BfhH0,com.sec.android.app.shealth,43d12b62-5877-48f1-bb49-e66109d4f3c8,1606435200000,
,2e5fa806-765e-499f-9e1f-31ca70491657.extra_data.json,0.0,2374467,1670.9897,2020-12-31 20:55:04.520,2020-12-03 23:00:00.457,155.09204,vC702BfhH0,com.sec.android.app.shealth,2e5fa806-765e-499f-9e1f-31ca70491657,1607040000000,
,a01c38fb-ac9f-404b-80d9-83a67b7c9fe6.extra_data.json,0.0,15330858,1396.5272,2021-03-09 21:35:03.921,2021-02-09 23:00:00.799,1384.5566,OD8XXfRrR9,com.sec.android.app.shealth,a01c38fb-ac9f-404b-80d9-83a67b7c9fe6,1612915200000,
,275b988c-ad74-416e-a223-6e4c7eceeed9.extra_data.json,0.0,0,1604.687,2020-11-07 21:52:09.789,2020-11-07 08:33:38.343,0.0,vC702BfhH0,com.sec.android.app.shealth,275b988c-ad74-416e-a223-6e4c7eceeed9,1602374400000,
,eec38223-a05c-407e-960a-b3d9ff01d575.extra_data.json,0.0,61364,1716.9897,2020-12-21 22:51:15.304,2020-11-23 22:00:00.558,3.2973022,vC702BfhH0,com.sec.android.app.shealth,eec38223-a05c-407e-960a-b3d9ff01d575,1606176000000,
,b249e1f6-3830-4ce7-88e2-60f7673cc81b.extra_data.json,0.0,17520913,1353.4921,2021-03-01 21:55:06.746,2021-02-01 23:00:00.635,2016.8536,OD8XXfRrR9,com.sec.android.app.shealth,b249e1f6-3830-4ce7-88e2-60f7673cc81b,1612224000000,
,49a2523d-dd11-4070-892f-1bd87b53dec8.extra_data.json,169.8,3264213,1639.9843,2021-01-24 18:55:03.016,2020-12-27 23:00:00.535,444.34265,vC702BfhH0,com.sec.android.app.shealth,49a2523d-dd11-4070-892f-1bd87b53dec8,1609113600000,
,1e413f70-6904-4370-808c-574aaea291d5.extra_data.json,0.0,5389414,1611.0323,2020-12-27 21:55:02.358,2020-11-29 23:00:00.594,543.977,vC702BfhH0,com.sec.android.app.shealth,1e413f70-6904-4370-808c-574aaea291d5,1606694400000,
,4ce147b6-5ea8-4367-b641-6df5b4adfbd8.extra_data.json,0.0,3071062,1651.6615,2021-01-02 22:46:40.593,2020-12-05 23:00:01.622,468.5884,vC702BfhH0,com.sec.android.app.shealth,4ce147b6-5ea8-4367-b641-6df5b4adfbd8,1607212800000,
,b54c4b6a-1c83-446c-a412-682142b8e1ae.extra_data.json,0.0,0,1604.687,2020-11-10 21:10:45.578,2020-11-07 08:33:38.424,0.0,vC702BfhH0,com.sec.android.app.shealth,b54c4b6a-1c83-446c-a412-682142b8e1ae,1602633600000,
,0fbacb99-4396-40ed-80f3-8425e62a0bf9.extra_data.json,0.0,451552,1688.9094,2021-02-24 22:52:34.383,2021-01-27 23:00:01.133,29.21506,vC702BfhH0,com.sec.android.app.shealth,0fbacb99-4396-40ed-80f3-8425e62a0bf9,1611792000000,
,e111e675-eecd-4f33-bbf4-345fba691710.extra_data.json,0.0,0,1604.687,2020-11-24 18:33:16.131,2020-11-07 08:33:38.662,0.0,vC702BfhH0,com.sec.android.app.shealth,e111e675-eecd-4f33-bbf4-345fba691710,1603843200000,
,30ec7063-dbce-4229-a94e-1f1d73b497b2.extra_data.json,0.0,3677289,1645.0808,2020-12-20 21:35:03.072,2020-11-22 22:00:00.932,219.03989,vC702BfhH0,com.sec.android.app.shealth,30ec7063-dbce-4229-a94e-1f1d73b497b2,1606089600000,
,587b67d2-4a23-4101-852e-a1f4c00a0277.extra_data.json,142.90001,1010616,1696.0128,2021-01-30 21:50:05.101,2021-01-02 23:00:00.442,69.768036,vC702BfhH0,com.sec.android.app.shealth,587b67d2-4a23-4101-852e-a1f4c00a0277,1609632000000,
,fe4ab9e6-1930-49aa-9391-f2870c8a75a1.extra_data.json,0.0,5430249,1598.8844,2021-03-14 20:10:40.858,2021-02-14 23:00:01.499,660.1377,OD8XXfRrR9,com.sec.android.app.shealth,fe4ab9e6-1930-49aa-9391-f2870c8a75a1,1613347200000,
,e3c00dc6-2817-47d4-835a-8dee933214bc.extra_data.json,226.90001,4167545,1627.3407,2021-01-26 22:59:31.326,2020-12-29 23:00:01.974,640.88617,vC702BfhH0,com.sec.android.app.shealth,e3c00dc6-2817-47d4-835a-8dee933214bc,1609286400000,
,29120ef2-1df8-437f-8654-d72d6186da46.extra_data.json,157.90001,3326329,1636.077,2021-01-27 17:40:42.991,2020-12-30 23:00:00.729,501.9368,vC702BfhH0,com.sec.android.app.shealth,29120ef2-1df8-437f-8654-d72d6186da46,1609372800000,
,01e62e8f-a5bb-4e9a-9262-27ef5a20ea4c.extra_data.json,0.0,4002935,1638.6049,2020-12-30 18:32:41.545,2020-12-02 23:00:00.510,437.08765,vC702BfhH0,com.sec.android.app.shealth,01e62e8f-a5bb-4e9a-9262-27ef5a20ea4c,1606953600000,
,e5dd7287-20da-4f69-b144-4755313f73a1.extra_data.json,0.0,2980409,1645.0134,2021-02-15 22:01:22.499,2021-01-18 23:00:00.767,382.8785,vC702BfhH0,com.sec.android.app.shealth,e5dd7287-20da-4f69-b144-4755313f73a1,1611014400000,
,2ae7f4e5-59a9-46fb-adc1-1a4e95c6c2df.extra_data.json,0.0,3221248,1648.6847,2021-01-04 22:29:12.129,2020-12-07 23:00:00.470,485.65186,vC702BfhH0,com.sec.android.app.shealth,2ae7f4e5-59a9-46fb-adc1-1a4e95c6c2df,1607385600000,
,9ae88399-33ad-4242-a438-4198d7048074.extra_data.json,0.0,5232374,1614.1553,2020-12-08 22:54:45.942,2020-11-10 22:00:00.648,315.0801,vC702BfhH0,com.sec.android.app.shealth,9ae88399-33ad-4242-a438-4198d7048074,1605052800000,
,1729d69e-1fd5-48cb-adfd-8d6a7cd5062e.extra_data.json,69.8,3475191,1643.6512,2021-01-17 13:15:05.351,2020-12-20 23:00:01.069,383.01254,vC702BfhH0,com.sec.android.app.shealth,1729d69e-1fd5-48cb-adfd-8d6a7cd5062e,1608508800000,
,fefc0194-6e13-47ab-ada8-016c907c1ffa.extra_data.json,0.0,0,1604.687,2020-11-17 16:35:02.659,2020-11-07 08:33:38.557,0.0,vC702BfhH0,com.sec.android.app.shealth,fefc0194-6e13-47ab-ada8-016c907c1ffa,1603238400000,
,44985702-962a-4081-a830-62509d84393d.extra_data.json,0.0,7383360,1546.1451,2021-02-07 21:15:04.727,2021-01-10 23:00:00.576,357.62015,vC702BfhH0,com.sec.android.app.shealth,44985702-962a-4081-a830-62509d84393d,1610323200000,
,8ea0b4a4-fb9f-452b-b71b-9a6a7e5035a2.extra_data.json,0.0,0,1604.687,2020-11-12 21:15:04.438,2020-11-07 08:33:38.475,0.0,vC702BfhH0,com.sec.android.app.shealth,8ea0b4a4-fb9f-452b-b71b-9a6a7e5035a2,1602806400000,
,a4c46547-8ca2-46fa-8eb5-745d0c3354aa.extra_data.json,0.0,9061090,1538.0149,2020-12-19 22:55:03.030,2020-11-21 22:00:00.715,513.58765,vC702BfhH0,com.sec.android.app.shealth,a4c46547-8ca2-46fa-8eb5-745d0c3354aa,1606003200000,
,031e4744-b761-48bb-af81-9d1862122304.extra_data.json,0.0,5107382,1624.5294,2020-12-25 22:55:04.760,2020-11-27 22:00:00.576,290.58215,vC702BfhH0,com.sec.android.app.shealth,031e4744-b761-48bb-af81-9d1862122304,1606521600000,
,a376a6d1-44de-4ac9-8e1b-c311dbf5ceb3.extra_data.json,0.0,0,1604.687,2020-11-16 21:13:50.973,2020-11-07 08:33:38.543,0.0,vC702BfhH0,com.sec.android.app.shealth,a376a6d1-44de-4ac9-8e1b-c311dbf5ceb3,1603152000000,
,b485660a-cfbf-4a7e-be7e-981cd172c9b4.extra_data.json,0.0,427812,1695.3501,2021-02-14 22:15:04.434,2021-01-17 23:00:00.637,25.240236,vC702BfhH0,com.sec.android.app.shealth,b485660a-cfbf-4a7e-be7e-981cd172c9b4,1610928000000,
,0298b56e-f92c-44ff-a69c-bc4e9c042357.extra_data.json,0.0,4171125,1643.2393,2020-12-23 22:53:31.354,2020-11-25 22:00:00.456,245.61652,vC702BfhH0,com.sec.android.app.shealth,0298b56e-f92c-44ff-a69c-bc4e9c042357,1606348800000,
,c6fd686e-2a88-49af-95a8-023fb33aafc7.extra_data.json,249.5,5737401,1606.6394,2021-01-19 22:11:08.213,2020-12-22 23:00:00.905,838.98596,vC702BfhH0,com.sec.android.app.shealth,c6fd686e-2a88-49af-95a8-023fb33aafc7,1608681600000,
,33f48133-b62c-4dbe-9867-336aa5cdff21.extra_data.json,227.8,3349691,1634.0338,2021-01-31 22:55:03.658,2021-01-03 23:00:00.543,471.79926,vC702BfhH0,com.sec.android.app.shealth,33f48133-b62c-4dbe-9867-336aa5cdff21,1609718400000,
,90c88cc8-9d5a-4d9b-94d4-f4481840bc40.extra_data.json,0.0,456492,1681.6854,2021-02-10 21:39:28.944,2021-01-13 23:00:02.170,27.437176,vC702BfhH0,com.sec.android.app.shealth,90c88cc8-9d5a-4d9b-94d4-f4481840bc40,1610582400000,
,740f0eae-f548-4646-9e60-83c0cc1fae24.extra_data.json,0.0,1348905,1691.3848,2020-12-12 22:01:45.398,2020-11-14 22:00:02.286,87.16037,vC702BfhH0,com.sec.android.app.shealth,740f0eae-f548-4646-9e60-83c0cc1fae24,1605398400000,
,e32ad41c-3e9d-492c-bd31-e035b57ae97f.extra_data.json,0.0,675933,1684.5002,2021-02-23 22:13:58.202,2021-01-26 23:00:00.725,40.14047,vC702BfhH0,com.sec.android.app.shealth,e32ad41c-3e9d-492c-bd31-e035b57ae97f,1611705600000,
,106a368f-4af5-401c-9288-a368f74d4eb2.extra_data.json,0.0,5486380,1609.1039,2020-12-28 22:12:16.803,2020-11-30 23:00:00.449,748.4073,vC702BfhH0,com.sec.android.app.shealth,106a368f-4af5-401c-9288-a368f74d4eb2,1606780800000,
,90273d8a-f587-4b16-9571-fbcb274f7194.extra_data.json,0.0,0,1604.687,2020-11-20 21:20:02.647,2020-11-07 08:33:38.581,0.0,vC702BfhH0,com.sec.android.app.shealth,90273d8a-f587-4b16-9571-fbcb274f7194,1603497600000,
,32d7bcb3-4173-4654-943f-734938fae9ad.extra_data.json,0.0,6085808,1597.1833,2020-12-07 22:55:03.231,2020-11-09 22:00:00.587,371.56705,vC702BfhH0,com.sec.android.app.shealth,32d7bcb3-4173-4654-943f-734938fae9ad,1604966400000,
,9dd57169-b64b-4f0d-982a-b6c99d62dcdb.extra_data.json,0.0,13804531,1443.6836,2020-12-03 22:35:02.986,2020-11-07 08:33:38.959,1117.6954,vC702BfhH0,com.sec.android.app.shealth,9dd57169-b64b-4f0d-982a-b6c99d62dcdb,1604620800000,
,dbd46748-3017-4efc-ac4e-15ef6e725e72.extra_data.json,0.0,4359134,1620.0353,2021-03-18 21:18:09.599,2021-02-18 23:00:00.889,544.622,OD8XXfRrR9,com.sec.android.app.shealth,dbd46748-3017-4efc-ac4e-15ef6e725e72,1613692800000,
,ab64d072-2608-41e9-848d-00dbaef27298.extra_data.json,0.0,2563447,1653.2358,2021-02-13 20:20:39.811,2021-01-16 23:00:02.352,405.76355,vC702BfhH0,com.sec.android.app.shealth,ab64d072-2608-41e9-848d-00dbaef27298,1610841600000,
,53f77547-1d2b-4d25-97a8-490e43df0261.extra_data.json,0.0,10881136,1501.8202,2020-12-06 18:23:01.434,2020-11-08 22:00:00.753,639.0423,vC702BfhH0,com.sec.android.app.shealth,53f77547-1d2b-4d25-97a8-490e43df0261,1604880000000,
,5ad08526-d690-486a-84f5-80aa8cec5333.extra_data.json,0.0,4738704,1516.6761,2020-12-01 20:48:41.877,2020-11-07 08:33:38.919,615.89014,vC702BfhH0,com.sec.android.app.shealth,5ad08526-d690-486a-84f5-80aa8cec5333,1604448000000,
,34ff3d60-a8b8-4668-b20d-1eac0b8c51c0.extra_data.json,0.0,1153925,1695.2621,2020-12-16 22:52:46.723,2020-11-18 22:00:01.768,69.00115,vC702BfhH0,com.sec.android.app.shealth,34ff3d60-a8b8-4668-b20d-1eac0b8c51c0,1605744000000,
,46eec796-8642-47b2-9623-cbde47aabbbd.extra_data.json,0.0,4775673,1609.6113,2021-02-19 22:15:03.875,2021-01-22 23:00:00.531,496.452,vC702BfhH0,com.sec.android.app.shealth,46eec796-8642-47b2-9623-cbde47aabbbd,1611360000000,
,fc660896-ff4d-41bc-b3d6-effc2a3a0265.extra_data.json,0.0,9329823,1532.6707,2020-12-04 21:29:58.605,2020-11-07 08:33:37.778,868.36945,vC702BfhH0,com.sec.android.app.shealth,fc660896-ff4d-41bc-b3d6-effc2a3a0265,1604707200000,
,a48efc9d-3b5e-4916-a64c-ce9241486a3b.extra_data.json,0.0,4343185,1605.6333,2021-02-11 22:52:20.714,2021-01-14 23:00:00.447,294.9081,vC702BfhH0,com.sec.android.app.shealth,a48efc9d-3b5e-4916-a64c-ce9241486a3b,1610668800000,
,85f1aa8c-b887-43ca-9de6-2a94bfff0a22.extra_data.json,0.0,0,1604.687,2020-11-15 19:50:27.149,2020-11-07 08:33:38.512,0.0,vC702BfhH0,com.sec.android.app.shealth,85f1aa8c-b887-43ca-9de6-2a94bfff0a22,1603065600000,
,d6bd9148-1977-41ec-af4d-3cd6c5505734.extra_data.json,0.0,10730230,1499.8492,2021-01-16 21:29:08.977,2020-12-19 23:00:00.711,733.37805,vC702BfhH0,com.sec.android.app.shealth,d6bd9148-1977-41ec-af4d-3cd6c5505734,1608422400000,
,63eb9313-b860-43fe-93ac-0ccecafe8157.extra_data.json,0.0,6261780,1574.7369,2021-02-27 22:05:41.983,2021-01-30 23:00:01.674,756.39,vC702BfhH0,com.sec.android.app.shealth,63eb9313-b860-43fe-93ac-0ccecafe8157,1612051200000,
,e8d2b8ec-82cb-4b3a-91c3-3cbce989bc66.extra_data.json,0.0,562012,1707.0333,2020-12-11 15:30:16.862,2020-11-13 22:00:00.358,30.326092,vC702BfhH0,com.sec.android.app.shealth,e8d2b8ec-82cb-4b3a-91c3-3cbce989bc66,1605312000000,
,3013d017-dd64-40e2-baff-15fc5f9ab3fc.extra_data.json,0.0,0,1604.687,2020-11-27 20:37:08.082,2020-11-07 08:33:38.725,0.0,vC702BfhH0,com.sec.android.app.shealth,3013d017-dd64-40e2-baff-15fc5f9ab3fc,1604102400000,
,e23b0ffa-94fd-4c40-aebc-4faa74dce714.extra_data.json,0.0,291343,1692.0575,2021-03-02 21:55:03.391,2021-02-02 23:00:00.608,17.190512,OD8XXfRrR9,com.sec.android.app.shealth,e23b0ffa-94fd-4c40-aebc-4faa74dce714,1612310400000,
,34cc3fc0-c536-4dfa-bb00-a34d566e0d56.extra_data.json,0.0,823742,1688.7762,2021-03-30 15:24:51.516,2021-03-02 22:00:00.178,50.129997,OD8XXfRrR9,com.sec.android.app.shealth,34cc3fc0-c536-4dfa-bb00-a34d566e0d56,1614729600000,
,d19e042b-c827-4b55-911e-21b653aef61b.extra_data.json,0.0,15582736,1402.9437,2021-01-22 19:35:01.985,2020-12-25 23:00:01.665,909.24207,vC702BfhH0,com.sec.android.app.shealth,d19e042b-c827-4b55-911e-21b653aef61b,1608940800000,
,7a4491ec-2f6c-470d-80df-96ec62a9d794.extra_data.json,0.0,4381410,1617.3861,2021-02-17 19:19:57.492,2021-01-20 23:00:00.671,503.007,vC702BfhH0,com.sec.android.app.shealth,7a4491ec-2f6c-470d-80df-96ec62a9d794,1611187200000,
,85bae79a-86f2-4405-b879-55aa1376b223.extra_data.json,0.0,3030147,1645.2349,2021-03-30 15:24:51.578,2021-03-08 22:00:01.393,431.46585,OD8XXfRrR9,com.sec.android.app.shealth,85bae79a-86f2-4405-b879-55aa1376b223,1615248000000,
,f3555fe5-b37f-4144-b2ce-292e81452f86.extra_data.json,0.0,10748672,1491.8252,2021-02-20 21:35:07.346,2021-01-23 23:00:01.853,843.1411,vC702BfhH0,com.sec.android.app.shealth,f3555fe5-b37f-4144-b2ce-292e81452f86,1611446400000,
,e34739a1-f73c-4efd-a272-628c8982240d.extra_data.json,0.0,703013,1691.1587,2021-03-29 20:55:05.819,2021-03-01 22:00:00.531,43.530003,OD8XXfRrR9,com.sec.android.app.shealth,e34739a1-f73c-4efd-a272-628c8982240d,1614643200000,
,fca7f394-17fc-4960-ac21-6dbb70c6b301.extra_data.json,0.0,1474325,1675.9375,2021-03-30 15:24:51.619,2021-03-14 22:00:01.809,87.39999,OD8XXfRrR9,com.sec.android.app.shealth,fca7f394-17fc-4960-ac21-6dbb70c6b301,1615766400000,
,092fb544-043d-4677-b043-a9c8c97f6872.extra_data.json,173.8,3542509,1631.6678,2021-02-01 21:35:02.815,2021-01-04 23:00:01.648,500.10672,vC702BfhH0,com.sec.android.app.shealth,092fb544-043d-4677-b043-a9c8c97f6872,1609804800000,
,84965afe-576e-4bf7-8bc9-02f1f59ce8dd.extra_data.json,0.0,967278,1685.9437,2021-03-28 20:35:05.297,2021-02-28 22:00:00.681,58.9,OD8XXfRrR9,com.sec.android.app.shealth,84965afe-576e-4bf7-8bc9-02f1f59ce8dd,1614556800000,
,1f901b20-557f-4930-b207-cce0604901aa.extra_data.json,0.0,2935943,1647.0938,2021-03-30 15:24:51.569,2021-03-07 22:00:00.955,413.68002,OD8XXfRrR9,com.sec.android.app.shealth,1f901b20-557f-4930-b207-cce0604901aa,1615161600000,
,e8c1c772-ce79-4209-a494-cdf2a96effa1.extra_data.json,0.0,3650496,1632.9927,2021-03-30 15:24:51.675,2021-03-20 22:00:01.031,212.26634,OD8XXfRrR9,com.sec.android.app.shealth,e8c1c772-ce79-4209-a494-cdf2a96effa1,1616284800000,
,75936ffa-667e-4d3c-beb8-388e5783e247.extra_data.json,0.0,1012637,1685.0486,2021-03-30 15:24:51.557,2021-03-06 22:00:01.151,60.219994,OD8XXfRrR9,com.sec.android.app.shealth,75936ffa-667e-4d3c-beb8-388e5783e247,1615075200000,
,f813fbf4-ee61-4709-9d50-2b8d3e1d98e1.extra_data.json,0.0,4432262,1617.5652,2021-03-30 15:24:51.616,2021-03-13 22:44:48.021,354.41998,OD8XXfRrR9,com.sec.android.app.shealth,f813fbf4-ee61-4709-9d50-2b8d3e1d98e1,1615680000000,
,660417cf-8dc3-448f-b77f-c6cff44ba102.extra_data.json,0.0,4325855,1619.665,2021-03-30 15:24:51.729,2021-03-26 22:00:00.645,264.00998,OD8XXfRrR9,com.sec.android.app.shealth,660417cf-8dc3-448f-b77f-c6cff44ba102,1616803200000,
,6cd228be-cb3f-4bf8-86ef-f8aa65f15c94.extra_data.json,0.0,11894050,1470.313,2021-03-30 15:24:51.607,2021-03-12 22:00:01.566,691.6692,OD8XXfRrR9,com.sec.android.app.shealth,6cd228be-cb3f-4bf8-86ef-f8aa65f15c94,1615593600000,
,53a80724-38aa-4849-8d4e-bdb2be1f6e0a.extra_data.json,0.0,6826762,1570.3118,2021-03-30 15:24:51.673,2021-03-19 22:00:01.807,403.13412,OD8XXfRrR9,com.sec.android.app.shealth,53a80724-38aa-4849-8d4e-bdb2be1f6e0a,1616198400000,
,46948353-0328-4c0a-af08-a152b47febb1.extra_data.json,0.0,4082358,1624.4702,2021-03-30 15:24:51.652,2021-03-18 22:00:00.772,246.2381,OD8XXfRrR9,com.sec.android.app.shealth,46948353-0328-4c0a-af08-a152b47febb1,1616112000000,
,679118e1-1766-43bb-8337-529a56edae46.extra_data.json,0.0,6445724,1577.831,2021-03-30 15:24:51.725,2021-03-25 22:00:00.665,392.13895,OD8XXfRrR9,com.sec.android.app.shealth,679118e1-1766-43bb-8337-529a56edae46,1616716800000,
,f8062791-5834-4420-89c1-73c0aa6dc1b5.extra_data.json,0.0,7864068,1549.8414,2021-03-30 15:24:51.722,2021-03-24 22:00:00.766,516.5777,OD8XXfRrR9,com.sec.android.app.shealth,f8062791-5834-4420-89c1-73c0aa6dc1b5,1616630400000,
