com.samsung.shealth.exercise.weather,6156001,3
uv_index,sunset_time,start_time,latitude,custom,wind_direction,phrase,sundown_time,temperature_scale,content_provider,update_time,create_time,type,longitude,temperature,humidity,time_offset,deviceuuid,exercise_id,pkg_name,wind_speed_unit,forecast_time,wind_speed,icon_info_id,datauuid
2.0,,2021-02-22 10:58:06.700,46.515594,,,Partly Cloudy,,1,TWC,2021-02-22 11:39:39.700,2021-02-22 11:39:39.695,0,6.6078105,10.0,54,UTC+0200,RHeBeWmk3Z,6eef5b41-4239-7915-a8b9-7a1448c257c2,com.sec.android.app.shealth,,,,2,39b51a01-7f84-c065-4d7e-595eb07d0f15,
0.0,,2020-12-17 13:37:33.080,46.5112,,,Partly Cloudy,,1,TWC,2020-12-17 15:06:07.120,2020-12-17 15:06:07.120,0,6.6037087,9.0,73,UTC+0200,RHeBeWmk3Z,ec3b2a96-9ba4-3316-2182-76ce5305d576,com.sec.android.app.shealth,,,,2,d7240d94-178e-0778-eae8-14118f046efd,
1.0,,2020-12-23 12:29:18.955,46.516247,,,Partly Cloudy,,1,TWC,2020-12-23 12:40:21.564,2020-12-23 12:40:21.564,0,6.6073666,11.0,83,UTC+0200,RHeBeWmk3Z,0f74e81b-67a4-8fdc-c06c-cbc53d79171a,com.sec.android.app.shealth,,,,2,0cc75108-0c31-8b40-f743-2e0bec00ee73,
0.0,,2020-12-02 13:06:13.850,46.516552,,,Mostly Cloudy,,1,TWC,2020-12-02 13:11:14.407,2020-12-02 13:11:14.407,0,6.6063156,3.0,74,UTC+0200,RHeBeWmk3Z,77c2ce8e-e81f-0102-0478-0e0d080febe6,com.sec.android.app.shealth,,,,3,9664f212-c933-7c35-2ff2-07c00a8fd18f,
0.0,,2020-12-31 13:30:50.960,46.515415,,,Rain and Snow,,1,TWC,2020-12-31 14:15:01.711,2020-12-31 14:15:01.711,0,6.6078525,3.0,81,UTC+0200,RHeBeWmk3Z,3818ffb5-e1aa-bb08-b37a-2f9bfc9b6652,com.sec.android.app.shealth,,,,13,f09fa077-354a-8569-e658-d284f9554fb6,
1.0,,2021-01-05 12:11:56.840,46.515266,,,Mostly Cloudy,,1,TWC,2021-01-05 12:44:39.253,2021-01-05 12:44:39.253,0,6.6078253,2.0,76,UTC+0200,RHeBeWmk3Z,017ce2eb-1c27-74aa-b0a6-8635d6555827,com.sec.android.app.shealth,,,,3,d632d4c8-f0a8-3a7b-f16d-80ae75fa5295,
1.0,,2021-01-21 12:34:52.950,46.51543,,,Cloudy,,1,TWC,2021-01-21 13:04:44.728,2021-01-21 13:04:44.728,0,6.6079974,9.0,65,UTC+0200,RHeBeWmk3Z,f15c2a5a-a710-4824-4348-8d472f712f69,com.sec.android.app.shealth,,,,3,d3be73c9-4659-e6be-a33a-06688325cff4,
0.0,,2021-01-24 11:00:07.695,46.51301,,,Rain and Snow,,1,TWC,2021-01-24 11:34:19.018,2021-01-24 11:34:19.018,0,6.6077394,4.0,84,UTC+0200,RHeBeWmk3Z,0ae2e3a0-c6e9-3c29-8212-a8dae49ef359,com.sec.android.app.shealth,,,,13,7430aea3-1995-c1b8-51a4-a124aa9c4515,
1.0,,2021-02-05 12:44:14.181,46.515583,,,Rain,,1,TWC,2021-02-05 12:56:54.814,2021-02-05 12:56:54.814,0,6.6079264,9.0,76,UTC+0200,RHeBeWmk3Z,29ee5e8c-b66f-ae40-3775-8eb99e4c2d75,com.sec.android.app.shealth,,,,5,a4cc859b-a818-1e6f-8851-73fd479cb83f,
1.0,,2020-12-08 11:53:40.730,46.51401,,,Mostly Cloudy,,1,TWC,2020-12-08 12:27:36.095,2020-12-08 12:27:36.095,0,6.60451,4.0,70,UTC+0200,RHeBeWmk3Z,f7fa8162-72a7-23f3-cbe5-db60e2b8f743,com.sec.android.app.shealth,,,,3,483d8128-08eb-3a2d-ad12-69455035f947,
0.0,,2020-12-28 13:31:58.990,46.516804,,,Mostly Cloudy,,1,TWC,2020-12-28 14:08:36.160,2020-12-28 14:08:36.160,0,6.606221,4.0,73,UTC+0200,RHeBeWmk3Z,a441e477-a84a-6ddf-cc64-025ec75d6339,com.sec.android.app.shealth,,,,3,458deb89-cf77-a4f7-09ce-9ce388925ab0,
1.0,,2020-12-19 10:56:46.170,46.661175,,,Mostly Cloudy,,1,TWC,2020-12-19 11:42:08.764,2020-12-19 11:42:08.764,0,6.3261104,5.0,73,UTC+0200,RHeBeWmk3Z,5c2b7f7b-21f4-21bb-fe68-dc499a34ef87,com.sec.android.app.shealth,,,,3,ad94f67b-48bb-991e-ea97-9e1ab79f6703,
1.0,,2021-01-23 12:50:17.320,46.544136,,,Cloudy,,1,TWC,2021-01-23 13:45:34.319,2021-01-23 13:45:34.319,0,6.570554,4.0,74,UTC+0200,RHeBeWmk3Z,15a61e50-f649-1857-ccdc-2303e1eb3334,com.sec.android.app.shealth,,,,3,27a906ec-bea6-3d27-ad80-e5ba9eb133c5,
0.0,,2021-01-23 11:31:00.740,46.516865,,,Rain and Snow,,1,TWC,2021-01-23 11:54:56.466,2021-01-23 11:54:56.466,0,6.6055417,4.0,84,UTC+0200,RHeBeWmk3Z,ea8ddeb7-4563-763e-2b76-acaeb0050f29,com.sec.android.app.shealth,,,,13,99674d0e-0008-90fa-572d-bac314fdf9bc,
0.0,,2020-12-20 15:26:08.116,46.519733,,,Light Rain,,1,TWC,2020-12-20 16:28:37.974,2020-12-20 16:28:37.974,0,6.637345,7.0,87,UTC+0200,RHeBeWmk3Z,8b3ac2e8-b557-4334-7973-7f8f98d677ae,com.sec.android.app.shealth,,,,5,d68bb00b-0745-3ca6-5a74-fc0ec0ec86f0,
1.0,,2021-02-10 11:08:46.730,46.29606,,,Cloudy,,1,TWC,2021-02-10 13:51:35.143,2021-02-10 13:51:35.137,0,7.0557785,-1.0,85,UTC+0200,RHeBeWmk3Z,c2562aaa-455d-60a8-f762-13d6a38b81f9,com.sec.android.app.shealth,,,,3,9940fc1d-b577-9147-180a-fde35b4a5d94,
0.0,,2020-11-30 08:16:40.080,46.520153,,,Mostly Cloudy,,1,TWC,2020-11-30 08:36:08.033,2020-11-30 08:36:08.033,0,6.599001,1.0,83,UTC+0200,RHeBeWmk3Z,a9771a44-4341-c92c-5a5b-bb322ea1d0fa,com.sec.android.app.shealth,,,,3,86175454-2315-a98c-eaba-0f97cc1a0055,
0.0,,2020-12-25 11:35:29.888,47.386013,,,Cloudy,,1,TWC,2020-12-25 12:30:49.643,2020-12-25 12:30:49.643,0,8.521636,2.0,88,UTC+0200,RHeBeWmk3Z,26bb411d-9930-02d1-1bff-9c750a705f12,com.sec.android.app.shealth,,,,3,7dd5dd6a-ab5e-c0b9-1abd-8bd1e63a25f5,
1.0,,2021-01-25 11:59:33.710,46.51532,,,Mostly Cloudy,,1,TWC,2021-01-25 12:29:35.306,2021-01-25 12:29:35.306,0,6.6080856,3.0,70,UTC+0200,RHeBeWmk3Z,607b9fac-5f91-0b52-3af2-e4fa2d79e155,com.sec.android.app.shealth,,,,2,6409750f-c5c3-5eb0-0a71-dcff51372a68,
0.0,,2020-12-19 08:38:39.570,46.516094,,,Partly Cloudy,,1,TWC,2020-12-19 08:48:46.245,2020-12-19 08:48:46.245,0,6.607636,4.0,84,UTC+0200,RHeBeWmk3Z,d17ef784-a141-0cba-5efb-200fa964fb7c,com.sec.android.app.shealth,,,,2,82e2c153-6d17-05f9-a1ba-0f965ab79635,
1.0,,2020-12-22 13:10:23.060,46.516277,,,Partly Cloudy,,1,TWC,2020-12-22 13:51:55.082,2020-12-22 13:51:55.082,0,6.607408,11.0,83,UTC+0200,RHeBeWmk3Z,b0f4b30c-302b-7a26-8d0d-a34e39b81e4e,com.sec.android.app.shealth,,,,2,362c8813-ff45-fe96-5000-5c891acdf9ae,
0.0,,2020-12-25 13:07:02.247,47.377785,,,Cloudy,,1,TWC,2020-12-25 13:30:23.126,2020-12-25 13:30:23.126,0,8.539777,3.0,80,UTC+0200,RHeBeWmk3Z,04c65df2-1dd6-66cd-2f72-6eaa73cc116f,com.sec.android.app.shealth,,,,3,e8474916-4f47-97b5-9d88-084d256b9cdc,
0.0,,2021-01-22 13:00:34.911,46.515167,,,Light Rain,,1,TWC,2021-01-22 13:14:14.341,2021-01-22 13:14:14.341,0,6.6076865,9.0,73,UTC+0200,RHeBeWmk3Z,e43aa56f-d329-7f7d-e43b-0ea778e65645,com.sec.android.app.shealth,,,,6,11fcc5c9-2817-4f6c-6e13-b54305c91f9d,
0.0,,2020-12-10 14:01:41.940,46.515327,,,Cloudy,,1,TWC,2020-12-10 14:32:45.705,2020-12-10 14:32:45.705,0,6.6078334,3.0,84,UTC+0200,RHeBeWmk3Z,019a4465-abc0-3785-fa1e-2ff7e2df0609,com.sec.android.app.shealth,,,,3,98aa159d-e6cc-06fc-2469-5658256542c9,
2.0,,2021-02-22 11:50:07.020,46.515274,,,Partly Cloudy,,1,TWC,2021-02-22 12:02:32.674,2021-02-22 12:02:32.222,0,6.6077714,11.0,51,UTC+0200,RHeBeWmk3Z,bc54d526-8703-8a63-531c-4a5dcb3c4c5b,com.sec.android.app.shealth,,,,2,1afcd0b4-f8f5-35d1-498e-f89d39169b98,
1.0,,2020-12-26 11:27:12.080,47.403923,,,Fair,,1,TWC,2020-12-26 11:39:44.073,2020-12-26 11:39:44.073,0,8.5464735,3.0,59,UTC+0200,RHeBeWmk3Z,7e7f33cf-50bf-51a8-f5f5-f4d8546e5714,com.sec.android.app.shealth,,,,1,0c78dc1b-3f5e-4857-527b-01b6d8554857,
,0,2021-01-04 14:14:15.335,46.511692,,NNE. 20,Partly Cloudy,0,1,TWC,2021-01-04 14:14:15.350,2021-01-04 14:14:15.350,1,6.604733,1.0,79,UTC+0200,vC702BfhH0,4d669169-c590-49f1-a07e-d211312f1105,com.sec.android.app.shealth,km/h,0,14.0,2,2270ca39-c942-4e5a-b389-335d9b5ef715,
0.0,,2020-12-21 12:40:02.530,46.515263,,,Rain Shower,,1,TWC,2020-12-21 13:09:01.744,2020-12-21 13:09:01.744,0,6.607967,6.0,90,UTC+0200,RHeBeWmk3Z,4cb4e55e-8d6a-a048-0a09-29c3d1abb485,com.sec.android.app.shealth,,,,5,fedd7652-823f-2935-84f7-ea82c5641294,
0.0,,2020-12-13 08:22:59.100,46.819508,,,Mostly Cloudy,,1,TWC,2020-12-13 11:52:49.236,2020-12-13 11:52:49.236,0,6.5010815,1.0,84,UTC+0200,RHeBeWmk3Z,2d406375-c963-a784-fd21-808b0d8d70e8,com.sec.android.app.shealth,,,,3,e891cc20-ce7f-5a31-2fc4-4da61a946444,
0.0,,2020-12-25 00:45:31.760,47.383453,,,Cloudy,,1,TWC,2020-12-25 00:59:50.005,2020-12-25 00:59:50.005,0,8.533204,3.0,83,UTC+0200,RHeBeWmk3Z,7ce8a9d7-b669-2fbd-f66f-6843f2e9fcc7,com.sec.android.app.shealth,,,,3,670e27cb-abe1-b031-780a-eff4f08de08b,
2.0,,2021-02-17 12:19:00.560,46.515327,,,Partly Cloudy,,1,TWC,2021-02-17 12:50:33.238,2021-02-17 12:50:33.234,0,6.6079664,12.0,62,UTC+0200,RHeBeWmk3Z,51d44b9a-f20d-c3d6-3407-250a035ce4b9,com.sec.android.app.shealth,,,,2,c6c2de0a-cc72-559b-6c62-36daac6a35a2,
0.0,,2021-01-20 10:21:16.760,46.521263,,,Partly Cloudy,,1,TWC,2021-01-20 10:34:44.970,2021-01-20 10:34:44.970,0,6.568546,5.0,63,UTC+0200,RHeBeWmk3Z,ac808e7f-cafd-95c1-539b-6aff291b3e90,com.sec.android.app.shealth,,,,2,f0c3206b-1c1a-6ea9-75f7-83aeb0e190b1,
0.0,,2020-12-09 12:41:35.901,46.51546,,,Cloudy,,1,TWC,2020-12-09 12:53:30.925,2020-12-09 12:53:30.925,0,6.6078563,3.0,84,UTC+0200,RHeBeWmk3Z,23cf0a04-a3e2-5c25-763b-8f05fed1ccca,com.sec.android.app.shealth,,,,3,94510afd-549e-54b4-a1f1-a4e2ec5c5ab3,
1.0,,2021-02-16 13:58:55.920,47.053783,,,Partly Cloudy,,1,TWC,2021-02-16 14:17:55.781,2021-02-16 14:17:55.693,0,8.310278,11.0,72,UTC+0200,RHeBeWmk3Z,09df4f5e-d87b-c977-cd2c-132bf7d1b708,com.sec.android.app.shealth,,,,2,74f19b41-7ade-a7fb-ee92-4f328fba8cfe,
0.0,,2020-12-26 13:16:05.452,47.35665,,,Fair,,1,TWC,2020-12-26 13:48:16.051,2020-12-26 13:48:16.051,0,8.549161,3.0,54,UTC+0200,RHeBeWmk3Z,854e5677-f685-07cc-88a3-fa45469c0779,com.sec.android.app.shealth,,,,1,2960e065-81da-89e7-d48f-748e3427f547,
1.0,,2020-12-05 10:20:45.940,46.56465,,,Cloudy,,1,TWC,2020-12-05 13:35:22.073,2020-12-05 13:35:22.073,0,6.69163,-1.0,89,UTC+0200,RHeBeWmk3Z,e505d14c-df60-a8e0-b025-c94d97588661,com.sec.android.app.shealth,,,,3,23a3b22d-874d-0965-8664-ecbad365d597,
1.0,,2021-01-09 12:46:12.387,46.51511,,,Partly Cloudy,,1,TWC,2021-01-09 12:57:46.274,2021-01-09 12:57:46.274,0,6.607659,1.0,65,UTC+0200,RHeBeWmk3Z,35b48422-e939-69cf-3a17-ce6ff9ba03a8,com.sec.android.app.shealth,,,,2,09f65c4d-3863-b1f5-ca49-319b5805cc0a,
1.0,,2021-01-26 11:56:35.980,46.515274,,,Partly Cloudy,,1,TWC,2021-01-26 12:27:40.248,2021-01-26 12:27:40.248,0,6.607969,4.0,54,UTC+0200,RHeBeWmk3Z,95d6d26e-76b9-33b5-dc4a-68a7ac6c578e,com.sec.android.app.shealth,,,,2,7d77a1c9-42a9-98d1-1fba-e1b8c2cb2b5d,
1.0,,2021-02-05 12:06:59.860,46.515423,,,Rain,,1,TWC,2021-02-05 12:38:00.620,2021-02-05 12:38:00.620,0,6.6079926,9.0,75,UTC+0200,RHeBeWmk3Z,41f2ccfb-e0a3-18c0-f25c-5c53246ae74a,com.sec.android.app.shealth,,,,5,4ba5719c-7cd2-8c96-3cd8-2b5ccfb88637,
1.0,,2021-02-12 13:30:15.240,46.51562,,,Cloudy,,1,TWC,2021-02-12 13:43:06.242,2021-02-12 13:43:06.149,0,6.6078777,-3.0,75,UTC+0200,RHeBeWmk3Z,e48af923-cb42-7106-304b-f9cb0bea2eee,com.sec.android.app.shealth,,,,3,5b31a19f-1f5d-4f1c-b494-2ad3a904dffd,
0.0,,2020-12-26 17:26:19.613,47.373795,,,Clear,,1,TWC,2020-12-26 17:40:42.035,2020-12-26 17:40:42.035,0,8.538269,1.0,64,UTC+0200,RHeBeWmk3Z,c18c59c9-3d5b-b26d-9d1c-9f1281c00f9d,com.sec.android.app.shealth,,,,18,9a341887-63c4-4f8d-b2a5-2f99153edbe7,
0.0,,2020-12-24 13:00:18.550,47.403496,,,Rain Shower,,1,TWC,2020-12-24 13:51:34.122,2020-12-24 13:51:34.122,0,8.54758,9.0,62,UTC+0200,RHeBeWmk3Z,b7d5b1fb-c91b-2b59-7766-0436cfcd0985,com.sec.android.app.shealth,,,,5,49ac9d10-00fc-934a-0ab2-10293f37db35,
1.0,,2021-01-06 11:18:34.000,46.515194,,,Mostly Cloudy,,1,TWC,2021-01-06 11:46:15.530,2021-01-06 11:46:15.530,0,6.6078067,1.0,71,UTC+0200,RHeBeWmk3Z,a6fe99ee-b96b-f363-1d26-ce862966f150,com.sec.android.app.shealth,,,,3,a406531c-d1b2-62f4-ac54-e59a7a2a48b4,
0.0,,2020-12-20 15:01:35.899,46.521095,,,Showers in the Vicinity,,1,TWC,2020-12-20 15:20:24.635,2020-12-20 15:20:24.635,0,6.636264,7.0,87,UTC+0200,RHeBeWmk3Z,085abaa0-d1e5-8208-f1cf-62a70559f1f4,com.sec.android.app.shealth,,,,3,4c114497-4327-5a41-b580-d9afbb877eb3,
0.0,,2020-12-13 06:33:11.230,46.516575,,,Cloudy,,1,TWC,2020-12-13 06:43:26.258,2020-12-13 06:43:26.258,0,6.6077895,4.0,92,UTC+0200,RHeBeWmk3Z,f71fe6fb-e400-53bc-61ed-d6ec9e2df616,com.sec.android.app.shealth,,,,3,18be2351-5f4d-bace-3c8d-3a1de0d4204c,
1.0,,2020-12-07 12:48:08.005,46.514633,,,Partly Cloudy,,1,TWC,2020-12-07 13:00:18.711,2020-12-07 13:00:18.711,0,6.6070213,5.0,72,UTC+0200,RHeBeWmk3Z,b2c3f5be-158a-bd17-5ecf-e3ccb35ce9a7,com.sec.android.app.shealth,,,,2,a6e291a6-db51-6eee-32ca-84858a1a0946,
2.0,,2021-02-19 12:52:27.100,46.515404,,,Partly Cloudy,,1,TWC,2021-02-19 13:52:43.538,2021-02-19 13:52:43.534,0,6.6078672,13.0,55,UTC+0200,RHeBeWmk3Z,eefee44b-9c56-6cb9-9ea7-c09c9a330c0e,com.sec.android.app.shealth,,,,2,b94deee6-b39e-5f4e-538a-7b23999200bf,
1.0,,2021-02-09 12:40:36.828,46.515587,,,Mostly Cloudy,,1,TWC,2021-02-09 12:53:05.892,2021-02-09 12:53:05.892,0,6.607869,8.0,66,UTC+0200,RHeBeWmk3Z,4408f63f-f61b-f3cb-c096-30ff2871ed9f,com.sec.android.app.shealth,,,,2,56086f31-24c6-aec8-2f1e-54095e2747b8,
1.0,,2020-12-24 11:40:14.945,47.400776,,,Rain Shower,,1,TWC,2020-12-24 11:52:48.222,2020-12-24 11:52:48.222,0,8.544495,10.0,62,UTC+0200,RHeBeWmk3Z,a2dcd630-70b9-f336-eea4-3e553544983a,com.sec.android.app.shealth,,,,5,0c5e18ee-e1c9-0404-92bb-e290ac6c44fd,
0.0,,2021-02-04 18:21:20.040,46.51746,,,Mostly Cloudy,,1,TWC,2021-02-04 18:26:52.026,2021-02-04 18:26:52.026,0,6.628252,7.0,84,UTC+0200,RHeBeWmk3Z,4c0e7d5f-85f8-fb10-c511-0c52489ac238,com.sec.android.app.shealth,,,,19,f1887257-1287-ef78-03ae-71d8b74c597a,
0.0,,2020-12-04 15:29:26.500,46.514458,,,Mostly Cloudy,,1,TWC,2020-12-04 16:08:35.308,2020-12-04 16:08:35.308,0,6.606748,2.0,79,UTC+0200,RHeBeWmk3Z,0f720344-950d-eb3f-1736-234c8ec87a59,com.sec.android.app.shealth,,,,3,6b0861d2-7b2b-c9ba-c8aa-cbb33beeeccc,
1.0,,2021-02-18 08:57:31.870,46.210316,,,Fair,,1,TWC,2021-02-18 11:55:21.642,2021-02-18 11:55:21.632,0,6.143082,4.0,84,UTC+0200,RHeBeWmk3Z,928d4bdc-9678-5aaa-3bbe-294b56b65d3e,com.sec.android.app.shealth,,,,1,4b67e0d8-4c46-c487-49a5-93c97b8c5eea,
0.0,,2021-01-08 16:18:35.790,46.516064,,,Clear,,1,TWC,2021-01-08 17:48:47.057,2021-01-08 17:48:47.057,0,6.6072383,2.0,63,UTC+0200,RHeBeWmk3Z,fca8ecb6-ce41-d975-643a-0463b7dae503,com.sec.android.app.shealth,,,,18,501c74e4-0ee9-daee-20a4-32049a37e63c,
0.0,,2021-02-28 10:46:33.360,45.69436,,,Mostly Cloudy,,1,TWC,2021-02-28 11:10:19.538,2021-02-28 11:10:19.452,0,24.796621,7.0,75,UTC+0300,RHeBeWmk3Z,3740d718-7fb4-fc85-9924-8575403dcef6,com.sec.android.app.shealth,,,,2,ff20a7d3-3d9e-890f-64ce-68e4b75bb356,
1.0,,2021-02-18 07:52:30.410,46.51618,,,Partly Cloudy,,1,TWC,2021-02-18 08:01:11.126,2021-02-18 08:01:11.122,0,6.6077647,8.0,77,UTC+0200,RHeBeWmk3Z,366113da-f516-d5f5-9a9c-4823624f74a8,com.sec.android.app.shealth,,,,2,c69c31b8-c4e3-77f3-5041-eafbde8dd3d5,
1.0,,2021-01-31 11:11:27.030,46.80228,,,Mostly Cloudy,,1,TWC,2021-01-31 12:24:26.452,2021-01-31 12:24:26.452,0,6.471856,3.0,81,UTC+0200,RHeBeWmk3Z,cc3bf495-7c39-44e9-5523-7a8cbc61a9cd,com.sec.android.app.shealth,,,,2,a9c899b6-00e2-97dd-46f5-23d4ec798b5c,
1.0,,2021-01-06 11:53:59.370,46.515644,,,Mostly Cloudy,,1,TWC,2021-01-06 12:06:04.538,2021-01-06 12:06:04.538,0,6.607881,2.0,69,UTC+0200,RHeBeWmk3Z,1984746b-9554-d490-d1bc-4f56222d561f,com.sec.android.app.shealth,,,,3,aac24934-12ca-71d1-f62f-9b825031f315,
0.0,,2020-12-06 12:26:10.980,46.515434,,,Mostly Cloudy,,1,TWC,2020-12-06 13:00:08.994,2020-12-06 13:00:08.994,0,6.608029,3.0,88,UTC+0200,RHeBeWmk3Z,d59279cd-8fbc-4786-d70f-6f35765f1dc7,com.sec.android.app.shealth,,,,3,a24dbbd9-0725-5102-3571-2751900ed6db,
0.0,,2021-01-24 15:58:56.280,46.434494,,,Partly Cloudy,,1,TWC,2021-01-24 16:42:27.409,2021-01-24 16:42:27.409,0,6.946654,-2.0,58,UTC+0200,RHeBeWmk3Z,6ba2a734-8d0a-6211-da38-4d1432f1b6a4,com.sec.android.app.shealth,,,,2,4ec14bb3-a0b0-839d-73f9-c8697d6b69b9,
1.0,,2021-01-16 11:41:54.750,46.51912,,,Mostly Cloudy,,1,TWC,2021-01-16 13:15:05.578,2021-01-16 13:15:05.578,0,6.5684595,0.0,72,UTC+0200,RHeBeWmk3Z,3ff5690c-2e85-66e9-d105-6a5e3b11604b,com.sec.android.app.shealth,,,,3,6d33cddf-f60a-7bf1-25b7-278233789fc3,
1.0,,2020-12-16 14:29:55.360,46.515472,,,Mostly Cloudy,,1,TWC,2020-12-16 15:04:08.725,2020-12-16 15:04:08.725,0,6.6079283,5.0,76,UTC+0200,RHeBeWmk3Z,af0e46c8-4abb-f185-8563-5431bc4f5a99,com.sec.android.app.shealth,,,,3,a5f18be6-1f18-a030-7bd2-e0a54ec7fc31,
1.0,,2021-01-31 10:23:34.870,46.81938,,,Cloudy,,1,TWC,2021-01-31 10:59:38.441,2021-01-31 10:59:38.441,0,6.501118,4.0,84,UTC+0200,RHeBeWmk3Z,ae358961-1977-734f-5463-22e8438a4b61,com.sec.android.app.shealth,,,,3,1e4187fb-d5f2-2cfe-a849-90b233e4a278,
1.0,,2021-01-05 12:49:39.884,46.515797,,,Mostly Cloudy,,1,TWC,2021-01-05 13:01:14.944,2021-01-05 13:01:14.944,0,6.6078815,2.0,76,UTC+0200,RHeBeWmk3Z,28436385-d782-0c8c-051b-74d2e19c363b,com.sec.android.app.shealth,,,,3,5d14e005-72e7-c0a4-e6d8-7c8bf402f7e5,
0.0,,2020-12-26 17:49:20.661,47.37035,,,Clear,,1,TWC,2020-12-26 18:22:00.068,2020-12-26 18:22:00.068,0,8.541378,1.0,64,UTC+0200,RHeBeWmk3Z,abc46e05-081c-fa0a-b371-7c2f6d10336a,com.sec.android.app.shealth,,,,18,5b87664b-dca4-b198-95d8-10da4e88f447,
1.0,,2021-02-07 12:55:50.440,46.5154,,,Rain,,1,TWC,2021-02-07 13:25:06.177,2021-02-07 13:25:06.177,0,6.607857,7.0,75,UTC+0200,RHeBeWmk3Z,b3597890-5624-ad54-e0c7-2646ae750fd5,com.sec.android.app.shealth,,,,5,05b4b225-14ab-83f1-1732-a1bfefc388a7,
0.0,,2021-02-10 13:52:06.720,46.30963,,,Snow,,1,TWC,2021-02-10 15:05:20.267,2021-02-10 15:05:20.175,0,7.099177,-1.0,79,UTC+0200,RHeBeWmk3Z,b51a66fb-43c6-67ae-1805-08164795fa9a,com.sec.android.app.shealth,,,,12,a395ff0f-d648-3d93-fe3e-ccadd49857c0,
1.0,,2021-01-26 12:33:22.654,46.515583,,,Partly Cloudy,,1,TWC,2021-01-26 12:44:59.195,2021-01-26 12:44:59.195,0,6.6078453,3.0,53,UTC+0200,RHeBeWmk3Z,e538b7fa-f387-6caa-a208-5dd23b0a3f55,com.sec.android.app.shealth,,,,2,34f376b8-593e-c08c-9b6f-75107d9921c3,
0.0,,2021-01-16 06:25:32.260,46.51618,,,Partly Cloudy,,1,TWC,2021-01-16 06:41:24.075,2021-01-16 06:41:24.075,0,6.6071315,-1.0,77,UTC+0200,RHeBeWmk3Z,0c02c585-8e38-049b-04d8-6ba652a24003,com.sec.android.app.shealth,,,,19,2bfc0acd-e144-375b-30d4-6c21de711b24,
0.0,,2021-02-04 07:44:15.620,46.516083,,,Partly Cloudy,,1,TWC,2021-02-04 07:53:54.309,2021-02-04 07:53:54.309,0,6.6075435,6.0,82,UTC+0200,RHeBeWmk3Z,35829798-3ed9-09ba-b01e-70d30a6fb903,com.sec.android.app.shealth,,,,2,75179e9a-f16c-e6a6-efab-0d4483ecdf7b,
0.0,,2021-01-30 09:47:51.390,46.520027,,,Rain,,1,TWC,2021-01-30 11:06:12.216,2021-01-30 11:06:12.216,0,6.5660605,7.0,80,UTC+0200,RHeBeWmk3Z,f895a477-ecf1-c4c4-6ef9-1b1540166a0b,com.sec.android.app.shealth,,,,5,a1523937-8ebc-a73a-d3fc-644b2c763881,
0.0,,2021-01-17 12:38:25.180,46.515495,,,Mostly Cloudy,,1,TWC,2021-01-17 13:06:11.165,2021-01-17 13:06:11.165,0,6.607865,0.0,71,UTC+0200,RHeBeWmk3Z,712598e8-8896-8247-09c0-09a282bc65a7,com.sec.android.app.shealth,,,,2,5967500a-2524-e37a-e1e6-cf91f5cbb363,
0.0,,2020-12-01 12:48:00.550,46.516846,,,Rain and Snow,,1,TWC,2020-12-01 13:16:01.727,2020-12-01 13:16:01.727,0,6.606373,3.0,90,UTC+0200,RHeBeWmk3Z,e3a6c436-2f99-f153-5053-3a377d8da768,com.sec.android.app.shealth,,,,13,4100fc0b-8dee-4359-d0b9-72d486b53a1b,
0.0,,2020-12-20 17:17:22.430,46.52103,,,Cloudy,,1,TWC,2020-12-20 17:52:36.505,2020-12-20 17:52:36.505,0,6.625591,6.0,93,UTC+0200,RHeBeWmk3Z,d1886891-1f47-adec-977e-99f8db77f160,com.sec.android.app.shealth,,,,3,b91cf3e1-3ec2-a236-795a-a83098329f8e,
0.0,,2021-02-06 09:05:12.530,46.516224,,,Partly Cloudy,,1,TWC,2021-02-06 10:14:52.290,2021-02-06 10:14:52.290,0,6.6077323,6.0,89,UTC+0200,RHeBeWmk3Z,6003ae59-95ec-017b-0b16-7adb7eb65e1a,com.sec.android.app.shealth,,,,19,f4f90452-0506-1b2d-4427-2d6d99c28b24,
0.0,,2020-12-03 15:25:10.140,46.515163,,,Mostly Cloudy,,1,TWC,2020-12-03 15:58:56.649,2020-12-03 15:58:56.649,0,6.6077275,2.0,79,UTC+0200,RHeBeWmk3Z,cd42b28e-6400-4ec7-edc8-845a4474ced0,com.sec.android.app.shealth,,,,3,ffbc3bd7-61ef-3054-6bf5-d2f4851e506b,
1.0,,2020-11-29 10:11:07.690,46.51441,,,Mostly Cloudy,,1,TWC,2020-11-29 10:44:27.948,2020-11-29 10:44:27.948,0,6.6059866,1.0,92,UTC+0200,RHeBeWmk3Z,adb2f4c3-920a-098b-04dc-98689646d7b4,com.sec.android.app.shealth,,,,3,fd1d9a46-954f-6a59-a8b9-76073be038cb,
1.0,,2021-02-15 09:21:30.340,46.516495,,,Partly Cloudy,,1,TWC,2021-02-15 10:48:20.477,2021-02-15 10:48:20.471,0,6.607684,-3.0,66,UTC+0200,RHeBeWmk3Z,b2cfa7f8-84c6-1b5d-adbb-79fd30309b84,com.sec.android.app.shealth,,,,2,9e927762-e079-7eb2-c857-240d06a64dcd,
0.0,,2020-12-01 11:31:12.710,46.51541,,,Rain and Snow,,1,TWC,2020-12-01 12:03:37.168,2020-12-01 12:03:37.168,0,6.6077995,3.0,90,UTC+0200,RHeBeWmk3Z,f4a08282-c3ce-2e56-cf81-aac34198899a,com.sec.android.app.shealth,,,,13,9848ca68-dda4-73e5-223b-6d14b0b8ea8d,
0.0,,2020-12-25 11:09:01.157,47.38585,,,Snow Shower,,1,TWC,2020-12-25 11:25:52.203,2020-12-25 11:25:52.203,0,8.533484,2.0,84,UTC+0200,RHeBeWmk3Z,c6aff4b8-e07c-22c3-5789-228308d10f38,com.sec.android.app.shealth,,,,10,bb94e605-bda1-c33b-7f76-75751846cf36,
0.0,,2020-12-13 19:03:29.664,46.52045,,,Mostly Cloudy,,1,TWC,2020-12-13 19:26:05.159,2020-12-13 19:26:05.159,0,6.605948,6.0,77,UTC+0200,RHeBeWmk3Z,5709db62-4509-a2a9-d5b4-c932980c6cfb,com.sec.android.app.shealth,,,,3,bdb7edf4-87ff-8576-4543-c6fb5fca23ec,
1.0,,2021-01-11 10:28:26.910,46.520844,,,Fair,,1,TWC,2021-01-11 11:42:25.671,2021-01-11 11:42:25.671,0,6.5646734,-1.0,70,UTC+0200,RHeBeWmk3Z,16f9c7b4-4902-b666-090d-ca547386ac88,com.sec.android.app.shealth,,,,1,c063489a-aab1-bbe0-98ae-da58a90648a3,
1.0,,2021-01-02 10:38:24.690,46.484154,,,Mostly Cloudy,,1,TWC,2021-01-02 13:53:06.145,2021-01-02 13:53:06.145,0,6.9112024,-2.0,69,UTC+0200,RHeBeWmk3Z,ac9ef518-c083-595d-b033-a9506d7251c3,com.sec.android.app.shealth,,,,3,5f97841b-3fa7-152f-a017-deb3e03b77fb,
0.0,,2020-12-14 15:25:21.179,46.51536,,,Partly Cloudy,,1,TWC,2020-12-14 15:37:07.512,2020-12-14 15:37:07.512,0,6.6078563,6.0,77,UTC+0200,RHeBeWmk3Z,4235de91-998d-708d-a66a-5ff4ab7d3d77,com.sec.android.app.shealth,,,,2,272f0797-8453-b872-acb8-79faf5681bd9,
1.0,,2020-12-26 11:55:09.172,47.40385,,,Fair,,1,TWC,2020-12-26 13:06:41.312,2020-12-26 13:06:41.312,0,8.546444,3.0,59,UTC+0200,RHeBeWmk3Z,7b4c19c0-176d-ae8d-f814-af342214f587,com.sec.android.app.shealth,,,,1,baba4529-4b5b-84eb-93b6-072b55bfed15,
2.0,,2021-02-21 12:17:33.960,46.5153,,,Sunny,,1,TWC,2021-02-21 12:47:17.111,2021-02-21 12:47:17.105,0,6.607829,12.0,50,UTC+0200,RHeBeWmk3Z,7dd7c909-6375-5d31-3bbc-3c76be751ca2,com.sec.android.app.shealth,,,,1,6c8bf82f-9584-fad7-fa32-1e67d6865fb1,
1.0,,2020-12-07 12:07:57.350,46.515533,,,Partly Cloudy,,1,TWC,2020-12-07 12:42:39.990,2020-12-07 12:42:39.990,0,6.607973,5.0,72,UTC+0200,RHeBeWmk3Z,e9a63fd6-e088-3472-6d1f-c4b7c3c76777,com.sec.android.app.shealth,,,,2,522c08f6-c6f2-95b6-10f1-0eafdd2bf249,
0.0,,2021-02-28 10:29:53.220,45.69005,,,Mostly Cloudy,,1,TWC,2021-02-28 10:45:44.948,2021-02-28 10:45:44.879,0,24.795563,7.0,75,UTC+0300,RHeBeWmk3Z,659fba69-0ba2-1d74-39fa-f19a36c6e5c6,com.sec.android.app.shealth,,,,2,4c3da29a-99a7-f713-5017-b5866a07409e,
0.0,,2021-01-13 13:47:40.600,46.51538,,,Rain,,1,TWC,2021-01-13 14:16:28.831,2021-01-13 14:16:28.831,0,6.607796,4.0,84,UTC+0200,RHeBeWmk3Z,96754393-7f55-4499-a7ca-edc4e2c436fc,com.sec.android.app.shealth,,,,5,687baf62-faa7-d68b-ed7f-a99d08276728,
0.0,,2021-02-02 09:21:46.120,46.20955,,,Rain,,1,TWC,2021-02-02 15:36:03.793,2021-02-02 15:36:03.793,0,6.143043,8.0,90,UTC+0200,RHeBeWmk3Z,3c9fa48b-f144-5f1e-6af1-ea41f7903c03,com.sec.android.app.shealth,,,,5,2851722e-c148-8cca-3db3-67f656df8604,
,0,2021-01-04 14:13:33.227,46.5204,,NNE. 20,Mostly Cloudy,0,1,TWC,2021-01-04 14:13:33.232,2021-01-04 14:13:33.232,1,6.579721,1.0,79,UTC+0200,vC702BfhH0,69721513-59b5-4258-b5c8-af48a6234bb1,com.sec.android.app.shealth,km/h,0,14.0,3,5874fb2e-44ed-4e70-867a-05c209887400,
1.0,,2021-02-15 13:46:24.360,46.515285,,,Mostly Cloudy,,1,TWC,2021-02-15 14:17:32.624,2021-02-15 14:17:32.619,0,6.6078105,6.0,47,UTC+0200,RHeBeWmk3Z,d5858290-7231-70c1-583d-05ad89e520a7,com.sec.android.app.shealth,,,,2,7906acd1-4ae9-c03b-ccfc-b57b6365695d,
2.0,,2021-02-20 10:07:40.600,46.51618,,,Sunny,,1,TWC,2021-02-20 12:04:23.510,2021-02-20 12:04:23.505,0,6.607458,9.0,62,UTC+0200,RHeBeWmk3Z,1be6e514-8094-faf3-e42c-08f3418e4f84,com.sec.android.app.shealth,,,,1,3998fdae-8549-dfa6-3513-a3cbe0c613b0,
2.0,,2021-02-16 11:25:08.260,46.692585,,,Partly Cloudy,,1,TWC,2021-02-16 11:50:06.905,2021-02-16 11:50:06.780,0,7.873703,7.0,84,UTC+0200,RHeBeWmk3Z,3685c0cd-a2db-3cd3-c35d-58b45e2d22ea,com.sec.android.app.shealth,,,,2,d3559c13-ca29-3343-a433-ce7d80ae2375,
0.0,,2020-12-09 12:06:16.050,46.515556,,,Cloudy,,1,TWC,2020-12-09 12:38:41.877,2020-12-09 12:38:41.877,0,6.6081433,3.0,84,UTC+0200,RHeBeWmk3Z,980b6c06-52e0-d5ef-0d73-21d9a1b12815,com.sec.android.app.shealth,,,,3,2279f7e1-deaa-fd36-48ef-8543616d7ce6,
1.0,,2020-12-15 11:39:18.040,46.515366,,,Mostly Cloudy,,1,TWC,2020-12-15 12:12:51.381,2020-12-15 12:12:51.381,0,6.6079564,5.0,76,UTC+0200,RHeBeWmk3Z,a256b43d-28b4-a1f9-d169-c01446e9b70b,com.sec.android.app.shealth,,,,3,2fdfca34-b7e2-4ae0-a541-dd5e7f49c28f,
0.0,,2020-12-13 15:29:45.890,46.5238,,,Mostly Cloudy,,1,TWC,2020-12-13 18:10:43.592,2020-12-13 18:10:43.592,0,6.6277995,7.0,74,UTC+0200,RHeBeWmk3Z,828aaafd-66a0-c23c-f0bb-1ba96b933ca0,com.sec.android.app.shealth,,,,3,9960841c-a758-d470-6d31-6d555530319d,
0.0,,2020-12-29 16:20:19.910,46.516605,,,Mostly Cloudy,,1,TWC,2020-12-29 16:51:29.113,2020-12-29 16:51:29.113,0,6.6069684,4.0,78,UTC+0200,RHeBeWmk3Z,c0851892-d64e-bea7-d0d2-c0d4f98c82dc,com.sec.android.app.shealth,,,,3,d71867da-6d98-f9b6-9960-a4f97cfa63b8,
0.0,,2020-12-12 15:35:59.572,46.51556,,,Rain,,1,TWC,2020-12-12 15:49:16.354,2020-12-12 15:49:16.354,0,6.607848,5.0,90,UTC+0200,RHeBeWmk3Z,c25b16a2-1e74-7bfc-200e-a23851ac451b,com.sec.android.app.shealth,,,,5,a51b627e-fca7-4d01-e34c-9e124a97a3d4,
1.0,,2020-12-22 12:40:20.365,46.515526,,,Partly Cloudy,,1,TWC,2020-12-22 12:52:07.352,2020-12-22 12:52:07.352,0,6.6078243,11.0,83,UTC+0200,RHeBeWmk3Z,609eec67-1b1c-f01c-95ba-57a8e8a44ce1,com.sec.android.app.shealth,,,,2,a7f79e33-ded4-fc94-51a5-45a9e7bf36b8,
2.0,,2021-02-24 11:14:34.850,46.515343,,,Sunny,,1,TWC,2021-02-24 11:45:20.358,2021-02-24 11:45:20.341,0,6.607864,12.0,57,UTC+0200,RHeBeWmk3Z,856f43a0-46bc-cafd-96df-8e8767c633d4,com.sec.android.app.shealth,,,,1,af648678-93e3-395f-97fc-a581cb8199bc,
0.0,,2020-12-03 16:00:45.362,46.51553,,,Mostly Cloudy,,1,TWC,2020-12-03 16:13:12.469,2020-12-03 16:13:12.469,0,6.607856,2.0,79,UTC+0200,RHeBeWmk3Z,2dd68f12-7608-16c7-67a4-ba047e25841c,com.sec.android.app.shealth,,,,3,8dac0a64-73a8-e8b8-2ba5-60658b817635,
1.0,,2021-01-24 13:32:26.520,46.43158,,,Sunny,,1,TWC,2021-01-24 14:56:26.544,2021-01-24 14:56:26.544,0,6.9783845,-5.0,48,UTC+0200,RHeBeWmk3Z,8fa40765-0fa5-10ff-e3f1-b4e411be8ef9,com.sec.android.app.shealth,,,,1,2227a702-3747-be9e-cf47-13c85ad27589,
0.0,,2020-12-21 13:12:10.451,46.51567,,,Rain Shower,,1,TWC,2020-12-21 13:23:26.997,2020-12-21 13:23:26.997,0,6.6078444,6.0,90,UTC+0200,RHeBeWmk3Z,04e9a1ad-0bcf-2598-f36e-8d2068b8e839,com.sec.android.app.shealth,,,,5,e80f43bc-6d09-1146-cc08-82a900fced9d,
1.0,,2021-02-11 13:12:47.200,46.514404,,,Partly Cloudy,,1,TWC,2021-02-11 13:38:08.817,2021-02-11 13:38:08.810,0,6.605865,0.0,72,UTC+0200,RHeBeWmk3Z,f29784a5-07f2-0f51-3619-351713a75e85,com.sec.android.app.shealth,,,,2,cbe8e2bd-13c7-1142-c94a-f6dc696696ab,
1.0,,2020-11-30 11:07:37.580,46.540432,,,Mostly Cloudy,,1,TWC,2020-11-30 11:35:44.411,2020-11-30 11:35:44.411,0,6.549131,2.0,85,UTC+0200,RHeBeWmk3Z,66702b6e-cca2-4c2c-9f58-3656b466fecb,com.sec.android.app.shealth,,,,3,47c5d277-b905-7061-4efd-db9b50678a85,
1.0,,2021-01-22 12:23:52.530,46.51527,,,Rain,,1,TWC,2021-01-22 12:54:34.603,2021-01-22 12:54:34.603,0,6.607909,9.0,73,UTC+0200,RHeBeWmk3Z,95dcaa72-55c2-d574-51e3-d1375baf5e01,com.sec.android.app.shealth,,,,5,73a6be79-a96b-ba2e-c13f-4eca9b62a662,
0.0,,2020-12-30 15:03:36.804,46.515278,,,Mostly Cloudy,,1,TWC,2020-12-30 15:15:25.722,2020-12-30 15:15:25.722,0,6.60772,4.0,78,UTC+0200,RHeBeWmk3Z,71a6e20c-791e-3edb-b1ea-abea1f705ce8,com.sec.android.app.shealth,,,,3,53b9a714-3094-8a4e-7803-2da7f3c2cf82,
0.0,,2021-01-15 10:26:18.800,46.518093,,,Rain,,1,TWC,2021-01-15 10:56:17.836,2021-01-15 10:56:17.836,0,6.5629663,4.0,84,UTC+0200,RHeBeWmk3Z,fc6350fc-626f-e5af-7fb7-463b5220a2ce,com.sec.android.app.shealth,,,,5,fa1b27e2-b76f-7e81-d691-d3772ae0c8ac,
1.0,,2021-01-07 12:38:26.641,46.51562,,,Fair,,1,TWC,2021-01-07 12:50:14.836,2021-01-07 12:50:14.836,0,6.607959,3.0,61,UTC+0200,RHeBeWmk3Z,7edafd1e-c807-b107-f0d5-0f30ad91ae95,com.sec.android.app.shealth,,,,1,15750a86-197a-9dd9-921a-77ff7ea11d02,
0.0,,2021-01-15 06:26:19.320,46.51504,,,Rain,,1,TWC,2021-01-15 06:43:34.899,2021-01-15 06:43:34.899,0,6.6076517,5.0,87,UTC+0200,RHeBeWmk3Z,d148c4a1-5099-302b-8d36-59d7225d78b0,com.sec.android.app.shealth,,,,5,9b6c64ec-7aec-26b0-587a-1fab3b3f4771,
0.0,,2020-12-01 12:04:03.902,46.5146,,,Rain and Snow,,1,TWC,2020-12-01 12:18:42.732,2020-12-01 12:18:42.732,0,6.607138,3.0,90,UTC+0200,RHeBeWmk3Z,f5b046ae-9402-52ea-5563-6a4f5c156197,com.sec.android.app.shealth,,,,13,5db53a56-06ee-ea87-eff1-456ee4298eb8,
1.0,,2020-11-30 11:47:43.440,46.546764,,,Mostly Cloudy,,1,TWC,2020-11-30 12:21:04.642,2020-11-30 12:21:04.642,0,6.565333,1.0,85,UTC+0200,RHeBeWmk3Z,644029aa-3cdb-b13a-23db-d1650a6abbf0,com.sec.android.app.shealth,,,,3,48a0dde7-3048-b175-d092-a525cdd922c6,
2.0,,2021-02-23 12:34:20.580,46.514454,,,Sunny,,1,TWC,2021-02-23 13:04:35.358,2021-02-23 13:04:35.346,0,6.60531,13.0,53,UTC+0200,RHeBeWmk3Z,1f8a4593-b266-1b90-9ee9-b2663e71ad46,com.sec.android.app.shealth,,,,1,83cab9c0-a48d-7f75-dce0-a7112c86deb0,
2.0,,2021-02-24 11:53:53.540,46.515568,,,Sunny,,1,TWC,2021-02-24 12:04:30.823,2021-02-24 12:04:30.045,0,6.6078796,13.0,55,UTC+0200,RHeBeWmk3Z,2c459f3f-0549-ae5d-ac59-b446c80939e4,com.sec.android.app.shealth,,,,1,89f9ebce-c4fb-62c5-c9cf-4f24c716e2d2,
0.0,,2021-02-28 09:48:51.620,45.69557,,,Mostly Cloudy,,1,TWC,2021-02-28 10:12:29.203,2021-02-28 10:12:28.225,0,24.796211,7.0,75,UTC+0300,RHeBeWmk3Z,293a1206-9262-3667-c3d3-84dfaa5a2eda,com.sec.android.app.shealth,,,,2,4f0f81d5-aa0b-de92-f7e6-07999d53a713,
0.0,,2020-12-30 14:09:40.260,46.516888,,,Rain Shower,,1,TWC,2020-12-30 14:58:21.864,2020-12-30 14:58:21.864,0,6.6065316,4.0,76,UTC+0200,RHeBeWmk3Z,5e7ac9b8-3269-0c80-fdd0-9378425b9348,com.sec.android.app.shealth,,,,5,c426d629-d999-a9a8-0f16-c752ed2b0a97,
1.0,,2021-02-11 13:44:44.100,46.51569,,,Partly Cloudy,,1,TWC,2021-02-11 13:57:53.533,2021-02-11 13:57:53.213,0,6.607959,-1.0,71,UTC+0200,RHeBeWmk3Z,2937b0bf-eb56-9f0b-90a3-7e0b79ad60de,com.sec.android.app.shealth,,,,2,c2aee053-4cb5-a407-a67a-b3c2a1726564,
0.0,,2020-12-02 13:19:37.520,46.515625,,,Mostly Cloudy,,1,TWC,2020-12-02 13:52:35.713,2020-12-02 13:52:35.713,0,6.615262,3.0,74,UTC+0200,RHeBeWmk3Z,6b3c52b5-826a-d701-0337-a49ea315a284,com.sec.android.app.shealth,,,,3,8dc286c6-ca87-da80-1c4c-104f83800046,
0.0,,2021-03-13 16:08:06.260,46.546326,,,Fair,,1,TWC,2021-03-13 16:25:09.096,2021-03-13 16:25:09.024,0,24.585152,7.0,65,UTC+0300,RHeBeWmk3Z,98b0ced7-c4c7-7ca1-ae57-b6fb11e7e126,com.sec.android.app.shealth,,,,1,5c574ab4-40e4-465c-e60b-0b4daca56d82,
0.0,,2021-01-02 08:51:21.950,46.51622,,,Cloudy,,1,TWC,2021-01-02 09:01:54.126,2021-01-02 09:01:54.126,0,6.607871,2.0,81,UTC+0200,RHeBeWmk3Z,ebcdabba-6d59-55e1-302a-2e8ef3c6d02e,com.sec.android.app.shealth,,,,3,c97c6f4c-0ac1-03f0-73f4-0117b137ccdb,
0.0,,2020-12-27 14:18:34.710,46.515408,,,Partly Cloudy,,1,TWC,2020-12-27 14:52:09.957,2020-12-27 14:52:09.957,0,6.607886,-1.0,65,UTC+0200,RHeBeWmk3Z,acbfe257-336b-9a85-8433-2f6ec9b680d1,com.sec.android.app.shealth,,,,2,3bd03197-bba3-8a7c-2818-bb8c1294331f,
0.0,,2021-01-04 13:40:34.410,46.515465,,,Partly Cloudy,,1,TWC,2021-01-04 14:13:27.044,2021-01-04 14:13:27.044,0,6.607934,1.0,79,UTC+0200,RHeBeWmk3Z,b4c5db4f-bb6e-5ed1-39ea-865db380bc0e,com.sec.android.app.shealth,,,,2,a00a7070-ba7e-c54e-c355-259fb6f1d53f,
0.0,,2020-12-10 15:01:15.210,46.516197,,,Sunny,,1,TWC,2020-12-10 15:29:59.300,2020-12-10 15:29:59.300,0,6.6071124,3.0,72,UTC+0200,RHeBeWmk3Z,26283d17-2971-2791-9220-71d2f03d7a07,com.sec.android.app.shealth,,,,1,43abc5ce-bab6-0d39-dc49-a957eef96359,
2.0,,2021-02-23 13:14:01.100,46.51541,,,Sunny,,1,TWC,2021-02-23 13:25:10.249,2021-02-23 13:25:09.948,0,6.607908,13.0,52,UTC+0200,RHeBeWmk3Z,8a4fdd0c-3658-05ee-5665-e1f325c4f6ed,com.sec.android.app.shealth,,,,1,1603db10-0d85-5411-2923-9f1b2d8f9e6a,
1.0,,2020-12-16 15:09:28.175,46.515724,,,Mostly Cloudy,,1,TWC,2020-12-16 15:23:01.162,2020-12-16 15:23:01.162,0,6.6078362,5.0,76,UTC+0200,RHeBeWmk3Z,83dd96d6-454a-47cb-8e2c-2a5e219ecd04,com.sec.android.app.shealth,,,,3,06fb1863-4cc8-34b8-64d7-5c67dc3fd6d8,
0.0,,2021-03-20 19:33:59.020,46.068695,,,Partly Cloudy,,1,TWC,2021-03-20 19:52:09.664,2021-03-20 19:52:09.203,0,23.564098,2.0,62,UTC+0300,RHeBeWmk3Z,112b5f7a-4618-e950-6422-d78c124b650b,com.sec.android.app.shealth,,,,19,f6f1429e-964f-1fd0-97ce-1785da725169,
2.0,,2021-02-08 11:38:14.740,46.50687,,,Partly Cloudy,,1,TWC,2021-02-08 12:44:07.793,2021-02-08 12:44:07.793,0,6.497698,8.0,57,UTC+0200,RHeBeWmk3Z,1fa8189d-912c-aed2-9cd7-554e6099f078,com.sec.android.app.shealth,,,,2,b6f069c5-fd08-6f80-ce77-aeb9e4777117,
1.0,,2021-01-31 13:01:00.200,46.527122,,,Mostly Cloudy,,1,TWC,2021-01-31 13:08:05.500,2021-01-31 13:08:05.500,0,6.6028876,8.0,78,UTC+0200,RHeBeWmk3Z,ac3a8949-2f0f-a558-9b0f-0ea7897d667c,com.sec.android.app.shealth,,,,2,b287cad6-c67a-4d99-373a-5ed93b2656c4,
2.0,,2021-03-13 12:17:48.290,46.534576,,,Mostly Cloudy,,1,TWC,2021-03-13 12:56:31.337,2021-03-13 12:56:30.163,0,24.553604,8.0,71,UTC+0300,RHeBeWmk3Z,db1c9438-39ab-e539-834e-ea960a7ce689,com.sec.android.app.shealth,,,,2,befd52d3-7d24-e09c-5e35-76ae86aa489c,
1.0,,2021-03-24 13:56:46.880,46.770447,,,Mostly Cloudy,,1,TWC,2021-03-24 14:32:56.317,2021-03-24 14:32:56.194,0,23.579445,4.0,33,UTC+0300,RHeBeWmk3Z,01824696-7a49-4dbd-1904-40b90fa031ac,com.sec.android.app.shealth,,,,2,d233f678-eefa-6b21-2527-0b59067c712c,
0.0,,2020-12-20 16:30:00.157,46.508068,,,Cloudy,,1,TWC,2020-12-20 17:13:03.161,2020-12-20 17:13:03.161,0,6.627109,7.0,91,UTC+0200,RHeBeWmk3Z,e0636bb9-3908-b242-5203-675bdc73bbd7,com.sec.android.app.shealth,,,,3,93154d84-e68d-6544-9951-0d384646a088,
0.0,,2021-03-20 16:49:39.900,46.070866,,,Mostly Cloudy,,1,TWC,2021-03-20 17:14:24.796,2021-03-20 17:14:24.179,0,23.575037,4.0,46,UTC+0300,RHeBeWmk3Z,04dcfbc5-90a6-cf72-214e-50ae55a1a898,com.sec.android.app.shealth,,,,19,b612bd6c-3a6a-4abd-383c-584ec0f351e1,
0.0,,2020-12-11 08:49:17.750,46.5159,,,Cloudy,,1,TWC,2020-12-11 10:22:35.313,2020-12-11 10:22:35.313,0,6.6083803,3.0,84,UTC+0200,RHeBeWmk3Z,00b65c4e-344d-560c-7ac6-a5ab9ab183c8,com.sec.android.app.shealth,,,,3,e36c7859-b10c-7e75-8993-4619c97ed8f8,
3.0,,2021-03-25 12:16:21.450,46.76851,,,Partly Cloudy,,1,TWC,2021-03-25 13:08:39.306,2021-03-25 13:08:39.220,0,23.58386,7.0,28,UTC+0300,RHeBeWmk3Z,5d463ecc-fc87-b541-53e6-da7b0099cb07,com.sec.android.app.shealth,,,,2,c900ce25-f8d6-c930-4411-3bd2fb991179,
0.0,,2020-12-18 13:42:19.291,46.514755,,,Partly Cloudy,,1,TWC,2020-12-18 13:56:13.401,2020-12-18 13:56:13.401,0,6.6074357,8.0,76,UTC+0200,RHeBeWmk3Z,eab03714-cdb8-526e-66af-8716a1f8750b,com.sec.android.app.shealth,,,,2,16b5b1cd-17a2-12f3-2454-de9f68bd14a4,
2.0,,2021-03-13 11:15:02.520,46.536697,,,Mostly Cloudy,,1,TWC,2021-03-13 11:38:39.234,2021-03-13 11:38:39.087,0,24.553274,8.0,73,UTC+0300,RHeBeWmk3Z,c9e870ab-12b6-6791-0551-00cbe91dc66e,com.sec.android.app.shealth,,,,2,21e62191-eaca-3231-6af8-55433e413c73,
2.0,,2021-03-24 12:27:22.470,46.76986,,,Mostly Cloudy,,1,TWC,2021-03-24 12:45:07.633,2021-03-24 12:45:07.543,0,23.57833,4.0,32,UTC+0300,RHeBeWmk3Z,cca36cc6-b8b3-420f-3c48-df8e85d08b16,com.sec.android.app.shealth,,,,2,3d234ab8-c0ea-6c6a-72f9-b7599ac41e18,
1.0,,2021-01-11 06:28:32.580,46.51571,,,Fair,,1,TWC,2021-01-11 06:46:48.672,2021-01-11 06:46:48.672,0,6.607981,-1.0,70,UTC+0200,RHeBeWmk3Z,e3ff36a3-ba72-b785-82dd-0f1751f76c13,com.sec.android.app.shealth,,,,18,2eba4c6c-805f-14ff-7a39-b983e9b09a04,
0.0,,2020-12-12 15:00:07.160,46.514736,,,Rain,,1,TWC,2020-12-12 15:30:16.967,2020-12-12 15:30:16.967,0,6.604919,5.0,90,UTC+0200,RHeBeWmk3Z,01724e7e-0693-f4c9-3145-09260867038b,com.sec.android.app.shealth,,,,5,68288569-4a16-8e78-65d6-a73d70d710a0,
0.0,,2021-03-25 10:51:19.520,46.7722,,,Partly Cloudy,,1,TWC,2021-03-25 11:16:57.377,2021-03-25 11:16:57.307,0,23.586056,4.0,30,UTC+0300,RHeBeWmk3Z,2f9dfd3e-8519-102b-6a90-94514c06883c,com.sec.android.app.shealth,,,,2,ea519352-dd22-3b3e-9cf8-57f1f2d822fe,
0.0,,2021-01-30 06:25:19.340,46.51615,,,Cloudy,,1,TWC,2021-01-30 06:42:38.475,2021-01-30 06:42:38.475,0,6.60771,5.0,87,UTC+0200,RHeBeWmk3Z,d1975e12-18fe-c311-b85d-6cc8b1d92854,com.sec.android.app.shealth,,,,3,a8bf311f-dc61-15ba-1389-17de3ff06a91,
0.0,,2020-12-29 14:03:28.350,46.516106,,,Mostly Cloudy,,1,TWC,2020-12-29 16:12:26.059,2020-12-29 16:12:26.059,0,6.607594,5.0,77,UTC+0200,RHeBeWmk3Z,44ae5c82-b180-6ee1-244f-cb23ab22972f,com.sec.android.app.shealth,,,,3,c72d1897-e605-2122-5a36-8d58fb344b08,
0.0,,2021-03-20 16:19:44.160,46.067318,,,Mostly Cloudy,,1,TWC,2021-03-20 16:31:47.950,2021-03-20 16:31:47.876,0,23.573483,3.0,55,UTC+0300,RHeBeWmk3Z,13f35e03-601f-230f-e527-b2e570624599,com.sec.android.app.shealth,,,,2,6568c7b6-1cec-8d77-0e21-722d62f16693,
2.0,,2021-02-18 12:50:05.920,46.50517,,,Partly Cloudy,,1,TWC,2021-02-18 12:59:45.059,2021-02-18 12:59:45.055,0,6.627798,8.0,61,UTC+0200,RHeBeWmk3Z,23ce4054-aae3-72c7-b439-ea6730f1593c,com.sec.android.app.shealth,,,,2,dd9e75e6-7d6e-69ff-92ef-5d0c7ef6564c,
0.0,,2020-12-24 15:40:22.862,47.37823,,,Rain Shower,,1,TWC,2020-12-24 16:01:29.920,2020-12-24 16:01:29.920,0,8.536109,8.0,69,UTC+0200,RHeBeWmk3Z,de7dc7ab-7283-e582-473a-166b3336f199,com.sec.android.app.shealth,,,,5,43eb9684-0a72-7d4f-592f-948e5eec2066,
1.0,,2021-01-19 12:07:41.440,46.514477,,,Fair,,1,TWC,2021-01-19 12:36:05.235,2021-01-19 12:36:05.235,0,6.605201,4.0,64,UTC+0200,RHeBeWmk3Z,0a551e32-9e21-d0a2-4177-3c9aa980caa6,com.sec.android.app.shealth,,,,1,6bd32bfd-c01f-90ca-a6f6-61ed7aec43e9,
0.0,,2021-03-23 15:00:32.800,46.74407,,,Cloudy,,1,TWC,2021-03-23 15:38:13.077,2021-03-23 15:38:13.067,0,23.589502,3.0,59,UTC+0300,RHeBeWmk3Z,575f112d-f999-1783-78a2-584a0cd4ce7f,com.sec.android.app.shealth,,,,3,9eda9344-1b27-43ef-e14c-af8f88ddf494,
1.0,,2021-02-07 13:30:48.512,46.515156,,,Rain,,1,TWC,2021-02-07 13:42:51.495,2021-02-07 13:42:51.495,0,6.607675,7.0,73,UTC+0200,RHeBeWmk3Z,1b6be5b3-89b5-3e33-7f9f-c4437c160fd3,com.sec.android.app.shealth,,,,5,59ea2966-f05a-6b64-d26d-5ded3117e9d0,
0.0,,2021-03-25 10:09:17.380,46.775383,,,Partly Cloudy,,1,TWC,2021-03-25 10:37:45.084,2021-03-25 10:37:44.978,0,23.60945,4.0,30,UTC+0300,RHeBeWmk3Z,0f42e1ef-fc77-01d0-c03d-9f301b63d322,com.sec.android.app.shealth,,,,2,679b5f95-82d9-4920-50a8-e65568a4fd76,
0.0,,2021-03-28 15:17:59.090,45.657818,,,Cloudy,,1,TWC,2021-03-28 15:32:05.641,2021-03-28 15:32:04.914,0,25.60461,7.0,77,UTC+0400,RHeBeWmk3Z,0a8649d6-eb25-1aee-f4cb-ce68b1b72d98,com.sec.android.app.shealth,,,,3,48749e5f-ad6e-09c3-8a66-ea78c4dae388,
1.0,,2020-12-22 12:06:54.370,46.51444,,,Partly Cloudy,,1,TWC,2020-12-22 12:36:10.645,2020-12-22 12:36:10.645,0,6.605479,11.0,83,UTC+0200,RHeBeWmk3Z,40854900-3069-5d6d-1b57-4fe027f2d824,com.sec.android.app.shealth,,,,2,a5e2c16d-745e-b2b6-b995-b12e3ef7b9c1,
1.0,,2021-01-09 12:13:49.640,46.51722,,,Partly Cloudy,,1,TWC,2021-01-09 12:43:01.334,2021-01-09 12:43:01.334,0,6.6332674,-1.0,66,UTC+0200,RHeBeWmk3Z,aa0132b7-e263-7d2a-902d-512a4688fc4e,com.sec.android.app.shealth,,,,2,2459b5c6-3437-c654-294f-77fd1a9595ce,
0.0,,2021-02-26 07:32:07.530,46.516193,,,Fair,,1,TWC,2021-02-26 10:00:05.712,2021-02-26 10:00:05.708,0,6.607733,6.0,72,UTC+0200,RHeBeWmk3Z,1c4886f4-1f32-ba6e-7f95-efe6f18cf2f3,com.sec.android.app.shealth,,,,1,9b1a6797-6540-d6ab-5027-4f7183c14321,
0.0,,2021-02-04 16:02:37.720,46.947353,,,Mostly Cloudy,,1,TWC,2021-02-04 16:41:02.744,2021-02-04 16:41:02.744,0,7.4405828,8.0,84,UTC+0200,RHeBeWmk3Z,1344506a-16ee-5d6c-2fdb-f0bfff392e3c,com.sec.android.app.shealth,,,,2,17c350e0-8e96-935e-c34e-07459834f267,
,0,2020-12-18 13:34:56.884,46.511524,,SW. 230,Partly Cloudy,0,1,TWC,2020-12-18 13:34:56.889,2020-12-18 13:34:56.889,1,6.6035085,8.0,78,UTC+0200,vC702BfhH0,688811e7-6855-4654-80b5-1b49e534f2e2,com.sec.android.app.shealth,km/h,0,3.0,2,132137d8-6521-45aa-8164-18b77c7fd1e1,
0.0,,2020-12-23 11:17:31.450,46.51526,,,Mostly Cloudy,,1,TWC,2020-12-23 12:22:56.746,2020-12-23 12:22:56.746,0,6.6078787,8.0,79,UTC+0200,RHeBeWmk3Z,13f19841-fd5e-ebe3-755e-6e59b7df3986,com.sec.android.app.shealth,,,,3,a720d8a3-b28c-6b48-08ab-cb2c44a31df8,
1.0,,2021-02-25 12:39:15.020,46.514168,,,Sunny,,1,TWC,2021-02-25 12:52:47.804,2021-02-25 12:52:47.656,0,6.607171,11.0,59,UTC+0200,RHeBeWmk3Z,388d5b42-75bf-ab23-7069-35a7df5d9b9b,com.sec.android.app.shealth,,,,1,f4f6aa42-b8a2-3234-9309-bd4aeb0cc308,
0.0,,2021-01-04 14:17:08.701,46.5154,,,Mostly Cloudy,,1,TWC,2021-01-04 14:27:52.657,2021-01-04 14:27:52.657,0,6.6078844,1.0,79,UTC+0200,RHeBeWmk3Z,6976fee5-0ff4-e010-8db2-064af4c6fe47,com.sec.android.app.shealth,,,,3,cfe41a98-0b4a-d213-8b70-47e4cb9939f6,
0.0,,2021-02-15 14:25:48.360,46.51542,,,Mostly Cloudy,,1,TWC,2021-02-15 14:37:41.979,2021-02-15 14:37:41.483,0,6.60788,6.0,50,UTC+0200,RHeBeWmk3Z,4bb5d3f8-15f1-993a-e778-a3f5b9621a05,com.sec.android.app.shealth,,,,2,76c92d87-7f8c-946e-3d5f-2683aabad0e0,
0.0,,2021-01-01 13:47:13.440,46.515236,,,Cloudy,,1,TWC,2021-01-01 14:26:25.294,2021-01-01 14:26:25.294,0,6.607865,3.0,81,UTC+0200,RHeBeWmk3Z,8ab3af9a-7061-d829-b33f-fae8e917c024,com.sec.android.app.shealth,,,,3,a284f576-c2f9-1662-c15f-c65f34284cba,
0.0,,2020-12-14 14:45:40.730,46.51539,,,Partly Cloudy,,1,TWC,2020-12-14 15:20:26.587,2020-12-14 15:20:26.587,0,6.6079497,6.0,76,UTC+0200,RHeBeWmk3Z,6fd2093f-6178-0d13-c03a-e4878d0900c3,com.sec.android.app.shealth,,,,2,b59c2af2-7dd7-5121-6307-ce30791eea51,
2.0,,2021-03-13 10:58:29.220,46.544132,,,Mostly Cloudy,,1,TWC,2021-03-13 11:14:14.543,2021-03-13 11:14:14.178,0,24.559664,7.0,75,UTC+0300,RHeBeWmk3Z,3242ce77-7659-16d0-de4d-2408b83fc82d,com.sec.android.app.shealth,,,,2,8896f473-a0a4-259b-3a8c-24beeac2fe00,
2.0,,2021-02-21 13:03:09.200,46.51503,,,Sunny,,1,TWC,2021-02-21 13:15:29.875,2021-02-21 13:15:28.951,0,6.607613,13.0,47,UTC+0200,RHeBeWmk3Z,73effd69-8083-0ad7-e401-27de38882920,com.sec.android.app.shealth,,,,1,f7bb4528-b277-8635-8b61-de38c7f71446,
0.0,,2021-01-21 17:32:40.511,46.514046,,,Rain Shower,,1,TWC,2021-01-21 17:48:16.414,2021-01-21 17:48:16.414,0,6.6075087,9.0,70,UTC+0200,RHeBeWmk3Z,89976381-15b4-1913-5193-1f2f7c81ca49,com.sec.android.app.shealth,,,,6,968affd2-5e0d-4fd7-33f5-f626c700e0ae,
0.0,,2021-03-20 16:01:29.260,46.06823,,,Mostly Cloudy,,1,TWC,2021-03-20 16:15:19.694,2021-03-20 16:15:19.410,0,23.565582,4.0,53,UTC+0300,RHeBeWmk3Z,1fa2c421-98a8-e53a-8aad-86bd38f2075f,com.sec.android.app.shealth,,,,2,4e6e37ca-c3c9-5124-0a15-01bb98a99681,
0.0,,2021-01-31 08:37:29.020,46.516125,,,Cloudy,,1,TWC,2021-01-31 08:47:05.775,2021-01-31 08:47:05.775,0,6.607632,6.0,91,UTC+0200,RHeBeWmk3Z,6dc78b02-9e62-60df-3467-3db0a5b8151f,com.sec.android.app.shealth,,,,3,6dd7ac87-b5c2-6268-9e2c-55a855f0712f,
1.0,,2021-02-25 12:02:26.080,46.515293,,,Sunny,,1,TWC,2021-02-25 12:31:29.783,2021-02-25 12:31:29.779,0,6.6076875,11.0,59,UTC+0200,RHeBeWmk3Z,ba21e389-901e-66b1-ac0c-e702b8c23244,com.sec.android.app.shealth,,,,1,08b3d8cc-e8b5-d45a-df4d-b11cb7164365,
3.0,,2021-03-23 09:52:58.630,46.777706,,,Partly Cloudy,,1,TWC,2021-03-23 10:34:26.108,2021-03-23 10:34:26.103,0,23.612411,5.0,43,UTC+0300,RHeBeWmk3Z,4e600b71-338b-62ac-ea55-01e28f3a0f3d,com.sec.android.app.shealth,,,,2,99811eb1-e591-e8c2-6aeb-e142dd2ed2c6,
3.0,,2021-03-08 10:02:08.420,45.699657,,,Partly Cloudy,,1,TWC,2021-03-08 10:35:52.632,2021-03-08 10:35:52.626,0,24.796988,3.0,43,UTC+0300,RHeBeWmk3Z,01c7e3ef-09a4-baca-4b89-5c81d3f9438d,com.sec.android.app.shealth,,,,2,e465108c-fad9-f17e-ac00-c201f1e920c5,
0.0,,2021-03-24 18:55:14.550,46.778893,,,Clear,,1,TWC,2021-03-24 19:15:18.177,2021-03-24 19:15:17.713,0,23.61775,0.0,51,UTC+0300,RHeBeWmk3Z,3146aceb-b075-0bd5-3dc9-08efb454e669,com.sec.android.app.shealth,,,,18,a0a951e4-a392-f7ac-27ba-91e57c77933d,
1.0,,2021-02-04 11:40:50.010,46.624382,,,Rain Shower,,1,TWC,2021-02-04 14:13:03.492,2021-02-04 14:13:03.492,0,8.03372,6.0,67,UTC+0200,RHeBeWmk3Z,b01cd733-5277-157e-41cf-867c68f2d84f,com.sec.android.app.shealth,,,,6,858bf068-fb30-9582-859e-751a3e1cfaf4,
0.0,,2021-03-13 16:25:50.360,46.54729,,,Fair,,1,TWC,2021-03-13 17:02:30.282,2021-03-13 17:02:29.220,0,24.573118,8.0,66,UTC+0300,RHeBeWmk3Z,03a91221-41ad-cf29-8474-3d7c52734f57,com.sec.android.app.shealth,,,,18,4e202f9b-5a4f-ae49-0db3-cf6685635ec9,
1.0,,2021-02-08 12:44:26.104,46.51548,,,Partly Cloudy,,1,TWC,2021-02-08 12:56:26.687,2021-02-08 12:56:26.687,0,6.607837,8.0,51,UTC+0200,RHeBeWmk3Z,ff3ef1a8-345d-b038-3e25-b72f6f050709,com.sec.android.app.shealth,,,,2,ca809277-c90f-7c49-0e24-7e2846794b01,
0.0,,2021-03-28 07:36:27.230,46.776367,,,Partly Cloudy,,1,TWC,2021-03-28 08:13:55.789,2021-03-28 08:13:55.511,0,23.605803,9.0,48,UTC+0400,RHeBeWmk3Z,60ae24a1-2287-b857-2898-70f3b59bd693,com.sec.android.app.shealth,,,,19,dc53663b-d9e5-c1e6-e855-46a61dd9cca7,
2.0,,2021-03-21 12:49:28.930,46.07034,,,Partly Cloudy,,1,TWC,2021-03-21 13:11:12.483,2021-03-21 13:11:12.365,0,23.558891,8.0,45,UTC+0300,RHeBeWmk3Z,5511e0ac-b93f-4080-6b94-491e1c5caf46,com.sec.android.app.shealth,,,,2,cfd31939-b92a-a62f-97dc-bcd9ff0fb63b,
1.0,,2021-01-09 11:33:25.590,46.514523,,,Partly Cloudy,,1,TWC,2021-01-09 12:12:44.561,2021-01-09 12:12:44.561,0,6.605533,0.0,68,UTC+0200,RHeBeWmk3Z,2387a6a9-0f5c-2898-8cd2-14d0cf65092b,com.sec.android.app.shealth,,,,2,0f4bde80-996e-ba7f-71e0-c651f6f5749f,
1.0,,2021-03-24 14:41:26.850,46.7715,,,Partly Cloudy,,1,TWC,2021-03-24 15:12:05.902,2021-03-24 15:12:04.978,0,23.59951,5.0,31,UTC+0300,RHeBeWmk3Z,57b58b22-5a2b-37d9-6174-22ba789a121f,com.sec.android.app.shealth,,,,2,09c596d0-cc06-9fe2-a52b-aa0b98aaee89,
0.0,,2021-02-02 08:14:24.390,46.51633,,,Rain,,1,TWC,2021-02-02 08:24:11.207,2021-02-02 08:24:11.207,0,6.6074944,7.0,87,UTC+0200,RHeBeWmk3Z,3757746a-e3c3-1bb5-0d3c-77ed35e2353d,com.sec.android.app.shealth,,,,5,b499284b-4731-4da0-0e32-d8cf1e0f3eaa,
4.0,,2021-03-26 09:53:19.620,46.773365,,,Sunny,,1,TWC,2021-03-26 10:22:32.096,2021-03-26 10:22:31.393,0,23.59747,9.0,41,UTC+0300,RHeBeWmk3Z,78d6e584-f0e1-708d-5fd6-fe1ec1f201b2,com.sec.android.app.shealth,,,,1,2eda4a6a-b495-88fa-4e62-7027004fdf69,
1.0,,2020-12-02 10:53:16.570,46.516,,,Mostly Cloudy,,1,TWC,2020-12-02 11:49:12.826,2020-12-02 11:49:12.826,0,6.607588,3.0,77,UTC+0200,RHeBeWmk3Z,4ab75664-467d-a435-33da-6661e2c8b7e9,com.sec.android.app.shealth,,,,3,b39e77b0-392b-30dd-2df6-8c13e7171915,
1.0,,2020-12-18 12:27:39.740,46.51519,,,Partly Cloudy,,1,TWC,2020-12-18 13:33:05.057,2020-12-18 13:33:05.057,0,6.6078854,8.0,77,UTC+0200,RHeBeWmk3Z,a2ce1048-0d1a-fc55-c0f6-58fcca52c0bd,com.sec.android.app.shealth,,,,2,87141758-87fd-4a8c-8216-07646b8cf1ba,
1.0,,2020-12-08 12:32:53.524,46.515247,,,Mostly Cloudy,,1,TWC,2020-12-08 12:45:17.053,2020-12-08 12:45:17.053,0,6.6077495,4.0,70,UTC+0200,RHeBeWmk3Z,e97b46f2-4580-91c9-2e78-1da49feb87fb,com.sec.android.app.shealth,,,,3,35fcaf35-ebe3-d804-ad03-ac263bd6dd96,
1.0,,2020-12-19 11:42:30.680,46.65925,,,Mostly Cloudy,,1,TWC,2020-12-19 14:06:18.215,2020-12-19 14:06:18.215,0,6.347615,5.0,71,UTC+0200,RHeBeWmk3Z,82ba609c-9816-9c72-799e-109bd4fa087d,com.sec.android.app.shealth,,,,3,45549b41-50a6-ed74-d44a-61bb9ec56a42,
1.0,,2021-01-07 12:00:57.490,46.515312,,,Fair,,1,TWC,2021-01-07 12:34:19.181,2021-01-07 12:34:19.181,0,6.60785,2.0,63,UTC+0200,RHeBeWmk3Z,42546e61-4e2f-ff0c-cb93-ba29697b65de,com.sec.android.app.shealth,,,,1,7b58bba0-3b98-4c0a-d963-d0262672bb17,
1.0,,2021-01-29 11:54:06.321,46.515182,,,Mostly Cloudy,,1,TWC,2021-01-29 12:06:08.359,2021-01-29 12:06:08.359,0,6.6076856,10.0,70,UTC+0200,RHeBeWmk3Z,196555cd-6ad5-8646-a507-d8ec354f0efa,com.sec.android.app.shealth,,,,2,a85f1396-99f0-18dd-6001-ab9e78ec3567,
0.0,,2020-12-26 13:58:54.820,47.368366,,,Partly Cloudy,,1,TWC,2020-12-26 14:32:20.845,2020-12-26 14:32:20.845,0,8.544458,3.0,51,UTC+0200,RHeBeWmk3Z,0382efca-b650-4dc0-6854-251af11c5437,com.sec.android.app.shealth,,,,2,1eefa018-20ef-3c65-1524-d1ba9f4d5001,
2.0,,2021-02-17 13:01:42.740,46.514534,,,Fair,,1,TWC,2021-02-17 13:18:33.735,2021-02-17 13:18:33.328,0,6.6060967,12.0,59,UTC+0200,RHeBeWmk3Z,141b13b2-1936-7057-2d79-03fce92c06be,com.sec.android.app.shealth,,,,1,864d02ce-0a24-42c7-7d9f-20170e307f94,
0.0,,2020-12-24 14:27:32.910,47.355297,,,Cloudy,,1,TWC,2020-12-24 15:14:31.558,2020-12-24 15:14:31.558,0,8.535112,9.0,66,UTC+0200,RHeBeWmk3Z,f5539231-05ae-1504-c46e-77d79bf8484b,com.sec.android.app.shealth,,,,3,8f5d42f0-f092-6a54-1ecf-9662c3a0c95a,
0.0,,2021-01-21 16:59:49.808,46.516563,,,Cloudy,,1,TWC,2021-01-21 17:29:42.873,2021-01-21 17:29:42.873,0,6.608468,9.0,69,UTC+0200,RHeBeWmk3Z,83db060a-39ec-62ae-0f3b-432655810445,com.sec.android.app.shealth,,,,3,c6bd3583-8955-7acc-f804-bfc7c1b6a0d6,
1.0,,2021-01-29 11:22:32.890,46.515152,,,Rain,,1,TWC,2021-01-29 11:53:46.325,2021-01-29 11:53:46.325,0,6.6078553,10.0,71,UTC+0200,RHeBeWmk3Z,241cf3ab-5b2c-7870-199d-8750c0350b70,com.sec.android.app.shealth,,,,5,3bc9d0f8-f454-432a-fe90-9019d3a0915f,
1.0,,2021-02-09 12:04:10.920,46.51535,,,Partly Cloudy,,1,TWC,2021-02-09 12:34:54.653,2021-02-09 12:34:54.653,0,6.6077027,7.0,69,UTC+0200,RHeBeWmk3Z,177367d5-fac2-4cd6-882b-bff9d0af3b44,com.sec.android.app.shealth,,,,2,c73c2850-12d1-c04a-6727-932ebeb0e779,
1.0,,2021-02-12 12:54:21.670,46.51534,,,Cloudy,,1,TWC,2021-02-12 13:25:20.859,2021-02-12 13:25:20.855,0,6.6079454,-4.0,78,UTC+0200,RHeBeWmk3Z,0ed44dae-46ee-dd17-bec7-7aee9bde437f,com.sec.android.app.shealth,,,,3,c59e5a08-375d-ab15-648c-69bfcdc25345,
0.0,,2021-01-20 06:18:48.690,46.51569,,,Partly Cloudy,,1,TWC,2021-01-20 06:36:10.958,2021-01-20 06:36:10.958,0,6.607782,2.0,71,UTC+0200,RHeBeWmk3Z,f2efcec3-ee5e-b61e-8839-cb4129f6995f,com.sec.android.app.shealth,,,,19,3f7cc52a-45c8-353e-da29-3beb4168b509,
1.0,,2020-11-29 10:47:56.320,46.515476,,,Mostly Cloudy,,1,TWC,2020-11-29 11:00:53.615,2020-11-29 11:00:53.615,0,6.6080456,1.0,92,UTC+0200,RHeBeWmk3Z,5022ad68-c661-2209-2c0d-6a6b5a00898f,com.sec.android.app.shealth,,,,3,856fd47e-d407-75c8-1941-1218bfb57055,
0.0,,2020-12-13 14:53:56.592,46.520424,,,Mostly Cloudy,,1,TWC,2020-12-13 15:17:41.445,2020-12-13 15:17:41.445,0,6.6303754,7.0,72,UTC+0200,RHeBeWmk3Z,1221a9bc-c651-bd8e-ad78-0b822d71d99f,com.sec.android.app.shealth,,,,3,0225640b-11c3-82fa-2e8e-7c9509888ea5,
3.0,,2021-03-09 10:42:37.600,45.6997,,,Mostly Cloudy,,1,TWC,2021-03-09 11:15:05.609,2021-03-09 11:15:05.604,0,24.796928,3.0,55,UTC+0300,RHeBeWmk3Z,7ba1c3d2-f10a-fe15-6a65-7aeb4f572f62,com.sec.android.app.shealth,,,,2,073eb601-4323-e93c-2d86-5da61aaa461e,
0.0,,2021-03-19 10:47:24.890,46.7786,,,Snow,,1,TWC,2021-03-19 11:21:32.922,2021-03-19 11:21:32.213,0,23.61507,-1.0,98,UTC+0300,RHeBeWmk3Z,3b6cd9d6-9023-1d3b-8d5a-a5fa65f260ff,com.sec.android.app.shealth,,,,12,9311a426-fddf-7db3-7497-f9841ec5607a,
2.0,,2021-03-22 09:52:33.510,46.781242,,,Mostly Cloudy,,1,TWC,2021-03-22 10:31:05.061,2021-03-22 10:31:05.054,0,23.608433,3.0,50,UTC+0300,RHeBeWmk3Z,7e4d6ba8-7b5c-d344-fb92-442b6ad8cd3b,com.sec.android.app.shealth,,,,2,b3a7a038-c2ea-49f3-09b0-d97fe84b6650,
0.0,,2021-03-24 16:01:41.220,46.775555,,,Partly Cloudy,,1,TWC,2021-03-24 16:22:43.297,2021-03-24 16:22:42.675,0,23.614788,4.0,31,UTC+0300,RHeBeWmk3Z,806defad-6a95-8d5c-0153-20a7b54335c1,com.sec.android.app.shealth,,,,2,cf3b17b0-256e-1450-43f1-99b314328de8,
3.0,,2021-03-26 12:06:37.030,46.768993,,,Fair,,1,TWC,2021-03-26 12:55:23.852,2021-03-26 12:55:23.580,0,23.589369,12.0,36,UTC+0300,RHeBeWmk3Z,5d28be11-d31e-df31-46a6-8f55e17e7b4a,com.sec.android.app.shealth,,,,1,4784da25-babb-cb22-9a1a-9a7d1b62809b,
