step_count,active_time,others_time,update_time,create_time,goal,longest_active_time,score,distance,calorie,extra_data,deviceuuid,run_time,pkg_name,walk_time,longest_idle_time,datauuid,day_time
10735,14493123,11303709,2021-02-04 22:55:01.755,2021-02-03 23:00:00.416,60,8095309,400,40021.457,1402.5435,8cc7436c-48d6-4c99-bc35-c821bdba6462.extra_data.json,vC702BfhH0,10800,com.sec.android.app.shealth,3178614,17100000,8cc7436c-48d6-4c99-bc35-c821bdba6462,1612396800000,
6016,4775673,3545288,2021-01-23 23:31:43.345,2021-01-22 23:00:00.500,60,2154859,131,15893.391,496.45193,3f35140e-601c-485c-844d-12a356218a52.extra_data.json,vC702BfhH0,2800,com.sec.android.app.shealth,1227585,21000000,3f35140e-601c-485c-844d-12a356218a52,1611360000000,
6859,3076139,0,2021-02-24 23:02:32.645,2021-02-23 23:00:01.356,60,1841740,85,6879.6846,411.13037,5412a692-7f52-4d63-bb2c-d046c5165f1a.extra_data.json,vC702BfhH0,1867152,com.sec.android.app.shealth,1208987,16320000,5412a692-7f52-4d63-bb2c-d046c5165f1a,1614124800000,
4169,3036378,0,2020-11-18 21:15:03.228,2020-11-17 22:00:00.432,60,1292940,83,3129.2822,158.19147,13fddf9d-8fa1-4b9f-aedd-c17084fa58fc.extra_data.json,vC702BfhH0,13600,com.sec.android.app.shealth,3022778,32700000,13fddf9d-8fa1-4b9f-aedd-c17084fa58fc,1605657600000,
620,409802,0,2021-02-01 21:35:01.832,2021-01-31 23:00:20.890,60,21344,10,481.53345,24.063124,d1b2a7d9-81e1-463e-b2fb-0461435e0f78.extra_data.json,vC702BfhH0,5600,com.sec.android.app.shealth,404202,13980000,d1b2a7d9-81e1-463e-b2fb-0461435e0f78,1612137600000,
0,0,0,2020-11-07 08:33:38.153,2020-11-07 08:33:38.153,-1,0,0,0.0,0.0,a8f34256-2290-4653-a2e6-f00e8a8abc43.extra_data.json,vC702BfhH0,0,com.sec.android.app.shealth,0,-1,a8f34256-2290-4653-a2e6-f00e8a8abc43,1602547200000,
6683,3045405,0,2021-02-21 20:55:02.266,2021-02-20 23:00:01.984,60,1932730,83,6923.477,410.14786,171f80a3-8769-446f-96f9-05e2550114d4.extra_data.json,vC702BfhH0,1802356,com.sec.android.app.shealth,1243049,24240000,171f80a3-8769-446f-96f9-05e2550114d4,1613865600000,
442,291343,0,2021-02-03 22:55:02.314,2021-02-02 23:00:00.601,60,15339,6,348.25778,17.190512,6886dc90-dbb3-4ded-b244-8b7ec5078675.extra_data.json,vC702BfhH0,5200,com.sec.android.app.shealth,286143,15900000,6886dc90-dbb3-4ded-b244-8b7ec5078675,1612310400000,
7256,4738704,2025869,2020-11-07 08:33:40.609,2020-11-07 08:33:40.609,-1,2025869,0,4114.6567,615.88995,546c7fb2-b2fc-49be-bd1a-3d7c70133e09.extra_data.json,vC702BfhH0,10000,com.sec.android.app.shealth,2702835,14160000,546c7fb2-b2fc-49be-bd1a-3d7c70133e09,1604448000000,
7363,3475191,0,2020-12-21 22:51:14.427,2020-12-20 23:00:00.997,60,1736889,95,2342.6807,383.01254,6151b38b-c60f-47a0-b5f1-94502196b093.extra_data.json,vC702BfhH0,1750689,com.sec.android.app.shealth,1724502,23760000,6151b38b-c60f-47a0-b5f1-94502196b093,1608508800000,
2034,1348905,0,2020-11-16 05:25:20.465,2020-11-14 22:00:02.276,60,60000,36,1720.0065,87.16037,06bf1960-66bc-4640-8717-c97cbbd85a00.extra_data.json,vC702BfhH0,11600,com.sec.android.app.shealth,1337305,35640000,06bf1960-66bc-4640-8717-c97cbbd85a00,1605398400000,
281,187427,0,2020-11-21 21:39:37.647,2020-11-20 22:00:00.939,60,25346,5,208.3352,10.05983,6da4f599-715e-4018-bd9a-675ac3678060.extra_data.json,vC702BfhH0,0,com.sec.android.app.shealth,187427,32820000,6da4f599-715e-4018-bd9a-675ac3678060,1605916800000,
3592,6003661,5403700,2021-01-08 22:55:03.862,2021-01-07 23:00:00.723,60,5403700,165,4428.581,471.0086,e5eeb95e-997e-4579-89ed-99e7fb831fe0.extra_data.json,vC702BfhH0,2335,com.sec.android.app.shealth,597626,16440000,e5eeb95e-997e-4579-89ed-99e7fb831fe0,1610064000000,
606,404202,0,2020-11-27 18:42:54.454,2020-11-26 22:00:00.562,60,44689,10,458.0171,21.478638,9a28710a-6b86-4d9d-9912-3e5d55e838a8.extra_data.json,vC702BfhH0,0,com.sec.android.app.shealth,404202,32160000,9a28710a-6b86-4d9d-9912-3e5d55e838a8,1606435200000,
6974,4827575,3206610,2021-01-16 21:33:46.037,2021-01-15 23:00:00.429,60,2257060,131,14894.468,435.61676,42a42181-8bfe-4667-91e3-cdc02ca6a1a2.extra_data.json,vC702BfhH0,20800,com.sec.android.app.shealth,1600165,24180000,42a42181-8bfe-4667-91e3-cdc02ca6a1a2,1610755200000,
6586,3029835,0,2021-02-07 21:15:03.741,2021-02-06 23:00:00.890,60,1721109,81,6941.5034,406.90378,36fdde44-0311-48c3-9256-4f92a677daef.extra_data.json,vC702BfhH0,1730821,com.sec.android.app.shealth,1299014,21780000,36fdde44-0311-48c3-9256-4f92a677daef,1612656000000,
0,0,0,2020-11-07 08:33:39.193,2020-11-07 08:33:39.193,-1,0,0,0.0,0.0,75f53fb6-cff2-4fe2-a8b3-e94b44f51c51.extra_data.json,vC702BfhH0,0,com.sec.android.app.shealth,0,-1,75f53fb6-cff2-4fe2-a8b3-e94b44f51c51,1603065600000,
11478,13749200,11915800,2020-12-23 22:52:55.646,2020-12-18 23:14:53.937,60,8571330,380,2223.5742,1906.735,08da24d9-6d4c-4e16-9667-dea785d4e5f4.extra_data.json,vC702BfhH0,9600,com.sec.android.app.shealth,1823800,14160000,08da24d9-6d4c-4e16-9667-dea785d4e5f4,1608336000000,
0,0,0,2020-11-07 08:33:39.478,2020-11-07 08:33:39.478,-1,0,0,0.0,0.0,1d9b234c-828b-4876-9313-599fdb955c45.extra_data.json,vC702BfhH0,0,com.sec.android.app.shealth,0,-1,1d9b234c-828b-4876-9313-599fdb955c45,1603152000000,
8817,5075928,1625400,2020-12-10 23:00:58.995,2020-12-09 23:00:00.580,60,2021450,140,10974.905,647.82465,aef6a2e5-1a1e-4d1f-b5b6-06f03d7f82e2.extra_data.json,vC702BfhH0,1883585,com.sec.android.app.shealth,1566943,21660000,aef6a2e5-1a1e-4d1f-b5b6-06f03d7f82e2,1607558400000,
587,390995,0,2021-02-14 22:39:35.277,2021-02-13 23:18:24.443,60,26680,10,453.56403,21.860518,d4e716fd-8374-4312-b441-866509a27764.extra_data.json,vC702BfhH0,800,com.sec.android.app.shealth,390195,22080000,d4e716fd-8374-4312-b441-866509a27764,1613260800000,
0,0,0,2020-11-07 08:33:40.136,2020-11-07 08:33:40.136,-1,0,0,0.0,0.0,99e67a91-d360-458a-9612-00a2535bca03.extra_data.json,vC702BfhH0,0,com.sec.android.app.shealth,0,-1,99e67a91-d360-458a-9612-00a2535bca03,1603756800000,
9540,5486380,1317410,2020-12-01 22:58:19.464,2020-11-30 23:00:00.432,60,2000960,151,12638.121,748.4071,e5d9e43b-9db9-4a1f-97ec-48e0b7146a0c.extra_data.json,vC702BfhH0,1983476,com.sec.android.app.shealth,2185494,16440000,e5d9e43b-9db9-4a1f-97ec-48e0b7146a0c,1606780800000,
12940,9061090,0,2020-11-22 20:48:54.335,2020-11-21 22:00:00.708,60,1870565,250,9498.622,513.58777,19afcddc-8372-47c4-8cf8-d47d4f368089.extra_data.json,vC702BfhH0,5200,com.sec.android.app.shealth,9055890,36240000,19afcddc-8372-47c4-8cf8-d47d4f368089,1606003200000,
10895,7345257,0,2020-11-07 08:33:40.687,2020-11-07 08:33:40.687,-1,2108564,0,8123.3423,435.71985,5a32e292-d79e-4154-8e64-fe18e0300809.extra_data.json,vC702BfhH0,25600,com.sec.android.app.shealth,7319657,15720000,5a32e292-d79e-4154-8e64-fe18e0300809,1604534400000,
25724,15330858,8258010,2021-02-10 20:24:17.336,2021-02-09 23:00:00.783,60,8258010,423,18329.068,1384.5562,b1d9ed8e-9122-4386-b3ba-30276f8e369c.extra_data.json,vC702BfhH0,7247,com.sec.android.app.shealth,7065601,14760000,b1d9ed8e-9122-4386-b3ba-30276f8e369c,1612915200000,
0,0,0,2020-11-07 08:33:38.079,2020-11-07 08:33:38.079,-1,0,0,0.0,0.0,7ea28b42-a377-42df-b8c3-983f4030f747.extra_data.json,vC702BfhH0,0,com.sec.android.app.shealth,0,-1,7ea28b42-a377-42df-b8c3-983f4030f747,1602460800000,
6676,6100836,5603374,2020-12-05 23:18:21.765,2020-12-04 23:00:00.748,60,4963210,168,15414.282,665.095,11c3a9e0-3978-49f5-acc8-4133707cfddb.extra_data.json,vC702BfhH0,2800,com.sec.android.app.shealth,494662,19620000,11c3a9e0-3978-49f5-acc8-4133707cfddb,1607126400000,
7182,5389414,3406029,2020-11-30 22:35:02.169,2020-11-29 23:00:00.591,60,1515119,148,15785.844,543.97705,46dfc201-097a-4d92-bb6c-186f734a023e.extra_data.json,vC702BfhH0,17155,com.sec.android.app.shealth,1966230,14520000,46dfc201-097a-4d92-bb6c-186f734a023e,1606694400000,
5801,3677289,0,2020-11-23 21:35:01.792,2020-11-22 22:00:00.834,60,1231801,101,4375.3096,219.03981,b1969a78-66c6-4876-89cb-2f78dcbb635c.extra_data.json,vC702BfhH0,8800,com.sec.android.app.shealth,3668489,32220000,b1969a78-66c6-4876-89cb-2f78dcbb635c,1606089600000,
6522,2985120,0,2021-02-09 15:10:14.664,2021-01-12 23:00:00.548,60,1722220,81,6984.4463,383.18445,47e67724-7dd2-4ffc-8029-078b2c0ac2d5.extra_data.json,vC702BfhH0,1751082,com.sec.android.app.shealth,1234038,14520000,47e67724-7dd2-4ffc-8029-078b2c0ac2d5,1610496000000,
7606,3693745,0,2021-02-11 22:35:06.883,2021-02-10 23:00:00.898,60,1447000,101,7692.328,449.89166,f0b3e443-9747-4c63-b225-2bf7ac33d190.extra_data.json,vC702BfhH0,1461613,com.sec.android.app.shealth,2232132,15180000,f0b3e443-9747-4c63-b225-2bf7ac33d190,1613001600000,
4894,3107823,0,2021-02-27 22:05:34.264,2021-02-26 23:00:01.471,60,360000,85,3900.6523,197.27873,5d243fb2-2bbf-4ad2-a30c-928886a7c00b.extra_data.json,vC702BfhH0,14000,com.sec.android.app.shealth,3093823,12180000,5d243fb2-2bbf-4ad2-a30c-928886a7c00b,1614384000000,
6434,5415176,3994930,2021-02-20 21:35:06.288,2021-02-19 23:00:02.479,60,3991410,148,12625.839,656.664,2ce58329-33ba-4973-b1e8-0a3cc239ccd6.extra_data.json,vC702BfhH0,16400,com.sec.android.app.shealth,1403846,25380000,2ce58329-33ba-4973-b1e8-0a3cc239ccd6,1613779200000,
77,51359,0,2020-11-25 17:50:01.503,2020-11-24 22:00:00.583,60,23345,0,57.950195,2.724121,ce238435-5a02-4cb9-b7a2-058fc3fd7ebb.extra_data.json,vC702BfhH0,0,com.sec.android.app.shealth,51359,35940000,ce238435-5a02-4cb9-b7a2-058fc3fd7ebb,1606262400000,
12639,4706192,0,2021-01-09 22:47:02.327,2021-01-08 23:00:00.598,60,3731000,130,12247.597,1048.6216,ff2fff36-51c3-4962-ad89-dfeadf686ec8.extra_data.json,vC702BfhH0,3605575,com.sec.android.app.shealth,1100617,23040000,ff2fff36-51c3-4962-ad89-dfeadf686ec8,1610150400000,
11821,5372424,1177459,2020-12-02 22:55:01.851,2020-12-01 23:00:01.700,60,1974659,148,12784.559,639.19293,7b6f1ba2-0da6-4472-a3c5-1d1e131f79bd.extra_data.json,vC702BfhH0,2317982,com.sec.android.app.shealth,1876983,7380000,7b6f1ba2-0da6-4472-a3c5-1d1e131f79bd,1606867200000,
1890,1153925,0,2020-11-19 18:24:40.113,2020-11-18 22:00:01.756,60,300000,30,1475.4673,69.00115,56b1d92d-c2c3-4f2c-bbfd-d40b33148b17.extra_data.json,vC702BfhH0,23600,com.sec.android.app.shealth,1130325,30420000,56b1d92d-c2c3-4f2c-bbfd-d40b33148b17,1605744000000,
6863,3121468,0,2021-02-09 22:48:24.643,2021-02-08 23:00:00.801,60,1908740,85,6845.3955,437.75296,2bcdaea7-071c-4b64-86ec-2679f26eb3ba.extra_data.json,vC702BfhH0,1855410,com.sec.android.app.shealth,1266058,19020000,2bcdaea7-071c-4b64-86ec-2679f26eb3ba,1612828800000,
691,451552,0,2021-01-28 23:19:28.611,2021-01-27 23:00:01.126,60,24679,11,555.9321,29.21506,19408d6c-9be2-4fd3-ae48-d8bdf41739c7.extra_data.json,vC702BfhH0,14000,com.sec.android.app.shealth,437552,27120000,19408d6c-9be2-4fd3-ae48-d8bdf41739c7,1611792000000,
14018,9487061,855870,2020-12-25 22:55:03.978,2020-12-24 23:00:01.687,60,3257937,261,13283.008,603.173,58e4d8ad-3460-4804-97f1-08b6562ccc85.extra_data.json,vC702BfhH0,15962,com.sec.android.app.shealth,8615229,24240000,58e4d8ad-3460-4804-97f1-08b6562ccc85,1608854400000,
0,0,0,2020-11-07 08:33:40.084,2020-11-07 08:33:40.084,-1,0,0,0.0,0.0,2928b36e-dc47-48ad-b8ee-078d0a0108e5.extra_data.json,vC702BfhH0,0,com.sec.android.app.shealth,0,-1,2928b36e-dc47-48ad-b8ee-078d0a0108e5,1603670400000,
10040,5430249,1975890,2021-02-15 23:00:01.171,2021-02-14 23:00:01.490,60,1975890,148,12014.814,660.13776,daef0c0b-7b07-4f47-adfc-3d564983adc6.extra_data.json,vC702BfhH0,1896050,com.sec.android.app.shealth,1558309,28620000,daef0c0b-7b07-4f47-adfc-3d564983adc6,1613347200000,
13212,5737401,0,2020-12-23 22:53:05.973,2020-12-22 23:00:00.896,60,4010020,156,12463.096,838.9862,e0582bcb-1eb2-4e76-b386-2ce5499877d3.extra_data.json,vC702BfhH0,3956753,com.sec.android.app.shealth,1780648,15060000,e0582bcb-1eb2-4e76-b386-2ce5499877d3,1608681600000,
7557,3542509,0,2021-01-05 23:01:51.857,2021-01-04 23:00:01.637,60,1935260,96,7242.4497,500.10672,b507e957-dcf5-4e4f-855e-635522fa46e7.extra_data.json,vC702BfhH0,1954653,com.sec.android.app.shealth,1587856,12240000,b507e957-dcf5-4e4f-855e-635522fa46e7,1609804800000,
0,0,0,2020-11-07 08:33:40.269,2020-11-07 08:33:40.269,-1,0,0,0.0,0.0,8fd5231f-038d-4c9f-9274-46414d9b7643.extra_data.json,vC702BfhH0,0,com.sec.android.app.shealth,0,-1,8fd5231f-038d-4c9f-9274-46414d9b7643,1604016000000,
0,0,0,2020-11-07 08:33:39.848,2020-11-07 08:33:39.848,-1,0,0,0.0,0.0,8dd4b52c-667f-4bb2-b4cc-d72396fdefd2.extra_data.json,vC702BfhH0,0,com.sec.android.app.shealth,0,-1,8dd4b52c-667f-4bb2-b4cc-d72396fdefd2,1603411200000,
7067,3071062,0,2020-12-06 23:06:13.986,2020-12-05 23:00:01.613,60,2105100,85,6826.053,468.58832,7ff16114-b763-48f8-bb5c-a53529e63c83.extra_data.json,vC702BfhH0,2047321,com.sec.android.app.shealth,1023741,21120000,7ff16114-b763-48f8-bb5c-a53529e63c83,1607212800000,
7132,3041099,0,2021-01-01 23:03:10.294,2020-12-31 23:00:08.233,60,2356720,83,6956.981,470.1747,51fd0c8a-829a-4e4f-8561-7ce8985d5d86.extra_data.json,vC702BfhH0,2370970,com.sec.android.app.shealth,670129,23160000,51fd0c8a-829a-4e4f-8561-7ce8985d5d86,1609459200000,
8837,4956742,1590190,2020-12-22 21:59:28.958,2020-12-21 23:00:00.817,60,1739929,136,11307.531,637.72754,f95036cf-5372-49ba-b24e-928bad1bef48.extra_data.json,vC702BfhH0,1772306,com.sec.android.app.shealth,1594246,18300000,f95036cf-5372-49ba-b24e-928bad1bef48,1608595200000,
17221,11426515,0,2020-11-08 22:15:03.546,2020-11-07 22:00:00.511,60,3708938,316,12601.728,711.5101,83dd6dcf-778b-4a45-a306-6d57c5b83cfe.extra_data.json,vC702BfhH0,10896,com.sec.android.app.shealth,11415619,33780000,83dd6dcf-778b-4a45-a306-6d57c5b83cfe,1604793600000,
847,562012,0,2020-11-14 20:37:41.285,2020-11-13 22:00:00.352,60,32016,15,631.84875,30.326092,abdfad24-723d-4639-a83d-6f7a0d28643e.extra_data.json,vC702BfhH0,4400,com.sec.android.app.shealth,557612,35160000,abdfad24-723d-4639-a83d-6f7a0d28643e,1605312000000,
7398,4791779,0,2020-11-12 21:15:03.335,2020-11-11 22:00:01.423,60,2354244,131,5445.134,271.36258,7d948409-988a-4d71-b6b2-5e0c791a086c.extra_data.json,vC702BfhH0,16800,com.sec.android.app.shealth,4774979,28500000,7d948409-988a-4d71-b6b2-5e0c791a086c,1605139200000,
0,0,0,2020-11-07 08:33:39.958,2020-11-07 08:33:39.958,-1,0,0,0.0,0.0,8292fce7-2be9-42be-9d5d-ac4b7d91daa2.extra_data.json,vC702BfhH0,0,com.sec.android.app.shealth,0,-1,8292fce7-2be9-42be-9d5d-ac4b7d91daa2,1603497600000,
1023,675933,0,2021-01-29 12:20:51.313,2021-01-26 23:00:00.582,60,35216,18,804.1533,40.14047,44c0e657-cf06-467e-895e-3c892d8d0908.extra_data.json,vC702BfhH0,9600,com.sec.android.app.shealth,666333,17700000,44c0e657-cf06-467e-895e-3c892d8d0908,1611705600000,
10933,6955807,0,2020-11-16 21:27:20.641,2020-11-15 22:00:00.411,60,1539580,191,8352.502,422.5416,cc7a87b2-477b-41d7-adec-0170277ba332.extra_data.json,vC702BfhH0,15075,com.sec.android.app.shealth,6940732,25560000,cc7a87b2-477b-41d7-adec-0170277ba332,1605484800000,
7973,5107382,0,2020-11-28 22:35:04.198,2020-11-27 22:00:00.563,60,420000,140,5975.8105,290.58215,49999ab5-ce1b-4a9e-99ec-993d81ab151d.extra_data.json,vC702BfhH0,41600,com.sec.android.app.shealth,5065782,24900000,49999ab5-ce1b-4a9e-99ec-993d81ab151d,1606521600000,
674,447460,839,2021-01-10 22:35:02.841,2021-01-09 23:00:00.432,60,23345,11,522.1672,26.191452,e902b30d-8d33-4589-983e-0f28209339f7.extra_data.json,vC702BfhH0,4400,com.sec.android.app.shealth,442221,10440000,e902b30d-8d33-4589-983e-0f28209339f7,1610236800000,
645,427812,0,2021-01-18 22:55:02.513,2021-01-17 23:00:00.618,60,39886,11,500.06082,25.240236,50571a0f-b66d-4253-a9a0-0cf7c62a5dab.extra_data.json,vC702BfhH0,3600,com.sec.android.app.shealth,424212,26520000,50571a0f-b66d-4253-a9a0-0cf7c62a5dab,1610928000000,
6721,3078455,0,2021-02-05 22:20:34.022,2021-02-04 23:00:00.914,60,1841999,83,6761.435,413.0679,f86f9625-a35b-4bba-8c6a-0e1a77d87a7f.extra_data.json,vC702BfhH0,1846479,com.sec.android.app.shealth,1231976,23700000,f86f9625-a35b-4bba-8c6a-0e1a77d87a7f,1612483200000,
0,0,0,2020-11-07 08:33:39.659,2020-11-07 08:33:39.659,-1,0,0,0.0,0.0,cd0dad20-ae8e-4cb2-ad75-3664840df54d.extra_data.json,vC702BfhH0,0,com.sec.android.app.shealth,0,-1,cd0dad20-ae8e-4cb2-ad75-3664840df54d,1603238400000,
0,0,0,2020-11-07 08:33:37.987,2020-11-07 08:33:37.987,-1,0,0,0.0,0.0,2a93b932-5ced-43e2-a8eb-351796c725c1.extra_data.json,vC702BfhH0,0,com.sec.android.app.shealth,0,-1,2a93b932-5ced-43e2-a8eb-351796c725c1,1602374400000,
0,0,0,2020-11-07 08:33:40.306,2020-11-07 08:33:40.306,-1,0,0,0.0,0.0,9b927482-e6a2-470e-a465-107b1a005760.extra_data.json,vC702BfhH0,0,com.sec.android.app.shealth,0,-1,9b927482-e6a2-470e-a465-107b1a005760,1604102400000,
2807,2247189,1402799,2021-02-06 20:05:50.869,2021-02-05 23:00:00.724,60,1402799,61,5626.0854,187.63414,d991db20-2c7e-4661-955d-8abcc8b7b7bf.extra_data.json,vC702BfhH0,4000,com.sec.android.app.shealth,840390,19620000,d991db20-2c7e-4661-955d-8abcc8b7b7bf,1612569600000,
0,6261780,6261780,2021-02-27 22:05:30.134,2021-01-30 23:00:01.650,60,3744670,173,32214.9,756.39,e60543de-4154-48b1-9d00-74c4ca255c01.extra_data.json,vC702BfhH0,0,com.sec.android.app.shealth,0,35516069,e60543de-4154-48b1-9d00-74c4ca255c01,1612051200000,
6408,4728687,3754839,2020-12-29 23:00:51.693,2020-12-28 23:00:01.914,60,2583189,130,12501.63,413.87506,1d463e29-5325-46b7-8897-55047010694a.extra_data.json,vC702BfhH0,11600,com.sec.android.app.shealth,962248,33180000,1d463e29-5325-46b7-8897-55047010694a,1609200000000,
0,0,0,2020-11-07 08:33:38.351,2020-11-07 08:33:38.351,-1,0,0,0.0,0.0,4a73c7b5-e69c-4ef9-ad79-f87c235d7f91.extra_data.json,vC702BfhH0,0,com.sec.android.app.shealth,0,-1,4a73c7b5-e69c-4ef9-ad79-f87c235d7f91,1602720000000,
6679,3107827,1580,2021-02-02 16:06:37.804,2021-01-05 23:00:03.688,60,1977170,83,7075.4478,416.8787,1c9c6a7b-c68d-420b-856b-463c49b4ea02.extra_data.json,vC702BfhH0,1672956,com.sec.android.app.shealth,1433291,29040000,1c9c6a7b-c68d-420b-856b-463c49b4ea02,1609891200000,
6427,5985238,4884630,2021-02-26 21:50:07.799,2021-02-25 23:00:00.811,60,4884630,165,14489.656,561.8606,868db760-0394-4451-8d87-006e53b5e03a.extra_data.json,vC702BfhH0,11714,com.sec.android.app.shealth,1088894,21960000,868db760-0394-4451-8d87-006e53b5e03a,1614297600000,
14061,12492753,3071320,2020-12-24 21:35:02.216,2020-12-23 23:00:00.431,60,3071320,345,24360.098,849.8486,7379ff62-434e-4dff-bb10-df9f61ee1974.extra_data.json,vC702BfhH0,2834111,com.sec.android.app.shealth,6587322,14760000,7379ff62-434e-4dff-bb10-df9f61ee1974,1608768000000,
0,0,0,2020-11-07 08:33:38.914,2020-11-07 08:33:38.914,-1,0,0,0.0,0.0,5f50f7df-6936-4256-b2a3-59163551d375.extra_data.json,vC702BfhH0,0,com.sec.android.app.shealth,0,-1,5f50f7df-6936-4256-b2a3-59163551d375,1602979200000,
7768,5232374,0,2020-11-11 21:56:36.491,2020-11-10 22:00:00.553,60,3750898,145,5745.4097,315.0801,74058d11-7520-4691-9fc0-78a5b00ac64a.extra_data.json,vC702BfhH0,6400,com.sec.android.app.shealth,5225974,10140000,74058d11-7520-4691-9fc0-78a5b00ac64a,1605052800000,
21482,15582736,750230,2020-12-26 22:35:03.051,2020-12-25 23:00:01.655,60,4229266,430,18453.229,909.2423,a2b37dc5-4d08-458d-b65c-83aff55bab5e.extra_data.json,vC702BfhH0,20123,com.sec.android.app.shealth,14812383,30180000,a2b37dc5-4d08-458d-b65c-83aff55bab5e,1608940800000,
1560,1010616,0,2021-01-03 22:55:04.149,2021-01-02 23:00:00.430,60,52693,26,1259.1415,69.768036,f0928baa-9c32-4e01-9c35-ce439884dabc.extra_data.json,vC702BfhH0,44800,com.sec.android.app.shealth,965816,13860000,f0928baa-9c32-4e01-9c35-ce439884dabc,1609632000000,
7248,3131131,0,2020-12-15 22:35:03.819,2020-12-14 23:00:00.759,60,1993110,85,6833.0,471.7005,157f6976-fc3b-40a9-ba68-70498c0b97e8.extra_data.json,vC702BfhH0,2013503,com.sec.android.app.shealth,1117628,28740000,157f6976-fc3b-40a9-ba68-70498c0b97e8,1607990400000,
292,194764,0,2020-11-20 19:59:27.459,2020-11-19 22:00:00.426,60,25346,5,218.0321,10.400642,36789dc7-9084-41d2-be7b-90b0a3696fdd.extra_data.json,vC702BfhH0,0,com.sec.android.app.shealth,194764,34500000,36789dc7-9084-41d2-be7b-90b0a3696fdd,1605830400000,
11428,7464166,0,2021-02-16 22:15:03.511,2021-02-15 23:00:00.830,60,1442260,206,8513.695,462.20645,142f95df-9475-4de7-a799-a65d468db071.extra_data.json,vC702BfhH0,8000,com.sec.android.app.shealth,7456166,14820000,142f95df-9475-4de7-a799-a65d468db071,1613433600000,
7074,3374970,0,2021-02-17 23:09:49.426,2021-02-16 23:00:00.767,60,1890330,91,6948.8477,439.71112,fb27ebf1-1c23-481e-8935-8d1743ba4880.extra_data.json,vC702BfhH0,1909576,com.sec.android.app.shealth,1465394,16740000,fb27ebf1-1c23-481e-8935-8d1743ba4880,1613520000000,
6943,3180593,0,2021-02-12 22:05:28.838,2021-02-11 23:00:00.521,60,1875670,86,7035.289,403.95663,620985f7-cd64-4468-91e5-09ff0e8f4869.extra_data.json,vC702BfhH0,1882291,com.sec.android.app.shealth,1298302,15540000,620985f7-cd64-4468-91e5-09ff0e8f4869,1613088000000,
16698,10730230,0,2020-12-20 23:15:02.402,2020-12-19 23:00:00.559,60,3697396,296,11827.044,733.3781,ad0627bc-7811-4b16-aea6-aaf3e3746ff9.extra_data.json,vC702BfhH0,11200,com.sec.android.app.shealth,10719030,13920000,ad0627bc-7811-4b16-aea6-aaf3e3746ff9,1608422400000,
0,0,0,2020-11-07 08:33:38.525,2020-11-07 08:33:38.525,-1,0,0,0.0,0.0,ff6a1337-6a96-4467-9d2c-bfb52ed600b8.extra_data.json,vC702BfhH0,0,com.sec.android.app.shealth,0,-1,ff6a1337-6a96-4467-9d2c-bfb52ed600b8,1602806400000,
30995,25311180,11407219,2020-12-13 22:15:01.577,2020-12-12 23:00:00.367,60,10801569,701,69718.734,2307.1006,70b2ec9a-7c09-4d56-9ab7-e75e23cff776.extra_data.json,vC702BfhH0,41600,com.sec.android.app.shealth,13862361,21540000,70b2ec9a-7c09-4d56-9ab7-e75e23cff776,1607817600000,
7881,3377683,0,2021-02-23 12:32:09.528,2021-02-21 23:00:00.599,60,2061070,91,7120.6094,497.32904,8112dee8-2b01-4c48-8342-d8b6569b23f8.extra_data.json,vC702BfhH0,2076541,com.sec.android.app.shealth,1301142,24120000,8112dee8-2b01-4c48-8342-d8b6569b23f8,1613952000000,
9154,6085808,0,2020-11-10 21:27:44.178,2020-11-09 22:00:00.551,60,736919,166,6844.22,371.56705,29cdb599-0a33-4d75-8d5f-fdc57def8a48.extra_data.json,vC702BfhH0,30298,com.sec.android.app.shealth,6055510,27720000,29cdb599-0a33-4d75-8d5f-fdc57def8a48,1604966400000,
9499,4167545,0,2020-12-30 23:16:20.182,2020-12-29 23:00:01.962,60,2829990,113,8642.362,640.88605,7604b307-be32-4191-ba32-65807b181a29.extra_data.json,vC702BfhH0,2860657,com.sec.android.app.shealth,1306888,34020000,7604b307-be32-4191-ba32-65807b181a29,1609286400000,
6640,3020125,0,2021-01-25 21:35:04.262,2021-01-24 23:00:00.758,60,1765120,83,6820.513,406.62552,fee34133-6c72-4fae-a73e-21dc2c6a8998.extra_data.json,vC702BfhH0,1803566,com.sec.android.app.shealth,1216559,15960000,fee34133-6c72-4fae-a73e-21dc2c6a8998,1611532800000,
10038,4987541,0,2020-12-27 21:55:01.521,2020-12-26 23:00:00.736,60,2084930,136,9149.7295,553.19183,407fcc0b-a7ec-4ee0-aeb6-b5492dc9ab99.extra_data.json,vC702BfhH0,2033174,com.sec.android.app.shealth,2954367,31260000,407fcc0b-a7ec-4ee0-aeb6-b5492dc9ab99,1609027200000,
6045,3954266,1874890,2020-11-07 08:33:40.434,2020-11-07 08:33:40.434,-1,1874890,0,3300.85,554.82806,0f53f4b8-b12d-466c-96a3-b33f62e43bcc.extra_data.json,vC702BfhH0,8266,com.sec.android.app.shealth,2071110,30720000,0f53f4b8-b12d-466c-96a3-b33f62e43bcc,1604275200000,
0,0,0,2020-11-07 08:33:38.700,2020-11-07 08:33:38.700,-1,0,0,0.0,0.0,d893bf52-f1f9-4b7d-b41a-a384d942a547.extra_data.json,vC702BfhH0,0,com.sec.android.app.shealth,0,-1,d893bf52-f1f9-4b7d-b41a-a384d942a547,1602892800000,
5338,2374467,0,2020-12-04 21:29:58.052,2020-12-03 23:00:00.447,60,128180,63,2865.9973,155.09207,1653756e-2d8d-41a2-95db-4cc7160be160.extra_data.json,vC702BfhH0,158444,com.sec.android.app.shealth,2216023,6060000,1653756e-2d8d-41a2-95db-4cc7160be160,1607040000000,
4872,4518603,3777850,2020-12-11 23:23:41.946,2020-12-10 23:00:00.810,60,3777850,123,11412.689,461.4756,9ac8bbee-6ce5-4879-8659-d74e5db3ebef.extra_data.json,vC702BfhH0,1200,com.sec.android.app.shealth,739553,27480000,9ac8bbee-6ce5-4879-8659-d74e5db3ebef,1607644800000,
14811,6877494,0,2020-12-18 23:23:15.681,2020-12-17 23:00:00.778,60,4176020,190,14938.09,1050.795,dedb2147-1349-4de8-b7d9-c7528a414699.extra_data.json,vC702BfhH0,4177260,com.sec.android.app.shealth,2700234,14100000,dedb2147-1349-4de8-b7d9-c7528a414699,1608249600000,
92,61364,0,2020-11-24 16:02:23.748,2020-11-23 22:00:00.543,60,18676,1,67.78418,3.2973022,0aaef262-1723-416e-a8d5-aa2684b8fe09.extra_data.json,vC702BfhH0,0,com.sec.android.app.shealth,61364,33600000,0aaef262-1723-416e-a8d5-aa2684b8fe09,1606176000000,
14059,12946278,11556810,2021-02-18 22:21:39.584,2021-02-17 23:00:02.100,60,10459570,358,59533.918,1748.6431,f5e0d871-3825-413e-a536-3ffb868f4c3f.extra_data.json,vC702BfhH0,5200,com.sec.android.app.shealth,1384268,28020000,f5e0d871-3825-413e-a536-3ffb868f4c3f,1613606400000,
7337,4359134,0,2021-02-19 23:01:05.480,2021-02-18 23:00:00.868,60,3570720,118,7182.9956,544.62195,dbe930b6-0c27-4a87-ae1d-cedc292d6ec2.extra_data.json,vC702BfhH0,3587367,com.sec.android.app.shealth,771767,16140000,dbe930b6-0c27-4a87-ae1d-cedc292d6ec2,1613692800000,
7303,3349691,0,2021-01-30 10:16:08.103,2021-01-03 23:00:00.434,60,1107421,91,7338.5,471.79922,7ed5f5e7-419c-4134-8692-cd9146eaa93c.extra_data.json,vC702BfhH0,2174586,com.sec.android.app.shealth,1175105,25980000,7ed5f5e7-419c-4134-8692-cd9146eaa93c,1609718400000,
6786,5037256,3307000,2021-02-26 14:49:04.043,2021-01-29 23:00:00.391,60,2257260,138,14097.087,469.6389,f9b65042-45c8-44d5-944a-32354ef1def0.extra_data.json,vC702BfhH0,12800,com.sec.android.app.shealth,1717456,12840000,f9b65042-45c8-44d5-944a-32354ef1def0,1611964800000,
0,0,0,2020-11-07 08:33:40.238,2020-11-07 08:33:40.238,-1,0,0,0.0,0.0,958a23ff-4f1b-408c-9c93-10d1ff56e482.extra_data.json,vC702BfhH0,0,com.sec.android.app.shealth,0,-1,958a23ff-4f1b-408c-9c93-10d1ff56e482,1603929600000,
0,4381410,0,2021-02-17 19:19:53.797,2021-01-20 23:00:00.627,60,1774989,120,8153.035,503.007,1cea7437-648f-4975-b19e-84cde1a2882b.extra_data.json,vC702BfhH0,1774989,com.sec.android.app.shealth,2606421,48892950,1cea7437-648f-4975-b19e-84cde1a2882b,1611187200000,
6795,3162069,0,2021-01-22 21:27:00.548,2021-01-21 23:00:00.408,60,1820289,86,6988.499,419.06448,d5f5a17b-0361-49ee-a36b-da2991e82f5b.extra_data.json,vC702BfhH0,1833988,com.sec.android.app.shealth,1328081,28740000,d5f5a17b-0361-49ee-a36b-da2991e82f5b,1611273600000,
7601,3350261,0,2020-12-14 23:15:03.979,2020-12-13 23:00:00.592,60,2062170,91,6874.6245,523.59094,47cb9e2f-d4b3-43ae-8cd6-14b67021dd13.extra_data.json,vC702BfhH0,2102761,com.sec.android.app.shealth,1247500,17700000,47cb9e2f-d4b3-43ae-8cd6-14b67021dd13,1607904000000,
6427,2978276,0,2020-12-12 22:01:44.545,2020-12-11 23:00:01.355,60,1802260,81,6435.215,423.78745,a30504dc-d8e3-4271-9026-9d0158f9db72.extra_data.json,vC702BfhH0,1815026,com.sec.android.app.shealth,1163250,18000000,a30504dc-d8e3-4271-9026-9d0158f9db72,1607731200000,
10611,6908950,0,2021-02-28 20:55:03.180,2021-02-27 22:41:21.083,60,1362780,190,8076.912,432.6413,06fd5721-c4f1-41f1-887d-b1d20e37793e.extra_data.json,OD8XXfRrR9,16800,com.sec.android.app.shealth,6892150,9660000,06fd5721-c4f1-41f1-887d-b1d20e37793e,1614470400000,
5429,2628903,1378000,2020-12-17 21:41:25.786,2020-12-16 23:00:01.490,60,1378000,71,4885.833,260.45105,13fb9918-0094-4abe-b5eb-bc31a9d7f2d6.extra_data.json,vC702BfhH0,4800,com.sec.android.app.shealth,1246103,16980000,13fb9918-0094-4abe-b5eb-bc31a9d7f2d6,1608163200000,
0,0,0,2020-11-07 08:33:40.199,2020-11-07 08:33:40.199,-1,0,0,0.0,0.0,db491409-2ade-42ef-8725-b328595b8b35.extra_data.json,vC702BfhH0,0,com.sec.android.app.shealth,0,-1,db491409-2ade-42ef-8725-b328595b8b35,1603843200000,
7246,3221248,0,2020-12-08 23:14:08.111,2020-12-07 23:00:00.461,60,2192559,88,6857.351,485.65186,4f14ced6-a270-4967-8da0-2ca7923ce35f.extra_data.json,vC702BfhH0,2055491,com.sec.android.app.shealth,1165757,29040000,4f14ced6-a270-4967-8da0-2ca7923ce35f,1607385600000,
559,370717,0,2021-02-13 20:20:39.013,2021-02-12 23:00:00.582,60,20010,10,433.53128,22.396036,058cf43e-4800-4506-9230-86e89eee1369.extra_data.json,vC702BfhH0,3200,com.sec.android.app.shealth,367517,11340000,058cf43e-4800-4506-9230-86e89eee1369,1613174400000,
15923,9329823,0,2020-11-07 21:52:07.982,2020-11-07 08:33:37.765,60,1877259,256,13618.463,868.36957,22355577-d560-4162-9983-226b6a2beaaa.extra_data.json,vC702BfhH0,1917927,com.sec.android.app.shealth,7411896,35460000,22355577-d560-4162-9983-226b6a2beaaa,1604707200000,
8018,3326329,0,2020-12-31 20:55:03.466,2020-12-30 23:00:00.505,60,2550539,90,7431.755,501.93686,3a4b2219-a9ab-48d7-bcb3-94fd2d7ee6c9.extra_data.json,vC702BfhH0,2558154,com.sec.android.app.shealth,768175,18960000,3a4b2219-a9ab-48d7-bcb3-94fd2d7ee6c9,1609372800000,
7349,3359441,0,2021-01-07 22:35:01.794,2021-01-06 23:00:01.277,60,1977919,91,7013.954,447.55304,7f4417f2-8c10-4b5f-81a5-9fb8fe84369f.extra_data.json,vC702BfhH0,1996512,com.sec.android.app.shealth,1362929,16860000,7f4417f2-8c10-4b5f-81a5-9fb8fe84369f,1609977600000,
0,0,0,2020-11-07 08:33:39.730,2020-11-07 08:33:39.730,-1,0,0,0.0,0.0,f8c0b77f-02ec-498b-8e5c-92c101a5ed9d.extra_data.json,vC702BfhH0,0,com.sec.android.app.shealth,0,-1,f8c0b77f-02ec-498b-8e5c-92c101a5ed9d,1603324800000,
5553,3893393,1932730,2020-11-07 08:33:40.506,2020-11-07 08:33:40.506,-1,1932730,0,3235.1975,554.2223,27d7d2f1-b506-4651-822f-a6c994549818.extra_data.json,vC702BfhH0,10452,com.sec.android.app.shealth,1950211,28740000,27d7d2f1-b506-4651-822f-a6c994549818,1604361600000,
7114,3182328,0,2020-12-09 22:50:50.668,2020-12-08 23:00:00.429,60,1940480,86,6798.824,508.6815,1434b75f-e5c2-4293-b5a0-23b66443a08e.extra_data.json,vC702BfhH0,1954520,com.sec.android.app.shealth,1227808,25260000,1434b75f-e5c2-4293-b5a0-23b66443a08e,1607472000000,
690,456492,0,2021-01-14 22:35:03.537,2021-01-13 23:00:02.062,60,38686,11,530.3893,27.437176,8761b19f-00c6-43e4-94fc-f64523d43282.extra_data.json,vC702BfhH0,5600,com.sec.android.app.shealth,450892,19320000,8761b19f-00c6-43e4-94fc-f64523d43282,1610582400000,
8221,4002935,0,2020-12-03 22:35:02.208,2020-12-02 23:00:00.503,60,2202750,108,7859.897,437.08755,b2a339f3-3d6c-4188-8e21-aafbc2386256.extra_data.json,vC702BfhH0,2033915,com.sec.android.app.shealth,1969020,6480000,b2a339f3-3d6c-4188-8e21-aafbc2386256,1606953600000,
5797,2563447,0,2021-01-17 23:12:40.368,2021-01-16 23:00:02.334,60,1805839,68,6288.4624,405.76358,7f0350f2-9cb0-46f0-83f3-4fa59b2e170a.extra_data.json,vC702BfhH0,1678653,com.sec.android.app.shealth,884794,17400000,7f0350f2-9cb0-46f0-83f3-4fa59b2e170a,1610841600000,
13958,6077045,0,2021-02-08 21:55:02.906,2021-02-07 23:00:00.781,60,4201909,168,13018.582,937.91046,454b9434-6537-4353-bfcf-374cd9eb581c.extra_data.json,vC702BfhH0,3969906,com.sec.android.app.shealth,2107139,16620000,454b9434-6537-4353-bfcf-374cd9eb581c,1612742400000,
22900,13804531,0,2020-11-07 08:33:40.780,2020-11-07 08:33:40.780,-1,2256080,0,18251.389,1117.6951,190d8ddf-b0a4-4634-afa8-22e0590eb957.extra_data.json,vC702BfhH0,2021911,com.sec.android.app.shealth,11782620,31140000,190d8ddf-b0a4-4634-afa8-22e0590eb957,1604620800000,
16962,17520913,15973900,2021-02-27 23:35:04.916,2021-02-01 23:00:00.514,60,15389130,485,82505.98,2016.8536,6aebfb22-2f0d-4c28-a004-575e81598d00.extra_data.json,vC702BfhH0,7600,com.sec.android.app.shealth,1539413,18240000,6aebfb22-2f0d-4c28-a004-575e81598d00,1612224000000,
7896,3777432,0,2021-02-23 21:55:04.369,2021-02-22 23:00:01.436,60,1831870,103,7749.1235,519.1132,1631f180-4ab4-4efe-8ed5-765a4e9ab8a1.extra_data.json,vC702BfhH0,1852264,com.sec.android.app.shealth,1925168,24900000,1631f180-4ab4-4efe-8ed5-765a4e9ab8a1,1614038400000,
4651,4343185,2828160,2021-01-15 22:07:21.014,2021-01-14 23:00:00.439,60,1796730,120,10546.514,294.90814,84ce31ef-7b66-4c47-803e-3a730fba07e3.extra_data.json,vC702BfhH0,7200,com.sec.android.app.shealth,1507825,15360000,84ce31ef-7b66-4c47-803e-3a730fba07e3,1610668800000,
0,0,0,2020-11-07 08:33:40.339,2020-11-07 08:33:40.339,-1,0,0,0.0,0.0,c3e4527f-2922-4a4b-9005-0a03f2ec97d4.extra_data.json,vC702BfhH0,0,com.sec.android.app.shealth,0,-1,c3e4527f-2922-4a4b-9005-0a03f2ec97d4,1604188800000,
6677,4171125,0,2020-11-26 19:29:09.976,2020-11-25 22:00:00.441,60,763643,115,5044.2085,245.61653,5f30f372-abfe-4bba-a5db-0b3e64a09d80.extra_data.json,vC702BfhH0,10667,com.sec.android.app.shealth,4160458,33000000,5f30f372-abfe-4bba-a5db-0b3e64a09d80,1606348800000,
1796,1184026,0,2021-03-05 21:49:02.033,2021-03-04 22:00:00.322,60,60000,31,1365.971,70.12001,eb18f9fb-3162-463a-85be-644806ce0ca0.extra_data.json,OD8XXfRrR9,4800,com.sec.android.app.shealth,1179226,14160000,eb18f9fb-3162-463a-85be-644806ce0ca0,1614902400000,
7588,3627085,0,2020-11-29 22:55:03.255,2020-11-28 23:00:00.469,60,2184870,98,7398.6304,470.40063,902e2f4c-3313-4e4b-b01f-af45fed9a04f.extra_data.json,vC702BfhH0,2027345,com.sec.android.app.shealth,1599740,15060000,902e2f4c-3313-4e4b-b01f-af45fed9a04f,1606608000000,
1461,967278,0,2021-03-01 21:55:05.649,2021-02-28 22:00:00.660,60,40020,25,1102.1599,58.9,4325f0a6-dc91-43df-b034-74c6377787fc.extra_data.json,OD8XXfRrR9,10800,com.sec.android.app.shealth,956478,15780000,4325f0a6-dc91-43df-b034-74c6377787fc,1614556800000,
6490,2980409,0,2021-01-19 22:11:07.370,2021-01-18 23:00:00.743,60,1842579,81,6677.822,382.8786,97552bbf-c31c-4b03-8741-8bae009254d9.extra_data.json,vC702BfhH0,1695344,com.sec.android.app.shealth,1285065,29280000,97552bbf-c31c-4b03-8741-8bae009254d9,1611014400000,
8967,4402657,0,2020-12-16 23:03:36.715,2020-12-15 23:00:00.545,60,2105840,120,8011.1055,548.39453,c416867a-dfd5-405e-b88a-1442a958cd54.extra_data.json,vC702BfhH0,2072870,com.sec.android.app.shealth,2329787,28500000,c416867a-dfd5-405e-b88a-1442a958cd54,1608076800000,
648,430881,0,2021-03-04 21:35:03.220,2021-03-03 22:00:00.663,60,38686,11,483.08,25.530003,67651acb-9665-41ca-83c8-ec585601d7f1.extra_data.json,OD8XXfRrR9,2000,com.sec.android.app.shealth,428881,33060000,67651acb-9665-41ca-83c8-ec585601d7f1,1614816000000,
1133,749303,0,2021-03-11 19:48:28.477,2021-03-10 22:00:01.660,60,40020,20,847.0388,46.450993,e336f379-7a2a-4787-a976-6a91ab1dc496.extra_data.json,OD8XXfRrR9,9600,com.sec.android.app.shealth,739703,10740000,e336f379-7a2a-4787-a976-6a91ab1dc496,1615420800000,
7839,3553586,0,2020-12-07 22:55:02.523,2020-12-06 23:00:01.219,60,2079380,98,7231.455,526.9898,99888813-a79e-4436-9d80-ea2538940516.extra_data.json,vC702BfhH0,2104851,com.sec.android.app.shealth,1448735,21900000,99888813-a79e-4436-9d80-ea2538940516,1607299200000,
897,596430,0,2021-03-06 22:41:51.058,2021-03-05 22:00:00.571,60,42688,15,679.28906,34.98,0f69ecf3-e45f-4b11-90b9-eb69c20af413.extra_data.json,OD8XXfRrR9,2800,com.sec.android.app.shealth,593630,31980000,0f69ecf3-e45f-4b11-90b9-eb69c20af413,1614988800000,
1523,1012637,0,2021-03-07 19:33:44.424,2021-03-06 22:00:01.096,60,43355,26,1161.1389,60.219994,6135d219-dd0a-4637-8665-61cc3a7776de.extra_data.json,OD8XXfRrR9,4800,com.sec.android.app.shealth,1007837,19620000,6135d219-dd0a-4637-8665-61cc3a7776de,1615075200000,
1200,799332,0,2021-03-10 21:55:03.297,2021-03-09 22:00:01.024,60,42688,21,894.62103,49.339996,a6e38c5e-0658-4726-9fca-ea7347fc8788.extra_data.json,OD8XXfRrR9,1600,com.sec.android.app.shealth,797732,33000000,a6e38c5e-0658-4726-9fca-ea7347fc8788,1615334400000,
2217,1456262,0,2021-03-17 20:55:02.883,2021-03-16 22:00:00.601,60,60000,40,1675.218,90.06001,faa54768-0191-403d-9d53-6cddfee9aa4e.extra_data.json,OD8XXfRrR9,11600,com.sec.android.app.shealth,1444662,11820000,faa54768-0191-403d-9d53-6cddfee9aa4e,1615939200000,
8401,4122077,0,2021-02-25 22:53:57.691,2021-02-24 23:00:01.246,60,1761180,113,8247.411,472.62305,d41148a7-7396-4f26-a582-38f44f2ef750.extra_data.json,vC702BfhH0,1764905,com.sec.android.app.shealth,2357172,22200000,d41148a7-7396-4f26-a582-38f44f2ef750,1614211200000,
17608,11894050,0,2021-03-13 17:42:01.566,2021-03-12 22:00:01.518,60,2258090,328,12827.759,691.6691,0e80f349-e2d7-4181-a0f0-cddab019ec79.extra_data.json,OD8XXfRrR9,26879,com.sec.android.app.shealth,11867171,28920000,0e80f349-e2d7-4181-a0f0-cddab019ec79,1615593600000,
0,0,0,2020-11-07 08:33:38.219,2020-11-07 08:33:38.219,-1,0,0,0.0,0.0,6308293f-bd10-450d-bc64-e96968d74918.extra_data.json,vC702BfhH0,0,com.sec.android.app.shealth,0,-1,6308293f-bd10-450d-bc64-e96968d74918,1602633600000,
1835,1219940,0,2021-03-12 22:00:38.489,2021-03-11 22:00:01.910,60,50025,33,1396.9108,70.69001,153fc515-7a00-4e77-9f9b-43f31c1f1cca.extra_data.json,OD8XXfRrR9,6000,com.sec.android.app.shealth,1213940,28620000,153fc515-7a00-4e77-9f9b-43f31c1f1cca,1615507200000,
6354,4082358,0,2021-03-19 22:15:04.405,2021-03-18 22:00:00.720,60,1982330,111,4785.577,246.23813,5be99005-e5e7-40ff-aff7-0e25f843ca07.extra_data.json,OD8XXfRrR9,4400,com.sec.android.app.shealth,4077958,15180000,5be99005-e5e7-40ff-aff7-0e25f843ca07,1616112000000,
3587,2310669,0,2021-03-16 21:55:05.568,2021-03-15 22:00:00.566,60,300000,63,2758.036,141.021,bffc53d0-9d8c-41a4-8dde-cf1a14cfad58.extra_data.json,OD8XXfRrR9,18400,com.sec.android.app.shealth,2292269,19920000,bffc53d0-9d8c-41a4-8dde-cf1a14cfad58,1615852800000,
11464,11979783,10620520,2021-01-02 22:46:20.351,2021-01-01 23:00:01.321,60,9991990,331,38907.156,1402.9941,9de398a9-143a-46f2-9291-6f88009e8175.extra_data.json,vC702BfhH0,10800,com.sec.android.app.shealth,1348463,22920000,9de398a9-143a-46f2-9291-6f88009e8175,1609545600000,
1064,703013,0,2021-03-02 21:55:02.527,2021-03-01 22:00:00.524,60,41354,18,808.4499,43.530003,e0fa325b-455b-4454-99cf-bcb58ab359f6.extra_data.json,OD8XXfRrR9,10000,com.sec.android.app.shealth,693013,29160000,e0fa325b-455b-4454-99cf-bcb58ab359f6,1614643200000,
14323,6129080,0,2021-03-23 21:47:45.327,2021-03-22 22:00:00.710,60,2105180,170,13477.625,959.2915,bec11c27-9efa-46a2-8309-37d9b74f870d.extra_data.json,OD8XXfRrR9,4086648,com.sec.android.app.shealth,2042432,13500000,bec11c27-9efa-46a2-8309-37d9b74f870d,1616457600000,
1118,748904,7470,2021-03-18 21:18:08.132,2021-03-17 22:00:01.262,60,38019,20,880.2949,43.828896,e9339642-be5b-4230-a68f-e47fe7262871.extra_data.json,OD8XXfRrR9,6400,com.sec.android.app.shealth,735034,29400000,e9339642-be5b-4230-a68f-e47fe7262871,1616025600000,
12005,7864068,0,2021-03-25 21:40:52.569,2021-03-24 22:00:00.719,60,3075420,216,8986.865,516.5778,55dd2bd9-4890-41d1-854d-468adf9f8b21.extra_data.json,OD8XXfRrR9,17600,com.sec.android.app.shealth,7846468,20160000,55dd2bd9-4890-41d1-854d-468adf9f8b21,1616630400000,
7516,3264213,0,2020-12-28 22:12:15.981,2020-12-27 23:00:00.521,60,2106780,88,7152.8667,444.34262,a4c19bbe-0422-4c8f-9be0-514d0d8990bd.extra_data.json,vC702BfhH0,2129385,com.sec.android.app.shealth,1134828,25800000,a4c19bbe-0422-4c8f-9be0-514d0d8990bd,1609113600000,
9829,4879130,0,2021-03-22 22:15:06.564,2021-03-21 22:00:01.465,60,2105260,133,9261.3,526.0785,0e95dfa7-6716-4439-af45-53c21156d048.extra_data.json,OD8XXfRrR9,2125771,com.sec.android.app.shealth,2753359,19500000,0e95dfa7-6716-4439-af45-53c21156d048,1616371200000,
1055,701549,0,2021-03-29 20:55:04.586,2021-03-28 21:00:00.672,60,42688,18,796.55084,40.889,26f9db8b-1729-47ee-b60c-b8dc45588a07.extra_data.json,OD8XXfRrR9,3200,com.sec.android.app.shealth,698349,22260000,26f9db8b-1729-47ee-b60c-b8dc45588a07,1616976000000,
6437,2935943,0,2021-03-08 20:50:05.956,2021-03-07 22:00:00.940,60,2007570,80,6370.465,413.68002,c32e07df-85ae-4ef1-ba35-dec41ee19b3e.extra_data.json,OD8XXfRrR9,2012646,com.sec.android.app.shealth,923297,31140000,c32e07df-85ae-4ef1-ba35-dec41ee19b3e,1615161600000,
12919,8831967,0,2021-03-24 21:55:05.011,2021-03-23 22:00:01.636,60,2105710,245,9587.345,537.271,128711f2-5e09-4617-9dbb-e73f95ef7327.extra_data.json,OD8XXfRrR9,4800,com.sec.android.app.shealth,8827167,38580000,128711f2-5e09-4617-9dbb-e73f95ef7327,1616544000000,
7013,4432262,0,2021-03-14 21:02:58.904,2021-03-13 22:44:47.869,60,240000,121,6367.722,354.41998,c0c39dd0-cb11-4e03-b4fd-0e7e73c8f158.extra_data.json,OD8XXfRrR9,139951,com.sec.android.app.shealth,4292311,15480000,c0c39dd0-cb11-4e03-b4fd-0e7e73c8f158,1615680000000,
8712,5676149,0,2021-03-28 20:35:04.248,2021-03-27 22:00:01.262,60,2186190,156,6678.8135,348.42654,d2b0ce29-793b-4cd3-8859-9e27ce75d4ee.extra_data.json,OD8XXfRrR9,32400,com.sec.android.app.shealth,5643749,22980000,d2b0ce29-793b-4cd3-8859-9e27ce75d4ee,1616889600000,
12618,10748672,3061120,2021-01-24 23:00:01.256,2021-01-23 23:00:01.845,60,3061120,296,8322.391,843.1412,6eeea484-b573-454f-be25-79f401da1328.extra_data.json,vC702BfhH0,32800,com.sec.android.app.shealth,7654752,11339999,6eeea484-b573-454f-be25-79f401da1328,1611446400000,
1293,850683,0,2021-03-30 13:43:31.163,2021-03-29 21:00:02.504,60,46690,21,965.90204,54.131,b69ec4d5-6c7e-4260-814c-2c95b72a76fe.extra_data.json,OD8XXfRrR9,17600,com.sec.android.app.shealth,833083,10920000,b69ec4d5-6c7e-4260-814c-2c95b72a76fe,1617062400000,
9967,6826762,0,2021-03-20 20:46:01.383,2021-03-19 22:00:01.783,60,1420040,188,7245.02,403.1341,db4a3bc7-bde1-436f-a01d-25d0043e41de.extra_data.json,OD8XXfRrR9,18860,com.sec.android.app.shealth,6807902,20520000,db4a3bc7-bde1-436f-a01d-25d0043e41de,1616198400000,
397,264265,0,2021-01-12 22:35:03.034,2021-01-11 23:00:01.838,60,24012,6,312.72058,15.508608,0f57c36d-b79b-42a9-b365-354ad2b4367c.extra_data.json,vC702BfhH0,800,com.sec.android.app.shealth,263465,14220000,0f57c36d-b79b-42a9-b365-354ad2b4367c,1610409600000,
9717,6445724,0,2021-03-26 22:02:12.035,2021-03-25 22:00:00.651,60,2864970,178,7354.125,392.1388,a7abcddf-1ae9-472a-bad8-8476d750ca51.extra_data.json,OD8XXfRrR9,17600,com.sec.android.app.shealth,6428124,24600000,a7abcddf-1ae9-472a-bad8-8476d750ca51,1616716800000,
5732,7383360,5449579,2021-01-11 22:55:03.560,2021-01-10 23:00:00.571,60,4355849,203,11138.546,357.61993,4cc61bee-338b-4b2b-85a1-e02d30146c38.extra_data.json,vC702BfhH0,5200,com.sec.android.app.shealth,1928581,24120000,4cc61bee-338b-4b2b-85a1-e02d30146c38,1610323200000,
17670,11398021,0,2020-11-13 21:24:01.715,2020-11-12 22:00:00.546,60,3498954,315,13042.542,680.98987,0ac5a198-d21d-4564-ac09-cfe9e03cbc84.extra_data.json,vC702BfhH0,35600,com.sec.android.app.shealth,11362421,29280000,0ac5a198-d21d-4564-ac09-cfe9e03cbc84,1605225600000,
0,0,0,2020-11-07 08:33:40.013,2020-11-07 08:33:40.013,-1,0,0,0.0,0.0,cc2c030e-44ad-4ebb-b3f3-1a21f1da8953.extra_data.json,vC702BfhH0,0,com.sec.android.app.shealth,0,-1,cc2c030e-44ad-4ebb-b3f3-1a21f1da8953,1603584000000,
3467,2852799,1845400,2021-01-20 22:19:20.665,2021-01-19 23:00:00.589,60,1039530,76,9897.701,285.13162,1dcaaea4-1f8c-4257-a416-382df68e936e.extra_data.json,vC702BfhH0,7318,com.sec.android.app.shealth,1000081,24300000,1dcaaea4-1f8c-4257-a416-382df68e936e,1611100800000,
6801,3131045,0,2021-01-29 23:00:42.219,2021-01-28 23:00:01.301,60,1852060,86,6898.682,442.05444,17c2a432-dd8f-4e33-ac97-8fc90563243a.extra_data.json,vC702BfhH0,1865127,com.sec.android.app.shealth,1265918,14460000,17c2a432-dd8f-4e33-ac97-8fc90563243a,1611878400000,
10269,5274810,0,2021-01-26 22:58:31.649,2021-01-25 23:00:00.810,60,2065370,145,9589.572,545.485,b852674d-70cb-4e76-bc4d-2f35933d6720.extra_data.json,vC702BfhH0,1888828,com.sec.android.app.shealth,3385982,23580000,b852674d-70cb-4e76-bc4d-2f35933d6720,1611619200000,
16825,10881136,0,2020-11-09 21:49:27.896,2020-11-08 22:00:00.746,60,3342441,300,12377.663,639.0424,1d8c7cb3-86c9-47ec-9327-fa325fc6e637.extra_data.json,vC702BfhH0,33675,com.sec.android.app.shealth,10847461,19080000,1d8c7cb3-86c9-47ec-9327-fa325fc6e637,1604880000000,
555,370185,0,2020-11-17 18:12:03.099,2020-11-16 22:00:00.985,60,30682,10,414.98047,19.648312,08fa4f06-d4aa-486e-aa6c-c63b989dec48.extra_data.json,vC702BfhH0,0,com.sec.android.app.shealth,370185,38160000,08fa4f06-d4aa-486e-aa6c-c63b989dec48,1605571200000,
1241,823742,0,2021-03-03 20:14:42.859,2021-03-02 22:00:00.148,60,60000,21,922.96,50.129997,3c6232ea-c635-4091-8f55-7f2535227419.extra_data.json,OD8XXfRrR9,6000,com.sec.android.app.shealth,817742,25860000,3c6232ea-c635-4091-8f55-7f2535227419,1614729600000,
6584,3030147,0,2021-03-09 21:35:02.664,2021-03-08 22:00:01.353,60,1926170,81,6594.0347,431.46597,b23b0a12-5121-422c-b440-ae831415bc14.extra_data.json,OD8XXfRrR9,1961833,com.sec.android.app.shealth,1068314,19980000,b23b0a12-5121-422c-b440-ae831415bc14,1615248000000,
2234,1474325,0,2021-03-15 20:39:17.329,2021-03-14 22:00:01.749,60,47757,40,1730.6809,87.39999,19911ca0-6511-4502-a2e7-22d4f7505917.extra_data.json,OD8XXfRrR9,23600,com.sec.android.app.shealth,1450725,19260000,19911ca0-6511-4502-a2e7-22d4f7505917,1615766400000,
5515,3650496,0,2021-03-21 20:55:03.045,2021-03-20 22:00:00.998,60,1268230,100,4142.194,212.2663,c113b3cd-0fdd-4294-a1b2-30dbde16d6dd.extra_data.json,OD8XXfRrR9,9200,com.sec.android.app.shealth,3641296,11820000,c113b3cd-0fdd-4294-a1b2-30dbde16d6dd,1616284800000,
6765,4325855,0,2021-03-27 21:35:03.630,2021-03-26 22:00:00.554,60,240000,118,5148.992,264.00998,7447e716-bf0c-4607-9555-9b4c5abd3aa7.extra_data.json,OD8XXfRrR9,7600,com.sec.android.app.shealth,4318255,15900000,7447e716-bf0c-4607-9555-9b4c5abd3aa7,1616803200000,
