com.samsung.shealth.sleep,6156001,5
original_efficiency,mental_recovery,factor_01,factor_02,factor_03,factor_04,factor_05,factor_06,factor_07,factor_08,factor_09,factor_10,has_sleep_data,combined_id,data_version,physical_recovery,original_wake_up_time,movement_awakening,original_bed_time,quality,extra_data,sleep_cycle,efficiency,sleep_score,sleep_duration,com.samsung.health.sleep.start_time,com.samsung.health.sleep.custom,com.samsung.health.sleep.update_time,com.samsung.health.sleep.create_time,com.samsung.health.sleep.time_offset,com.samsung.health.sleep.deviceuuid,com.samsung.health.sleep.comment,com.samsung.health.sleep.pkg_name,com.samsung.health.sleep.end_time,com.samsung.health.sleep.datauuid
,88.0,21,36,4,5,34,525,73,0,8,0,0,,,28.0,,7.0,,,e3427099-1802-da92-a8cc-3c5cced3f233.extra_data.json,5,93.0,82,525,2020-12-04 23:28:00.000,,2020-12-05 08:13:34.420,2020-12-05 08:13:33.103,UTC+0200,RHeBeWmk3Z,,com.sec.android.app.shealth,2020-12-05 08:13:00.000,e3427099-1802-da92-a8cc-3c5cced3f233,
,81.0,27,34,18,4,73,558,270,0,53,0,0,,1,66.0,,29.0,,,d1eeff0c-f985-d99e-0ba6-2cb3f3062bde.extra_data.json,3,86.0,69,558,2021-02-08 23:32:00.000,,2021-02-09 08:55:54.903,2021-02-09 08:55:52.603,UTC+0200,RHeBeWmk3Z,,com.sec.android.app.shealth,2021-02-09 08:50:00.000,d1eeff0c-f985-d99e-0ba6-2cb3f3062bde,
,80.0,10,10,5,8,26,169,103,1,13,0,0,,,24.0,,16.0,,,f3df41b2-b09f-c8bf-50be-7d55420465b6.extra_data.json,2,84.0,56,169,2020-12-10 04:48:00.000,,2020-12-10 07:45:18.880,2020-12-10 07:45:18.319,UTC+0200,RHeBeWmk3Z,,com.sec.android.app.shealth,2020-12-10 07:37:00.000,f3df41b2-b09f-c8bf-50be-7d55420465b6,
,68.0,14,14,10,13,47,437,148,2,22,0,0,,,12.0,,11.0,,,c46ed4b8-a25a-4293-984b-4606bb56acc9.extra_data.json,3,89.0,53,437,2021-01-24 23:47:00.000,,2021-01-25 07:10:57.639,2021-01-25 07:10:55.307,UTC+0200,RHeBeWmk3Z,,com.sec.android.app.shealth,2021-01-25 07:04:00.000,c46ed4b8-a25a-4293-984b-4606bb56acc9,
,67.0,14,14,5,8,71,490,153,1,48,2,0,,1,56.0,,28.0,,,caf2dcfc-43d0-0886-9f35-2c770bd4cdb2.extra_data.json,3,85.0,57,492,2021-01-31 23:35:00.000,,2021-02-01 08:05:27.164,2021-02-01 08:05:24.302,UTC+0200,RHeBeWmk3Z,,com.sec.android.app.shealth,2021-02-01 07:47:00.000,caf2dcfc-43d0-0886-9f35-2c770bd4cdb2,
,75.0,30,30,10,10,33,338,110,1,19,0,0,,,36.0,,10.0,,,d6089257-0583-2093-2578-5b566d05917b.extra_data.json,2,90.0,61,338,2021-01-04 01:22:00.000,,2021-01-04 07:19:48.654,2021-01-04 07:04:05.542,UTC+0200,RHeBeWmk3Z,,com.sec.android.app.shealth,2021-01-04 07:00:00.000,d6089257-0583-2093-2578-5b566d05917b,
,58.0,29,41,8,17,62,459,89,3,43,0,0,,,36.0,,14.0,,,55b27f10-0151-dcac-d024-aee3284574cd.extra_data.json,3,86.0,58,459,2020-11-10 22:25:00.000,,2020-11-11 06:14:05.651,2020-11-11 06:14:02.492,UTC+0300,RHeBeWmk3Z,,com.sec.android.app.shealth,2020-11-11 06:04:00.000,55b27f10-0151-dcac-d024-aee3284574cd,
,88.0,0,7,8,5,27,348,69,0,8,0,0,,,8.0,,8.0,,,32670f6e-74e8-1857-9bef-a17b7de4f0ee.extra_data.json,4,92.0,57,348,2020-12-02 22:59:00.000,,2020-12-03 04:50:45.961,2020-12-03 04:50:43.484,UTC+0200,RHeBeWmk3Z,,com.sec.android.app.shealth,2020-12-03 04:47:00.000,32670f6e-74e8-1857-9bef-a17b7de4f0ee,
,,,,,,,,,,,,,,,,,,,,,,,,,2021-01-02 22:36:13.094,,2021-01-17 08:03:04.687,2021-01-17 08:03:04.687,UTC+0200,vC702BfhH0,,com.urbandroid.sleep,2021-01-03 08:46:05.985,54ec45f0-ef92-43b1-b98e-b5c19ee46699,
,60.0,0,7,3,16,54,515,51,2,21,0,0,,,4.0,,11.0,,,aa979088-cce7-0a89-edf7-192cd0eaeb7d.extra_data.json,5,89.0,42,515,2020-11-29 22:57:00.000,,2020-11-30 07:42:23.638,2020-11-30 07:42:19.317,UTC+0200,RHeBeWmk3Z,,com.sec.android.app.shealth,2020-11-30 07:32:00.000,aa979088-cce7-0a89-edf7-192cd0eaeb7d,
,63.0,36,36,9,17,31,408,131,1,18,0,0,,1,61.0,,19.0,,,b9741d79-00a9-53d4-f598-214358a9f67e.extra_data.json,4,92.0,65,408,2021-02-27 00:23:00.000,,2021-02-27 07:22:38.878,2021-02-27 07:19:59.345,UTC+0200,RHeBeWmk3Z,,com.sec.android.app.shealth,2021-02-27 07:11:00.000,b9741d79-00a9-53d4-f598-214358a9f67e,
,52.0,7,10,32,23,88,434,192,1,69,0,0,,1,47.0,,53.0,,,6e3decd4-844a-c7d7-edee-9982b413433c.extra_data.json,3,79.0,51,434,2021-02-25 01:36:00.000,,2021-02-25 08:54:07.187,2021-02-25 08:54:01.321,UTC+0200,RHeBeWmk3Z,,com.sec.android.app.shealth,2021-02-25 08:50:00.000,6e3decd4-844a-c7d7-edee-9982b413433c,
,61.0,0,0,11,4,15,76,76,1,10,0,0,,1,8.0,,47.0,,,10d32f81-4e97-9cef-d959-6008a988e688.extra_data.json,1,80.0,40,76,2021-02-03 13:01:00.000,,2021-02-03 14:33:45.349,2021-02-03 14:33:42.343,UTC+0200,RHeBeWmk3Z,,com.sec.android.app.shealth,2021-02-03 14:17:00.000,10d32f81-4e97-9cef-d959-6008a988e688,
,,,,,,,,,,,,,,,,,,,,,,,,,2020-12-28 23:39:28.673,,2021-01-12 06:43:22.299,2021-01-12 06:43:22.299,UTC+0200,vC702BfhH0,,com.urbandroid.sleep,2020-12-29 08:53:21.609,84fbe302-292f-4262-96ca-85442b1ab411,
,95.0,0,0,3,2,9,105,31,0,6,0,0,,,0.0,,9.0,,,941de471-d669-c3e4-c746-7914257f8b12.extra_data.json,1,91.0,40,105,2021-01-25 23:44:00.000,,2021-01-26 01:33:54.122,2021-01-26 01:33:51.326,UTC+0200,RHeBeWmk3Z,,com.sec.android.app.shealth,2021-01-26 01:29:00.000,941de471-d669-c3e4-c746-7914257f8b12,
,48.0,7,7,12,21,43,459,176,1,16,0,0,,,8.0,,10.0,,,c712cd03-3596-747d-cc97-a0a89fc204b8.extra_data.json,4,90.0,55,459,2020-12-06 23:30:00.000,,2020-12-07 07:18:10.903,2020-12-07 07:13:50.382,UTC+0200,RHeBeWmk3Z,,com.sec.android.app.shealth,2020-12-07 07:09:00.000,c712cd03-3596-747d-cc97-a0a89fc204b8,
,25.0,0,0,2,50,64,234,93,1,59,8,0,,1,23.0,,55.0,,,7525df21-73d2-cf4a-87a0-5691a999a6d5.extra_data.json,3,71.0,36,242,2021-02-03 04:26:00.000,,2021-02-03 08:44:27.268,2021-02-03 08:44:21.438,UTC+0200,RHeBeWmk3Z,,com.sec.android.app.shealth,2021-02-03 08:28:00.000,7525df21-73d2-cf4a-87a0-5691a999a6d5,
,73.0,11,43,0,11,38,465,36,1,21,0,0,,,36.0,,9.0,,,49fdfec3-72e2-fee0-e868-4027ee84a5d6.extra_data.json,5,91.0,68,465,2020-12-07 23:14:00.000,,2020-12-08 07:15:25.901,2020-12-08 07:15:24.298,UTC+0200,RHeBeWmk3Z,,com.sec.android.app.shealth,2020-12-08 06:59:00.000,49fdfec3-72e2-fee0-e868-4027ee84a5d6,
,70.0,0,0,0,0,22,77,0,0,17,0,0,,1,8.0,,51.0,,,259208d1-60ed-a67f-de3a-31a5bad2b0f2.extra_data.json,0,71.0,31,77,2021-02-14 10:21:00.000,,2021-02-14 11:50:00.290,2021-02-14 11:44:25.335,UTC+0200,RHeBeWmk3Z,,com.sec.android.app.shealth,2021-02-14 11:38:00.000,259208d1-60ed-a67f-de3a-31a5bad2b0f2,
,,,,,,,,,,,,,,,,,,,,,,,,,2021-01-01 23:17:34.080,,2021-01-04 23:04:34.155,2021-01-04 23:04:34.155,UTC+0200,vC702BfhH0,,com.urbandroid.sleep,2021-01-02 07:01:29.835,d9ec5a66-b2ff-4bd5-826c-b17c48d11710,
,59.0,36,36,9,26,57,512,148,1,24,3,0,,1,68.0,,22.0,,,bf675cf8-ee4c-f21f-e518-67ced90e9696.extra_data.json,5,88.0,64,515,2021-02-06 23:50:00.000,,2021-02-07 08:44:37.964,2021-02-07 08:44:35.393,UTC+0200,RHeBeWmk3Z,,com.sec.android.app.shealth,2021-02-07 08:25:00.000,bf675cf8-ee4c-f21f-e518-67ced90e9696,
,88.0,33,33,7,5,27,331,127,1,12,0,0,,,40.0,,9.0,,,97ac379d-d9c1-9334-0c09-2c2ff84a302a.extra_data.json,3,91.0,70,331,2020-11-03 22:00:00.000,,2020-11-07 08:33:38.778,2020-11-04 03:35:28.337,UTC+0300,RHeBeWmk3Z,,com.sec.android.app.shealth,2020-11-04 03:31:00.000,97ac379d-d9c1-9334-0c09-2c2ff84a302a,
,0.0,10,10,5,110,121,384,99,1,107,0,0,,,12.0,,32.0,,,57a1182c-44a9-46a7-e11b-8aae13902895.extra_data.json,4,68.0,55,384,2020-12-31 04:41:00.000,,2020-12-31 11:14:11.681,2020-12-31 11:14:09.292,UTC+0200,RHeBeWmk3Z,,com.sec.android.app.shealth,2020-12-31 11:05:00.000,57a1182c-44a9-46a7-e11b-8aae13902895,
,69.0,0,0,12,1,24,225,96,1,14,0,0,,1,23.0,,29.0,,,f6633074-15e0-0413-ff66-33838185994c.extra_data.json,2,89.0,40,225,2021-02-14 23:30:00.000,,2021-02-15 03:19:57.638,2021-02-15 03:19:55.316,UTC+0200,RHeBeWmk3Z,,com.sec.android.app.shealth,2021-02-15 03:15:00.000,f6633074-15e0-0413-ff66-33838185994c,
,88.0,0,0,0,5,40,366,71,0,20,7,0,,,0.0,,13.0,,,b859990a-7e37-e2a0-ab41-a8626bdf84e4.extra_data.json,3,87.0,57,373,2021-01-03 02:30:00.000,,2021-01-03 09:02:38.153,2021-01-03 08:59:09.302,UTC+0200,RHeBeWmk3Z,,com.sec.android.app.shealth,2021-01-03 08:43:00.000,b859990a-7e37-e2a0-ab41-a8626bdf84e4,
,60.0,0,14,4,10,51,309,74,1,34,0,0,,1,35.0,,33.0,,,126b1e74-2d7f-1045-d6d6-98aa346e1820.extra_data.json,2,83.0,41,309,2021-02-08 03:12:00.000,,2021-02-08 08:40:02.651,2021-02-08 08:39:59.467,UTC+0200,RHeBeWmk3Z,,com.sec.android.app.shealth,2021-02-08 08:21:00.000,126b1e74-2d7f-1045-d6d6-98aa346e1820,
,70.0,12,12,14,12,71,534,155,2,48,0,0,,,8.0,,14.0,,,f7e11c11-9e8e-e405-a363-ad43467820aa.extra_data.json,5,86.0,53,534,2020-12-17 23:32:00.000,,2020-12-18 08:29:11.617,2020-12-18 08:29:09.362,UTC+0200,RHeBeWmk3Z,,com.sec.android.app.shealth,2020-12-18 08:26:00.000,f7e11c11-9e8e-e405-a363-ad43467820aa,
,67.0,22,48,7,13,35,405,93,1,17,0,0,,1,62.0,,20.0,,,06cb74d7-4d5e-fed3-4d97-13b48a4d6814.extra_data.json,4,91.0,73,405,2021-02-23 00:35:00.000,,2021-02-23 12:32:09.166,2021-02-23 07:24:34.330,UTC+0200,RHeBeWmk3Z,,com.sec.android.app.shealth,2021-02-23 07:20:00.000,06cb74d7-4d5e-fed3-4d97-13b48a4d6814,
,83.0,22,22,3,7,43,421,109,0,20,0,0,,,20.0,,11.0,,,b264c57a-c658-300e-2ada-09e23bb3036d.extra_data.json,4,89.0,73,421,2020-12-21 00:40:00.000,,2020-12-21 07:47:04.519,2020-12-21 07:44:04.280,UTC+0200,RHeBeWmk3Z,,com.sec.android.app.shealth,2020-12-21 07:41:00.000,b264c57a-c658-300e-2ada-09e23bb3036d,
,85.0,14,33,23,6,41,382,158,1,22,0,0,,,36.0,,11.0,,,a25c5f2d-4780-1cf7-5136-8f55344db7bf.extra_data.json,3,89.0,61,382,2021-01-19 23:18:00.000,,2021-01-20 05:46:39.017,2021-01-20 05:46:37.234,UTC+0200,RHeBeWmk3Z,,com.sec.android.app.shealth,2021-01-20 05:40:00.000,a25c5f2d-4780-1cf7-5136-8f55344db7bf,
,60.0,0,0,20,5,25,188,188,1,17,0,0,,1,19.0,,33.0,,,66229c6c-01a8-c6d3-0dfa-620183d07f93.extra_data.json,1,86.0,35,188,2021-02-06 00:01:00.000,,2021-02-06 03:14:25.784,2021-02-06 03:14:23.297,UTC+0200,RHeBeWmk3Z,,com.sec.android.app.shealth,2021-02-06 03:09:00.000,66229c6c-01a8-c6d3-0dfa-620183d07f93,
,75.0,7,20,5,10,45,502,65,0,23,0,0,,,16.0,,9.0,,,4edae3e0-a7d4-9b46-c3a0-c53e25010bf5.extra_data.json,5,91.0,69,502,2020-12-21 23:42:00.000,,2020-12-22 08:08:04.688,2020-12-22 08:08:00.310,UTC+0200,RHeBeWmk3Z,,com.sec.android.app.shealth,2020-12-22 08:04:00.000,4edae3e0-a7d4-9b46-c3a0-c53e25010bf5,
,85.0,35,47,22,6,64,572,204,0,29,2,0,,,32.0,,12.0,,,c8429977-db7e-f500-3452-b38dd912fe3c.extra_data.json,5,88.0,69,574,2020-12-19 22:59:00.000,,2020-12-20 08:51:48.261,2020-12-20 08:51:45.334,UTC+0200,RHeBeWmk3Z,,com.sec.android.app.shealth,2020-12-20 08:33:00.000,c8429977-db7e-f500-3452-b38dd912fe3c,
,75.0,11,11,15,10,67,467,164,1,38,0,0,,,8.0,,15.0,,,e86781d3-d5d3-db8d-d1bb-3d5e2b2b3a10.extra_data.json,4,85.0,56,467,2021-01-22 23:41:00.000,,2021-01-23 07:43:25.818,2021-01-23 07:37:56.423,UTC+0200,RHeBeWmk3Z,,com.sec.android.app.shealth,2021-01-23 07:28:00.000,e86781d3-d5d3-db8d-d1bb-3d5e2b2b3a10,
,52.0,31,31,15,19,47,421,261,1,29,0,0,,,28.0,,12.0,,,068e2082-5530-a5c6-83b1-d82220f7cad0.extra_data.json,3,88.0,61,421,2020-12-28 01:20:00.000,,2020-12-28 08:32:51.757,2020-12-28 08:28:57.358,UTC+0200,RHeBeWmk3Z,,com.sec.android.app.shealth,2020-12-28 08:21:00.000,068e2082-5530-a5c6-83b1-d82220f7cad0,
,60.0,0,9,2,15,56,302,25,1,40,0,0,,1,33.0,,40.0,,,c20c036b-0d91-5f08-2793-0b481b289662.extra_data.json,3,81.0,41,302,2021-02-02 23:13:00.000,,2021-02-03 04:23:08.647,2021-02-03 04:23:06.346,UTC+0200,RHeBeWmk3Z,,com.sec.android.app.shealth,2021-02-03 04:15:00.000,c20c036b-0d91-5f08-2793-0b481b289662,
,90.0,22,22,6,4,14,175,93,1,7,0,0,,,52.0,,8.0,,,32db5b90-1533-860c-6209-65108efa6f4a.extra_data.json,2,92.0,67,175,2021-01-14 22:30:00.000,,2021-01-15 01:29:38.621,2021-01-15 01:29:35.375,UTC+0200,RHeBeWmk3Z,,com.sec.android.app.shealth,2021-01-15 01:25:00.000,32db5b90-1533-860c-6209-65108efa6f4a,
,33.0,0,6,2,47,73,390,65,1,43,0,0,,1,41.0,,33.0,,,8dbe19a3-81c7-92e3-435c-5dcc49a2b97c.extra_data.json,4,81.0,47,390,2021-02-22 01:20:00.000,,2021-02-22 08:04:27.710,2021-02-22 08:04:24.505,UTC+0200,RHeBeWmk3Z,,com.sec.android.app.shealth,2021-02-22 07:50:00.000,8dbe19a3-81c7-92e3-435c-5dcc49a2b97c,
,30.0,0,0,11,28,47,470,163,2,23,0,0,,,0.0,,10.0,,,9654f387-0860-82fa-85f4-826ff780ead0.extra_data.json,5,90.0,36,470,2020-12-10 23:16:00.000,,2020-12-11 07:10:22.184,2020-12-11 07:10:20.340,UTC+0200,RHeBeWmk3Z,,com.sec.android.app.shealth,2020-12-11 07:06:00.000,9654f387-0860-82fa-85f4-826ff780ead0,
,,,,,,,,,,,,,,,,,,,,,,,,,2020-12-28 23:39:28.673,,2020-12-30 08:11:21.511,2020-12-30 08:11:21.511,UTC+0200,vC702BfhH0,,com.urbandroid.sleep,2020-12-29 08:53:21.609,df77450d-1af6-4492-829b-b9b25c93f703,
,45.0,15,50,4,22,57,566,80,2,22,0,0,,,36.0,,11.0,,,4234790b-0049-6dd3-cc37-87538bb0d930.extra_data.json,5,89.0,62,566,2020-11-28 22:24:00.000,,2020-11-29 07:57:32.618,2020-11-29 07:57:28.234,UTC+0200,RHeBeWmk3Z,,com.sec.android.app.shealth,2020-11-29 07:50:00.000,4234790b-0049-6dd3-cc37-87538bb0d930,
,,,,,,,,,,,,,,,,,,,,,,,,,2021-01-02 22:36:13.094,,2021-01-17 06:41:11.546,2021-01-17 06:41:11.546,UTC+0200,vC702BfhH0,,com.urbandroid.sleep,2021-01-03 08:46:05.985,ba01f180-1159-43ae-b2f9-0b73f68eb4e4,
,,,,,,,,,,,,,,,,,,,,,,,,,2021-01-08 22:37:13.655,,2021-01-09 07:45:02.373,2021-01-09 07:45:02.373,UTC+0200,vC702BfhH0,,com.urbandroid.sleep,2021-01-09 07:44:07.868,2e95394c-0c98-440c-976c-212b587e27cb,
,,,,,,,,,,,,,,,,,,,,,,,,,2021-02-22 23:16:57.146,,2021-02-28 19:08:25.356,2021-02-28 19:08:25.356,UTC+0200,OD8XXfRrR9,,com.urbandroid.sleep,2021-02-23 08:39:45.146,35fc7656-f129-4ca2-a858-f4d31ac5b0fc,
,,,,,,,,,,,,,,,,,,,,,,,,,2021-02-16 22:01:20.086,,2021-02-28 19:08:25.670,2021-02-28 19:08:25.670,UTC+0200,OD8XXfRrR9,,com.urbandroid.sleep,2021-02-17 07:52:56.086,55a4e390-a067-4d4f-8c67-5a97e2a75a55,
,,,,,,,,,,,,,,,,,,,,,,,,,2021-02-10 23:35:46.324,,2021-02-28 19:08:26.016,2021-02-28 19:08:26.016,UTC+0200,OD8XXfRrR9,,com.urbandroid.sleep,2021-02-11 07:50:46.324,1b4eee7b-6b85-41c4-9dc5-797b9ad26ba8,
,,,,,,,,,,,,,,,,,,,,,,,,,2021-02-04 22:44:09.571,,2021-02-28 19:08:26.310,2021-02-28 19:08:26.310,UTC+0200,OD8XXfRrR9,,com.urbandroid.sleep,2021-02-05 08:20:45.571,6925b3b5-36f9-4f15-9b1a-326e61f0d64e,
,,,,,,,,,,,,,,,,,,,,,,,,,2021-01-29 23:06:38.354,,2021-02-28 19:08:26.727,2021-02-28 19:08:26.727,UTC+0200,OD8XXfRrR9,,com.urbandroid.sleep,2021-01-30 05:41:26.354,6e3c7c34-ca44-47ad-a548-43440d37685a,
,,,,,,,,,,,,,,,,,,,,,,,,,2021-01-23 23:31:54.747,,2021-02-28 19:08:27.123,2021-02-28 19:08:27.123,UTC+0200,OD8XXfRrR9,,com.urbandroid.sleep,2021-01-24 07:40:18.749,7a9d1f80-be83-4fef-832a-bfb16226a154,
,,,,,,,,,,,,,,,,,,,,,,,,,2021-01-17 23:13:23.866,,2021-02-28 19:08:27.522,2021-02-28 19:08:27.522,UTC+0200,OD8XXfRrR9,,com.urbandroid.sleep,2021-01-18 07:00:11.868,cee88876-a7c8-4069-a3c8-a34682bdc554,
,,,,,,,,,,,,,,,,,,,,,,,,,2021-01-11 22:32:47.730,,2021-02-28 19:08:27.808,2021-02-28 19:08:27.808,UTC+0200,OD8XXfRrR9,,com.urbandroid.sleep,2021-01-12 06:54:59.728,79740eac-ab4f-4170-aa84-dcb2e8414a61,
,,,,,,,,,,,,,,,,,,,,,,,,,2021-01-05 23:09:09.805,,2021-02-28 19:08:28.235,2021-02-28 19:08:28.235,UTC+0200,OD8XXfRrR9,,com.urbandroid.sleep,2021-01-06 06:58:21.805,e5ac88b5-8cf1-4e24-b5c4-08f55083ee50,
,,,,,,,,,,,,,,,,,,,,,,,,,2020-12-30 23:15:06.612,,2021-02-28 19:08:28.606,2021-02-28 19:08:28.606,UTC+0200,OD8XXfRrR9,,com.urbandroid.sleep,2020-12-31 09:18:42.616,a2086880-3894-474c-bc04-16f636b016df,
,,,,,,,,,,,,,,,,,,,,,,,,,2020-12-25 02:08:33.914,,2021-02-28 19:08:28.881,2021-02-28 19:08:28.881,UTC+0200,OD8XXfRrR9,,com.urbandroid.sleep,2020-12-25 08:32:33.914,233b2f62-de13-4619-8259-33bc3a6b3002,
,,,,,,,,,,,,,,,,,,,,,,,,,2020-12-18 23:22:50.025,,2021-02-28 19:08:29.185,2021-02-28 19:08:29.185,UTC+0200,OD8XXfRrR9,,com.urbandroid.sleep,2020-12-19 08:00:02.025,c4e4009b-230b-4955-bfdd-e628008103bf,
,,,,,,,,,,,,,,,,,,,,,,,,,2020-12-12 23:15:11.126,,2021-02-28 19:08:29.621,2021-02-28 19:08:29.621,UTC+0200,OD8XXfRrR9,,com.urbandroid.sleep,2020-12-13 06:20:35.128,45f98502-e2f8-4ff3-878a-e777e22dc070,
,,,,,,,,,,,,,,,,,,,,,,,,,2020-12-06 23:05:46.105,,2021-02-28 19:08:29.919,2021-02-28 19:08:29.919,UTC+0200,OD8XXfRrR9,,com.urbandroid.sleep,2020-12-07 07:00:22.103,1099cd43-fde6-49bb-9b99-5d8a5b5b579a,
,,,,,,,,,,,,,,,,,,,,,,,,,2020-11-30 22:18:31.973,,2021-02-28 19:08:30.258,2021-02-28 19:08:30.258,UTC+0200,OD8XXfRrR9,,com.urbandroid.sleep,2020-11-30 22:31:07.972,c10d26f8-41b3-4a29-a009-bd7da5b63c20,
,47.0,18,18,16,28,50,450,172,1,26,2,0,,1,53.0,,26.0,,,67d39e89-7909-af72-8e61-26415b06c336.extra_data.json,3,88.0,51,452,2021-02-19 23:55:00.000,,2021-02-20 07:46:41.215,2021-02-20 07:46:36.381,UTC+0200,RHeBeWmk3Z,,com.sec.android.app.shealth,2021-02-20 07:27:00.000,67d39e89-7909-af72-8e61-26415b06c336,
,,,,,,,,,,,,,,,,,,,,,,,,,2021-01-06 23:10:23.719,,2021-01-21 06:38:19.042,2021-01-21 06:38:19.042,UTC+0200,vC702BfhH0,,com.urbandroid.sleep,2021-01-07 06:58:15.690,f8b18e84-aaa8-4772-8ede-7049f65cb148,
,,,,,,,,,,,,,,,,,,,,,,,,,2020-12-22 23:13:30.766,,2021-01-06 06:58:21.613,2021-01-06 06:58:21.613,UTC+0200,vC702BfhH0,,com.urbandroid.sleep,2020-12-23 08:29:39.371,4b468444-43cb-4a63-8299-83659bd52d1c,
,,,,,,,,,,,,,,,,,,,,,,,,,2021-01-05 23:09:09.805,,2021-01-20 05:41:24.327,2021-01-20 05:41:24.327,UTC+0200,vC702BfhH0,,com.urbandroid.sleep,2021-01-06 06:58:20.690,563b981e-8ec5-4827-88ed-8875fdec6743,
,,,,,,,,,,,,,,,,,,,,,,,,,2020-12-17 23:14:07.897,,2021-01-01 00:01:58.415,2021-01-01 00:01:58.415,UTC+0200,vC702BfhH0,,com.urbandroid.sleep,2020-12-18 08:16:49.290,81c98ec5-a20b-4061-916e-993e51112390,
,75.0,12,12,19,10,41,433,241,2,18,0,0,,,12.0,,10.0,,,af5a236b-cb17-b0e0-28e9-99499d78fce4.extra_data.json,2,90.0,52,433,2021-01-06 23:47:00.000,,2021-01-07 07:10:39.907,2021-01-07 07:05:46.422,UTC+0200,RHeBeWmk3Z,,com.sec.android.app.shealth,2021-01-07 07:00:00.000,af5a236b-cb17-b0e0-28e9-99499d78fce4,
,33.0,24,24,12,32,50,412,210,2,35,0,0,,1,52.0,,26.0,,,3f5b9e22-1b30-f55a-0d9f-969a96f17f8b.extra_data.json,3,87.0,53,412,2021-03-03 00:31:00.000,,2021-03-03 07:34:01.814,2021-03-03 07:30:39.322,UTC+0300,RHeBeWmk3Z,,com.sec.android.app.shealth,2021-03-03 07:23:00.000,3f5b9e22-1b30-f55a-0d9f-969a96f17f8b,
,93.0,13,13,5,3,23,130,79,0,14,0,0,,,40.0,,18.0,,,533c796d-46c5-c66d-287a-f0ea8c3cef6f.extra_data.json,1,82.0,66,130,2020-12-03 04:53:00.000,,2020-12-03 07:09:57.618,2020-12-03 07:09:56.332,UTC+0200,RHeBeWmk3Z,,com.sec.android.app.shealth,2020-12-03 07:03:00.000,533c796d-46c5-c66d-287a-f0ea8c3cef6f,
,,,,,,,,,,,,,,,,,,,,,,,,,2020-12-14 22:57:45.318,,2020-12-21 21:11:09.082,2020-12-21 21:11:09.082,UTC+0200,vC702BfhH0,,com.urbandroid.sleep,2020-12-15 06:53:30.265,75e7712a-5260-4af6-96ae-edc1e9d970fd,
,,,,,,,,,,,,,,,,,,,,,,,,,2020-12-26 00:39:10.033,,2021-01-09 07:45:02.477,2021-01-09 07:45:02.477,UTC+0200,vC702BfhH0,,com.urbandroid.sleep,2020-12-26 08:47:41.027,692d1381-90a1-4078-8864-808f73ab14db,
,,,,,,,,,,,,,,,,,,,,,,,,,2020-12-18 23:22:50.025,,2020-12-21 21:11:08.879,2020-12-21 21:11:08.879,UTC+0200,vC702BfhH0,,com.urbandroid.sleep,2020-12-19 07:59:58.107,1f8cdbab-dbfb-4824-8c6b-825a63e1d305,
,68.0,45,45,8,13,32,424,123,2,16,0,0,,,44.0,,8.0,,,efb65fea-c584-7790-3573-fb4d256fef2a.extra_data.json,4,92.0,69,424,2020-11-04 21:50:00.000,,2020-11-07 08:33:38.772,2020-11-05 05:00:25.297,UTC+0300,RHeBeWmk3Z,,com.sec.android.app.shealth,2020-11-05 04:54:00.000,efb65fea-c584-7790-3573-fb4d256fef2a,
,77.0,2,9,14,8,49,522,104,1,18,0,0,,1,55.0,,26.0,,,3b5b2112-af8b-0a03-3cb3-caac77c6b1bf.extra_data.json,5,90.0,62,522,2021-03-05 22:44:00.000,,2021-03-06 07:37:30.943,2021-03-06 07:32:03.310,UTC+0300,RHeBeWmk3Z,,com.sec.android.app.shealth,2021-03-06 07:26:00.000,3b5b2112-af8b-0a03-3cb3-caac77c6b1bf,
,83.0,0,22,0,12,58,427,29,0,34,0,0,,1,48.0,,22.0,,,2bb8a847-b040-c6cc-3d30-7a6c83951b42.extra_data.json,5,86.0,57,427,2021-02-24 00:40:00.000,,2021-02-24 07:51:40.598,2021-02-24 07:51:35.366,UTC+0200,RHeBeWmk3Z,,com.sec.android.app.shealth,2021-02-24 07:47:00.000,2bb8a847-b040-c6cc-3d30-7a6c83951b42,
,73.0,0,0,8,2,10,138,78,0,8,0,0,1b2b6379-4e69-48ea-b8de-14cbc603c3fd,1,14.0,,23.0,,,7ce9e498-8954-a87b-1bde-75eceeace017.extra_data.json,1,92.0,44,138,2021-03-07 23:54:00.000,,2021-03-08 06:59:29.408,2021-03-08 02:12:52.381,UTC+0300,RHeBeWmk3Z,,com.sec.android.app.shealth,2021-03-08 02:12:00.000,7ce9e498-8954-a87b-1bde-75eceeace017,
,75.0,33,36,11,10,47,472,158,0,17,0,0,,,32.0,,10.0,,,e099cdaf-5613-754e-ddba-1d98acefbe78.extra_data.json,4,90.0,73,472,2021-01-11 23:11:00.000,,2021-01-12 07:20:30.729,2021-01-12 07:08:10.346,UTC+0200,RHeBeWmk3Z,,com.sec.android.app.shealth,2021-01-12 07:03:00.000,e099cdaf-5613-754e-ddba-1d98acefbe78,
,95.0,3,3,18,2,79,447,225,0,55,0,0,,,4.0,,18.0,,,21681481-f6d5-7aa9-f723-1e1ebfb6b7da.extra_data.json,3,82.0,61,447,2021-01-01 01:02:00.000,,2021-01-01 08:33:31.478,2021-01-01 08:33:29.363,UTC+0200,RHeBeWmk3Z,,com.sec.android.app.shealth,2021-01-01 08:29:00.000,21681481-f6d5-7aa9-f723-1e1ebfb6b7da,
,98.0,8,8,6,1,70,508,113,0,48,0,0,,,8.0,,14.0,,,ccd41e7b-01e7-d427-432b-b44dde54d249.extra_data.json,3,86.0,70,508,2020-12-29 00:40:00.000,,2020-12-29 09:19:26.454,2020-12-29 09:13:27.458,UTC+0200,RHeBeWmk3Z,,com.sec.android.app.shealth,2020-12-29 09:08:00.000,ccd41e7b-01e7-d427-432b-b44dde54d249,
,,,,,,,,,,,,,,,,,,,,,,,,,2021-02-21 23:29:28.711,,2021-02-28 19:08:25.381,2021-02-28 19:08:25.381,UTC+0200,OD8XXfRrR9,,com.urbandroid.sleep,2021-02-22 07:01:16.713,93517948-6848-42c4-8248-77a2066870cc,
,,,,,,,,,,,,,,,,,,,,,,,,,2021-02-15 23:17:11.011,,2021-02-28 19:08:25.744,2021-02-28 19:08:25.744,UTC+0200,OD8XXfRrR9,,com.urbandroid.sleep,2021-02-16 06:00:23.009,78f0cfcc-5acf-431e-83cc-b1618db0efc3,
,,,,,,,,,,,,,,,,,,,,,,,,,2021-02-09 23:19:53.796,,2021-02-28 19:08:26.075,2021-02-28 19:08:26.075,UTC+0200,OD8XXfRrR9,,com.urbandroid.sleep,2021-02-10 07:50:29.796,d58856ab-144a-47d1-881d-96aa806cac57,
,76.0,26,26,9,9,67,531,130,1,45,0,0,,1,66.0,,28.0,,,f0a8b2d8-875c-e510-d170-7f00ac4b2d00.extra_data.json,5,87.0,56,531,2021-03-09 22:41:00.000,,2021-03-10 07:37:10.335,2021-03-10 07:37:04.399,UTC+0300,RHeBeWmk3Z,,com.sec.android.app.shealth,2021-03-10 07:32:00.000,f0a8b2d8-875c-e510-d170-7f00ac4b2d00,
,,,,,,,,,,,,,,,,,,,,,,,,,2021-02-03 23:21:14.265,,2021-02-28 19:08:26.364,2021-02-28 19:08:26.364,UTC+0200,OD8XXfRrR9,,com.urbandroid.sleep,2021-02-04 06:58:26.263,3b17b9ab-5c1b-4399-8f89-942042af4325,
,,,,,,,,,,,,,,,,,,,,,,,,,2021-01-28 23:28:25.222,,2021-02-28 19:08:26.778,2021-02-28 19:08:26.778,UTC+0200,OD8XXfRrR9,,com.urbandroid.sleep,2021-01-29 08:00:13.222,87b354c1-6e9f-4f16-a4db-12f5a3eb758c,
,,,,,,,,,,,,,,,,,,,,,,,,,2021-01-22 23:13:29.532,,2021-02-28 19:08:27.201,2021-02-28 19:08:27.201,UTC+0200,OD8XXfRrR9,,com.urbandroid.sleep,2021-01-23 07:43:29.532,f35a5bec-4283-4980-9b9f-e58bf56247af,
,54.0,2,24,4,16,81,521,62,2,49,0,0,,1,58.0,,31.0,,,65781ade-650f-d793-554d-f8d6f4e58fa4.extra_data.json,4,84.0,51,521,2021-02-21 00:10:00.000,,2021-02-21 08:56:30.406,2021-02-21 08:56:27.440,UTC+0200,RHeBeWmk3Z,,com.sec.android.app.shealth,2021-02-21 08:51:00.000,65781ade-650f-d793-554d-f8d6f4e58fa4,
,,,,,,,,,,,,,,,,,,,,,,,,,2021-01-16 23:21:55.764,,2021-02-28 19:08:27.584,2021-02-28 19:08:27.584,UTC+0200,OD8XXfRrR9,,com.urbandroid.sleep,2021-01-17 08:03:19.762,03dda45d-2384-4b50-87b3-4678b747ebf8,
,,,,,,,,,,,,,,,,,,,,,,,,,2021-01-10 22:26:30.775,,2021-02-28 19:08:27.930,2021-02-28 19:08:27.930,UTC+0200,OD8XXfRrR9,,com.urbandroid.sleep,2021-01-11 05:40:54.775,4b4e93e5-3a4a-4ba2-9615-bfba968f9a6c,
,,,,,,,,,,,,,,,,,,,,,,,,,2021-01-04 23:05:04.165,,2021-02-28 19:08:28.296,2021-02-28 19:08:28.296,UTC+0200,OD8XXfRrR9,,com.urbandroid.sleep,2021-01-05 06:58:28.165,063c3b14-9b63-4f3f-80ca-d76440161275,
,,,,,,,,,,,,,,,,,,,,,,,,,2020-12-29 23:13:16.786,,2021-02-28 19:08:28.655,2021-02-28 19:08:28.655,UTC+0200,OD8XXfRrR9,,com.urbandroid.sleep,2020-12-30 08:11:28.786,7e5cd3fb-3a8f-423d-8760-1827515fa4f2,
,,,,,,,,,,,,,,,,,,,,,,,,,2020-12-23 22:54:50.228,,2021-02-28 19:08:28.915,2021-02-28 19:08:28.915,UTC+0200,OD8XXfRrR9,,com.urbandroid.sleep,2020-12-24 06:51:14.228,4a09ea12-6294-4589-a770-d9a702c89f3c,
,79.0,19,19,8,1,30,396,170,0,9,0,0,,1,49.0,,15.0,,,d5d4ccae-73dd-677e-f811-fc5b99d8c335.extra_data.json,2,92.0,63,396,2021-03-13 23:03:00.000,,2021-03-14 05:44:21.983,2021-03-14 05:44:16.418,UTC+0300,RHeBeWmk3Z,,com.sec.android.app.shealth,2021-03-14 05:39:00.000,d5d4ccae-73dd-677e-f811-fc5b99d8c335,
,,,,,,,,,,,,,,,,,,,,,,,,,2020-12-17 23:14:07.897,,2021-02-28 19:08:29.261,2021-02-28 19:08:29.261,UTC+0200,OD8XXfRrR9,,com.urbandroid.sleep,2020-12-18 08:16:31.899,b56ae133-8985-4edf-9186-192045ca88e1,
,,,,,,,,,,,,,,,,,,,,,,,,,2020-12-11 23:23:18.813,,2021-02-28 19:08:29.657,2021-02-28 19:08:29.657,UTC+0200,OD8XXfRrR9,,com.urbandroid.sleep,2020-12-12 08:10:06.813,b776e94a-b070-4327-98b4-fee4880708e9,
,,,,,,,,,,,,,,,,,,,,,,,,,2020-12-05 23:28:12.158,,2021-02-28 19:08:29.969,2021-02-28 19:08:29.969,UTC+0200,OD8XXfRrR9,,com.urbandroid.sleep,2020-12-06 08:41:24.158,3b9ae4fc-65c5-4bf3-9113-9a87b751a6ea,
,,,,,,,,,,,,,,,,,,,,,,,,,2021-02-26 23:18:53.584,,2021-02-28 19:08:31.204,2021-02-28 19:08:31.204,UTC+0200,OD8XXfRrR9,,com.urbandroid.sleep,2021-02-27 07:12:17.584,57af2117-18b8-4ee9-86ad-ba6e961236a6,
,68.0,8,8,12,13,79,506,104,0,43,0,0,,,8.0,,16.0,,,f4aa9f7e-0bcb-d693-15ab-15120570e30c.extra_data.json,6,84.0,64,506,2020-12-26 00:48:00.000,,2020-12-26 09:24:29.265,2020-12-26 09:20:12.443,UTC+0200,RHeBeWmk3Z,,com.sec.android.app.shealth,2020-12-26 09:14:00.000,f4aa9f7e-0bcb-d693-15ab-15120570e30c,
,,,,,,,,,,,,,,,,,,,,,,,,,2021-03-01 21:59:16.013,,2021-03-04 06:55:22.770,2021-03-04 06:55:22.770,UTC+0300,OD8XXfRrR9,,com.urbandroid.sleep,2021-03-02 06:26:36.472,8af87752-0b09-4b04-9672-50874ff210d8,
,0.0,10,23,4,44,65,522,102,4,40,0,0,,,16.0,,13.0,,,b076ce8e-ef3d-e7ad-1666-bb3aa534c48d.extra_data.json,5,87.0,54,522,2021-01-20 23:14:00.000,,2021-01-21 08:07:59.104,2021-01-21 08:02:03.343,UTC+0200,RHeBeWmk3Z,,com.sec.android.app.shealth,2021-01-21 07:56:00.000,b076ce8e-ef3d-e7ad-1666-bb3aa534c48d,
,65.0,15,40,8,20,69,506,81,2,41,0,0,,1,66.0,,32.0,,,8ea9ba8e-1dc0-26a2-2a62-8c38c851f7ea.extra_data.json,7,86.0,53,506,2021-03-16 22:00:00.000,,2021-03-17 06:36:31.617,2021-03-17 06:34:32.402,UTC+0300,RHeBeWmk3Z,,com.sec.android.app.shealth,2021-03-17 06:26:00.000,8ea9ba8e-1dc0-26a2-2a62-8c38c851f7ea,
,98.0,16,16,2,1,26,217,97,0,19,0,0,,,28.0,,12.0,,,d574ca46-8da6-1641-5df6-abdd78879563.extra_data.json,1,88.0,64,217,2020-12-01 03:40:00.000,,2020-12-01 07:21:36.681,2020-12-01 07:21:34.319,UTC+0200,RHeBeWmk3Z,,com.sec.android.app.shealth,2020-12-01 07:17:00.000,d574ca46-8da6-1641-5df6-abdd78879563,
,77.0,2,2,2,3,59,446,67,1,42,7,0,,1,46.0,,26.0,,,e7339098-7b03-1dfd-8fec-3f5c56bf37cc.extra_data.json,4,85.0,64,453,2021-03-18 22:35:00.000,,2021-03-19 06:27:12.673,2021-03-19 06:26:55.371,UTC+0300,RHeBeWmk3Z,,com.sec.android.app.shealth,2021-03-19 06:08:00.000,e7339098-7b03-1dfd-8fec-3f5c56bf37cc,
,82.0,0,0,5,3,25,308,50,0,8,0,0,9a9d8584-b977-4911-80f6-f39a7b70e949,1,31.0,,21.0,,,9f9ed533-40f3-0eb1-ed84-316be52a856f.extra_data.json,3,91.0,48,308,2021-03-06 23:20:00.000,,2021-03-07 07:32:14.483,2021-03-07 04:33:15.538,UTC+0300,RHeBeWmk3Z,,com.sec.android.app.shealth,2021-03-07 04:28:00.000,9f9ed533-40f3-0eb1-ed84-316be52a856f,
,,,,,,,,,,,,,,,,,,,,,,,,,2021-03-06 22:41:19.370,,2021-03-08 06:33:11.819,2021-03-08 06:33:11.819,UTC+0300,OD8XXfRrR9,,com.urbandroid.sleep,2021-03-07 07:22:57.794,560ff7ef-7601-42d5-8f92-212661dc46c7,
,,,,,,,,,,,,,,,,,,,,,,,,,2021-03-08 22:12:29.249,,2021-03-10 22:10:08.418,2021-03-10 22:10:08.418,UTC+0300,OD8XXfRrR9,,com.urbandroid.sleep,2021-03-09 06:40:23.137,2f55be96-e1c0-4b75-b12c-741ec0d1f464,
,,,,,,,,,,,,,,,,,,,,,,,,,2021-03-11 22:24:12.023,,2021-03-14 06:03:42.248,2021-03-14 06:03:42.248,UTC+0300,OD8XXfRrR9,,com.urbandroid.sleep,2021-03-12 06:18:24.200,a7561e60-7798-4fc3-a01f-5945edc576a5,
,,,,,,,,,,,,,,,,,,,,,,,,,2021-03-16 19:50:12.666,,2021-03-18 06:23:42.061,2021-03-18 06:23:42.061,UTC+0300,OD8XXfRrR9,,com.urbandroid.sleep,2021-03-17 06:47:32.643,8f97546d-3420-4935-afed-3b8a7f0dd5c5,
,75.0,0,13,6,10,26,251,32,1,12,0,0,,,20.0,,11.0,,,9a579652-0117-eb56-af19-9185192be575.extra_data.json,3,89.0,49,251,2021-01-18 23:09:00.000,,2021-01-19 03:23:16.861,2021-01-19 03:23:13.435,UTC+0200,RHeBeWmk3Z,,com.sec.android.app.shealth,2021-01-19 03:20:00.000,9a579652-0117-eb56-af19-9185192be575,
,33.0,4,13,5,27,67,579,55,4,41,0,0,,,8.0,,12.0,,,705acac3-9ce0-8b27-709b-ad04b0f03e72.extra_data.json,6,88.0,46,579,2021-01-12 22:58:00.000,,2021-01-13 08:49:45.205,2021-01-13 08:42:54.310,UTC+0200,RHeBeWmk3Z,,com.sec.android.app.shealth,2021-01-13 08:37:00.000,705acac3-9ce0-8b27-709b-ad04b0f03e72,
,73.0,0,0,19,2,39,206,157,0,23,6,0,2819ce71-0bab-412b-b80c-7ecf1b6ef2bb,1,21.0,,42.0,,,c773b21d-d044-7e89-c87f-70d077862e66.extra_data.json,1,78.0,38,212,2021-03-23 02:38:00.000,,2021-03-23 06:29:21.762,2021-03-23 06:29:16.321,UTC+0300,RHeBeWmk3Z,,com.sec.android.app.shealth,2021-03-23 06:10:00.000,c773b21d-d044-7e89-c87f-70d077862e66,
,38.0,6,8,17,37,82,526,171,2,47,0,0,,1,56.0,,34.0,,,e44c9d52-a24f-ab52-b41d-567d0ea049e1.extra_data.json,5,84.0,48,526,2021-03-19 22:12:00.000,,2021-03-20 07:02:29.045,2021-03-20 07:02:22.762,UTC+0300,RHeBeWmk3Z,,com.sec.android.app.shealth,2021-03-20 06:58:00.000,e44c9d52-a24f-ab52-b41d-567d0ea049e1,
,,,,,,,,,,,,,,,,,,,,,,,,,2021-03-25 21:36:55.609,,2021-03-26 06:54:00.359,2021-03-26 06:54:00.359,UTC+0300,OD8XXfRrR9,,com.urbandroid.sleep,2021-03-26 06:53:08.951,485ed442-11eb-4985-8fc1-43360bc3d0ea,
,70.0,20,32,6,12,101,520,115,0,74,4,0,,,24.0,,20.0,,,fababd98-ce39-b72c-c110-49330adc7633.extra_data.json,4,80.0,70,524,2021-01-17 00:12:00.000,,2021-01-17 09:12:09.939,2021-01-17 09:12:07.328,UTC+0200,RHeBeWmk3Z,,com.sec.android.app.shealth,2021-01-17 08:56:00.000,fababd98-ce39-b72c-c110-49330adc7633,
,38.0,0,0,11,25,36,110,85,1,33,0,0,,,0.0,,33.0,,,df176489-a876-2146-8998-191dfce54121.extra_data.json,1,67.0,28,110,2021-01-02 15:10:00.000,,2021-01-02 17:19:16.686,2021-01-02 17:19:14.369,UTC+0200,RHeBeWmk3Z,,com.sec.android.app.shealth,2021-01-02 17:00:00.000,df176489-a876-2146-8998-191dfce54121,
,73.0,50,50,17,17,56,491,156,1,23,0,0,,1,72.0,,27.0,,,c8165d9e-a71a-e5d8-142c-876b212feef4.extra_data.json,6,88.0,71,491,2021-03-23 23:00:00.000,,2021-03-24 07:11:54.911,2021-03-24 07:11:50.128,UTC+0300,RHeBeWmk3Z,,com.sec.android.app.shealth,2021-03-24 07:11:00.000,c8165d9e-a71a-e5d8-142c-876b212feef4,
,100.0,0,34,0,0,0,65,0,0,0,0,0,,,100.0,,0.0,,,ea883105-937d-dfd2-27e4-9cbc25169ac4.extra_data.json,0,100.0,54,65,2020-11-13 10:20:00.000,,2020-11-13 11:25:28.993,2020-11-13 11:25:27.278,UTC+0300,RHeBeWmk3Z,,com.sec.android.app.shealth,2020-11-13 11:25:00.000,ea883105-937d-dfd2-27e4-9cbc25169ac4,
,79.0,24,24,14,1,21,228,173,0,10,0,0,90d2e3b1-7976-4c7f-b59b-df9ba5582d5f,1,39.0,,22.0,,,81b96a05-4556-251a-c3ba-44574932385f.extra_data.json,2,90.0,64,228,2021-03-28 21:40:00.000,,2021-03-29 06:45:32.951,2021-03-29 01:28:37.275,UTC+0400,RHeBeWmk3Z,,com.sec.android.app.shealth,2021-03-29 01:28:00.000,81b96a05-4556-251a-c3ba-44574932385f,
,,,,,,,,,,,,,,,,,,,,,,,,,2021-03-28 21:33:05.261,,2021-03-30 06:23:24.668,2021-03-30 06:23:24.668,UTC+0400,OD8XXfRrR9,,com.urbandroid.sleep,2021-03-29 06:05:19.735,18693aca-d709-4c4f-95c0-3348d45b84c5,
,70.0,0,0,0,0,13,119,0,0,9,0,0,,1,12.0,,18.0,,,79acb868-7d27-a6f3-7795-da8f3831a274.extra_data.json,0,89.0,31,119,2021-02-07 23:52:00.000,,2021-02-08 01:55:37.350,2021-02-08 01:55:35.416,UTC+0200,RHeBeWmk3Z,,com.sec.android.app.shealth,2021-02-08 01:51:00.000,79acb868-7d27-a6f3-7795-da8f3831a274,
,73.0,22,22,10,11,57,484,119,2,33,2,0,,,20.0,,13.0,,,8dbea4c7-d325-6d5b-e7fb-b2b18345800e.extra_data.json,4,87.0,58,486,2020-12-12 00:12:00.000,,2020-12-12 08:36:55.829,2020-12-12 08:36:53.315,UTC+0200,RHeBeWmk3Z,,com.sec.android.app.shealth,2020-12-12 08:18:00.000,8dbea4c7-d325-6d5b-e7fb-b2b18345800e,
,83.0,0,0,6,7,30,302,88,1,11,0,0,,,0.0,,10.0,,,409653aa-3b48-2bb3-6d34-ce9cb9141451.extra_data.json,3,90.0,45,302,2020-12-09 23:27:00.000,,2020-12-10 04:32:59.883,2020-12-10 04:32:58.306,UTC+0200,RHeBeWmk3Z,,com.sec.android.app.shealth,2020-12-10 04:29:00.000,409653aa-3b48-2bb3-6d34-ce9cb9141451,
,51.0,22,22,6,19,63,527,75,3,33,0,0,,1,69.0,,26.0,,,853a49d6-64f0-723f-daf1-fc89c094900f.extra_data.json,6,88.0,54,527,2021-03-25 21:57:00.000,,2021-03-26 07:03:10.852,2021-03-26 07:01:56.351,UTC+0300,RHeBeWmk3Z,,com.sec.android.app.shealth,2021-03-26 06:44:00.000,853a49d6-64f0-723f-daf1-fc89c094900f,
,73.0,12,12,12,11,23,131,120,1,19,0,0,,,36.0,,18.0,,,6cdd4711-1233-feeb-52a9-6dca92b8015b.extra_data.json,1,82.0,55,131,2020-11-04 03:38:00.000,,2020-11-07 08:33:38.787,2020-11-04 05:54:38.378,UTC+0300,RHeBeWmk3Z,,com.sec.android.app.shealth,2020-11-04 05:49:00.000,6cdd4711-1233-feeb-52a9-6dca92b8015b,
,,,,,,,,,,,,,,,,,,,,,,,,,2021-03-27 22:43:13.579,,2021-03-29 06:05:20.381,2021-03-29 06:05:20.381,UTC+0300,OD8XXfRrR9,,com.urbandroid.sleep,2021-03-28 05:54:24.906,bf5c92ad-aebb-44fd-9f64-49f09cface45,
,,,,,,,,,,,,,,,,,,,,,,,,,2021-03-29 23:33:13.416,,2021-03-30 06:23:25.298,2021-03-30 06:23:25.298,UTC+0400,OD8XXfRrR9,,com.urbandroid.sleep,2021-03-30 06:23:12.281,204a80e2-c2ee-42ab-b5fc-6272d5aad96a,
,80.0,0,0,11,8,20,191,128,1,9,0,0,,,0.0,,11.0,,,bb66213f-6abb-f061-5f50-6a40cfde224d.extra_data.json,2,89.0,33,191,2021-01-02 23:12:00.000,,2021-01-03 02:26:48.048,2021-01-03 02:26:46.605,UTC+0200,RHeBeWmk3Z,,com.sec.android.app.shealth,2021-01-03 02:23:00.000,bb66213f-6abb-f061-5f50-6a40cfde224d,
,,,,,,,,,,,,,,,,,,,,,,,,,2021-01-09 22:47:50.809,,2021-01-24 07:40:08.136,2021-01-24 07:40:08.136,UTC+0200,vC702BfhH0,,com.urbandroid.sleep,2021-01-10 08:16:01.701,b5fb8883-d185-4ab6-a79d-1007ba796292,
,75.0,0,0,7,5,23,237,57,1,16,0,0,,1,24.0,,29.0,,,36394b05-0b44-97b9-457b-168029c7fa17.extra_data.json,4,90.0,42,237,2021-02-09 23:55:00.000,,2021-02-10 03:56:49.943,2021-02-10 03:56:46.334,UTC+0200,RHeBeWmk3Z,,com.sec.android.app.shealth,2021-02-10 03:52:00.000,36394b05-0b44-97b9-457b-168029c7fa17,
,55.0,11,11,5,18,23,165,148,1,20,1,0,,,28.0,,14.0,,,290a5635-de1d-8139-ee3f-ed2eb37ff056.extra_data.json,1,86.0,46,166,2021-01-30 02:51:00.000,,2021-01-30 05:54:21.406,2021-01-30 05:54:19.579,UTC+0200,RHeBeWmk3Z,,com.sec.android.app.shealth,2021-01-30 05:37:00.000,290a5635-de1d-8139-ee3f-ed2eb37ff056,
,62.0,30,30,14,13,43,459,193,2,20,0,0,,1,59.0,,21.0,,,e7cb24d0-0cd8-d671-b8eb-55d1abb9b453.extra_data.json,5,90.0,67,459,2021-01-31 00:22:00.000,,2021-01-31 08:06:03.854,2021-01-31 08:06:02.336,UTC+0200,RHeBeWmk3Z,,com.sec.android.app.shealth,2021-01-31 08:01:00.000,e7cb24d0-0cd8-d671-b8eb-55d1abb9b453,
,55.0,59,59,6,18,65,412,213,1,47,0,0,,,56.0,,16.0,,,678a6069-dcdb-680f-91d7-3e4d8a270900.extra_data.json,3,84.0,69,412,2020-12-25 02:16:00.000,,2020-12-25 09:20:52.094,2020-12-25 09:20:49.284,UTC+0200,RHeBeWmk3Z,,com.sec.android.app.shealth,2020-12-25 09:08:00.000,678a6069-dcdb-680f-91d7-3e4d8a270900,
,81.0,24,24,18,4,44,442,207,0,16,0,0,,1,54.0,,22.0,,,5e76bfe7-3cfb-ee57-00b2-46c47e58722f.extra_data.json,3,90.0,73,442,2021-02-13 00:59:00.000,,2021-02-13 08:26:42.566,2021-02-13 08:26:39.355,UTC+0200,RHeBeWmk3Z,,com.sec.android.app.shealth,2021-02-13 08:21:00.000,5e76bfe7-3cfb-ee57-00b2-46c47e58722f,
,55.0,36,36,16,18,58,447,253,2,32,0,0,,,32.0,,13.0,,,49459649-228a-8b61-dc8a-c3967bfaf593.extra_data.json,3,87.0,58,447,2021-01-05 23:48:00.000,,2021-01-06 07:19:51.898,2021-01-06 07:19:48.350,UTC+0200,RHeBeWmk3Z,,com.sec.android.app.shealth,2021-01-06 07:15:00.000,49459649-228a-8b61-dc8a-c3967bfaf593,
,88.0,3,3,17,5,32,336,100,0,16,0,0,,,4.0,,10.0,,,a8a6b722-6913-c672-2010-45cb6d3f0385.extra_data.json,4,90.0,64,336,2021-01-05 00:36:00.000,,2021-01-05 06:15:56.830,2021-01-05 06:15:54.353,UTC+0200,RHeBeWmk3Z,,com.sec.android.app.shealth,2021-01-05 06:12:00.000,a8a6b722-6913-c672-2010-45cb6d3f0385,
,,,,,,,,,,,,,,,,,,,,,,,,,2020-12-26 00:39:10.033,,2021-01-09 07:44:08.587,2021-01-09 07:44:08.587,UTC+0200,vC702BfhH0,,com.urbandroid.sleep,2020-12-26 08:47:41.027,c229fe2f-5fbe-4ee1-b4c2-783355edd8d5,
,38.0,1,5,7,25,45,445,99,2,18,0,0,,,4.0,,11.0,,,7a0c5464-5912-40d4-e2ec-59c56ecd7cea.extra_data.json,5,89.0,54,445,2021-01-27 23:41:00.000,,2021-01-28 07:11:39.685,2021-01-28 07:11:37.281,UTC+0200,RHeBeWmk3Z,,com.sec.android.app.shealth,2021-01-28 07:06:00.000,7a0c5464-5912-40d4-e2ec-59c56ecd7cea,
,88.0,0,0,2,5,20,133,59,1,12,0,0,,,0.0,,16.0,,,d97be3ca-96ca-92b2-bf8e-8b84cea5ca6e.extra_data.json,1,84.0,36,133,2021-01-29 23:59:00.000,,2021-01-30 02:22:09.588,2021-01-30 02:22:07.697,UTC+0200,RHeBeWmk3Z,,com.sec.android.app.shealth,2021-01-30 02:12:00.000,d97be3ca-96ca-92b2-bf8e-8b84cea5ca6e,
,73.0,0,0,3,2,9,104,60,0,3,0,0,,1,10.0,,17.0,,,7e70146c-7bbd-69c6-8b1c-e79bd8686baa.extra_data.json,1,91.0,48,104,2021-02-24 23:42:00.000,,2021-02-25 01:31:38.005,2021-02-25 01:31:35.393,UTC+0200,RHeBeWmk3Z,,com.sec.android.app.shealth,2021-02-25 01:26:00.000,7e70146c-7bbd-69c6-8b1c-e79bd8686baa,
,78.0,21,63,8,9,54,471,85,1,33,0,0,,,52.0,,12.0,,,1b03942f-36cf-b9f8-4a48-675e30797c1b.extra_data.json,4,88.0,68,471,2020-12-08 23:19:00.000,,2020-12-09 07:13:26.634,2020-12-09 07:13:23.299,UTC+0200,RHeBeWmk3Z,,com.sec.android.app.shealth,2020-12-09 07:10:00.000,1b03942f-36cf-b9f8-4a48-675e30797c1b,
,86.0,5,5,9,9,47,441,124,0,18,0,0,,1,47.0,,22.0,,,b7df2278-29ce-25f6-a2d7-089fd2bb800c.extra_data.json,5,89.0,62,441,2021-02-17 23:54:00.000,,2021-02-18 07:21:51.580,2021-02-18 07:19:03.344,UTC+0200,RHeBeWmk3Z,,com.sec.android.app.shealth,2021-02-18 07:15:00.000,b7df2278-29ce-25f6-a2d7-089fd2bb800c,
,,,,,,,,,,,,,,,,,,,,,,,,,2020-12-21 23:01:20.374,,2020-12-25 08:32:50.970,2020-12-25 08:32:50.970,UTC+0200,vC702BfhH0,,com.urbandroid.sleep,2020-12-22 07:11:48.873,b69b02f2-0bad-4e9d-a733-3e25c6219e12,
,98.0,0,0,12,1,19,229,110,0,9,0,0,,,0.0,,9.0,,,c5175f7c-d860-7e3f-4d11-dfab7407606f.extra_data.json,2,91.0,47,229,2020-12-23 23:30:00.000,,2020-12-24 03:23:06.213,2020-12-24 03:23:03.300,UTC+0200,RHeBeWmk3Z,,com.sec.android.app.shealth,2020-12-24 03:19:00.000,c5175f7c-d860-7e3f-4d11-dfab7407606f,
,90.0,0,0,14,4,43,457,164,0,18,0,0,,,0.0,,10.0,,,6df5edd6-ebfe-a128-fea1-9d31ca63c0f5.extra_data.json,2,90.0,48,457,2020-12-16 23:22:00.000,,2020-12-17 07:04:13.658,2020-12-17 07:04:11.595,UTC+0200,RHeBeWmk3Z,,com.sec.android.app.shealth,2020-12-17 06:59:00.000,6df5edd6-ebfe-a128-fea1-9d31ca63c0f5,
,88.0,0,0,13,5,27,333,102,0,10,0,0,,,0.0,,9.0,,,d273b1b3-07cd-78a6-1f43-6de3bb46715c.extra_data.json,4,91.0,52,333,2020-12-13 00:24:00.000,,2020-12-13 05:59:46.836,2020-12-13 05:59:44.151,UTC+0200,RHeBeWmk3Z,,com.sec.android.app.shealth,2020-12-13 05:57:00.000,d273b1b3-07cd-78a6-1f43-6de3bb46715c,
,52.0,18,18,6,19,59,472,127,1,32,0,0,,,16.0,,13.0,,,6c9c6331-692a-cd97-963d-67b5b2497dbd.extra_data.json,4,87.0,52,472,2021-01-29 00:06:00.000,,2021-01-29 08:13:00.398,2021-01-29 08:12:57.327,UTC+0200,RHeBeWmk3Z,,com.sec.android.app.shealth,2021-01-29 07:58:00.000,6c9c6331-692a-cd97-963d-67b5b2497dbd,
,45.0,21,21,4,30,48,415,117,1,30,0,0,,1,54.0,,22.0,,,441dc916-a6f9-d4d5-2433-2d3260a34af5.extra_data.json,3,88.0,62,415,2021-02-12 01:59:00.000,,2021-02-12 09:03:05.402,2021-02-12 09:03:03.397,UTC+0200,RHeBeWmk3Z,,com.sec.android.app.shealth,2021-02-12 08:54:00.000,441dc916-a6f9-d4d5-2433-2d3260a34af5,
,40.0,45,45,9,24,81,526,219,3,53,0,0,,,36.0,,16.0,,,1e4ce743-1352-48c4-f3e6-240073bb7a7d.extra_data.json,6,84.0,58,526,2021-01-09 23:43:00.000,,2021-01-10 08:42:11.944,2021-01-10 08:42:07.310,UTC+0200,RHeBeWmk3Z,,com.sec.android.app.shealth,2021-01-10 08:29:00.000,1e4ce743-1352-48c4-f3e6-240073bb7a7d,
,85.0,29,29,11,6,32,416,152,0,16,0,0,,,28.0,,8.0,,,a7dcda60-cf7c-c065-1adb-8045bc4d9530.extra_data.json,3,92.0,68,416,2021-01-15 22:45:00.000,,2021-01-16 05:48:09.025,2021-01-16 05:48:06.300,UTC+0200,RHeBeWmk3Z,,com.sec.android.app.shealth,2021-01-16 05:41:00.000,a7dcda60-cf7c-c065-1adb-8045bc4d9530,
,,,,,,,,,,,,,,,,,,,,,,,,,2020-12-17 23:14:07.897,,2020-12-31 23:29:27.542,2020-12-31 23:29:27.542,UTC+0200,vC702BfhH0,,com.urbandroid.sleep,2020-12-18 08:16:49.290,ade3acdd-9f86-4697-8c1e-ea450c72bf25,
,80.0,0,5,8,8,42,491,86,2,15,0,0,,,4.0,,9.0,,,770bd298-09fc-1aca-2f81-10fa6f18f878.extra_data.json,3,91.0,52,491,2020-12-15 22:41:00.000,,2020-12-16 07:02:22.452,2020-12-16 06:58:12.438,UTC+0200,RHeBeWmk3Z,,com.sec.android.app.shealth,2020-12-16 06:52:00.000,770bd298-09fc-1aca-2f81-10fa6f18f878,
,60.0,18,19,9,16,31,416,132,1,9,0,0,,,20.0,,8.0,,,dbc6e579-99d1-7b10-38de-d3bc97946077.extra_data.json,4,92.0,55,416,2021-01-18 00:15:00.000,,2021-01-18 07:20:01.984,2021-01-18 07:17:28.361,UTC+0200,RHeBeWmk3Z,,com.sec.android.app.shealth,2021-01-18 07:11:00.000,dbc6e579-99d1-7b10-38de-d3bc97946077,
,75.0,5,17,6,10,48,504,42,1,22,0,0,,,12.0,,10.0,,,773a12fc-7e86-36dc-7848-b1b247814684.extra_data.json,5,90.0,61,504,2021-01-08 23:19:00.000,,2021-01-09 07:55:45.877,2021-01-09 07:51:22.361,UTC+0200,RHeBeWmk3Z,,com.sec.android.app.shealth,2021-01-09 07:43:00.000,773a12fc-7e86-36dc-7848-b1b247814684,
,52.0,23,37,3,19,43,478,62,2,20,0,0,,,32.0,,9.0,,,f3daa171-0331-3f18-3ac9-dc758909c0b1.extra_data.json,4,91.0,63,478,2020-11-08 22:00:00.000,,2020-11-09 06:03:55.840,2020-11-09 06:03:53.327,UTC+0300,RHeBeWmk3Z,,com.sec.android.app.shealth,2020-11-09 05:58:00.000,f3daa171-0331-3f18-3ac9-dc758909c0b1,
,38.0,21,21,10,25,46,517,146,1,20,0,0,,,16.0,,9.0,,,92cc24e4-4a96-b1ee-4b55-63319028784b.extra_data.json,5,91.0,55,517,2020-12-30 00:01:00.000,,2020-12-30 08:42:03.263,2020-12-30 08:42:00.808,UTC+0200,RHeBeWmk3Z,,com.sec.android.app.shealth,2020-12-30 08:38:00.000,92cc24e4-4a96-b1ee-4b55-63319028784b,
,,,,,,,,,,,,,,,,,,,,,,,,,2020-12-17 23:14:07.897,,2021-01-01 07:57:57.641,2021-01-01 07:57:57.641,UTC+0200,vC702BfhH0,,com.urbandroid.sleep,2020-12-18 08:16:49.290,290a57c6-2835-4c34-94a4-62a3ef30ec78,
,50.0,24,33,2,20,58,500,86,2,37,2,0,,,28.0,,12.0,,,00be161f-052f-2f30-0c33-a4cee06a4fef.extra_data.json,5,88.0,59,502,2021-01-26 23:58:00.000,,2021-01-27 08:39:20.848,2021-01-27 08:39:17.370,UTC+0200,RHeBeWmk3Z,,com.sec.android.app.shealth,2021-01-27 08:20:00.000,00be161f-052f-2f30-0c33-a4cee06a4fef,
,80.0,23,23,16,8,53,503,256,1,31,0,0,,,20.0,,11.0,,,cebe29cd-25db-5237-0b9c-48d1b7efb977.extra_data.json,3,89.0,56,503,2021-01-07 22:41:00.000,,2021-01-08 07:14:38.921,2021-01-08 07:09:53.360,UTC+0200,RHeBeWmk3Z,,com.sec.android.app.shealth,2021-01-08 07:04:00.000,cebe29cd-25db-5237-0b9c-48d1b7efb977,
,,,,,,,,,,,,,,,,,,,,,,,,,2021-02-21 00:01:47.457,,2021-02-28 19:08:25.427,2021-02-28 19:08:25.427,UTC+0200,OD8XXfRrR9,,com.urbandroid.sleep,2021-02-21 08:40:47.457,502b5a20-0344-4603-b150-581c148cfcc8,
,,,,,,,,,,,,,,,,,,,,,,,,,2021-02-14 23:19:56.894,,2021-02-28 19:08:25.798,2021-02-28 19:08:25.798,UTC+0200,OD8XXfRrR9,,com.urbandroid.sleep,2021-02-15 08:01:56.894,35a0ecc9-c573-4fdb-9d94-cffb90d69b7a,
,,,,,,,,,,,,,,,,,,,,,,,,,2021-02-08 23:11:11.453,,2021-02-28 19:08:26.116,2021-02-28 19:08:26.116,UTC+0200,OD8XXfRrR9,,com.urbandroid.sleep,2021-02-09 08:23:47.453,49f1de28-22b8-4961-8c68-fa8fa1cfee7a,
,,,,,,,,,,,,,,,,,,,,,,,,,2021-02-02 23:17:19.085,,2021-02-28 19:08:26.422,2021-02-28 19:08:26.422,UTC+0200,OD8XXfRrR9,,com.urbandroid.sleep,2021-02-03 07:31:07.085,1f294c5c-41e8-43aa-9fa4-00a673008809,
,,,,,,,,,,,,,,,,,,,,,,,,,2021-01-27 23:12:17.772,,2021-02-28 19:08:26.854,2021-02-28 19:08:26.854,UTC+0200,OD8XXfRrR9,,com.urbandroid.sleep,2021-01-28 06:55:29.770,a4ac8fff-25b4-4d4c-9a28-e4215c9bbd35,
,,,,,,,,,,,,,,,,,,,,,,,,,2021-01-21 23:12:20.388,,2021-02-28 19:08:27.270,2021-02-28 19:08:27.270,UTC+0200,OD8XXfRrR9,,com.urbandroid.sleep,2021-01-22 07:30:20.388,239d66e5-5861-49e6-ab9b-3b6b7ac1dd00,
,,,,,,,,,,,,,,,,,,,,,,,,,2021-01-15 22:12:55.929,,2021-02-28 19:08:27.629,2021-02-28 19:08:27.629,UTC+0200,OD8XXfRrR9,,com.urbandroid.sleep,2021-01-16 05:41:07.927,975c970c-3c4c-4302-bcec-274bb3d1aa14,
,,,,,,,,,,,,,,,,,,,,,,,,,2021-01-09 22:47:50.809,,2021-02-28 19:08:28.007,2021-02-28 19:08:28.007,UTC+0200,OD8XXfRrR9,,com.urbandroid.sleep,2021-01-10 08:16:02.809,7cf02a0e-17e1-4784-a657-ced065c64137,
,,,,,,,,,,,,,,,,,,,,,,,,,2021-01-03 23:06:08.218,,2021-02-28 19:08:28.345,2021-02-28 19:08:28.345,UTC+0200,OD8XXfRrR9,,com.urbandroid.sleep,2021-01-04 06:48:44.218,a1f092f1-5b53-4cf7-9b93-bd51de82a69b,
,,,,,,,,,,,,,,,,,,,,,,,,,2020-12-28 23:39:28.673,,2021-02-28 19:08:28.701,2021-02-28 19:08:28.701,UTC+0200,OD8XXfRrR9,,com.urbandroid.sleep,2020-12-29 08:53:16.673,8045ca45-b13b-4605-adfc-727dec527fb6,
,,,,,,,,,,,,,,,,,,,,,,,,,2020-12-22 23:13:30.766,,2021-02-28 19:08:28.968,2021-02-28 19:08:28.968,UTC+0200,OD8XXfRrR9,,com.urbandroid.sleep,2020-12-23 08:29:42.766,85ff59b6-ac01-4f7b-afab-228941dffb4a,
,,,,,,,,,,,,,,,,,,,,,,,,,2020-12-16 23:03:26.644,,2021-02-28 19:08:29.343,2021-02-28 19:08:29.343,UTC+0200,OD8XXfRrR9,,com.urbandroid.sleep,2020-12-17 07:03:26.644,a7e58d90-3ef2-495d-96c2-ba4fc7e4c6ab,
,,,,,,,,,,,,,,,,,,,,,,,,,2020-12-10 23:09:00.107,,2021-02-28 19:08:29.708,2021-02-28 19:08:29.708,UTC+0200,OD8XXfRrR9,,com.urbandroid.sleep,2020-12-11 07:00:00.107,4c62448b-e2f4-4c89-b681-537e6d917228,
,,,,,,,,,,,,,,,,,,,,,,,,,2020-12-04 23:20:59.945,,2021-02-28 19:08:30.027,2021-02-28 19:08:30.027,UTC+0200,OD8XXfRrR9,,com.urbandroid.sleep,2020-12-05 08:07:47.945,f463019c-c0cd-41e1-97b7-bb50077d6867,
,100.0,0,0,2,0,2,179,179,0,0,0,0,,,0.0,,2.0,,,a8cb0a6e-f361-ebcd-9027-1bbd15ea79bd.extra_data.json,1,98.0,47,179,2021-01-20 07:02:00.000,,2021-01-20 10:20:14.274,2021-01-20 10:01:15.355,UTC+0200,RHeBeWmk3Z,,com.sec.android.app.shealth,2021-01-20 10:01:00.000,a8cb0a6e-f361-ebcd-9027-1bbd15ea79bd,
,,,,,,,,,,,,,,,,,,,,,,,,,2021-01-01 00:02:23.172,,2021-01-15 05:41:20.726,2021-01-15 05:41:20.726,UTC+0200,vC702BfhH0,,com.urbandroid.sleep,2021-01-01 07:57:56.833,4106f52f-c39c-42f4-92a8-3326d2b774cf,
,69.0,34,35,12,11,78,573,149,1,42,0,0,,1,73.0,,29.0,,,1ea0db17-9c74-2817-7497-1a78e69fa88d.extra_data.json,4,86.0,66,573,2021-02-18 22:32:00.000,,2021-02-19 08:09:17.825,2021-02-19 08:09:15.312,UTC+0200,RHeBeWmk3Z,,com.sec.android.app.shealth,2021-02-19 08:05:00.000,1ea0db17-9c74-2817-7497-1a78e69fa88d,
,56.0,45,53,12,14,62,581,211,2,30,0,0,,1,76.0,,22.0,,,011584e9-477d-9d4c-e5f6-2e0632f95218.extra_data.json,4,89.0,63,581,2021-02-16 22:27:00.000,,2021-02-17 08:13:20.519,2021-02-17 08:13:16.370,UTC+0200,RHeBeWmk3Z,,com.sec.android.app.shealth,2021-02-17 08:08:00.000,011584e9-477d-9d4c-e5f6-2e0632f95218,
,44.0,17,17,5,11,42,154,112,2,36,0,0,,1,33.0,,55.0,,,f51787f0-2e0a-7246-a8b9-cd5292e3b75b.extra_data.json,1,72.0,55,154,2021-02-14 06:45:00.000,,2021-02-14 09:34:57.777,2021-02-14 09:27:17.398,UTC+0200,RHeBeWmk3Z,,com.sec.android.app.shealth,2021-02-14 09:19:00.000,f51787f0-2e0a-7246-a8b9-cd5292e3b75b,
,,,,,,,,,,,,,,,,,,,,,,,,,2020-12-30 23:15:06.612,,2020-12-31 23:29:27.497,2020-12-31 23:29:27.497,UTC+0200,vC702BfhH0,,com.urbandroid.sleep,2020-12-31 09:18:36.266,e62b0ab0-c9be-4766-84a6-5b9078afcd07,
,75.0,8,8,3,0,3,97,97,0,0,0,0,9cc9ff0c-26b7-4de9-80f3-2884eeea8652,1,21.0,,6.0,,,68e78554-2c32-3681-b1ee-4394820f4cb8.extra_data.json,1,96.0,72,97,2021-02-28 20:48:00.000,,2021-03-01 06:51:01.436,2021-02-28 22:25:54.601,UTC+0300,RHeBeWmk3Z,,com.sec.android.app.shealth,2021-02-28 22:25:00.000,68e78554-2c32-3681-b1ee-4394820f4cb8,
,,,,,,,,,,,,,,,,,,,,,,,,,2021-02-28 20:40:01.693,,2021-03-04 06:55:22.833,2021-03-04 06:55:22.833,UTC+0300,OD8XXfRrR9,,com.urbandroid.sleep,2021-03-01 06:30:18.564,217a7cae-3d4a-45c2-aa47-fc257a8f69e5,
,,,,,,,,,,,,,,,,,,,,,,,,,2021-03-04 22:19:19.906,,2021-03-07 07:22:58.634,2021-03-07 07:22:58.634,UTC+0300,OD8XXfRrR9,,com.urbandroid.sleep,2021-03-05 06:44:01.830,90bf1834-9aa4-478e-ab53-0a6d465403c8,
,37.0,14,14,8,23,32,236,128,2,16,0,0,,1,34.0,,27.0,,,75b77ca9-0871-d725-3ef6-94837c1ae6a3.extra_data.json,2,86.0,42,236,2021-02-10 04:05:00.000,,2021-02-10 08:04:04.879,2021-02-10 08:04:01.363,UTC+0200,RHeBeWmk3Z,,com.sec.android.app.shealth,2021-02-10 08:01:00.000,75b77ca9-0871-d725-3ef6-94837c1ae6a3,
,0.0,22,22,13,41,82,541,132,2,52,0,0,,,16.0,,16.0,,,9fefcecb-dbf7-c75c-af0b-27ace4c79264.extra_data.json,4,84.0,48,541,2020-12-05 23:47:00.000,,2020-12-06 08:53:37.467,2020-12-06 08:53:33.336,UTC+0200,RHeBeWmk3Z,,com.sec.android.app.shealth,2020-12-06 08:48:00.000,9fefcecb-dbf7-c75c-af0b-27ace4c79264,
,82.0,0,0,6,3,45,334,56,0,24,0,0,,1,33.0,,31.0,,,0edd7be2-85c8-606d-988e-ea66c6e05f0b.extra_data.json,3,86.0,44,334,2021-02-10 23:59:00.000,,2021-02-11 05:37:30.420,2021-02-11 05:37:28.347,UTC+0200,RHeBeWmk3Z,,com.sec.android.app.shealth,2021-02-11 05:33:00.000,0edd7be2-85c8-606d-988e-ea66c6e05f0b,
,53.0,0,0,5,7,48,277,73,2,33,0,0,1b2b6379-4e69-48ea-b8de-14cbc603c3fd,1,28.0,,36.0,,,d26dcf0b-ba19-5392-bbcb-7597a3de6e92.extra_data.json,2,82.0,33,277,2021-03-08 02:14:00.000,,2021-03-08 06:59:29.419,2021-03-08 06:56:49.345,UTC+0300,RHeBeWmk3Z,,com.sec.android.app.shealth,2021-03-08 06:51:00.000,d26dcf0b-ba19-5392-bbcb-7597a3de6e92,
,63.0,1,24,1,15,66,379,39,1,46,4,0,,,24.0,,19.0,,,2b178c3c-7d86-8da0-75f3-0d35a461c291.extra_data.json,5,81.0,61,383,2020-12-02 01:07:00.000,,2020-12-02 07:53:34.561,2020-12-02 07:46:29.311,UTC+0200,RHeBeWmk3Z,,com.sec.android.app.shealth,2020-12-02 07:30:00.000,2b178c3c-7d86-8da0-75f3-0d35a461c291,
,61.0,19,19,7,14,47,349,142,1,25,0,0,,1,46.0,,26.0,,,3cdbf4b0-5aaa-7883-3a46-ba993d26a9cb.extra_data.json,3,86.0,56,349,2021-02-26 01:10:00.000,,2021-02-26 07:13:07.088,2021-02-26 07:08:41.254,UTC+0200,RHeBeWmk3Z,,com.sec.android.app.shealth,2021-02-26 06:59:00.000,3cdbf4b0-5aaa-7883-3a46-ba993d26a9cb,
,0.0,0,29,8,54,87,503,35,2,62,0,0,,,24.0,,18.0,,,e05d94a6-e9ab-7af8-ab55-f50d339e72e2.extra_data.json,5,82.0,43,503,2021-01-23 23:45:00.000,,2021-01-24 08:13:58.692,2021-01-24 08:13:53.600,UTC+0200,RHeBeWmk3Z,,com.sec.android.app.shealth,2021-01-24 08:08:00.000,e05d94a6-e9ab-7af8-ab55-f50d339e72e2,
,,,,,,,,,,,,,,,,,,,,,,,,,2020-12-21 23:01:20.374,,2021-01-04 23:04:34.190,2021-01-04 23:04:34.190,UTC+0200,vC702BfhH0,,com.urbandroid.sleep,2020-12-22 07:11:48.873,4fcfd066-bd3e-43c6-bf8c-01fa5c2d5226,
,77.0,0,30,11,18,45,454,51,1,16,0,0,,1,52.0,,35.0,,,df277242-118f-a6b6-8f69-f3a511132bfc.extra_data.json,7,90.0,45,454,2021-02-03 23:23:00.000,,2021-02-04 07:04:02.490,2021-02-04 07:03:57.399,UTC+0200,RHeBeWmk3Z,,com.sec.android.app.shealth,2021-02-04 06:57:00.000,df277242-118f-a6b6-8f69-f3a511132bfc,
,70.0,0,33,1,10,59,462,26,1,33,2,0,,1,53.0,,24.0,,,3c1153c6-b54b-ab93-9219-199624732728.extra_data.json,4,86.0,54,464,2021-03-10 22:53:00.000,,2021-03-11 06:55:13.213,2021-03-11 06:55:08.348,UTC+0300,RHeBeWmk3Z,,com.sec.android.app.shealth,2021-03-11 06:37:00.000,3c1153c6-b54b-ab93-9219-199624732728,
,67.0,9,9,21,8,39,377,164,1,23,0,0,,1,42.0,,29.0,,,7b2639e8-6506-83d0-5358-c8bf637f5c7d.extra_data.json,3,89.0,56,377,2021-02-15 23:43:00.000,,2021-02-16 06:05:04.704,2021-02-16 06:05:03.334,UTC+0200,RHeBeWmk3Z,,com.sec.android.app.shealth,2021-02-16 06:00:00.000,7b2639e8-6506-83d0-5358-c8bf637f5c7d,
,55.0,12,12,21,18,52,398,213,1,27,0,0,,,12.0,,14.0,,,e7c13872-0207-d694-0283-c1778585c612.extra_data.json,3,86.0,51,398,2021-01-02 00:49:00.000,,2021-01-02 07:28:17.264,2021-01-02 07:28:14.378,UTC+0200,RHeBeWmk3Z,,com.sec.android.app.shealth,2021-01-02 07:27:00.000,e7c13872-0207-d694-0283-c1778585c612,
,,,,,,,,,,,,,,,,,,,,,,,,,2021-01-10 22:26:30.775,,2021-01-24 23:12:31.695,2021-01-24 23:12:31.695,UTC+0200,vC702BfhH0,,com.urbandroid.sleep,2021-01-11 05:41:06.465,8ff39cd4-1c24-4bfa-83ae-3fe580d8e825,
,51.0,2,2,15,19,47,461,154,2,21,0,0,,1,47.0,,24.0,,,60cb9fbf-5e43-72a9-e1ab-a03de206ace9.extra_data.json,4,89.0,48,461,2021-02-01 23:53:00.000,,2021-02-02 07:42:47.592,2021-02-02 07:38:08.259,UTC+0200,RHeBeWmk3Z,,com.sec.android.app.shealth,2021-02-02 07:34:00.000,60cb9fbf-5e43-72a9-e1ab-a03de206ace9,
,,,,,,,,,,,,,,,,,,,,,,,,,2020-12-16 23:03:26.644,,2020-12-21 21:11:08.989,2020-12-21 21:11:08.989,UTC+0200,vC702BfhH0,,com.urbandroid.sleep,2020-12-17 07:03:14.175,f4fb743a-d4bc-4e6e-a0d6-51751190124d,
,86.0,12,12,2,4,45,440,82,0,25,4,0,,1,53.0,,18.0,,,04ae7720-ab03-9202-456c-25404d31aee6.extra_data.json,4,89.0,70,444,2021-03-14 22:22:00.000,,2021-03-15 06:06:15.511,2021-03-15 06:03:41.381,UTC+0300,RHeBeWmk3Z,,com.sec.android.app.shealth,2021-03-15 05:46:00.000,04ae7720-ab03-9202-456c-25404d31aee6,
,71.0,27,38,2,14,60,579,59,2,35,0,0,,1,83.0,,20.0,,,3608e202-0a2d-9959-2ac5-9fe738842fbb.extra_data.json,7,89.0,54,579,2021-02-04 22:52:00.000,,2021-02-05 08:48:08.425,2021-02-05 08:48:02.338,UTC+0200,RHeBeWmk3Z,,com.sec.android.app.shealth,2021-02-05 08:31:00.000,3608e202-0a2d-9959-2ac5-9fe738842fbb,
,35.0,30,30,12,26,47,485,223,2,27,0,0,,,24.0,,10.0,,,92f03b3b-1798-9ac7-430c-4149b8a805fa.extra_data.json,3,90.0,59,485,2020-12-26 23:44:00.000,,2020-12-27 07:58:54.670,2020-12-27 07:58:51.405,UTC+0200,RHeBeWmk3Z,,com.sec.android.app.shealth,2020-12-27 07:49:00.000,92f03b3b-1798-9ac7-430c-4149b8a805fa,
,75.0,32,32,10,10,52,452,122,2,26,0,0,,,28.0,,12.0,,,a054576b-f42c-5ced-009a-47e7d5ae8d7d.extra_data.json,3,88.0,63,452,2020-12-14 23:20:00.000,,2020-12-15 07:01:15.910,2020-12-15 07:01:13.316,UTC+0200,RHeBeWmk3Z,,com.sec.android.app.shealth,2020-12-15 06:52:00.000,a054576b-f42c-5ced-009a-47e7d5ae8d7d,
,100.0,20,20,14,0,28,219,145,0,22,0,0,,,36.0,,13.0,,,aeb57771-ba7b-d295-5051-16b6ba026d62.extra_data.json,1,87.0,58,219,2021-01-19 03:30:00.000,,2021-01-19 07:22:05.465,2021-01-19 07:14:26.372,UTC+0200,RHeBeWmk3Z,,com.sec.android.app.shealth,2021-01-19 07:09:00.000,aeb57771-ba7b-d295-5051-16b6ba026d62,
,35.0,21,21,10,35,62,453,151,2,40,1,0,,1,55.0,,29.0,,,93e8ca0d-a407-8356-c72c-240efcaa86e3.extra_data.json,4,86.0,48,454,2021-03-17 22:49:00.000,,2021-03-18 06:42:01.912,2021-03-18 06:41:57.384,UTC+0300,RHeBeWmk3Z,,com.sec.android.app.shealth,2021-03-18 06:23:00.000,93e8ca0d-a407-8356-c72c-240efcaa86e3,
,88.0,21,34,7,5,18,300,98,0,3,0,0,,,44.0,,6.0,,,dd5f7701-16a0-c54b-365e-fa7dbace06ef.extra_data.json,3,94.0,78,300,2020-11-30 22:34:00.000,,2020-12-01 03:37:20.492,2020-12-01 03:37:17.386,UTC+0200,RHeBeWmk3Z,,com.sec.android.app.shealth,2020-12-01 03:34:00.000,dd5f7701-16a0-c54b-365e-fa7dbace06ef,
,23.0,10,10,21,31,70,424,256,1,46,0,0,,,8.0,,17.0,,,106aac30-7fef-9800-7e24-c5684727e1fc.extra_data.json,3,83.0,51,424,2021-01-14 00:04:00.000,,2021-01-14 07:15:40.856,2021-01-14 07:15:38.290,UTC+0200,RHeBeWmk3Z,,com.sec.android.app.shealth,2021-01-14 07:08:00.000,106aac30-7fef-9800-7e24-c5684727e1fc,
,,,,,,,,,,,,,,,,,,,,,,,,,2021-02-26 00:01:12.721,,2021-02-28 19:08:25.181,2021-02-28 19:08:25.181,UTC+0200,OD8XXfRrR9,,com.urbandroid.sleep,2021-02-26 07:00:36.721,42bba8fb-d20b-4140-8b76-9fea3e6d8670,
,,,,,,,,,,,,,,,,,,,,,,,,,2021-02-19 23:20:58.011,,2021-02-28 19:08:25.478,2021-02-28 19:08:25.478,UTC+0200,OD8XXfRrR9,,com.urbandroid.sleep,2021-02-20 07:38:58.011,5f9ef463-c8ea-4ad6-8a85-aedc00e50e3d,
,,,,,,,,,,,,,,,,,,,,,,,,,2021-02-13 23:24:23.258,,2021-02-28 19:08:25.853,2021-02-28 19:08:25.853,UTC+0200,OD8XXfRrR9,,com.urbandroid.sleep,2021-02-14 08:24:23.258,8801206e-237d-4358-8210-b1791919abe0,
,,,,,,,,,,,,,,,,,,,,,,,,,2021-02-07 23:30:06.857,,2021-02-28 19:08:26.157,2021-02-28 19:08:26.157,UTC+0200,OD8XXfRrR9,,com.urbandroid.sleep,2021-02-08 08:21:42.855,4acf39ae-6897-49f0-a647-fe1984332e0f,
,,,,,,,,,,,,,,,,,,,,,,,,,2021-02-01 23:15:57.252,,2021-02-28 19:08:26.493,2021-02-28 19:08:26.493,UTC+0200,OD8XXfRrR9,,com.urbandroid.sleep,2021-02-02 07:29:45.252,e48eda43-661b-4b43-b6b5-e521ddc45c81,
,,,,,,,,,,,,,,,,,,,,,,,,,2021-01-26 22:58:44.396,,2021-02-28 19:08:26.927,2021-02-28 19:08:26.927,UTC+0200,OD8XXfRrR9,,com.urbandroid.sleep,2021-01-27 08:28:08.392,38422112-29f7-4516-8d47-8e411fa4a3ea,
,,,,,,,,,,,,,,,,,,,,,,,,,2021-01-20 23:07:05.799,,2021-02-28 19:08:27.328,2021-02-28 19:08:27.328,UTC+0200,OD8XXfRrR9,,com.urbandroid.sleep,2021-01-21 07:51:29.797,47ca67f4-e6bd-4272-baa7-70011c0b83fd,
,,,,,,,,,,,,,,,,,,,,,,,,,2021-01-14 22:11:53.412,,2021-02-28 19:08:27.659,2021-02-28 19:08:27.659,UTC+0200,OD8XXfRrR9,,com.urbandroid.sleep,2021-01-15 05:41:17.412,a16d4ed7-3697-430e-902f-0f718188581d,
,,,,,,,,,,,,,,,,,,,,,,,,,2021-01-08 22:37:13.655,,2021-02-28 19:08:28.058,2021-02-28 19:08:28.058,UTC+0200,OD8XXfRrR9,,com.urbandroid.sleep,2021-01-09 07:44:25.655,d7e1274e-ee2a-443a-a112-26873ee5e1e9,
,,,,,,,,,,,,,,,,,,,,,,,,,2021-01-02 22:36:13.094,,2021-02-28 19:08:28.368,2021-02-28 19:08:28.368,UTC+0200,OD8XXfRrR9,,com.urbandroid.sleep,2021-01-03 08:45:49.094,0e69d52e-92bc-468e-b4c0-3da7a1e9bd0b,
,,,,,,,,,,,,,,,,,,,,,,,,,2020-12-27 23:43:29.585,,2021-02-28 19:08:28.755,2021-02-28 19:08:28.755,UTC+0200,OD8XXfRrR9,,com.urbandroid.sleep,2020-12-28 08:22:29.585,382faeed-b6fa-4855-bfc7-fc9d116d52c8,
,,,,,,,,,,,,,,,,,,,,,,,,,2020-12-21 23:01:20.374,,2021-02-28 19:08:29.044,2021-02-28 19:08:29.044,UTC+0200,OD8XXfRrR9,,com.urbandroid.sleep,2020-12-22 07:11:32.374,2470b0f3-4f94-47ed-9d16-2cc2009c91e9,
,,,,,,,,,,,,,,,,,,,,,,,,,2020-12-15 22:28:07.764,,2021-02-28 19:08:29.396,2021-02-28 19:08:29.396,UTC+0200,OD8XXfRrR9,,com.urbandroid.sleep,2020-12-16 06:53:55.766,d37e6191-091b-43f5-9875-ff1965db145b,
,57.0,6,6,13,8,46,264,166,1,25,5,0,,1,30.0,,35.0,,,63add5f8-3422-abb4-72d7-3d1759f3b43b.extra_data.json,1,81.0,45,269,2021-03-21 02:30:00.000,,2021-03-21 07:26:27.552,2021-03-21 07:18:33.441,UTC+0300,RHeBeWmk3Z,,com.sec.android.app.shealth,2021-03-21 06:59:00.000,63add5f8-3422-abb4-72d7-3d1759f3b43b,
,,,,,,,,,,,,,,,,,,,,,,,,,2021-03-21 02:01:29.077,,2021-03-24 21:42:04.787,2021-03-24 21:42:04.787,UTC+0300,OD8XXfRrR9,,com.urbandroid.sleep,2021-03-21 07:04:05.775,bd42851c-44e0-4873-8bed-abe2b8ee0dee,
,,,,,,,,,,,,,,,,,,,,,,,,,2020-12-09 22:58:45.324,,2021-02-28 19:08:29.752,2021-02-28 19:08:29.752,UTC+0200,OD8XXfRrR9,,com.urbandroid.sleep,2020-12-10 07:01:45.324,69ef7d18-75c6-4639-9a82-8975a9870c18,
,,,,,,,,,,,,,,,,,,,,,,,,,2021-03-27 00:01:32.484,,2021-03-27 06:17:16.293,2021-03-27 06:17:16.293,UTC+0300,OD8XXfRrR9,,com.urbandroid.sleep,2021-03-27 06:17:15.686,eb3c3844-b83d-4944-8618-91b15e5b711f,
,73.0,13,13,12,11,39,415,157,1,9,0,0,,,12.0,,10.0,,,7a9588b3-dbae-c030-072d-54f4ecd5531b.extra_data.json,3,90.0,60,415,2020-12-19 00:06:00.000,,2020-12-19 07:03:40.591,2020-12-19 07:03:38.601,UTC+0200,RHeBeWmk3Z,,com.sec.android.app.shealth,2020-12-19 07:01:00.000,7a9588b3-dbae-c030-072d-54f4ecd5531b,
,0.0,12,29,12,41,62,549,179,4,45,0,0,,,20.0,,12.0,,,4361079a-0b4a-df0d-c75e-9738b38fa120.extra_data.json,4,88.0,53,549,2020-12-22 23:41:00.000,,2020-12-23 08:58:39.324,2020-12-23 08:54:44.300,UTC+0200,RHeBeWmk3Z,,com.sec.android.app.shealth,2020-12-23 08:50:00.000,4361079a-0b4a-df0d-c75e-9738b38fa120,
,,,,,,,,,,,,,,,,,,,,,,,,,2020-12-03 22:25:58.839,,2021-02-28 19:08:30.100,2021-02-28 19:08:30.100,UTC+0200,OD8XXfRrR9,,com.urbandroid.sleep,2020-12-04 06:45:10.837,015c0a48-5711-4de4-9656-54162d9f8cbc,
,52.0,13,13,5,8,52,283,107,2,43,0,0,90d2e3b1-7976-4c7f-b59b-df9ba5582d5f,1,38.0,,38.0,,,ecf25a1a-f308-4c46-2a48-ef18246f0396.extra_data.json,2,81.0,48,283,2021-03-29 01:55:00.000,,2021-03-29 06:45:32.955,2021-03-29 06:43:08.327,UTC+0400,RHeBeWmk3Z,,com.sec.android.app.shealth,2021-03-29 06:38:00.000,ecf25a1a-f308-4c46-2a48-ef18246f0396,
,95.0,0,18,3,2,16,235,50,0,10,0,0,,,32.0,,7.0,,,f74c9661-c0eb-abf0-f1c3-0a0c227962b0.extra_data.json,2,93.0,53,235,2021-01-15 01:45:00.000,,2021-01-15 05:48:53.321,2021-01-15 05:48:51.453,UTC+0200,RHeBeWmk3Z,,com.sec.android.app.shealth,2021-01-15 05:40:00.000,f74c9661-c0eb-abf0-f1c3-0a0c227962b0,
,,,,,,,,,,,,,,,,,,,,,,,,,2020-12-25 02:08:33.914,,2020-12-27 07:45:29.472,2020-12-27 07:45:29.472,UTC+0200,vC702BfhH0,,com.urbandroid.sleep,2020-12-25 08:32:49.992,90ab2490-2ed9-48fc-8e38-c769862c01f3,
,73.0,19,30,17,12,37,372,167,1,11,0,0,,1,50.0,,23.0,,,e0d253c0-79d9-2bac-0b39-4ba1de5496c1.extra_data.json,5,90.0,65,372,2021-02-14 00:03:00.000,,2021-02-14 06:19:09.224,2021-02-14 06:19:06.391,UTC+0200,RHeBeWmk3Z,,com.sec.android.app.shealth,2021-02-14 06:15:00.000,e0d253c0-79d9-2bac-0b39-4ba1de5496c1,
,61.0,0,0,5,4,45,174,86,1,40,0,0,,1,17.0,,55.0,,,ce1721b5-455a-5162-cddb-5562c871a77f.extra_data.json,1,74.0,41,174,2021-03-30 04:03:00.000,,2021-03-30 07:00:36.916,2021-03-30 07:00:33.383,UTC+0400,RHeBeWmk3Z,,com.sec.android.app.shealth,2021-03-30 06:57:00.000,ce1721b5-455a-5162-cddb-5562c871a77f,
,62.0,34,34,8,13,35,477,158,2,25,0,0,9cc9ff0c-26b7-4de9-80f3-2884eeea8652,1,63.0,,18.0,,,6dedc716-af49-8d6e-af29-b2ee53be7e24.extra_data.json,5,92.0,64,477,2021-02-28 22:39:00.000,,2021-03-01 06:51:01.445,2021-03-01 06:46:07.384,UTC+0300,RHeBeWmk3Z,,com.sec.android.app.shealth,2021-03-01 06:36:00.000,6dedc716-af49-8d6e-af29-b2ee53be7e24,
,90.0,34,34,4,4,45,380,114,0,27,0,0,,,36.0,,12.0,,,1f55f967-dfc4-7f0a-0616-9fb3ff4a5122.extra_data.json,2,88.0,75,380,2021-01-26 01:38:00.000,,2021-01-26 08:04:17.711,2021-01-26 08:04:14.460,UTC+0200,RHeBeWmk3Z,,com.sec.android.app.shealth,2021-01-26 07:58:00.000,1f55f967-dfc4-7f0a-0616-9fb3ff4a5122,
,88.0,12,12,6,5,12,205,129,1,7,0,0,,,24.0,,6.0,,,f2b15eb8-cf8e-628e-c44d-0be06946dc2a.extra_data.json,2,94.0,60,205,2020-12-24 03:26:00.000,,2020-12-24 07:01:15.323,2020-12-24 06:56:15.166,UTC+0200,RHeBeWmk3Z,,com.sec.android.app.shealth,2020-12-24 06:51:00.000,f2b15eb8-cf8e-628e-c44d-0be06946dc2a,
,50.0,18,24,8,20,48,505,166,2,26,0,0,,1,60.0,,19.0,,,26387ae0-bb38-c728-17a8-62b599780576.extra_data.json,4,90.0,49,505,2021-03-03 22:45:00.000,,2021-03-04 07:17:06.257,2021-03-04 07:14:03.322,UTC+0300,RHeBeWmk3Z,,com.sec.android.app.shealth,2021-03-04 07:10:00.000,26387ae0-bb38-c728-17a8-62b599780576,
,,,,,,,,,,,,,,,,,,,,,,,,,2021-03-03 22:36:51.680,,2021-03-07 07:22:58.695,2021-03-07 07:22:58.695,UTC+0300,OD8XXfRrR9,,com.urbandroid.sleep,2021-03-04 06:55:22.100,b78cd643-6b26-4a71-b9f6-75e4f2ebdbfa,
,100.0,0,0,3,0,39,107,67,0,39,0,0,,,0.0,,37.0,,,b65448d1-a71c-944f-e0ac-3081a5c0c372.extra_data.json,1,63.0,42,107,2020-12-06 21:08:00.000,,2020-12-06 23:06:13.886,2020-12-06 22:55:50.099,UTC+0200,RHeBeWmk3Z,,com.sec.android.app.shealth,2020-12-06 22:55:00.000,b65448d1-a71c-944f-e0ac-3081a5c0c372,
,73.0,26,26,3,11,52,505,124,0,29,0,0,,,20.0,,11.0,,,5ca3c63f-cdc7-e8c8-0886-b547a7a5f800.extra_data.json,5,89.0,65,505,2020-12-03 22:35:00.000,,2020-12-04 07:06:10.084,2020-12-04 07:06:07.373,UTC+0200,RHeBeWmk3Z,,com.sec.android.app.shealth,2020-12-04 07:00:00.000,5ca3c63f-cdc7-e8c8-0886-b547a7a5f800,
,76.0,27,27,12,9,65,480,184,1,38,3,0,,1,59.0,,28.0,,,1096c2a6-5aae-d675-692b-dfef8506a66d.extra_data.json,5,85.0,61,483,2021-03-08 22:50:00.000,,2021-03-09 07:13:10.765,2021-03-09 07:12:16.391,UTC+0300,RHeBeWmk3Z,,com.sec.android.app.shealth,2021-03-09 06:53:00.000,1096c2a6-5aae-d675-692b-dfef8506a66d,
,81.0,37,37,14,4,43,463,206,0,18,0,0,,1,61.0,,20.0,,,b7d181ee-8cb7-f28a-cbf4-b5bd60a04f65.extra_data.json,3,90.0,78,463,2021-03-11 22:32:00.000,,2021-03-12 06:27:00.096,2021-03-12 06:24:28.331,UTC+0300,RHeBeWmk3Z,,com.sec.android.app.shealth,2021-03-12 06:15:00.000,b7d181ee-8cb7-f28a-cbf4-b5bd60a04f65,
,,,,,,,,,,,,,,,,,,,,,,,,,2021-03-13 22:46:10.927,,2021-03-16 05:50:10.834,2021-03-16 05:50:10.834,UTC+0300,OD8XXfRrR9,,com.urbandroid.sleep,2021-03-14 06:03:41.519,aa5f4c63-04f2-43ac-aa6c-76fa212ae209,
,,,,,,,,,,,,,,,,,,,,,,,,,2021-03-18 22:27:57.428,,2021-03-19 06:09:37.303,2021-03-19 06:09:37.303,UTC+0300,OD8XXfRrR9,,com.urbandroid.sleep,2021-03-19 06:09:36.711,b4471b48-8b36-43d4-846c-566f143bb300,
,72.0,12,12,16,8,39,303,185,0,14,0,0,,1,37.0,,26.0,,,e8fcf5a8-74d1-86f1-74fb-b30bc085af22.extra_data.json,2,87.0,51,303,2021-02-06 03:31:00.000,,2021-02-06 08:41:45.867,2021-02-06 08:41:42.603,UTC+0200,RHeBeWmk3Z,,com.sec.android.app.shealth,2021-02-06 08:34:00.000,e8fcf5a8-74d1-86f1-74fb-b30bc085af22,
,93.0,2,2,9,3,28,274,61,0,17,0,0,,,4.0,,11.0,,,da68206c-d34e-9cb5-92de-44dbfe24702b.extra_data.json,2,89.0,55,274,2020-12-30 23:42:00.000,,2020-12-31 04:21:47.821,2020-12-31 04:21:45.351,UTC+0200,RHeBeWmk3Z,,com.sec.android.app.shealth,2020-12-31 04:16:00.000,da68206c-d34e-9cb5-92de-44dbfe24702b,
,68.0,17,34,6,12,59,632,103,2,27,0,0,,1,75.0,,19.0,,,2de1051f-661d-5176-83a4-8817e6a5181c.extra_data.json,6,90.0,62,632,2021-03-21 20:43:00.000,,2021-03-22 07:19:09.219,2021-03-22 07:19:02.312,UTC+0300,RHeBeWmk3Z,,com.sec.android.app.shealth,2021-03-22 07:15:00.000,2de1051f-661d-5176-83a4-8817e6a5181c,
,73.0,24,24,10,11,46,454,187,2,19,0,0,,,20.0,,11.0,,,b3b46972-5c04-6bcc-dc0f-0848d1586b92.extra_data.json,3,89.0,61,454,2021-01-21 23:55:00.000,,2021-01-22 07:35:55.734,2021-01-22 07:35:53.321,UTC+0200,RHeBeWmk3Z,,com.sec.android.app.shealth,2021-01-22 07:29:00.000,b3b46972-5c04-6bcc-dc0f-0848d1586b92,
,,,,,,,,,,,,,,,,,,,,,,,,,2021-02-24 23:24:06.161,,2021-02-28 19:08:25.233,2021-02-28 19:08:25.233,UTC+0200,OD8XXfRrR9,,com.urbandroid.sleep,2021-02-25 08:36:06.161,e518f22a-e769-44fe-8187-02699570ded8,
,,,,,,,,,,,,,,,,,,,,,,,,,2021-02-18 22:20:10.006,,2021-02-28 19:08:25.529,2021-02-28 19:08:25.529,UTC+0200,OD8XXfRrR9,,com.urbandroid.sleep,2021-02-19 07:44:46.006,a96be6cb-a3a9-48e7-a451-c4229ea6fb70,
,,,,,,,,,,,,,,,,,,,,,,,,,2021-02-12 23:23:50.090,,2021-02-28 19:08:25.900,2021-02-28 19:08:25.900,UTC+0200,OD8XXfRrR9,,com.urbandroid.sleep,2021-02-13 08:25:02.090,05cc0005-5785-40d4-a600-ffb92dd82813,
,,,,,,,,,,,,,,,,,,,,,,,,,2021-02-06 23:23:25.375,,2021-02-28 19:08:26.212,2021-02-28 19:08:26.212,UTC+0200,OD8XXfRrR9,,com.urbandroid.sleep,2021-02-07 08:27:01.377,a88664f3-00c6-4804-bfa9-d0b991087dae,
,,,,,,,,,,,,,,,,,,,,,,,,,2021-01-31 23:34:08.502,,2021-02-28 19:08:26.582,2021-02-28 19:08:26.582,UTC+0200,OD8XXfRrR9,,com.urbandroid.sleep,2021-02-01 07:46:44.502,ea5b9e8b-b29f-4bd3-b3a5-39192dc734eb,
,,,,,,,,,,,,,,,,,,,,,,,,,2021-01-25 23:24:10.748,,2021-02-28 19:08:27.022,2021-02-28 19:08:27.022,UTC+0200,OD8XXfRrR9,,com.urbandroid.sleep,2021-01-26 07:44:34.750,27b583c7-361b-49c3-b7ed-e788c4e5f3a5,
,80.0,8,8,24,8,37,404,249,2,20,0,0,,,8.0,,10.0,,,29466fd3-d4a9-9259-7a3f-a6616459711a.extra_data.json,2,90.0,52,404,2021-01-10 22:56:00.000,,2021-01-11 05:45:53.202,2021-01-11 05:45:51.288,UTC+0200,RHeBeWmk3Z,,com.sec.android.app.shealth,2021-01-11 05:40:00.000,29466fd3-d4a9-9259-7a3f-a6616459711a,
,,,,,,,,,,,,,,,,,,,,,,,,,2021-01-19 22:07:22.563,,2021-02-28 19:08:27.385,2021-02-28 19:08:27.385,UTC+0200,OD8XXfRrR9,,com.urbandroid.sleep,2021-01-20 05:41:34.563,f6a9fbc6-b0ef-4ab0-b61f-2882d19bc7ea,
,,,,,,,,,,,,,,,,,,,,,,,,,2021-01-13 22:40:31.035,,2021-02-28 19:08:27.711,2021-02-28 19:08:27.711,UTC+0200,OD8XXfRrR9,,com.urbandroid.sleep,2021-01-14 06:51:19.037,74acd548-8893-45f7-9980-243a89375571,
,,,,,,,,,,,,,,,,,,,,,,,,,2021-01-07 22:18:43.323,,2021-02-28 19:08:28.103,2021-02-28 19:08:28.103,UTC+0200,OD8XXfRrR9,,com.urbandroid.sleep,2021-01-08 06:58:19.321,8dec0410-18e4-4727-9e3a-b3d51d501be0,
,,,,,,,,,,,,,,,,,,,,,,,,,2021-01-01 23:17:34.080,,2021-02-28 19:08:28.446,2021-02-28 19:08:28.446,UTC+0200,OD8XXfRrR9,,com.urbandroid.sleep,2021-01-02 07:01:22.080,52910ac0-4bc4-4777-88e7-981c09423167,
,,,,,,,,,,,,,,,,,,,,,,,,,2020-12-26 23:33:19.985,,2021-02-28 19:08:28.804,2021-02-28 19:08:28.804,UTC+0200,OD8XXfRrR9,,com.urbandroid.sleep,2020-12-27 07:45:19.985,d5419540-6cb9-4f1c-94fa-3237045d8826,
,,,,,,,,,,,,,,,,,,,,,,,,,2020-12-20 23:42:33.986,,2021-02-28 19:08:29.101,2021-02-28 19:08:29.101,UTC+0200,OD8XXfRrR9,,com.urbandroid.sleep,2020-12-21 07:47:21.986,8242c26c-771e-4636-b5de-7e8a95bae2c0,
,,,,,,,,,,,,,,,,,,,,,,,,,2020-12-14 22:57:45.318,,2021-02-28 19:08:29.469,2021-02-28 19:08:29.469,UTC+0200,OD8XXfRrR9,,com.urbandroid.sleep,2020-12-15 06:53:33.318,cba9ba4b-d830-420b-b9ff-a4347581a14f,
,,,,,,,,,,,,,,,,,,,,,,,,,2020-12-08 22:53:26.567,,2021-02-28 19:08:29.806,2021-02-28 19:08:29.806,UTC+0200,OD8XXfRrR9,,com.urbandroid.sleep,2020-12-09 07:00:02.565,610329a4-cc91-4855-800d-ab3292ac9c4e,
,,,,,,,,,,,,,,,,,,,,,,,,,2020-12-02 22:51:53.421,,2021-02-28 19:08:30.148,2021-02-28 19:08:30.148,UTC+0200,OD8XXfRrR9,,com.urbandroid.sleep,2020-12-03 07:01:29.419,7893eb2e-ca3a-476a-9069-36d3688e84c7,
,24.0,34,34,10,41,57,481,251,2,35,0,0,,1,61.0,,23.0,,,6c0ec6e1-b44b-9a57-3242-6b7353847280.extra_data.json,3,88.0,58,481,2021-03-01 22:41:00.000,,2021-03-02 06:48:50.717,2021-03-02 06:46:32.301,UTC+0300,RHeBeWmk3Z,,com.sec.android.app.shealth,2021-03-02 06:42:00.000,6c0ec6e1-b44b-9a57-3242-6b7353847280,
,74.0,0,0,9,1,25,148,65,0,12,0,0,b9deff1d-4acf-4638-9539-b3e40d8c776e,1,15.0,,39.0,,,b5ff7af8-1e45-551b-5b9e-36f6c354e81d.extra_data.json,1,83.0,43,148,2021-03-24 22:25:00.000,,2021-03-25 06:54:41.495,2021-03-25 00:57:10.466,UTC+0300,RHeBeWmk3Z,,com.sec.android.app.shealth,2021-03-25 00:53:00.000,b5ff7af8-1e45-551b-5b9e-36f6c354e81d,
,,,,,,,,,,,,,,,,,,,,,,,,,2021-03-24 21:42:05.118,,2021-03-27 06:17:16.340,2021-03-27 06:17:16.340,UTC+0300,OD8XXfRrR9,,com.urbandroid.sleep,2021-03-25 06:31:19.318,4892e163-34cc-479d-b203-1ca126d13e3c,
,65.0,0,0,10,5,19,148,60,1,13,0,0,,1,15.0,,38.0,,,a7068d7b-c39e-567d-ccb5-65346f15b699.extra_data.json,2,87.0,40,148,2021-02-11 23:22:00.000,,2021-02-12 01:55:40.477,2021-02-12 01:55:38.348,UTC+0200,RHeBeWmk3Z,,com.sec.android.app.shealth,2021-02-12 01:50:00.000,a7068d7b-c39e-567d-ccb5-65346f15b699,
,65.0,3,3,5,5,18,249,76,1,6,0,0,9d603c85-5755-4d90-8eae-86e02f1539fe,1,28.0,,16.0,,,56a799e2-52c9-9083-1fc8-5ff794826e04.extra_data.json,2,92.0,57,249,2021-03-04 22:51:00.000,,2021-03-05 07:01:16.552,2021-03-05 03:03:00.572,UTC+0300,RHeBeWmk3Z,,com.sec.android.app.shealth,2021-03-05 03:00:00.000,56a799e2-52c9-9083-1fc8-5ff794826e04,
,73.0,0,0,2,2,16,166,109,0,10,0,0,9a9d8584-b977-4911-80f6-f39a7b70e949,1,17.0,,17.0,,,a8e3be63-2671-02c9-55ee-946308a889c3.extra_data.json,1,90.0,45,166,2021-03-07 04:44:00.000,,2021-03-07 07:32:14.492,2021-03-07 07:32:10.306,UTC+0300,RHeBeWmk3Z,,com.sec.android.app.shealth,2021-03-07 07:30:00.000,a8e3be63-2671-02c9-55ee-946308a889c3,
,,,,,,,,,,,,,,,,,,,,,,,,,2021-03-09 22:22:46.362,,2021-03-10 07:05:38.200,2021-03-10 07:05:38.200,UTC+0300,OD8XXfRrR9,,com.urbandroid.sleep,2021-03-10 07:05:37.490,8d7c1ddc-fb0b-4b56-a36a-fcae0ad70231,
,,,,,,,,,,,,,,,,,,,,,,,,,2021-03-10 22:10:14.673,,2021-03-13 06:00:17.077,2021-03-13 06:00:17.077,UTC+0300,OD8XXfRrR9,,com.urbandroid.sleep,2021-03-11 06:30:17.468,1d4180ad-b7a8-4d3c-a91d-298498837b27,
,,,,,,,,,,,,,,,,,,,,,,,,,2021-03-12 22:03:22.328,,2021-03-16 05:50:10.877,2021-03-16 05:50:10.877,UTC+0300,OD8XXfRrR9,,com.urbandroid.sleep,2021-03-13 06:00:16.333,a6a89f60-488b-4c52-ae32-d964fd9d92cb,
,,,,,,,,,,,,,,,,,,,,,,,,,2021-03-17 22:23:12.754,,2021-03-19 06:09:37.357,2021-03-19 06:09:37.357,UTC+0300,OD8XXfRrR9,,com.urbandroid.sleep,2021-03-18 06:23:41.348,4377b875-1ea7-4b2b-b36e-24e478be729e,
,65.0,0,0,19,10,55,323,101,1,35,0,0,,1,32.0,,47.0,,,0542c7e5-8d3b-ed92-baef-c743ec9849c1.extra_data.json,3,82.0,40,323,2021-02-15 03:24:00.000,,2021-02-15 08:56:17.091,2021-02-15 08:56:15.341,UTC+0200,RHeBeWmk3Z,,com.sec.android.app.shealth,2021-02-15 08:47:00.000,0542c7e5-8d3b-ed92-baef-c743ec9849c1,
,60.0,0,0,12,5,18,102,102,1,14,0,0,cdac45d5-ada4-4da7-b8da-10a7d355998e,1,10.0,,43.0,,,e0ca0abf-ee68-fd33-cde8-87bcff083a1e.extra_data.json,1,82.0,40,102,2021-03-29 21:30:00.000,,2021-03-30 03:35:40.852,2021-03-29 23:17:06.381,UTC+0400,RHeBeWmk3Z,,com.sec.android.app.shealth,2021-03-29 23:12:00.000,e0ca0abf-ee68-fd33-cde8-87bcff083a1e,
,72.0,3,3,18,3,26,273,273,0,9,0,0,2819ce71-0bab-412b-b80c-7ecf1b6ef2bb,1,29.0,,19.0,,,85495dd4-99ab-9973-cb81-3a509cd189d1.extra_data.json,1,90.0,54,273,2021-03-22 21:59:00.000,,2021-03-23 06:29:21.647,2021-03-23 02:35:02.334,UTC+0300,RHeBeWmk3Z,,com.sec.android.app.shealth,2021-03-23 02:32:00.000,85495dd4-99ab-9973-cb81-3a509cd189d1,
,,,,,,,,,,,,,,,,,,,,,,,,,2021-03-22 21:44:15.652,,2021-03-25 06:31:19.974,2021-03-25 06:31:19.974,UTC+0300,OD8XXfRrR9,,com.urbandroid.sleep,2021-03-23 06:19:58.925,358a32e8-a807-409e-8186-d06840c515c2,
,36.0,8,8,4,19,23,119,105,2,18,5,0,,1,22.0,,38.0,,,927dd8b0-905d-166d-27ae-b229c59dfd91.extra_data.json,1,78.0,48,124,2021-02-11 05:41:00.000,,2021-02-11 08:04:38.366,2021-02-11 08:04:36.344,UTC+0200,RHeBeWmk3Z,,com.sec.android.app.shealth,2021-02-11 07:45:00.000,927dd8b0-905d-166d-27ae-b229c59dfd91,
,77.0,4,4,7,3,53,378,148,0,35,5,0,,1,40.0,,28.0,,,991dad91-d594-35ca-6e7c-67e744d965fb.extra_data.json,2,85.0,57,383,2021-03-27 00:10:00.000,,2021-03-27 06:57:16.573,2021-03-27 06:52:20.343,UTC+0300,RHeBeWmk3Z,,com.sec.android.app.shealth,2021-03-27 06:33:00.000,991dad91-d594-35ca-6e7c-67e744d965fb,
,70.0,0,11,0,0,0,43,0,0,0,0,0,,1,30.0,,0.0,,,1d728c77-5c7a-614b-17b6-bc1d22df4704.extra_data.json,0,100.0,54,43,2021-02-08 01:58:00.000,,2021-02-08 02:41:55.139,2021-02-08 02:41:53.532,UTC+0200,RHeBeWmk3Z,,com.sec.android.app.shealth,2021-02-08 02:41:00.000,1d728c77-5c7a-614b-17b6-bc1d22df4704,
,,,,,,,,,,,,,,,,,,,,,,,,,2020-12-09 22:58:45.324,,2020-12-21 21:11:09.411,2020-12-21 21:11:09.411,UTC+0200,vC702BfhH0,,com.urbandroid.sleep,2020-12-10 07:01:27.427,563520bf-4bb4-4879-9b21-f348fdeeb614,
,73.0,3,3,1,2,7,129,75,0,4,0,0,cdac45d5-ada4-4da7-b8da-10a7d355998e,1,17.0,,10.0,,,99d4965c-b209-08c4-a537-f7ca6bf09d40.extra_data.json,1,94.0,62,129,2021-03-29 23:59:00.000,,2021-03-30 03:35:40.869,2021-03-30 02:12:17.348,UTC+0400,RHeBeWmk3Z,,com.sec.android.app.shealth,2021-03-30 02:08:00.000,99d4965c-b209-08c4-a537-f7ca6bf09d40,
,10.0,34,34,10,36,55,555,161,1,28,0,0,,,24.0,,10.0,,,bc20d710-7b89-9660-60f9-1cae6d827001.extra_data.json,6,90.0,62,555,2020-12-13 22:30:00.000,,2020-12-14 07:56:00.192,2020-12-14 07:55:58.390,UTC+0200,RHeBeWmk3Z,,com.sec.android.app.shealth,2020-12-14 07:45:00.000,bc20d710-7b89-9660-60f9-1cae6d827001,
,,,,,,,,,,,,,,,,,,,,,,,,,2021-02-23 23:30:30.190,,2021-02-28 19:08:25.294,2021-02-28 19:08:25.294,UTC+0200,OD8XXfRrR9,,com.urbandroid.sleep,2021-02-24 07:34:06.192,52aafcf9-faa4-4c24-a2c3-f2f232740dae,
,,,,,,,,,,,,,,,,,,,,,,,,,2021-02-17 23:12:59.067,,2021-02-28 19:08:25.595,2021-02-28 19:08:25.595,UTC+0200,OD8XXfRrR9,,com.urbandroid.sleep,2021-02-18 07:06:23.067,9c3d123d-862b-4086-ad3d-d6d8a0369e27,
,,,,,,,,,,,,,,,,,,,,,,,,,2021-02-11 23:06:32.095,,2021-02-28 19:08:25.958,2021-02-28 19:08:25.958,UTC+0200,OD8XXfRrR9,,com.urbandroid.sleep,2021-02-12 08:32:20.099,4341adbc-aaa7-4806-ab3e-189ac6d36f47,
,,,,,,,,,,,,,,,,,,,,,,,,,2021-02-05 23:31:14.496,,2021-02-28 19:08:26.260,2021-02-28 19:08:26.260,UTC+0200,OD8XXfRrR9,,com.urbandroid.sleep,2021-02-06 08:36:38.498,ae590179-9e1b-447f-8ace-8b2aaca8beaf,
,,,,,,,,,,,,,,,,,,,,,,,,,2021-01-30 23:51:08.644,,2021-02-28 19:08:26.666,2021-02-28 19:08:26.666,UTC+0200,OD8XXfRrR9,,com.urbandroid.sleep,2021-01-31 08:01:20.644,62d4001d-7b50-4748-aff5-6423df5709c7,
,,,,,,,,,,,,,,,,,,,,,,,,,2021-01-24 23:15:51.693,,2021-02-28 19:08:27.064,2021-02-28 19:08:27.064,UTC+0200,OD8XXfRrR9,,com.urbandroid.sleep,2021-01-25 07:01:27.693,9448dd96-8780-472e-bbd9-c1d5c48e5c25,
,,,,,,,,,,,,,,,,,,,,,,,,,2021-01-18 22:42:24.670,,2021-02-28 19:08:27.448,2021-02-28 19:08:27.448,UTC+0200,OD8XXfRrR9,,com.urbandroid.sleep,2021-01-19 07:01:36.668,b9ba795b-cc13-47a6-bc58-c695a93cbe82,
,,,,,,,,,,,,,,,,,,,,,,,,,2021-01-12 22:53:24.630,,2021-02-28 19:08:27.770,2021-02-28 19:08:27.770,UTC+0200,OD8XXfRrR9,,com.urbandroid.sleep,2021-01-13 06:27:36.630,9ba5bc48-da9e-4c10-98eb-dad39758f49a,
,,,,,,,,,,,,,,,,,,,,,,,,,2021-01-06 23:10:23.719,,2021-02-28 19:08:28.160,2021-02-28 19:08:28.160,UTC+0200,OD8XXfRrR9,,com.urbandroid.sleep,2021-01-07 06:58:23.719,d370f61a-51f7-401f-a70f-d140f8bd3c1d,
,,,,,,,,,,,,,,,,,,,,,,,,,2021-01-01 00:02:23.172,,2021-02-28 19:08:28.515,2021-02-28 19:08:28.515,UTC+0200,OD8XXfRrR9,,com.urbandroid.sleep,2021-01-01 07:58:11.172,11eb8ecc-3b9f-476b-9b8d-7967338e4cb7,
,,,,,,,,,,,,,,,,,,,,,,,,,2020-12-26 00:39:10.033,,2021-02-28 19:08:28.847,2021-02-28 19:08:28.847,UTC+0200,OD8XXfRrR9,,com.urbandroid.sleep,2020-12-26 08:47:34.035,267ed460-e17b-44e7-9752-bb9647638917,
,,,,,,,,,,,,,,,,,,,,,,,,,2020-12-19 22:51:26.022,,2021-02-28 19:08:29.152,2021-02-28 19:08:29.152,UTC+0200,OD8XXfRrR9,,com.urbandroid.sleep,2020-12-20 08:34:38.022,ab34c869-41e7-4bb4-a8da-201cd1d5e3a0,
,,,,,,,,,,,,,,,,,,,,,,,,,2020-12-13 22:02:04.848,,2021-02-28 19:08:29.519,2021-02-28 19:08:29.519,UTC+0200,OD8XXfRrR9,,com.urbandroid.sleep,2020-12-14 07:32:04.848,f2f37865-d009-4390-981a-e7ccd8d37e2d,
,,,,,,,,,,,,,,,,,,,,,,,,,2020-12-07 22:41:21.313,,2021-02-28 19:08:29.865,2021-02-28 19:08:29.865,UTC+0200,OD8XXfRrR9,,com.urbandroid.sleep,2020-12-08 06:59:57.315,c353d8ab-8664-441c-ae8f-7d8c90ae13d1,
,,,,,,,,,,,,,,,,,,,,,,,,,2020-12-01 23:10:55.003,,2021-02-28 19:08:30.198,2021-02-28 19:08:30.198,UTC+0200,OD8XXfRrR9,,com.urbandroid.sleep,2020-12-02 07:30:43.003,270b58fa-7f56-48ad-a926-709583a19d59,
,,,,,,,,,,,,,,,,,,,,,,,,,2021-03-02 22:57:59.657,,2021-03-03 07:05:31.740,2021-03-03 07:05:31.740,UTC+0300,OD8XXfRrR9,,com.urbandroid.sleep,2021-03-03 07:05:31.026,ab9555c5-d9e2-4458-ac28-8aa33283e5aa,
,59.0,40,40,7,11,32,230,94,1,23,0,0,9d603c85-5755-4d90-8eae-86e02f1539fe,1,57.0,,31.0,,,9de51733-c8c9-84cd-a785-3ccd9aa90e6e.extra_data.json,2,86.0,66,230,2021-03-05 03:06:00.000,,2021-03-05 07:01:16.562,2021-03-05 07:01:14.236,UTC+0300,RHeBeWmk3Z,,com.sec.android.app.shealth,2021-03-05 06:56:00.000,9de51733-c8c9-84cd-a785-3ccd9aa90e6e,
,,,,,,,,,,,,,,,,,,,,,,,,,2021-03-05 22:32:58.871,,2021-03-07 22:43:08.432,2021-03-07 22:43:08.432,UTC+0300,OD8XXfRrR9,,com.urbandroid.sleep,2021-03-06 07:17:09.460,1ff82385-a439-4bab-9939-52f887360892,
,,,,,,,,,,,,,,,,,,,,,,,,,2021-03-07 23:46:06.103,,2021-03-10 07:05:38.469,2021-03-10 07:05:38.469,UTC+0300,OD8XXfRrR9,,com.urbandroid.sleep,2021-03-08 06:33:11.173,56b39da6-6105-4ab9-8ee5-0454d3174415,
,58.0,31,31,6,22,54,415,101,2,35,0,0,,1,61.0,,27.0,,,6de5b66e-f368-0bc7-b3ee-659e15384481.extra_data.json,6,86.0,64,415,2021-03-12 23:04:00.000,,2021-03-13 06:08:47.756,2021-03-13 06:06:53.361,UTC+0300,RHeBeWmk3Z,,com.sec.android.app.shealth,2021-03-13 05:59:00.000,6de5b66e-f368-0bc7-b3ee-659e15384481,
,81.0,44,44,11,4,87,472,220,0,65,0,0,,1,65.0,,37.0,,,1ef340e1-b252-0b0f-e70f-bc0488de88b4.extra_data.json,3,81.0,74,472,2021-03-15 22:23:00.000,,2021-03-16 06:17:34.923,2021-03-16 06:17:27.360,UTC+0300,RHeBeWmk3Z,,com.sec.android.app.shealth,2021-03-16 06:15:00.000,1ef340e1-b252-0b0f-e70f-bc0488de88b4,
,,,,,,,,,,,,,,,,,,,,,,,,,2021-03-15 22:09:08.599,,2021-03-19 06:09:37.419,2021-03-19 06:09:37.419,UTC+0300,OD8XXfRrR9,,com.urbandroid.sleep,2021-03-16 05:50:10.170,86a56cba-45df-4902-89cd-51fd4ed158cd,
,,,,,,,,,,,,,,,,,,,,,,,,,2021-03-19 22:04:21.173,,2021-03-23 06:19:59.629,2021-03-23 06:19:59.629,UTC+0300,OD8XXfRrR9,,com.urbandroid.sleep,2021-03-20 06:41:37.630,c40f4749-8d3d-4d2f-acb8-444a1ee81826,
,42.0,2,2,9,23,51,333,117,2,26,0,0,b9deff1d-4acf-4638-9539-b3e40d8c776e,1,35.0,,31.0,,,a8676ebc-5526-2ec2-6cd1-780e6e6af083.extra_data.json,3,84.0,44,333,2021-03-25 01:13:00.000,,2021-03-25 06:54:41.501,2021-03-25 06:49:17.375,UTC+0300,RHeBeWmk3Z,,com.sec.android.app.shealth,2021-03-25 06:46:00.000,a8676ebc-5526-2ec2-6cd1-780e6e6af083,
,40.0,9,9,12,25,48,365,149,2,31,0,0,,1,41.0,,30.0,,,23fbcefd-d9c9-3fff-7f02-8da22d7985fc.extra_data.json,3,86.0,48,365,2021-03-27 23:46:00.000,,2021-03-28 05:58:45.880,2021-03-28 05:58:41.370,UTC+0400,RHeBeWmk3Z,,com.sec.android.app.shealth,2021-03-28 05:51:00.000,23fbcefd-d9c9-3fff-7f02-8da22d7985fc,
,60.0,10,10,5,5,10,97,97,1,7,0,0,cdac45d5-ada4-4da7-b8da-10a7d355998e,1,24.0,,23.0,,,4af74391-2b0d-09f8-1106-5cb13a2a417c.extra_data.json,1,89.0,63,97,2021-03-30 02:19:00.000,,2021-03-30 06:23:24.755,2021-03-30 04:00:23.377,UTC+0400,RHeBeWmk3Z,,com.sec.android.app.shealth,2021-03-30 03:56:00.000,4af74391-2b0d-09f8-1106-5cb13a2a417c,
