[{"elapsed_time":8280,"segment":0,"interval":1,"start_time":1612454566000},{"elapsed_time":11280,"segment":0,"interval":1,"start_time":1612454569000},{"elapsed_time":15280,"segment":0,"interval":1,"start_time":1612454573000},{"elapsed_time":20280,"segment":0,"interval":1,"start_time":1612454578000},{"elapsed_time":24280,"segment":0,"interval":1,"start_time":1612454582000},{"elapsed_time":26280,"segment":0,"interval":1,"start_time":1612454584000},{"elapsed_time":28280,"segment":0,"interval":1,"start_time":1612454586000},{"elapsed_time":30280,"segment":0,"interval":1,"start_time":1612454588000},{"elapsed_time":32280,"segment":0,"interval":1,"start_time":1612454590000},{"elapsed_time":33280,"segment":0,"interval":1,"start_time":1612454591000},{"elapsed_time":34280,"segment":0,"interval":1,"start_time":1612454592000},{"elapsed_time":36280,"segment":0,"interval":1,"start_time":1612454594000},{"elapsed_time":38280,"segment":0,"interval":1,"start_time":1612454596000},{"elapsed_time":40280,"segment":0,"interval":1,"start_time":1612454598000},{"elapsed_time":42280,"segment":0,"interval":1,"start_time":1612454600000},{"elapsed_time":44280,"segment":0,"interval":1,"start_time":1612454602000},{"elapsed_time":46280,"segment":0,"interval":1,"start_time":1612454604000},{"elapsed_time":48280,"segment":0,"interval":1,"start_time":1612454606000},{"elapsed_time":52280,"segment":0,"interval":1,"start_time":1612454610000},{"elapsed_time":62280,"segment":0,"interval":1,"start_time":1612454620000},{"elapsed_time":72280,"segment":0,"interval":1,"start_time":1612454630000},{"elapsed_time":82280,"segment":0,"interval":1,"start_time":1612454640000},{"elapsed_time":90280,"segment":0,"interval":1,"start_time":1612454648000},{"elapsed_time":92280,"segment":0,"interval":1,"start_time":1612454650000},{"elapsed_time":94280,"segment":0,"interval":1,"start_time":1612454652000},{"elapsed_time":96280,"segment":0,"interval":1,"start_time":1612454654000},{"elapsed_time":98280,"segment":0,"interval":1,"start_time":1612454656000},{"elapsed_time":100280,"segment":0,"interval":1,"start_time":1612454658000},{"elapsed_time":103280,"segment":0,"interval":1,"start_time":1612454661000},{"elapsed_time":105280,"segment":0,"interval":1,"start_time":1612454663000},{"elapsed_time":107280,"segment":0,"interval":1,"start_time":1612454665000},{"elapsed_time":109280,"segment":0,"interval":1,"start_time":1612454667000},{"elapsed_time":111280,"segment":0,"interval":1,"start_time":1612454669000},{"elapsed_time":113280,"segment":0,"interval":1,"start_time":1612454671000},{"elapsed_time":116280,"segment":0,"interval":1,"start_time":1612454674000},{"elapsed_time":126280,"segment":0,"interval":1,"start_time":1612454684000},{"elapsed_time":136280,"segment":0,"interval":1,"start_time":1612454694000},{"elapsed_time":146280,"segment":0,"interval":1,"start_time":1612454704000},{"elapsed_time":156280,"segment":0,"interval":1,"start_time":1612454714000},{"elapsed_time":166280,"segment":0,"interval":1,"start_time":1612454724000},{"elapsed_time":171280,"segment":0,"interval":1,"start_time":1612454729000},{"elapsed_time":173280,"segment":0,"interval":1,"start_time":1612454731000},{"elapsed_time":175280,"segment":0,"interval":1,"start_time":1612454733000},{"elapsed_time":177280,"segment":0,"interval":1,"start_time":1612454735000},{"elapsed_time":179280,"segment":0,"interval":1,"start_time":1612454737000},{"elapsed_time":181280,"segment":0,"interval":1,"start_time":1612454739000},{"elapsed_time":183280,"segment":0,"interval":1,"start_time":1612454741000},{"elapsed_time":186280,"segment":0,"interval":1,"start_time":1612454744000},{"elapsed_time":189280,"segment":0,"interval":1,"start_time":1612454747000},{"elapsed_time":194280,"segment":0,"interval":1,"start_time":1612454752000},{"elapsed_time":204280,"segment":0,"interval":1,"start_time":1612454762000},{"elapsed_time":207280,"segment":0,"interval":1,"start_time":1612454765000},{"elapsed_time":209280,"segment":0,"interval":1,"start_time":1612454767000},{"elapsed_time":211280,"segment":0,"interval":1,"start_time":1612454769000},{"elapsed_time":213280,"segment":0,"interval":1,"start_time":1612454771000},{"elapsed_time":215280,"segment":0,"interval":1,"start_time":1612454773000},{"elapsed_time":217280,"segment":0,"interval":1,"start_time":1612454775000},{"elapsed_time":219280,"segment":0,"interval":1,"start_time":1612454777000},{"elapsed_time":221280,"segment":0,"interval":1,"start_time":1612454779000},{"elapsed_time":223280,"segment":0,"interval":1,"start_time":1612454781000},{"elapsed_time":224280,"segment":0,"interval":1,"start_time":1612454782000},{"elapsed_time":226280,"segment":0,"interval":1,"start_time":1612454784000},{"elapsed_time":228280,"segment":0,"interval":1,"start_time":1612454786000},{"elapsed_time":230280,"segment":0,"interval":1,"start_time":1612454788000},{"elapsed_time":232280,"segment":0,"interval":1,"start_time":1612454790000},{"elapsed_time":236280,"segment":0,"interval":1,"start_time":1612454794000},{"elapsed_time":240280,"segment":0,"interval":1,"start_time":1612454798000},{"elapsed_time":243280,"segment":0,"interval":1,"start_time":1612454801000},{"elapsed_time":246280,"segment":0,"interval":1,"start_time":1612454804000},{"elapsed_time":250280,"segment":0,"interval":1,"start_time":1612454808000},{"elapsed_time":259280,"segment":0,"interval":1,"start_time":1612454817000},{"elapsed_time":269280,"segment":0,"interval":1,"start_time":1612454827000},{"elapsed_time":279280,"segment":0,"interval":1,"start_time":1612454837000},{"elapsed_time":287280,"segment":0,"interval":1,"start_time":1612454845000},{"elapsed_time":289280,"segment":0,"interval":1,"start_time":1612454847000},{"elapsed_time":291280,"segment":0,"interval":1,"start_time":1612454849000},{"elapsed_time":293280,"segment":0,"interval":1,"start_time":1612454851000},{"elapsed_time":296280,"segment":0,"interval":1,"start_time":1612454854000},{"elapsed_time":299280,"segment":0,"interval":1,"start_time":1612454857000},{"elapsed_time":309280,"segment":0,"interval":1,"start_time":1612454867000},{"elapsed_time":315280,"segment":0,"interval":1,"start_time":1612454873000},{"elapsed_time":317280,"segment":0,"interval":1,"start_time":1612454875000},{"elapsed_time":319280,"segment":0,"interval":1,"start_time":1612454877000},{"elapsed_time":321280,"segment":0,"interval":1,"start_time":1612454879000},{"elapsed_time":323280,"segment":0,"interval":1,"start_time":1612454881000},{"elapsed_time":325280,"segment":0,"interval":1,"start_time":1612454883000},{"elapsed_time":327280,"segment":0,"interval":1,"start_time":1612454885000},{"elapsed_time":329280,"segment":0,"interval":1,"start_time":1612454887000},{"elapsed_time":331280,"segment":0,"interval":1,"start_time":1612454889000},{"elapsed_time":333280,"segment":0,"interval":1,"start_time":1612454891000},{"elapsed_time":335280,"segment":0,"interval":1,"start_time":1612454893000},{"elapsed_time":337280,"segment":0,"interval":1,"start_time":1612454895000},{"elapsed_time":339280,"segment":0,"interval":1,"start_time":1612454897000},{"elapsed_time":341280,"segment":0,"interval":1,"start_time":1612454899000},{"elapsed_time":343280,"segment":0,"interval":1,"start_time":1612454901000},{"elapsed_time":345280,"segment":0,"interval":1,"start_time":1612454903000},{"elapsed_time":347280,"segment":0,"interval":1,"start_time":1612454905000},{"elapsed_time":349280,"segment":0,"interval":1,"start_time":1612454907000},{"elapsed_time":351280,"segment":0,"interval":1,"start_time":1612454909000},{"elapsed_time":353280,"segment":0,"interval":1,"start_time":1612454911000},{"elapsed_time":355280,"segment":0,"interval":1,"start_time":1612454913000},{"elapsed_time":357280,"segment":0,"interval":1,"start_time":1612454915000},{"elapsed_time":359280,"segment":0,"interval":1,"start_time":1612454917000},{"elapsed_time":361280,"segment":0,"interval":1,"start_time":1612454919000},{"elapsed_time":363280,"segment":0,"interval":1,"start_time":1612454921000},{"elapsed_time":365280,"segment":0,"interval":1,"start_time":1612454923000},{"elapsed_time":367280,"segment":0,"interval":1,"start_time":1612454925000},{"elapsed_time":369280,"segment":0,"interval":1,"start_time":1612454927000},{"elapsed_time":371280,"segment":0,"interval":1,"start_time":1612454929000},{"elapsed_time":373280,"segment":0,"interval":1,"start_time":1612454931000},{"elapsed_time":375280,"segment":0,"interval":1,"start_time":1612454933000},{"elapsed_time":377280,"segment":0,"interval":1,"start_time":1612454935000},{"elapsed_time":379280,"segment":0,"interval":1,"start_time":1612454937000},{"elapsed_time":380280,"segment":0,"interval":1,"start_time":1612454938000},{"elapsed_time":382280,"segment":0,"interval":1,"start_time":1612454940000},{"elapsed_time":384280,"segment":0,"interval":1,"start_time":1612454942000},{"elapsed_time":386280,"segment":0,"interval":1,"start_time":1612454944000},{"elapsed_time":388280,"segment":0,"interval":1,"start_time":1612454946000},{"elapsed_time":390280,"segment":0,"interval":1,"start_time":1612454948000},{"elapsed_time":393280,"segment":0,"interval":1,"start_time":1612454951000},{"elapsed_time":395280,"segment":0,"interval":1,"start_time":1612454953000},{"elapsed_time":397280,"segment":0,"interval":1,"start_time":1612454955000},{"elapsed_time":407280,"segment":0,"interval":1,"start_time":1612454965000},{"elapsed_time":417280,"segment":0,"interval":1,"start_time":1612454975000},{"elapsed_time":427280,"segment":0,"interval":1,"start_time":1612454985000},{"elapsed_time":429280,"segment":0,"interval":1,"start_time":1612454987000},{"elapsed_time":431280,"segment":0,"interval":1,"start_time":1612454989000},{"elapsed_time":433280,"segment":0,"interval":1,"start_time":1612454991000},{"elapsed_time":435280,"segment":0,"interval":1,"start_time":1612454993000},{"elapsed_time":437280,"segment":0,"interval":1,"start_time":1612454995000},{"elapsed_time":440280,"segment":0,"interval":1,"start_time":1612454998000},{"elapsed_time":443280,"segment":0,"interval":1,"start_time":1612455001000},{"elapsed_time":446280,"segment":0,"interval":1,"start_time":1612455004000},{"elapsed_time":449280,"segment":0,"interval":1,"start_time":1612455007000},{"elapsed_time":453280,"segment":0,"interval":1,"start_time":1612455011000},{"elapsed_time":456280,"segment":0,"interval":1,"start_time":1612455014000},{"elapsed_time":459280,"segment":0,"interval":1,"start_time":1612455017000},{"elapsed_time":461280,"segment":0,"interval":1,"start_time":1612455019000},{"elapsed_time":463280,"segment":0,"interval":1,"start_time":1612455021000},{"elapsed_time":465280,"segment":0,"interval":1,"start_time":1612455023000},{"elapsed_time":467280,"segment":0,"interval":1,"start_time":1612455025000},{"elapsed_time":469280,"segment":0,"interval":1,"start_time":1612455027000},{"elapsed_time":471280,"segment":0,"interval":1,"start_time":1612455029000},{"elapsed_time":473280,"segment":0,"interval":1,"start_time":1612455031000},{"elapsed_time":475280,"segment":0,"interval":1,"start_time":1612455033000},{"elapsed_time":477280,"segment":0,"interval":1,"start_time":1612455035000},{"elapsed_time":479280,"segment":0,"interval":1,"start_time":1612455037000},{"elapsed_time":481280,"segment":0,"interval":1,"start_time":1612455039000},{"elapsed_time":483280,"segment":0,"interval":1,"start_time":1612455041000},{"elapsed_time":485280,"segment":0,"interval":1,"start_time":1612455043000},{"elapsed_time":487280,"segment":0,"interval":1,"start_time":1612455045000},{"elapsed_time":489280,"segment":0,"interval":1,"start_time":1612455047000},{"elapsed_time":491280,"segment":0,"interval":1,"start_time":1612455049000},{"elapsed_time":493280,"segment":0,"interval":1,"start_time":1612455051000},{"elapsed_time":495280,"segment":0,"interval":1,"start_time":1612455053000},{"elapsed_time":497280,"segment":0,"interval":1,"start_time":1612455055000},{"elapsed_time":499280,"segment":0,"interval":1,"start_time":1612455057000},{"elapsed_time":501280,"segment":0,"interval":1,"start_time":1612455059000},{"elapsed_time":503280,"segment":0,"interval":1,"start_time":1612455061000},{"elapsed_time":505280,"segment":0,"interval":1,"start_time":1612455063000},{"elapsed_time":507280,"segment":0,"interval":1,"start_time":1612455065000},{"elapsed_time":509280,"segment":0,"interval":1,"start_time":1612455067000},{"elapsed_time":511280,"segment":0,"interval":1,"start_time":1612455069000},{"elapsed_time":513280,"segment":0,"interval":1,"start_time":1612455071000},{"elapsed_time":515280,"segment":0,"interval":1,"start_time":1612455073000},{"elapsed_time":517280,"segment":0,"interval":1,"start_time":1612455075000},{"elapsed_time":519280,"segment":0,"interval":1,"start_time":1612455077000},{"elapsed_time":521280,"segment":0,"interval":1,"start_time":1612455079000},{"elapsed_time":523280,"segment":0,"interval":1,"start_time":1612455081000},{"elapsed_time":525280,"segment":0,"interval":1,"start_time":1612455083000},{"elapsed_time":527280,"segment":0,"interval":1,"start_time":1612455085000},{"elapsed_time":529280,"segment":0,"interval":1,"start_time":1612455087000},{"elapsed_time":531280,"segment":0,"interval":1,"start_time":1612455089000},{"elapsed_time":533280,"segment":0,"interval":1,"start_time":1612455091000},{"elapsed_time":535280,"segment":0,"interval":1,"start_time":1612455093000},{"elapsed_time":537280,"segment":0,"interval":1,"start_time":1612455095000},{"elapsed_time":539280,"segment":0,"interval":1,"start_time":1612455097000},{"elapsed_time":541280,"segment":0,"interval":1,"start_time":1612455099000},{"elapsed_time":543280,"segment":0,"interval":1,"start_time":1612455101000},{"elapsed_time":545280,"segment":0,"interval":1,"start_time":1612455103000},{"elapsed_time":547280,"segment":0,"interval":1,"start_time":1612455105000},{"elapsed_time":549280,"segment":0,"interval":1,"start_time":1612455107000},{"elapsed_time":551280,"segment":0,"interval":1,"start_time":1612455109000},{"elapsed_time":553280,"segment":0,"interval":1,"start_time":1612455111000},{"elapsed_time":555280,"segment":0,"interval":1,"start_time":1612455113000},{"elapsed_time":557280,"segment":0,"interval":1,"start_time":1612455115000},{"elapsed_time":559280,"segment":0,"interval":1,"start_time":1612455117000},{"elapsed_time":561280,"segment":0,"interval":1,"start_time":1612455119000},{"elapsed_time":563280,"segment":0,"interval":1,"start_time":1612455121000},{"elapsed_time":565280,"segment":0,"interval":1,"start_time":1612455123000},{"elapsed_time":567280,"segment":0,"interval":1,"start_time":1612455125000},{"elapsed_time":569280,"segment":0,"interval":1,"start_time":1612455127000},{"elapsed_time":571280,"segment":0,"interval":1,"start_time":1612455129000},{"elapsed_time":573280,"segment":0,"interval":1,"start_time":1612455131000},{"elapsed_time":575280,"segment":0,"interval":1,"start_time":1612455133000},{"elapsed_time":577280,"segment":0,"interval":1,"start_time":1612455135000},{"elapsed_time":579280,"segment":0,"interval":1,"start_time":1612455137000},{"elapsed_time":581280,"segment":0,"interval":1,"start_time":1612455139000},{"elapsed_time":583280,"segment":0,"interval":1,"start_time":1612455141000},{"elapsed_time":585280,"segment":0,"interval":1,"start_time":1612455143000},{"elapsed_time":587280,"segment":0,"interval":1,"start_time":1612455145000},{"elapsed_time":590280,"segment":0,"interval":1,"start_time":1612455148000},{"elapsed_time":592280,"segment":0,"interval":1,"start_time":1612455150000},{"elapsed_time":594280,"segment":0,"interval":1,"start_time":1612455152000},{"elapsed_time":596280,"segment":0,"interval":1,"start_time":1612455154000},{"elapsed_time":598280,"segment":0,"interval":1,"start_time":1612455156000},{"elapsed_time":600280,"segment":0,"interval":1,"start_time":1612455158000},{"elapsed_time":603280,"segment":0,"interval":1,"start_time":1612455161000},{"elapsed_time":605280,"segment":0,"interval":1,"start_time":1612455163000},{"elapsed_time":607280,"segment":0,"interval":1,"start_time":1612455165000},{"elapsed_time":609280,"segment":0,"interval":1,"start_time":1612455167000},{"elapsed_time":611280,"segment":0,"interval":1,"start_time":1612455169000},{"elapsed_time":613280,"segment":0,"interval":1,"start_time":1612455171000},{"elapsed_time":615280,"segment":0,"interval":1,"start_time":1612455173000},{"elapsed_time":617280,"segment":0,"interval":1,"start_time":1612455175000},{"elapsed_time":619280,"segment":0,"interval":1,"start_time":1612455177000},{"elapsed_time":622280,"segment":0,"interval":1,"start_time":1612455180000},{"elapsed_time":624280,"segment":0,"interval":1,"start_time":1612455182000},{"elapsed_time":631280,"segment":0,"interval":1,"start_time":1612455189000},{"elapsed_time":634280,"segment":0,"interval":1,"start_time":1612455192000},{"elapsed_time":636280,"segment":0,"interval":1,"start_time":1612455194000},{"elapsed_time":638280,"segment":0,"interval":1,"start_time":1612455196000},{"elapsed_time":640280,"segment":0,"interval":1,"start_time":1612455198000},{"elapsed_time":642280,"segment":0,"interval":1,"start_time":1612455200000},{"elapsed_time":644280,"segment":0,"interval":1,"start_time":1612455202000},{"elapsed_time":646280,"segment":0,"interval":1,"start_time":1612455204000},{"elapsed_time":648280,"segment":0,"interval":1,"start_time":1612455206000},{"elapsed_time":650280,"segment":0,"interval":1,"start_time":1612455208000},{"elapsed_time":652280,"segment":0,"interval":1,"start_time":1612455210000},{"elapsed_time":654280,"segment":0,"interval":1,"start_time":1612455212000},{"elapsed_time":656280,"segment":0,"interval":1,"start_time":1612455214000},{"elapsed_time":657280,"segment":0,"interval":1,"start_time":1612455215000},{"elapsed_time":659280,"segment":0,"interval":1,"start_time":1612455217000},{"elapsed_time":661280,"segment":0,"interval":1,"start_time":1612455219000},{"elapsed_time":663280,"segment":0,"interval":1,"start_time":1612455221000},{"elapsed_time":665280,"segment":0,"interval":1,"start_time":1612455223000},{"elapsed_time":667280,"segment":0,"interval":1,"start_time":1612455225000},{"elapsed_time":669280,"segment":0,"interval":1,"start_time":1612455227000},{"elapsed_time":671280,"segment":0,"interval":1,"start_time":1612455229000},{"elapsed_time":673280,"segment":0,"interval":1,"start_time":1612455231000},{"elapsed_time":675280,"segment":0,"interval":1,"start_time":1612455233000},{"elapsed_time":677280,"segment":0,"interval":1,"start_time":1612455235000},{"elapsed_time":679280,"segment":0,"interval":1,"start_time":1612455237000},{"elapsed_time":681280,"segment":0,"interval":1,"start_time":1612455239000},{"elapsed_time":683280,"segment":0,"interval":1,"start_time":1612455241000},{"elapsed_time":685280,"segment":0,"interval":1,"start_time":1612455243000},{"elapsed_time":687280,"segment":0,"interval":1,"start_time":1612455245000},{"elapsed_time":689280,"segment":0,"interval":1,"start_time":1612455247000},{"elapsed_time":691280,"segment":0,"interval":1,"start_time":1612455249000},{"elapsed_time":693280,"segment":0,"interval":1,"start_time":1612455251000},{"elapsed_time":695280,"segment":0,"interval":1,"start_time":1612455253000},{"elapsed_time":697280,"segment":0,"interval":1,"start_time":1612455255000},{"elapsed_time":699280,"segment":0,"interval":1,"start_time":1612455257000},{"elapsed_time":701280,"segment":0,"interval":1,"start_time":1612455259000},{"elapsed_time":703280,"segment":0,"interval":1,"start_time":1612455261000},{"elapsed_time":705280,"segment":0,"interval":1,"start_time":1612455263000},{"elapsed_time":707280,"segment":0,"interval":1,"start_time":1612455265000},{"elapsed_time":709280,"segment":0,"interval":1,"start_time":1612455267000},{"elapsed_time":711280,"segment":0,"interval":1,"start_time":1612455269000},{"elapsed_time":713280,"segment":0,"interval":1,"start_time":1612455271000},{"elapsed_time":715280,"segment":0,"interval":1,"start_time":1612455273000},{"elapsed_time":717280,"segment":0,"interval":1,"start_time":1612455275000},{"elapsed_time":719280,"segment":0,"interval":1,"start_time":1612455277000},{"elapsed_time":721280,"segment":0,"interval":1,"start_time":1612455279000},{"elapsed_time":723280,"segment":0,"interval":1,"start_time":1612455281000},{"elapsed_time":725280,"segment":0,"interval":1,"start_time":1612455283000},{"elapsed_time":727280,"segment":0,"interval":1,"start_time":1612455285000},{"elapsed_time":729280,"segment":0,"interval":1,"start_time":1612455287000},{"elapsed_time":731280,"segment":0,"interval":1,"start_time":1612455289000},{"elapsed_time":733280,"segment":0,"interval":1,"start_time":1612455291000},{"elapsed_time":735280,"segment":0,"interval":1,"start_time":1612455293000},{"elapsed_time":737280,"segment":0,"interval":1,"start_time":1612455295000},{"elapsed_time":739280,"segment":0,"interval":1,"start_time":1612455297000},{"elapsed_time":741280,"segment":0,"interval":1,"start_time":1612455299000},{"elapsed_time":743280,"segment":0,"interval":1,"start_time":1612455301000},{"elapsed_time":745280,"segment":0,"interval":1,"start_time":1612455303000},{"elapsed_time":747280,"segment":0,"interval":1,"start_time":1612455305000},{"elapsed_time":750280,"segment":0,"interval":1,"start_time":1612455308000},{"elapsed_time":754280,"segment":0,"interval":1,"start_time":1612455312000},{"elapsed_time":756280,"segment":0,"interval":1,"start_time":1612455314000},{"elapsed_time":758280,"segment":0,"interval":1,"start_time":1612455316000},{"elapsed_time":760280,"segment":0,"interval":1,"start_time":1612455318000},{"elapsed_time":762280,"segment":0,"interval":1,"start_time":1612455320000},{"elapsed_time":764280,"segment":0,"interval":1,"start_time":1612455322000},{"elapsed_time":766280,"segment":0,"interval":1,"start_time":1612455324000},{"elapsed_time":769280,"segment":0,"interval":1,"start_time":1612455327000},{"elapsed_time":771280,"segment":0,"interval":1,"start_time":1612455329000},{"elapsed_time":773280,"segment":0,"interval":1,"start_time":1612455331000},{"elapsed_time":775280,"segment":0,"interval":1,"start_time":1612455333000},{"elapsed_time":776280,"segment":0,"interval":1,"start_time":1612455334000},{"elapsed_time":777280,"segment":0,"interval":1,"start_time":1612455335000},{"elapsed_time":778280,"segment":0,"interval":1,"start_time":1612455336000},{"elapsed_time":779280,"segment":0,"interval":1,"start_time":1612455337000},{"elapsed_time":780280,"segment":0,"interval":1,"start_time":1612455338000},{"elapsed_time":781280,"segment":0,"interval":1,"start_time":1612455339000},{"elapsed_time":783280,"segment":0,"interval":1,"start_time":1612455341000},{"elapsed_time":785280,"segment":0,"interval":1,"start_time":1612455343000},{"elapsed_time":787280,"segment":0,"interval":1,"start_time":1612455345000},{"elapsed_time":788280,"segment":0,"interval":1,"start_time":1612455346000},{"elapsed_time":789280,"segment":0,"interval":1,"start_time":1612455347000},{"elapsed_time":790280,"segment":0,"interval":1,"start_time":1612455348000},{"elapsed_time":791280,"segment":0,"interval":1,"start_time":1612455349000},{"elapsed_time":792280,"segment":0,"interval":1,"start_time":1612455350000},{"elapsed_time":793280,"segment":0,"interval":1,"start_time":1612455351000},{"elapsed_time":794280,"segment":0,"interval":1,"start_time":1612455352000},{"elapsed_time":796280,"segment":0,"interval":1,"start_time":1612455354000},{"elapsed_time":798280,"segment":0,"interval":1,"start_time":1612455356000},{"elapsed_time":800280,"segment":0,"interval":1,"start_time":1612455358000},{"elapsed_time":802280,"segment":0,"interval":1,"start_time":1612455360000},{"elapsed_time":804280,"segment":0,"interval":1,"start_time":1612455362000},{"elapsed_time":814280,"segment":0,"interval":1,"start_time":1612455372000},{"elapsed_time":817280,"segment":0,"interval":1,"start_time":1612455375000},{"elapsed_time":819280,"segment":0,"interval":1,"start_time":1612455377000},{"elapsed_time":821280,"segment":0,"interval":1,"start_time":1612455379000},{"elapsed_time":824280,"segment":0,"interval":1,"start_time":1612455382000},{"elapsed_time":834280,"segment":0,"interval":1,"start_time":1612455392000},{"elapsed_time":844280,"segment":0,"interval":1,"start_time":1612455402000},{"elapsed_time":854280,"segment":0,"interval":1,"start_time":1612455412000},{"elapsed_time":864280,"segment":0,"interval":1,"start_time":1612455422000},{"elapsed_time":867280,"segment":0,"interval":1,"start_time":1612455425000},{"elapsed_time":869280,"segment":0,"interval":1,"start_time":1612455427000},{"elapsed_time":871280,"segment":0,"interval":1,"start_time":1612455429000},{"elapsed_time":873280,"segment":0,"interval":1,"start_time":1612455431000},{"elapsed_time":875280,"segment":0,"interval":1,"start_time":1612455433000},{"elapsed_time":877280,"segment":0,"interval":1,"start_time":1612455435000},{"elapsed_time":879280,"segment":0,"interval":1,"start_time":1612455437000},{"elapsed_time":881280,"segment":0,"interval":1,"start_time":1612455439000},{"elapsed_time":883280,"segment":0,"interval":1,"start_time":1612455441000},{"elapsed_time":885280,"segment":0,"interval":1,"start_time":1612455443000},{"elapsed_time":887280,"segment":0,"interval":1,"start_time":1612455445000},{"elapsed_time":889280,"segment":0,"interval":1,"start_time":1612455447000},{"elapsed_time":891280,"segment":0,"interval":1,"start_time":1612455449000},{"elapsed_time":901280,"segment":0,"interval":1,"start_time":1612455459000},{"elapsed_time":911280,"segment":0,"interval":1,"start_time":1612455469000},{"elapsed_time":921280,"segment":0,"interval":1,"start_time":1612455479000},{"elapsed_time":931280,"segment":0,"interval":1,"start_time":1612455489000},{"elapsed_time":934280,"segment":0,"interval":1,"start_time":1612455492000},{"elapsed_time":936280,"segment":0,"interval":1,"start_time":1612455494000},{"elapsed_time":938280,"segment":0,"interval":1,"start_time":1612455496000},{"elapsed_time":940280,"segment":0,"interval":1,"start_time":1612455498000},{"elapsed_time":942280,"segment":0,"interval":1,"start_time":1612455500000},{"elapsed_time":944280,"segment":0,"interval":1,"start_time":1612455502000},{"elapsed_time":946280,"segment":0,"interval":1,"start_time":1612455504000},{"elapsed_time":948280,"segment":0,"interval":1,"start_time":1612455506000},{"elapsed_time":955280,"segment":0,"interval":1,"start_time":1612455513000},{"elapsed_time":960280,"segment":0,"interval":1,"start_time":1612455518000},{"elapsed_time":967280,"segment":0,"interval":1,"start_time":1612455525000},{"elapsed_time":969280,"segment":0,"interval":1,"start_time":1612455527000},{"elapsed_time":971280,"segment":0,"interval":1,"start_time":1612455529000},{"elapsed_time":973280,"segment":0,"interval":1,"start_time":1612455531000},{"elapsed_time":975280,"segment":0,"interval":1,"start_time":1612455533000},{"elapsed_time":977280,"segment":0,"interval":1,"start_time":1612455535000},{"elapsed_time":979280,"segment":0,"interval":1,"start_time":1612455537000},{"elapsed_time":981280,"segment":0,"interval":1,"start_time":1612455539000},{"elapsed_time":983280,"segment":0,"interval":1,"start_time":1612455541000},{"elapsed_time":985280,"segment":0,"interval":1,"start_time":1612455543000},{"elapsed_time":986280,"segment":0,"interval":1,"start_time":1612455544000},{"elapsed_time":987280,"segment":0,"interval":1,"start_time":1612455545000},{"elapsed_time":988280,"segment":0,"interval":1,"start_time":1612455546000},{"elapsed_time":989280,"segment":0,"interval":1,"start_time":1612455547000},{"elapsed_time":990280,"segment":0,"interval":1,"start_time":1612455548000},{"elapsed_time":991280,"segment":0,"interval":1,"start_time":1612455549000},{"elapsed_time":993280,"segment":0,"interval":1,"start_time":1612455551000},{"elapsed_time":995280,"segment":0,"interval":1,"start_time":1612455553000},{"elapsed_time":997280,"segment":0,"interval":1,"start_time":1612455555000},{"elapsed_time":999280,"segment":0,"interval":1,"start_time":1612455557000},{"elapsed_time":1001280,"segment":0,"interval":1,"start_time":1612455559000},{"elapsed_time":1003280,"segment":0,"interval":1,"start_time":1612455561000},{"elapsed_time":1005280,"segment":0,"interval":1,"start_time":1612455563000},{"elapsed_time":1007280,"segment":0,"interval":1,"start_time":1612455565000},{"elapsed_time":1009280,"segment":0,"interval":1,"start_time":1612455567000},{"elapsed_time":1011280,"segment":0,"interval":1,"start_time":1612455569000},{"elapsed_time":1013280,"segment":0,"interval":1,"start_time":1612455571000},{"elapsed_time":1015280,"segment":0,"interval":1,"start_time":1612455573000},{"elapsed_time":1017280,"segment":0,"interval":1,"start_time":1612455575000},{"elapsed_time":1019280,"segment":0,"interval":1,"start_time":1612455577000},{"elapsed_time":1021280,"segment":0,"interval":1,"start_time":1612455579000},{"elapsed_time":1023280,"segment":0,"interval":1,"start_time":1612455581000},{"elapsed_time":1025280,"segment":0,"interval":1,"start_time":1612455583000},{"elapsed_time":1035280,"segment":0,"interval":1,"start_time":1612455593000},{"elapsed_time":1045280,"segment":0,"interval":1,"start_time":1612455603000},{"elapsed_time":1055280,"segment":0,"interval":1,"start_time":1612455613000},{"elapsed_time":1059280,"segment":0,"interval":1,"start_time":1612455617000},{"elapsed_time":1063280,"segment":0,"interval":1,"start_time":1612455621000},{"elapsed_time":1068280,"segment":0,"interval":1,"start_time":1612455626000},{"elapsed_time":1072280,"segment":0,"interval":1,"start_time":1612455630000},{"elapsed_time":1076280,"segment":0,"interval":1,"start_time":1612455634000},{"elapsed_time":1080280,"segment":0,"interval":1,"start_time":1612455638000},{"elapsed_time":1084280,"segment":0,"interval":1,"start_time":1612455642000},{"elapsed_time":1088280,"segment":0,"interval":1,"start_time":1612455646000},{"elapsed_time":1093280,"segment":0,"interval":1,"start_time":1612455651000},{"elapsed_time":1097280,"segment":0,"interval":1,"start_time":1612455655000},{"elapsed_time":1107280,"segment":0,"interval":1,"start_time":1612455665000},{"elapsed_time":1117280,"segment":0,"interval":1,"start_time":1612455675000},{"elapsed_time":1127280,"segment":0,"interval":1,"start_time":1612455685000},{"elapsed_time":1137280,"segment":0,"interval":1,"start_time":1612455695000},{"elapsed_time":1147280,"segment":0,"interval":1,"start_time":1612455705000},{"elapsed_time":1157280,"segment":0,"interval":1,"start_time":1612455715000},{"elapsed_time":1167280,"segment":0,"interval":1,"start_time":1612455725000},{"elapsed_time":1170280,"segment":0,"interval":1,"start_time":1612455728000},{"elapsed_time":1172280,"segment":0,"interval":1,"start_time":1612455730000},{"elapsed_time":1174280,"segment":0,"interval":1,"start_time":1612455732000},{"elapsed_time":1176280,"segment":0,"interval":1,"start_time":1612455734000},{"elapsed_time":1178280,"segment":0,"interval":1,"start_time":1612455736000},{"elapsed_time":1180280,"segment":0,"interval":1,"start_time":1612455738000},{"elapsed_time":1182280,"segment":0,"interval":1,"start_time":1612455740000},{"elapsed_time":1185280,"segment":0,"interval":1,"start_time":1612455743000},{"elapsed_time":1187280,"segment":0,"interval":1,"start_time":1612455745000},{"elapsed_time":1189280,"segment":0,"interval":1,"start_time":1612455747000},{"elapsed_time":1190280,"segment":0,"interval":1,"start_time":1612455748000},{"elapsed_time":1191280,"segment":0,"interval":1,"start_time":1612455749000},{"elapsed_time":1192280,"segment":0,"interval":1,"start_time":1612455750000},{"elapsed_time":1193280,"segment":0,"interval":1,"start_time":1612455751000},{"elapsed_time":1195280,"segment":0,"interval":1,"start_time":1612455753000},{"elapsed_time":1197280,"segment":0,"interval":1,"start_time":1612455755000},{"elapsed_time":1199280,"segment":0,"interval":1,"start_time":1612455757000},{"elapsed_time":1201280,"segment":0,"interval":1,"start_time":1612455759000},{"elapsed_time":1203280,"segment":0,"interval":1,"start_time":1612455761000},{"elapsed_time":1205280,"segment":0,"interval":1,"start_time":1612455763000},{"elapsed_time":1207280,"segment":0,"interval":1,"start_time":1612455765000},{"elapsed_time":1209280,"segment":0,"interval":1,"start_time":1612455767000},{"elapsed_time":1211280,"segment":0,"interval":1,"start_time":1612455769000},{"elapsed_time":1214280,"segment":0,"interval":1,"start_time":1612455772000},{"elapsed_time":1219280,"segment":0,"interval":1,"start_time":1612455777000},{"elapsed_time":1229280,"segment":0,"interval":1,"start_time":1612455787000},{"elapsed_time":1233280,"segment":0,"interval":1,"start_time":1612455791000},{"elapsed_time":1235280,"segment":0,"interval":1,"start_time":1612455793000},{"elapsed_time":1237280,"segment":0,"interval":1,"start_time":1612455795000},{"elapsed_time":1239280,"segment":0,"interval":1,"start_time":1612455797000},{"elapsed_time":1241280,"segment":0,"interval":1,"start_time":1612455799000},{"elapsed_time":1243280,"segment":0,"interval":1,"start_time":1612455801000},{"elapsed_time":1245280,"segment":0,"interval":1,"start_time":1612455803000},{"elapsed_time":1247280,"segment":0,"interval":1,"start_time":1612455805000},{"elapsed_time":1249280,"segment":0,"interval":1,"start_time":1612455807000},{"elapsed_time":1251280,"segment":0,"interval":1,"start_time":1612455809000},{"elapsed_time":1253280,"segment":0,"interval":1,"start_time":1612455811000},{"elapsed_time":1255280,"segment":0,"interval":1,"start_time":1612455813000},{"elapsed_time":1257280,"segment":0,"interval":1,"start_time":1612455815000},{"elapsed_time":1259280,"segment":0,"interval":1,"start_time":1612455817000},{"elapsed_time":1260280,"segment":0,"interval":1,"start_time":1612455818000},{"elapsed_time":1261280,"segment":0,"interval":1,"start_time":1612455819000},{"elapsed_time":1262280,"segment":0,"interval":1,"start_time":1612455820000},{"elapsed_time":1264280,"segment":0,"interval":1,"start_time":1612455822000},{"elapsed_time":1265280,"segment":0,"interval":1,"start_time":1612455823000},{"elapsed_time":1266280,"segment":0,"interval":1,"start_time":1612455824000},{"elapsed_time":1267280,"segment":0,"interval":1,"start_time":1612455825000},{"elapsed_time":1268280,"segment":0,"interval":1,"start_time":1612455826000},{"elapsed_time":1269280,"segment":0,"interval":1,"start_time":1612455827000},{"elapsed_time":1270280,"segment":0,"interval":1,"start_time":1612455828000},{"elapsed_time":1271280,"segment":0,"interval":1,"start_time":1612455829000},{"elapsed_time":1272280,"segment":0,"interval":1,"start_time":1612455830000},{"elapsed_time":1274280,"segment":0,"interval":1,"start_time":1612455832000},{"elapsed_time":1275280,"segment":0,"interval":1,"start_time":1612455833000},{"elapsed_time":1276280,"segment":0,"interval":1,"start_time":1612455834000},{"elapsed_time":1278280,"segment":0,"interval":1,"start_time":1612455836000},{"elapsed_time":1280280,"segment":0,"interval":1,"start_time":1612455838000},{"elapsed_time":1282280,"segment":0,"interval":1,"start_time":1612455840000},{"elapsed_time":1284280,"segment":0,"interval":1,"start_time":1612455842000},{"elapsed_time":1286280,"segment":0,"interval":1,"start_time":1612455844000},{"elapsed_time":1288280,"segment":0,"interval":1,"start_time":1612455846000},{"elapsed_time":1290280,"segment":0,"interval":1,"start_time":1612455848000},{"elapsed_time":1292280,"segment":0,"interval":1,"start_time":1612455850000},{"elapsed_time":1294280,"segment":0,"interval":1,"start_time":1612455852000},{"elapsed_time":1296280,"segment":0,"interval":1,"start_time":1612455854000},{"elapsed_time":1298280,"segment":0,"interval":1,"start_time":1612455856000},{"elapsed_time":1300280,"segment":0,"interval":1,"start_time":1612455858000},{"elapsed_time":1302280,"segment":0,"interval":1,"start_time":1612455860000},{"elapsed_time":1304280,"segment":0,"interval":1,"start_time":1612455862000},{"elapsed_time":1306280,"segment":0,"interval":1,"start_time":1612455864000},{"elapsed_time":1308280,"segment":0,"interval":1,"start_time":1612455866000},{"elapsed_time":1310280,"segment":0,"interval":1,"start_time":1612455868000},{"elapsed_time":1312280,"segment":0,"interval":1,"start_time":1612455870000},{"elapsed_time":1314280,"segment":0,"interval":1,"start_time":1612455872000},{"elapsed_time":1316280,"segment":0,"interval":1,"start_time":1612455874000},{"elapsed_time":1318280,"segment":0,"interval":1,"start_time":1612455876000},{"elapsed_time":1320280,"segment":0,"interval":1,"start_time":1612455878000},{"elapsed_time":1322280,"segment":0,"interval":1,"start_time":1612455880000},{"elapsed_time":1324280,"segment":0,"interval":1,"start_time":1612455882000},{"elapsed_time":1326280,"segment":0,"interval":1,"start_time":1612455884000},{"elapsed_time":1328280,"segment":0,"interval":1,"start_time":1612455886000},{"elapsed_time":1330280,"segment":0,"interval":1,"start_time":1612455888000},{"elapsed_time":1332280,"segment":0,"interval":1,"start_time":1612455890000},{"elapsed_time":1334280,"segment":0,"interval":1,"start_time":1612455892000},{"elapsed_time":1344280,"segment":0,"interval":1,"start_time":1612455902000},{"elapsed_time":1354280,"segment":0,"interval":1,"start_time":1612455912000},{"elapsed_time":1364280,"segment":0,"interval":1,"start_time":1612455922000},{"elapsed_time":1374280,"segment":0,"interval":1,"start_time":1612455932000},{"elapsed_time":1384280,"segment":0,"interval":1,"start_time":1612455942000},{"elapsed_time":1394280,"segment":0,"interval":1,"start_time":1612455952000},{"elapsed_time":1404280,"segment":0,"interval":1,"start_time":1612455962000},{"elapsed_time":1412280,"segment":0,"interval":1,"start_time":1612455970000},{"elapsed_time":1415280,"segment":0,"interval":1,"start_time":1612455973000},{"elapsed_time":1417280,"segment":0,"interval":1,"start_time":1612455975000},{"elapsed_time":1419280,"segment":0,"interval":1,"start_time":1612455977000},{"elapsed_time":1421280,"segment":0,"interval":1,"start_time":1612455979000},{"elapsed_time":1423280,"segment":0,"interval":1,"start_time":1612455981000},{"elapsed_time":1425280,"segment":0,"interval":1,"start_time":1612455983000},{"elapsed_time":1427280,"segment":0,"interval":1,"start_time":1612455985000},{"elapsed_time":1429280,"segment":0,"interval":1,"start_time":1612455987000},{"elapsed_time":1431280,"segment":0,"interval":1,"start_time":1612455989000},{"elapsed_time":1433280,"segment":0,"interval":1,"start_time":1612455991000},{"elapsed_time":1435280,"segment":0,"interval":1,"start_time":1612455993000},{"elapsed_time":1437280,"segment":0,"interval":1,"start_time":1612455995000},{"elapsed_time":1439280,"segment":0,"interval":1,"start_time":1612455997000},{"elapsed_time":1441280,"segment":0,"interval":1,"start_time":1612455999000},{"elapsed_time":1443280,"segment":0,"interval":1,"start_time":1612456001000},{"elapsed_time":1445280,"segment":0,"interval":1,"start_time":1612456003000},{"elapsed_time":1447280,"segment":0,"interval":1,"start_time":1612456005000},{"elapsed_time":1449280,"segment":0,"interval":1,"start_time":1612456007000},{"elapsed_time":1451280,"segment":0,"interval":1,"start_time":1612456009000},{"elapsed_time":1453280,"segment":0,"interval":1,"start_time":1612456011000},{"elapsed_time":1455280,"segment":0,"interval":1,"start_time":1612456013000},{"elapsed_time":1457280,"segment":0,"interval":1,"start_time":1612456015000},{"elapsed_time":1458280,"segment":0,"interval":1,"start_time":1612456016000},{"elapsed_time":1459280,"segment":0,"interval":1,"start_time":1612456017000},{"elapsed_time":1460280,"segment":0,"interval":1,"start_time":1612456018000},{"elapsed_time":1461280,"segment":0,"interval":1,"start_time":1612456019000},{"elapsed_time":1462280,"segment":0,"interval":1,"start_time":1612456020000},{"elapsed_time":1463280,"segment":0,"interval":1,"start_time":1612456021000},{"elapsed_time":1464280,"segment":0,"interval":1,"start_time":1612456022000},{"elapsed_time":1465280,"segment":0,"interval":1,"start_time":1612456023000},{"elapsed_time":1466280,"segment":0,"interval":1,"start_time":1612456024000},{"elapsed_time":1467280,"segment":0,"interval":1,"start_time":1612456025000},{"elapsed_time":1468280,"segment":0,"interval":1,"start_time":1612456026000},{"elapsed_time":1469280,"segment":0,"interval":1,"start_time":1612456027000},{"elapsed_time":1470280,"segment":0,"interval":1,"start_time":1612456028000},{"elapsed_time":1471280,"segment":0,"interval":1,"start_time":1612456029000},{"elapsed_time":1472280,"segment":0,"interval":1,"start_time":1612456030000},{"elapsed_time":1473280,"segment":0,"interval":1,"start_time":1612456031000},{"elapsed_time":1474280,"segment":0,"interval":1,"start_time":1612456032000},{"elapsed_time":1476280,"segment":0,"interval":1,"start_time":1612456034000},{"elapsed_time":1477280,"segment":0,"interval":1,"start_time":1612456035000},{"elapsed_time":1479280,"segment":0,"interval":1,"start_time":1612456037000},{"elapsed_time":1480280,"segment":0,"interval":1,"start_time":1612456038000},{"elapsed_time":1481280,"segment":0,"interval":1,"start_time":1612456039000},{"elapsed_time":1483280,"segment":0,"interval":1,"start_time":1612456041000},{"elapsed_time":1485280,"segment":0,"interval":1,"start_time":1612456043000},{"elapsed_time":1487280,"segment":0,"interval":1,"start_time":1612456045000},{"elapsed_time":1489280,"segment":0,"interval":1,"start_time":1612456047000},{"elapsed_time":1491280,"segment":0,"interval":1,"start_time":1612456049000},{"elapsed_time":1492280,"segment":0,"interval":1,"start_time":1612456050000},{"elapsed_time":1493280,"segment":0,"interval":1,"start_time":1612456051000},{"elapsed_time":1494280,"segment":0,"interval":1,"start_time":1612456052000},{"elapsed_time":1496280,"segment":0,"interval":1,"start_time":1612456054000},{"elapsed_time":1498280,"segment":0,"interval":1,"start_time":1612456056000},{"elapsed_time":1500280,"segment":0,"interval":1,"start_time":1612456058000},{"elapsed_time":1502280,"segment":0,"interval":1,"start_time":1612456060000},{"elapsed_time":1504280,"segment":0,"interval":1,"start_time":1612456062000},{"elapsed_time":1505280,"segment":0,"interval":1,"start_time":1612456063000},{"elapsed_time":1506280,"segment":0,"interval":1,"start_time":1612456064000},{"elapsed_time":1508280,"segment":0,"interval":1,"start_time":1612456066000},{"elapsed_time":1510280,"segment":0,"interval":1,"start_time":1612456068000},{"elapsed_time":1512280,"segment":0,"interval":1,"start_time":1612456070000},{"elapsed_time":1515280,"segment":0,"interval":1,"start_time":1612456073000},{"elapsed_time":1518280,"segment":0,"interval":1,"start_time":1612456076000},{"elapsed_time":1521280,"segment":0,"interval":1,"start_time":1612456079000},{"elapsed_time":1524280,"segment":0,"interval":1,"start_time":1612456082000},{"elapsed_time":1527280,"segment":0,"interval":1,"start_time":1612456085000},{"elapsed_time":1536280,"segment":0,"interval":1,"start_time":1612456094000},{"elapsed_time":1538280,"segment":0,"interval":1,"start_time":1612456096000},{"elapsed_time":1541280,"segment":0,"interval":1,"start_time":1612456099000},{"elapsed_time":1551280,"segment":0,"interval":1,"start_time":1612456109000},{"elapsed_time":1559280,"segment":0,"interval":1,"start_time":1612456117000},{"elapsed_time":1562280,"segment":0,"interval":1,"start_time":1612456120000},{"elapsed_time":1564280,"segment":0,"interval":1,"start_time":1612456122000},{"elapsed_time":1567280,"segment":0,"interval":1,"start_time":1612456125000},{"elapsed_time":1577280,"segment":0,"interval":1,"start_time":1612456135000},{"elapsed_time":1587280,"segment":0,"interval":1,"start_time":1612456145000},{"elapsed_time":1590280,"segment":0,"interval":1,"start_time":1612456148000},{"elapsed_time":1592280,"segment":0,"interval":1,"start_time":1612456150000},{"elapsed_time":1594280,"segment":0,"interval":1,"start_time":1612456152000},{"elapsed_time":1596280,"segment":0,"interval":1,"start_time":1612456154000},{"elapsed_time":1598280,"segment":0,"interval":1,"start_time":1612456156000},{"elapsed_time":1600280,"segment":0,"interval":1,"start_time":1612456158000},{"elapsed_time":1602280,"segment":0,"interval":1,"start_time":1612456160000},{"elapsed_time":1604280,"segment":0,"interval":1,"start_time":1612456162000},{"elapsed_time":1606280,"segment":0,"interval":1,"start_time":1612456164000},{"elapsed_time":1608280,"segment":0,"interval":1,"start_time":1612456166000},{"elapsed_time":1610280,"segment":0,"interval":1,"start_time":1612456168000},{"elapsed_time":1612280,"segment":0,"interval":1,"start_time":1612456170000},{"elapsed_time":1614280,"segment":0,"interval":1,"start_time":1612456172000},{"elapsed_time":1616280,"segment":0,"interval":1,"start_time":1612456174000},{"elapsed_time":1618280,"segment":0,"interval":1,"start_time":1612456176000},{"elapsed_time":1620280,"segment":0,"interval":1,"start_time":1612456178000},{"elapsed_time":1622280,"segment":0,"interval":1,"start_time":1612456180000},{"elapsed_time":1624280,"segment":0,"interval":1,"start_time":1612456182000},{"elapsed_time":1626280,"segment":0,"interval":1,"start_time":1612456184000},{"elapsed_time":1628280,"segment":0,"interval":1,"start_time":1612456186000},{"elapsed_time":1630280,"segment":0,"interval":1,"start_time":1612456188000},{"elapsed_time":1633280,"segment":0,"interval":1,"start_time":1612456191000},{"elapsed_time":1636280,"segment":0,"interval":1,"start_time":1612456194000},{"elapsed_time":1638280,"segment":0,"interval":1,"start_time":1612456196000},{"elapsed_time":1640280,"segment":0,"interval":1,"start_time":1612456198000},{"elapsed_time":1642280,"segment":0,"interval":1,"start_time":1612456200000},{"elapsed_time":1645280,"segment":0,"interval":1,"start_time":1612456203000},{"elapsed_time":1648280,"segment":0,"interval":1,"start_time":1612456206000},{"elapsed_time":1652280,"segment":0,"interval":1,"start_time":1612456210000},{"elapsed_time":1654280,"segment":0,"interval":1,"start_time":1612456212000},{"elapsed_time":1656280,"segment":0,"interval":1,"start_time":1612456214000},{"elapsed_time":1658280,"segment":0,"interval":1,"start_time":1612456216000},{"elapsed_time":1660280,"segment":0,"interval":1,"start_time":1612456218000},{"elapsed_time":1662280,"segment":0,"interval":1,"start_time":1612456220000},{"elapsed_time":1664280,"segment":0,"interval":1,"start_time":1612456222000},{"elapsed_time":1666280,"segment":0,"interval":1,"start_time":1612456224000},{"elapsed_time":1668280,"segment":0,"interval":1,"start_time":1612456226000},{"elapsed_time":1670280,"segment":0,"interval":1,"start_time":1612456228000},{"elapsed_time":1672280,"segment":0,"interval":1,"start_time":1612456230000},{"elapsed_time":1674280,"segment":0,"interval":1,"start_time":1612456232000},{"elapsed_time":1676280,"segment":0,"interval":1,"start_time":1612456234000},{"elapsed_time":1678280,"segment":0,"interval":1,"start_time":1612456236000},{"elapsed_time":1680280,"segment":0,"interval":1,"start_time":1612456238000},{"elapsed_time":1682280,"segment":0,"interval":1,"start_time":1612456240000},{"elapsed_time":1684280,"segment":0,"interval":1,"start_time":1612456242000},{"elapsed_time":1686280,"segment":0,"interval":1,"start_time":1612456244000},{"elapsed_time":1688280,"segment":0,"interval":1,"start_time":1612456246000},{"elapsed_time":1690280,"segment":0,"interval":1,"start_time":1612456248000},{"elapsed_time":1692280,"segment":0,"interval":1,"start_time":1612456250000},{"elapsed_time":1694280,"segment":0,"interval":1,"start_time":1612456252000},{"elapsed_time":1696280,"segment":0,"interval":1,"start_time":1612456254000},{"elapsed_time":1698280,"segment":0,"interval":1,"start_time":1612456256000},{"elapsed_time":1700280,"segment":0,"interval":1,"start_time":1612456258000},{"elapsed_time":1702280,"segment":0,"interval":1,"start_time":1612456260000},{"elapsed_time":1704280,"segment":0,"interval":1,"start_time":1612456262000},{"elapsed_time":1706280,"segment":0,"interval":1,"start_time":1612456264000},{"elapsed_time":1708280,"segment":0,"interval":1,"start_time":1612456266000},{"elapsed_time":1710280,"segment":0,"interval":1,"start_time":1612456268000},{"elapsed_time":1712280,"segment":0,"interval":1,"start_time":1612456270000},{"elapsed_time":1714280,"segment":0,"interval":1,"start_time":1612456272000},{"elapsed_time":1716280,"segment":0,"interval":1,"start_time":1612456274000},{"elapsed_time":1718280,"segment":0,"interval":1,"start_time":1612456276000},{"elapsed_time":1720280,"segment":0,"interval":1,"start_time":1612456278000},{"elapsed_time":1722280,"segment":0,"interval":1,"start_time":1612456280000},{"elapsed_time":1724280,"segment":0,"interval":1,"start_time":1612456282000},{"elapsed_time":1726280,"segment":0,"interval":1,"start_time":1612456284000},{"elapsed_time":1728280,"segment":0,"interval":1,"start_time":1612456286000},{"elapsed_time":1730280,"segment":0,"interval":1,"start_time":1612456288000},{"elapsed_time":1732280,"segment":0,"interval":1,"start_time":1612456290000},{"elapsed_time":1734280,"segment":0,"interval":1,"start_time":1612456292000},{"elapsed_time":1736280,"segment":0,"interval":1,"start_time":1612456294000},{"elapsed_time":1738280,"segment":0,"interval":1,"start_time":1612456296000},{"elapsed_time":1742280,"segment":0,"interval":1,"start_time":1612456300000},{"elapsed_time":1744280,"segment":0,"interval":1,"start_time":1612456302000},{"elapsed_time":1746280,"segment":0,"interval":1,"start_time":1612456304000},{"elapsed_time":1748280,"segment":0,"interval":1,"start_time":1612456306000},{"elapsed_time":1750280,"segment":0,"interval":1,"start_time":1612456308000},{"elapsed_time":1752280,"segment":0,"interval":1,"start_time":1612456310000},{"elapsed_time":1754280,"segment":0,"interval":1,"start_time":1612456312000},{"elapsed_time":1756280,"segment":0,"interval":1,"start_time":1612456314000},{"elapsed_time":1758280,"segment":0,"interval":1,"start_time":1612456316000},{"elapsed_time":1760280,"segment":0,"interval":1,"start_time":1612456318000},{"elapsed_time":1762280,"segment":0,"interval":1,"start_time":1612456320000},{"elapsed_time":1765280,"segment":0,"interval":1,"start_time":1612456323000},{"elapsed_time":1768280,"segment":0,"interval":1,"start_time":1612456326000},{"elapsed_time":1771280,"segment":0,"interval":1,"start_time":1612456329000},{"elapsed_time":1774280,"segment":0,"interval":1,"start_time":1612456332000},{"elapsed_time":1781280,"segment":0,"interval":1,"start_time":1612456339000},{"elapsed_time":1791280,"segment":0,"interval":1,"start_time":1612456349000},{"elapsed_time":1801280,"segment":0,"interval":1,"start_time":1612456359000},{"elapsed_time":1811280,"segment":0,"interval":1,"start_time":1612456369000},{"elapsed_time":1814280,"segment":0,"interval":1,"start_time":1612456372000},{"elapsed_time":1821280,"segment":0,"interval":1,"start_time":1612456379000},{"elapsed_time":1823280,"segment":0,"interval":1,"start_time":1612456381000},{"elapsed_time":1825280,"segment":0,"interval":1,"start_time":1612456383000},{"elapsed_time":1827280,"segment":0,"interval":1,"start_time":1612456385000},{"elapsed_time":1829280,"segment":0,"interval":1,"start_time":1612456387000},{"elapsed_time":1830280,"segment":0,"interval":1,"start_time":1612456388000},{"elapsed_time":1831280,"segment":0,"interval":1,"start_time":1612456389000},{"elapsed_time":1832280,"segment":0,"interval":1,"start_time":1612456390000},{"elapsed_time":1833280,"segment":0,"interval":1,"start_time":1612456391000},{"elapsed_time":1834280,"segment":0,"interval":1,"start_time":1612456392000},{"elapsed_time":1835280,"segment":0,"interval":1,"start_time":1612456393000},{"elapsed_time":1837280,"segment":0,"interval":1,"start_time":1612456395000},{"elapsed_time":1838280,"segment":0,"interval":1,"start_time":1612456396000},{"elapsed_time":1840280,"segment":0,"interval":1,"start_time":1612456398000},{"elapsed_time":1842280,"segment":0,"interval":1,"start_time":1612456400000},{"elapsed_time":1844280,"segment":0,"interval":1,"start_time":1612456402000},{"elapsed_time":1846280,"segment":0,"interval":1,"start_time":1612456404000},{"elapsed_time":1848280,"segment":0,"interval":1,"start_time":1612456406000},{"elapsed_time":1850280,"segment":0,"interval":1,"start_time":1612456408000},{"elapsed_time":1852280,"segment":0,"interval":1,"start_time":1612456410000},{"elapsed_time":1854280,"segment":0,"interval":1,"start_time":1612456412000},{"elapsed_time":1856280,"segment":0,"interval":1,"start_time":1612456414000},{"elapsed_time":1858280,"segment":0,"interval":1,"start_time":1612456416000},{"elapsed_time":1860280,"segment":0,"interval":1,"start_time":1612456418000},{"elapsed_time":1863280,"segment":0,"interval":1,"start_time":1612456421000},{"elapsed_time":1866280,"segment":0,"interval":1,"start_time":1612456424000},{"elapsed_time":1876280,"segment":0,"interval":1,"start_time":1612456434000},{"elapsed_time":1886280,"segment":0,"interval":1,"start_time":1612456444000},{"elapsed_time":1896280,"segment":0,"interval":1,"start_time":1612456454000},{"elapsed_time":1906280,"segment":0,"interval":1,"start_time":1612456464000},{"elapsed_time":1916280,"segment":0,"interval":1,"start_time":1612456474000},{"elapsed_time":1926280,"segment":0,"interval":1,"start_time":1612456484000},{"elapsed_time":1936280,"segment":0,"interval":1,"start_time":1612456494000},{"elapsed_time":1946280,"segment":0,"interval":1,"start_time":1612456504000},{"elapsed_time":1956280,"segment":0,"interval":1,"start_time":1612456514000},{"elapsed_time":1966280,"segment":0,"interval":1,"start_time":1612456524000},{"elapsed_time":1976280,"segment":0,"interval":1,"start_time":1612456534000},{"elapsed_time":1986280,"segment":0,"interval":1,"start_time":1612456544000},{"elapsed_time":1996280,"segment":0,"interval":1,"start_time":1612456554000},{"elapsed_time":2005280,"segment":0,"interval":1,"start_time":1612456563000},{"elapsed_time":2008280,"segment":0,"interval":1,"start_time":1612456566000},{"elapsed_time":2011280,"segment":0,"interval":1,"start_time":1612456569000},{"elapsed_time":2013280,"segment":0,"interval":1,"start_time":1612456571000},{"elapsed_time":2015280,"segment":0,"interval":1,"start_time":1612456573000},{"elapsed_time":2025280,"segment":0,"interval":1,"start_time":1612456583000},{"elapsed_time":2034280,"segment":0,"interval":1,"start_time":1612456592000},{"elapsed_time":2039280,"segment":0,"interval":1,"start_time":1612456597000},{"elapsed_time":2042280,"segment":0,"interval":1,"start_time":1612456600000},{"elapsed_time":2044280,"segment":0,"interval":1,"start_time":1612456602000},{"elapsed_time":2046280,"segment":0,"interval":1,"start_time":1612456604000},{"elapsed_time":2048280,"segment":0,"interval":1,"start_time":1612456606000},{"elapsed_time":2050280,"segment":0,"interval":1,"start_time":1612456608000},{"elapsed_time":2052280,"segment":0,"interval":1,"start_time":1612456610000},{"elapsed_time":2054280,"segment":0,"interval":1,"start_time":1612456612000},{"elapsed_time":2056280,"segment":0,"interval":1,"start_time":1612456614000},{"elapsed_time":2058280,"segment":0,"interval":1,"start_time":1612456616000},{"elapsed_time":2060280,"segment":0,"interval":1,"start_time":1612456618000},{"elapsed_time":2062280,"segment":0,"interval":1,"start_time":1612456620000},{"elapsed_time":2064280,"segment":0,"interval":1,"start_time":1612456622000},{"elapsed_time":2066280,"segment":0,"interval":1,"start_time":1612456624000},{"elapsed_time":2068280,"segment":0,"interval":1,"start_time":1612456626000},{"elapsed_time":2070280,"segment":0,"interval":1,"start_time":1612456628000},{"elapsed_time":2072280,"segment":0,"interval":1,"start_time":1612456630000},{"elapsed_time":2074280,"segment":0,"interval":1,"start_time":1612456632000},{"elapsed_time":2076280,"segment":0,"interval":1,"start_time":1612456634000},{"elapsed_time":2078280,"segment":0,"interval":1,"start_time":1612456636000},{"elapsed_time":2085280,"segment":0,"interval":1,"start_time":1612456643000},{"elapsed_time":2095280,"segment":0,"interval":1,"start_time":1612456653000},{"elapsed_time":2105280,"segment":0,"interval":1,"start_time":1612456663000},{"elapsed_time":2110280,"segment":0,"interval":1,"start_time":1612456668000},{"elapsed_time":2113280,"segment":0,"interval":1,"start_time":1612456671000},{"elapsed_time":2114280,"segment":0,"interval":1,"start_time":1612456672000},{"elapsed_time":2115280,"segment":0,"interval":1,"start_time":1612456673000},{"elapsed_time":2116280,"segment":0,"interval":1,"start_time":1612456674000},{"elapsed_time":2117280,"segment":0,"interval":1,"start_time":1612456675000},{"elapsed_time":2118280,"segment":0,"interval":1,"start_time":1612456676000},{"elapsed_time":2120280,"segment":0,"interval":1,"start_time":1612456678000},{"elapsed_time":2122280,"segment":0,"interval":1,"start_time":1612456680000},{"elapsed_time":2124280,"segment":0,"interval":1,"start_time":1612456682000},{"elapsed_time":2126280,"segment":0,"interval":1,"start_time":1612456684000},{"elapsed_time":2128280,"segment":0,"interval":1,"start_time":1612456686000},{"elapsed_time":2130280,"segment":0,"interval":1,"start_time":1612456688000},{"elapsed_time":2132280,"segment":0,"interval":1,"start_time":1612456690000},{"elapsed_time":2134280,"segment":0,"interval":1,"start_time":1612456692000},{"elapsed_time":2136280,"segment":0,"interval":1,"start_time":1612456694000},{"elapsed_time":2138280,"segment":0,"interval":1,"start_time":1612456696000},{"elapsed_time":2140280,"segment":0,"interval":1,"start_time":1612456698000},{"elapsed_time":2142280,"segment":0,"interval":1,"start_time":1612456700000},{"elapsed_time":2144280,"segment":0,"interval":1,"start_time":1612456702000},{"elapsed_time":2146280,"segment":0,"interval":1,"start_time":1612456704000},{"elapsed_time":2148280,"segment":0,"interval":1,"start_time":1612456706000},{"elapsed_time":2150280,"segment":0,"interval":1,"start_time":1612456708000},{"elapsed_time":2152280,"segment":0,"interval":1,"start_time":1612456710000},{"elapsed_time":2154280,"segment":0,"interval":1,"start_time":1612456712000},{"elapsed_time":2156280,"segment":0,"interval":1,"start_time":1612456714000},{"elapsed_time":2158280,"segment":0,"interval":1,"start_time":1612456716000},{"elapsed_time":2160280,"segment":0,"interval":1,"start_time":1612456718000},{"elapsed_time":2162280,"segment":0,"interval":1,"start_time":1612456720000},{"elapsed_time":2164280,"segment":0,"interval":1,"start_time":1612456722000},{"elapsed_time":2166280,"segment":0,"interval":1,"start_time":1612456724000},{"elapsed_time":2168280,"segment":0,"interval":1,"start_time":1612456726000},{"elapsed_time":2170280,"segment":0,"interval":1,"start_time":1612456728000},{"elapsed_time":2172280,"segment":0,"interval":1,"start_time":1612456730000},{"elapsed_time":2174280,"segment":0,"interval":1,"start_time":1612456732000},{"elapsed_time":2176280,"segment":0,"interval":1,"start_time":1612456734000},{"elapsed_time":2178280,"segment":0,"interval":1,"start_time":1612456736000},{"elapsed_time":2180280,"segment":0,"interval":1,"start_time":1612456738000},{"elapsed_time":2182280,"segment":0,"interval":1,"start_time":1612456740000},{"elapsed_time":2184280,"segment":0,"interval":1,"start_time":1612456742000},{"elapsed_time":2186280,"segment":0,"interval":1,"start_time":1612456744000},{"elapsed_time":2189280,"segment":0,"interval":1,"start_time":1612456747000},{"elapsed_time":2192280,"segment":0,"interval":1,"start_time":1612456750000},{"elapsed_time":2196280,"segment":0,"interval":1,"start_time":1612456754000},{"elapsed_time":2206280,"segment":0,"interval":1,"start_time":1612456764000},{"elapsed_time":2216280,"segment":0,"interval":1,"start_time":1612456774000},{"elapsed_time":2220280,"segment":0,"interval":1,"start_time":1612456778000},{"elapsed_time":2223280,"segment":0,"interval":1,"start_time":1612456781000},{"elapsed_time":2229280,"segment":0,"interval":1,"start_time":1612456787000},{"elapsed_time":2234280,"segment":0,"interval":1,"start_time":1612456792000},{"elapsed_time":2238280,"segment":0,"interval":1,"start_time":1612456796000},{"elapsed_time":2242280,"segment":0,"interval":1,"start_time":1612456800000},{"elapsed_time":2252280,"segment":0,"interval":1,"start_time":1612456810000},{"elapsed_time":2256280,"segment":0,"interval":1,"start_time":1612456814000},{"elapsed_time":2258280,"segment":0,"interval":1,"start_time":1612456816000},{"elapsed_time":2260280,"segment":0,"interval":1,"start_time":1612456818000},{"elapsed_time":2262280,"segment":0,"interval":1,"start_time":1612456820000},{"elapsed_time":2264280,"segment":0,"interval":1,"start_time":1612456822000},{"elapsed_time":2266280,"segment":0,"interval":1,"start_time":1612456824000},{"elapsed_time":2267280,"segment":0,"interval":1,"start_time":1612456825000},{"elapsed_time":2268280,"segment":0,"interval":1,"start_time":1612456826000},{"elapsed_time":2270280,"segment":0,"interval":1,"start_time":1612456828000},{"elapsed_time":2272280,"segment":0,"interval":1,"start_time":1612456830000},{"elapsed_time":2274280,"segment":0,"interval":1,"start_time":1612456832000},{"elapsed_time":2276280,"segment":0,"interval":1,"start_time":1612456834000},{"elapsed_time":2278280,"segment":0,"interval":1,"start_time":1612456836000},{"elapsed_time":2280280,"segment":0,"interval":1,"start_time":1612456838000},{"elapsed_time":2282280,"segment":0,"interval":1,"start_time":1612456840000},{"elapsed_time":2284280,"segment":0,"interval":1,"start_time":1612456842000},{"elapsed_time":2286280,"segment":0,"interval":1,"start_time":1612456844000},{"elapsed_time":2288280,"segment":0,"interval":1,"start_time":1612456846000},{"elapsed_time":2290280,"segment":0,"interval":1,"start_time":1612456848000},{"elapsed_time":2292280,"segment":0,"interval":1,"start_time":1612456850000},{"elapsed_time":2294280,"segment":0,"interval":1,"start_time":1612456852000},{"elapsed_time":2296280,"segment":0,"interval":1,"start_time":1612456854000},{"elapsed_time":2305280,"segment":0,"interval":1,"start_time":1612456864940}]