[{"elapsed_time":0,"segment":0,"interval":1,"start_time":1611406217320},{"elapsed_time":130,"segment":0,"interval":1,"start_time":1611406217450},{"elapsed_time":2811,"segment":0,"interval":1,"start_time":1611406220131},{"elapsed_time":16860,"segment":0,"interval":1,"start_time":1611406234180},{"elapsed_time":20828,"segment":0,"interval":1,"start_time":1611406238148},{"elapsed_time":30865,"segment":0,"interval":1,"start_time":1611406248185},{"elapsed_time":40867,"segment":0,"interval":1,"start_time":1611406258187},{"elapsed_time":50868,"segment":0,"interval":1,"start_time":1611406268188},{"elapsed_time":55764,"segment":0,"interval":1,"start_time":1611406273084},{"elapsed_time":60760,"segment":0,"interval":1,"start_time":1611406278080},{"elapsed_time":60895,"segment":0,"interval":1,"start_time":1611406278215},{"elapsed_time":70762,"segment":0,"interval":1,"start_time":1611406288082},{"elapsed_time":70896,"segment":0,"interval":1,"start_time":1611406288216},{"elapsed_time":80769,"segment":0,"interval":1,"start_time":1611406298089},{"elapsed_time":80898,"segment":0,"interval":1,"start_time":1611406298218},{"elapsed_time":90762,"segment":0,"interval":1,"start_time":1611406308082},{"elapsed_time":90923,"segment":0,"interval":1,"start_time":1611406308243},{"elapsed_time":100766,"segment":0,"interval":1,"start_time":1611406318086},{"elapsed_time":100924,"segment":0,"interval":1,"start_time":1611406318244},{"elapsed_time":110772,"segment":0,"interval":1,"start_time":1611406328092},{"elapsed_time":110926,"segment":0,"interval":1,"start_time":1611406328246},{"elapsed_time":120953,"segment":0,"interval":1,"start_time":1611406338273},{"elapsed_time":125763,"segment":0,"interval":1,"start_time":1611406343083},{"elapsed_time":130954,"segment":0,"interval":1,"start_time":1611406348274},{"elapsed_time":135760,"segment":0,"interval":1,"start_time":1611406353080},{"elapsed_time":140956,"segment":0,"interval":1,"start_time":1611406358276},{"elapsed_time":145763,"segment":0,"interval":1,"start_time":1611406363083},{"elapsed_time":150757,"segment":0,"interval":1,"start_time":1611406368077},{"elapsed_time":150983,"segment":0,"interval":1,"start_time":1611406368303},{"elapsed_time":160767,"segment":0,"interval":1,"start_time":1611406378087},{"elapsed_time":160954,"segment":0,"interval":1,"start_time":1611406378274},{"elapsed_time":160987,"segment":0,"interval":1,"start_time":1611406378307},{"elapsed_time":170761,"segment":0,"interval":1,"start_time":1611406388081},{"elapsed_time":170988,"segment":0,"interval":1,"start_time":1611406388308},{"elapsed_time":177611,"segment":0,"interval":1,"start_time":1611406394931},{"elapsed_time":180012,"segment":0,"interval":1,"start_time":1611406397332},{"elapsed_time":180761,"segment":0,"interval":1,"start_time":1611406398081},{"elapsed_time":190014,"segment":0,"interval":1,"start_time":1611406407334},{"elapsed_time":190759,"segment":0,"interval":1,"start_time":1611406408079},{"elapsed_time":195431,"segment":0,"interval":1,"start_time":1611406412751},{"elapsed_time":200015,"segment":0,"interval":1,"start_time":1611406417335},{"elapsed_time":200756,"segment":0,"interval":1,"start_time":1611406418076},{"elapsed_time":210042,"segment":0,"interval":1,"start_time":1611406427362},{"elapsed_time":210762,"segment":0,"interval":1,"start_time":1611406428082},{"elapsed_time":225756,"segment":0,"interval":1,"start_time":1611406443076},{"elapsed_time":228045,"segment":0,"interval":1,"start_time":1611406445365},{"elapsed_time":230045,"segment":0,"interval":1,"start_time":1611406447365},{"elapsed_time":235761,"segment":0,"interval":1,"start_time":1611406453081},{"elapsed_time":239588,"segment":0,"interval":1,"start_time":1611406456908},{"elapsed_time":240073,"segment":0,"interval":1,"start_time":1611406457393},{"elapsed_time":245755,"segment":0,"interval":1,"start_time":1611406463075},{"elapsed_time":250076,"segment":0,"interval":1,"start_time":1611406467396},{"elapsed_time":250763,"segment":0,"interval":1,"start_time":1611406468083},{"elapsed_time":260079,"segment":0,"interval":1,"start_time":1611406477399},{"elapsed_time":260763,"segment":0,"interval":1,"start_time":1611406478083},{"elapsed_time":267891,"segment":0,"interval":1,"start_time":1611406485211},{"elapsed_time":270100,"segment":0,"interval":1,"start_time":1611406487420},{"elapsed_time":270757,"segment":0,"interval":1,"start_time":1611406488077},{"elapsed_time":280105,"segment":0,"interval":1,"start_time":1611406497425},{"elapsed_time":280764,"segment":0,"interval":1,"start_time":1611406498084},{"elapsed_time":290109,"segment":0,"interval":1,"start_time":1611406507429},{"elapsed_time":290763,"segment":0,"interval":1,"start_time":1611406508083},{"elapsed_time":295523,"segment":0,"interval":1,"start_time":1611406512843},{"elapsed_time":300758,"segment":0,"interval":1,"start_time":1611406518078},{"elapsed_time":310754,"segment":0,"interval":1,"start_time":1611406528074},{"elapsed_time":324968,"segment":0,"interval":1,"start_time":1611406542288},{"elapsed_time":325754,"segment":0,"interval":1,"start_time":1611406543074},{"elapsed_time":335763,"segment":0,"interval":1,"start_time":1611406553083},{"elapsed_time":345765,"segment":0,"interval":1,"start_time":1611406563085},{"elapsed_time":348370,"segment":0,"interval":1,"start_time":1611406565690},{"elapsed_time":350760,"segment":0,"interval":1,"start_time":1611406568080},{"elapsed_time":360763,"segment":0,"interval":1,"start_time":1611406578083},{"elapsed_time":370762,"segment":0,"interval":1,"start_time":1611406588082},{"elapsed_time":375488,"segment":0,"interval":1,"start_time":1611406592808},{"elapsed_time":380763,"segment":0,"interval":1,"start_time":1611406598083},{"elapsed_time":390755,"segment":0,"interval":1,"start_time":1611406608075},{"elapsed_time":397224,"segment":0,"interval":1,"start_time":1611406614544},{"elapsed_time":400224,"segment":0,"interval":1,"start_time":1611406617544},{"elapsed_time":400762,"segment":0,"interval":1,"start_time":1611406618082},{"elapsed_time":402420,"segment":0,"interval":1,"start_time":1611406619740},{"elapsed_time":410228,"segment":0,"interval":1,"start_time":1611406627548},{"elapsed_time":410772,"segment":0,"interval":1,"start_time":1611406628092},{"elapsed_time":420229,"segment":0,"interval":1,"start_time":1611406637549},{"elapsed_time":423545,"segment":0,"interval":1,"start_time":1611406640865},{"elapsed_time":425763,"segment":0,"interval":1,"start_time":1611406643083},{"elapsed_time":430258,"segment":0,"interval":1,"start_time":1611406647578},{"elapsed_time":435763,"segment":0,"interval":1,"start_time":1611406653083},{"elapsed_time":438270,"segment":0,"interval":1,"start_time":1611406655590},{"elapsed_time":440259,"segment":0,"interval":1,"start_time":1611406657579},{"elapsed_time":440763,"segment":0,"interval":1,"start_time":1611406658083},{"elapsed_time":449361,"segment":0,"interval":1,"start_time":1611406666681},{"elapsed_time":450262,"segment":0,"interval":1,"start_time":1611406667582},{"elapsed_time":450766,"segment":0,"interval":1,"start_time":1611406668086},{"elapsed_time":460294,"segment":0,"interval":1,"start_time":1611406677614},{"elapsed_time":460704,"segment":0,"interval":1,"start_time":1611406678024},{"elapsed_time":460762,"segment":0,"interval":1,"start_time":1611406678082},{"elapsed_time":470316,"segment":0,"interval":1,"start_time":1611406687636},{"elapsed_time":470765,"segment":0,"interval":1,"start_time":1611406688085},{"elapsed_time":472221,"segment":0,"interval":1,"start_time":1611406689541},{"elapsed_time":480323,"segment":0,"interval":1,"start_time":1611406697643},{"elapsed_time":480762,"segment":0,"interval":1,"start_time":1611406698082},{"elapsed_time":485457,"segment":0,"interval":1,"start_time":1611406702777},{"elapsed_time":486810,"segment":0,"interval":1,"start_time":1611406704130},{"elapsed_time":490311,"segment":0,"interval":1,"start_time":1611406707631},{"elapsed_time":490770,"segment":0,"interval":1,"start_time":1611406708090},{"elapsed_time":500314,"segment":0,"interval":1,"start_time":1611406717634},{"elapsed_time":500337,"segment":0,"interval":1,"start_time":1611406717657},{"elapsed_time":500766,"segment":0,"interval":1,"start_time":1611406718086},{"elapsed_time":510315,"segment":0,"interval":1,"start_time":1611406727635},{"elapsed_time":510762,"segment":0,"interval":1,"start_time":1611406728082},{"elapsed_time":516542,"segment":0,"interval":1,"start_time":1611406733862},{"elapsed_time":520344,"segment":0,"interval":1,"start_time":1611406737664},{"elapsed_time":525765,"segment":0,"interval":1,"start_time":1611406743085},{"elapsed_time":534356,"segment":0,"interval":1,"start_time":1611406751676},{"elapsed_time":535764,"segment":0,"interval":1,"start_time":1611406753084},{"elapsed_time":540357,"segment":0,"interval":1,"start_time":1611406757677},{"elapsed_time":540765,"segment":0,"interval":1,"start_time":1611406758085},{"elapsed_time":550371,"segment":0,"interval":1,"start_time":1611406767691},{"elapsed_time":550768,"segment":0,"interval":1,"start_time":1611406768088},{"elapsed_time":560373,"segment":0,"interval":1,"start_time":1611406777693},{"elapsed_time":560765,"segment":0,"interval":1,"start_time":1611406778085},{"elapsed_time":570374,"segment":0,"interval":1,"start_time":1611406787694},{"elapsed_time":570768,"segment":0,"interval":1,"start_time":1611406788088},{"elapsed_time":577590,"segment":0,"interval":1,"start_time":1611406794910},{"elapsed_time":580402,"segment":0,"interval":1,"start_time":1611406797722},{"elapsed_time":580763,"segment":0,"interval":1,"start_time":1611406798083},{"elapsed_time":590403,"segment":0,"interval":1,"start_time":1611406807723},{"elapsed_time":590767,"segment":0,"interval":1,"start_time":1611406808087},{"elapsed_time":595930,"segment":0,"interval":1,"start_time":1611406813250},{"elapsed_time":600404,"segment":0,"interval":1,"start_time":1611406817724},{"elapsed_time":600765,"segment":0,"interval":1,"start_time":1611406818085},{"elapsed_time":610428,"segment":0,"interval":1,"start_time":1611406827748},{"elapsed_time":610767,"segment":0,"interval":1,"start_time":1611406828087},{"elapsed_time":612547,"segment":0,"interval":1,"start_time":1611406829867},{"elapsed_time":620435,"segment":0,"interval":1,"start_time":1611406837755},{"elapsed_time":625763,"segment":0,"interval":1,"start_time":1611406843083},{"elapsed_time":630439,"segment":0,"interval":1,"start_time":1611406847759},{"elapsed_time":630498,"segment":0,"interval":1,"start_time":1611406847818},{"elapsed_time":635769,"segment":0,"interval":1,"start_time":1611406853089},{"elapsed_time":640463,"segment":0,"interval":1,"start_time":1611406857783},{"elapsed_time":640769,"segment":0,"interval":1,"start_time":1611406858089},{"elapsed_time":649114,"segment":0,"interval":1,"start_time":1611406866434},{"elapsed_time":650464,"segment":0,"interval":1,"start_time":1611406867784},{"elapsed_time":650767,"segment":0,"interval":1,"start_time":1611406868087},{"elapsed_time":660468,"segment":0,"interval":1,"start_time":1611406877788},{"elapsed_time":660766,"segment":0,"interval":1,"start_time":1611406878086},{"elapsed_time":670496,"segment":0,"interval":1,"start_time":1611406887816},{"elapsed_time":670764,"segment":0,"interval":1,"start_time":1611406888084},{"elapsed_time":680498,"segment":0,"interval":1,"start_time":1611406897818},{"elapsed_time":680765,"segment":0,"interval":1,"start_time":1611406898085},{"elapsed_time":690499,"segment":0,"interval":1,"start_time":1611406907819},{"elapsed_time":690759,"segment":0,"interval":1,"start_time":1611406908079},{"elapsed_time":696373,"segment":0,"interval":1,"start_time":1611406913693},{"elapsed_time":700521,"segment":0,"interval":1,"start_time":1611406917841},{"elapsed_time":700758,"segment":0,"interval":1,"start_time":1611406918078},{"elapsed_time":710524,"segment":0,"interval":1,"start_time":1611406927844},{"elapsed_time":710770,"segment":0,"interval":1,"start_time":1611406928090},{"elapsed_time":717844,"segment":0,"interval":1,"start_time":1611406935164},{"elapsed_time":720527,"segment":0,"interval":1,"start_time":1611406937847},{"elapsed_time":725761,"segment":0,"interval":1,"start_time":1611406943081},{"elapsed_time":730550,"segment":0,"interval":1,"start_time":1611406947870},{"elapsed_time":735768,"segment":0,"interval":1,"start_time":1611406953088},{"elapsed_time":740554,"segment":0,"interval":1,"start_time":1611406957874},{"elapsed_time":740758,"segment":0,"interval":1,"start_time":1611406958078},{"elapsed_time":746560,"segment":0,"interval":1,"start_time":1611406963880},{"elapsed_time":750557,"segment":0,"interval":1,"start_time":1611406967877},{"elapsed_time":750759,"segment":0,"interval":1,"start_time":1611406968079},{"elapsed_time":760579,"segment":0,"interval":1,"start_time":1611406977899},{"elapsed_time":760760,"segment":0,"interval":1,"start_time":1611406978080},{"elapsed_time":770581,"segment":0,"interval":1,"start_time":1611406987901},{"elapsed_time":770762,"segment":0,"interval":1,"start_time":1611406988082},{"elapsed_time":780582,"segment":0,"interval":1,"start_time":1611406997902},{"elapsed_time":780749,"segment":0,"interval":1,"start_time":1611406998069},{"elapsed_time":790753,"segment":0,"interval":1,"start_time":1611407008073},{"elapsed_time":801183,"segment":2,"interval":1,"start_time":1611408175033},{"elapsed_time":803722,"segment":2,"interval":1,"start_time":1611408177572},{"elapsed_time":813891,"segment":2,"interval":1,"start_time":1611408187741},{"elapsed_time":815715,"segment":2,"interval":1,"start_time":1611408189565},{"elapsed_time":818189,"segment":2,"interval":1,"start_time":1611408192039},{"elapsed_time":820189,"segment":2,"interval":1,"start_time":1611408194039},{"elapsed_time":824224,"segment":2,"interval":1,"start_time":1611408198074},{"elapsed_time":830192,"segment":2,"interval":1,"start_time":1611408204042},{"elapsed_time":834229,"segment":2,"interval":1,"start_time":1611408208079},{"elapsed_time":840214,"segment":2,"interval":1,"start_time":1611408214064},{"elapsed_time":844236,"segment":2,"interval":1,"start_time":1611408218086},{"elapsed_time":850217,"segment":2,"interval":1,"start_time":1611408224067},{"elapsed_time":853227,"segment":2,"interval":1,"start_time":1611408227077},{"elapsed_time":860218,"segment":2,"interval":1,"start_time":1611408234068},{"elapsed_time":863247,"segment":2,"interval":1,"start_time":1611408237097},{"elapsed_time":870250,"segment":2,"interval":1,"start_time":1611408244100},{"elapsed_time":873230,"segment":2,"interval":1,"start_time":1611408247080},{"elapsed_time":877154,"segment":2,"interval":1,"start_time":1611408251004},{"elapsed_time":880251,"segment":2,"interval":1,"start_time":1611408254101},{"elapsed_time":883231,"segment":2,"interval":1,"start_time":1611408257081},{"elapsed_time":890254,"segment":2,"interval":1,"start_time":1611408264104},{"elapsed_time":894231,"segment":2,"interval":1,"start_time":1611408268081},{"elapsed_time":900271,"segment":2,"interval":1,"start_time":1611408274121},{"elapsed_time":900529,"segment":2,"interval":1,"start_time":1611408274379},{"elapsed_time":904235,"segment":2,"interval":1,"start_time":1611408278085},{"elapsed_time":910273,"segment":2,"interval":1,"start_time":1611408284123},{"elapsed_time":914231,"segment":2,"interval":1,"start_time":1611408288081},{"elapsed_time":920274,"segment":2,"interval":1,"start_time":1611408294124},{"elapsed_time":923092,"segment":2,"interval":1,"start_time":1611408296942},{"elapsed_time":924241,"segment":2,"interval":1,"start_time":1611408298091},{"elapsed_time":930302,"segment":2,"interval":1,"start_time":1611408304152},{"elapsed_time":934241,"segment":2,"interval":1,"start_time":1611408308091},{"elapsed_time":939736,"segment":2,"interval":1,"start_time":1611408313586},{"elapsed_time":940304,"segment":2,"interval":1,"start_time":1611408314154},{"elapsed_time":944232,"segment":2,"interval":1,"start_time":1611408318082},{"elapsed_time":950305,"segment":2,"interval":1,"start_time":1611408324155},{"elapsed_time":953237,"segment":2,"interval":1,"start_time":1611408327087},{"elapsed_time":955900,"segment":2,"interval":1,"start_time":1611408329750},{"elapsed_time":959028,"segment":2,"interval":1,"start_time":1611408332878},{"elapsed_time":960330,"segment":2,"interval":1,"start_time":1611408334180},{"elapsed_time":963232,"segment":2,"interval":1,"start_time":1611408337082},{"elapsed_time":970333,"segment":2,"interval":1,"start_time":1611408344183},{"elapsed_time":971706,"segment":2,"interval":1,"start_time":1611408345556},{"elapsed_time":973235,"segment":2,"interval":1,"start_time":1611408347085},{"elapsed_time":980340,"segment":2,"interval":1,"start_time":1611408354190},{"elapsed_time":983236,"segment":2,"interval":1,"start_time":1611408357086},{"elapsed_time":988998,"segment":2,"interval":1,"start_time":1611408362848},{"elapsed_time":990336,"segment":2,"interval":1,"start_time":1611408364186},{"elapsed_time":994223,"segment":2,"interval":1,"start_time":1611408368073},{"elapsed_time":1000373,"segment":2,"interval":1,"start_time":1611408374223},{"elapsed_time":1004231,"segment":2,"interval":1,"start_time":1611408378081},{"elapsed_time":1006493,"segment":2,"interval":1,"start_time":1611408380343},{"elapsed_time":1010374,"segment":2,"interval":1,"start_time":1611408384224},{"elapsed_time":1014240,"segment":2,"interval":1,"start_time":1611408388090},{"elapsed_time":1020377,"segment":2,"interval":1,"start_time":1611408394227},{"elapsed_time":1024231,"segment":2,"interval":1,"start_time":1611408398081},{"elapsed_time":1025228,"segment":2,"interval":1,"start_time":1611408399078},{"elapsed_time":1034232,"segment":2,"interval":1,"start_time":1611408408082},{"elapsed_time":1044232,"segment":2,"interval":1,"start_time":1611408418082},{"elapsed_time":1045742,"segment":2,"interval":1,"start_time":1611408419592},{"elapsed_time":1053239,"segment":2,"interval":1,"start_time":1611408427089},{"elapsed_time":1063235,"segment":2,"interval":1,"start_time":1611408437085},{"elapsed_time":1066293,"segment":2,"interval":1,"start_time":1611408440143},{"elapsed_time":1073238,"segment":2,"interval":1,"start_time":1611408447088},{"elapsed_time":1083229,"segment":2,"interval":1,"start_time":1611408457079},{"elapsed_time":1086235,"segment":2,"interval":1,"start_time":1611408460085},{"elapsed_time":1094237,"segment":2,"interval":1,"start_time":1611408468087},{"elapsed_time":1104231,"segment":2,"interval":1,"start_time":1611408478081},{"elapsed_time":1107525,"segment":2,"interval":1,"start_time":1611408481375},{"elapsed_time":1114247,"segment":2,"interval":1,"start_time":1611408488097},{"elapsed_time":1124234,"segment":2,"interval":1,"start_time":1611408498084},{"elapsed_time":1129686,"segment":2,"interval":1,"start_time":1611408503536},{"elapsed_time":1134237,"segment":2,"interval":1,"start_time":1611408508087},{"elapsed_time":1144234,"segment":2,"interval":1,"start_time":1611408518084},{"elapsed_time":1151174,"segment":2,"interval":1,"start_time":1611408525024},{"elapsed_time":1153236,"segment":2,"interval":1,"start_time":1611408527086},{"elapsed_time":1163231,"segment":2,"interval":1,"start_time":1611408537081},{"elapsed_time":1173235,"segment":2,"interval":1,"start_time":1611408547085},{"elapsed_time":1173328,"segment":2,"interval":1,"start_time":1611408547178},{"elapsed_time":1183232,"segment":2,"interval":1,"start_time":1611408557082},{"elapsed_time":1191381,"segment":2,"interval":1,"start_time":1611408565231},{"elapsed_time":1194237,"segment":2,"interval":1,"start_time":1611408568087},{"elapsed_time":1204232,"segment":2,"interval":1,"start_time":1611408578082},{"elapsed_time":1209590,"segment":2,"interval":1,"start_time":1611408583440},{"elapsed_time":1214235,"segment":2,"interval":1,"start_time":1611408588085},{"elapsed_time":1215586,"segment":2,"interval":1,"start_time":1611408589436},{"elapsed_time":1220587,"segment":2,"interval":1,"start_time":1611408594437},{"elapsed_time":1224227,"segment":2,"interval":1,"start_time":1611408598077},{"elapsed_time":1224856,"segment":2,"interval":1,"start_time":1611408598706},{"elapsed_time":1230589,"segment":2,"interval":1,"start_time":1611408604439},{"elapsed_time":1234234,"segment":2,"interval":1,"start_time":1611408608084},{"elapsed_time":1240590,"segment":2,"interval":1,"start_time":1611408614440},{"elapsed_time":1241334,"segment":2,"interval":1,"start_time":1611408615184},{"elapsed_time":1244222,"segment":2,"interval":1,"start_time":1611408618072},{"elapsed_time":1250625,"segment":2,"interval":1,"start_time":1611408624475},{"elapsed_time":1253233,"segment":2,"interval":1,"start_time":1611408627083},{"elapsed_time":1260344,"segment":2,"interval":1,"start_time":1611408634194},{"elapsed_time":1260629,"segment":2,"interval":1,"start_time":1611408634479},{"elapsed_time":1263219,"segment":2,"interval":1,"start_time":1611408637069},{"elapsed_time":1267350,"segment":2,"interval":1,"start_time":1611408641200},{"elapsed_time":1270637,"segment":2,"interval":1,"start_time":1611408644487},{"elapsed_time":1273222,"segment":2,"interval":1,"start_time":1611408647072},{"elapsed_time":1278960,"segment":2,"interval":1,"start_time":1611408652810},{"elapsed_time":1280651,"segment":2,"interval":1,"start_time":1611408654501},{"elapsed_time":1283228,"segment":2,"interval":1,"start_time":1611408657078},{"elapsed_time":1290656,"segment":2,"interval":1,"start_time":1611408664506},{"elapsed_time":1294233,"segment":2,"interval":1,"start_time":1611408668083},{"elapsed_time":1300659,"segment":2,"interval":1,"start_time":1611408674509},{"elapsed_time":1302203,"segment":2,"interval":1,"start_time":1611408676053},{"elapsed_time":1304245,"segment":2,"interval":1,"start_time":1611408678095},{"elapsed_time":1310672,"segment":2,"interval":1,"start_time":1611408684522},{"elapsed_time":1314222,"segment":2,"interval":1,"start_time":1611408688072},{"elapsed_time":1321685,"segment":2,"interval":1,"start_time":1611408695535},{"elapsed_time":1323685,"segment":2,"interval":1,"start_time":1611408697535},{"elapsed_time":1324221,"segment":2,"interval":1,"start_time":1611408698071},{"elapsed_time":1330765,"segment":2,"interval":1,"start_time":1611408704615},{"elapsed_time":1332145,"segment":2,"interval":1,"start_time":1611408705995},{"elapsed_time":1334219,"segment":2,"interval":1,"start_time":1611408708069},{"elapsed_time":1340703,"segment":2,"interval":1,"start_time":1611408714553},{"elapsed_time":1344228,"segment":2,"interval":1,"start_time":1611408718078},{"elapsed_time":1350705,"segment":2,"interval":1,"start_time":1611408724555},{"elapsed_time":1351119,"segment":2,"interval":1,"start_time":1611408724969},{"elapsed_time":1353231,"segment":2,"interval":1,"start_time":1611408727081},{"elapsed_time":1360713,"segment":2,"interval":1,"start_time":1611408734563},{"elapsed_time":1363226,"segment":2,"interval":1,"start_time":1611408737076},{"elapsed_time":1370732,"segment":2,"interval":1,"start_time":1611408744582},{"elapsed_time":1372154,"segment":2,"interval":1,"start_time":1611408746004},{"elapsed_time":1373230,"segment":2,"interval":1,"start_time":1611408747080},{"elapsed_time":1380734,"segment":2,"interval":1,"start_time":1611408754584},{"elapsed_time":1383230,"segment":2,"interval":1,"start_time":1611408757080},{"elapsed_time":1389413,"segment":2,"interval":1,"start_time":1611408763263},{"elapsed_time":1390737,"segment":2,"interval":1,"start_time":1611408764587},{"elapsed_time":1394227,"segment":2,"interval":1,"start_time":1611408768077},{"elapsed_time":1400760,"segment":2,"interval":1,"start_time":1611408774610},{"elapsed_time":1404231,"segment":2,"interval":1,"start_time":1611408778081},{"elapsed_time":1405125,"segment":2,"interval":1,"start_time":1611408778975},{"elapsed_time":1410761,"segment":2,"interval":1,"start_time":1611408784611},{"elapsed_time":1414233,"segment":2,"interval":1,"start_time":1611408788083},{"elapsed_time":1420762,"segment":2,"interval":1,"start_time":1611408794612},{"elapsed_time":1421237,"segment":2,"interval":1,"start_time":1611408795087},{"elapsed_time":1424233,"segment":2,"interval":1,"start_time":1611408798083},{"elapsed_time":1430794,"segment":2,"interval":1,"start_time":1611408804644},{"elapsed_time":1434233,"segment":2,"interval":1,"start_time":1611408808083},{"elapsed_time":1436986,"segment":2,"interval":1,"start_time":1611408810836},{"elapsed_time":1440795,"segment":2,"interval":1,"start_time":1611408814645},{"elapsed_time":1444230,"segment":2,"interval":1,"start_time":1611408818080},{"elapsed_time":1450796,"segment":2,"interval":1,"start_time":1611408824646},{"elapsed_time":1451600,"segment":2,"interval":1,"start_time":1611408825450},{"elapsed_time":1453227,"segment":2,"interval":1,"start_time":1611408827077},{"elapsed_time":1460850,"segment":2,"interval":1,"start_time":1611408834700},{"elapsed_time":1463236,"segment":2,"interval":1,"start_time":1611408837086},{"elapsed_time":1464746,"segment":2,"interval":1,"start_time":1611408838596},{"elapsed_time":1470852,"segment":2,"interval":1,"start_time":1611408844702},{"elapsed_time":1473230,"segment":2,"interval":1,"start_time":1611408847080},{"elapsed_time":1476075,"segment":2,"interval":1,"start_time":1611408849925},{"elapsed_time":1480853,"segment":2,"interval":1,"start_time":1611408854703},{"elapsed_time":1483229,"segment":2,"interval":1,"start_time":1611408857079},{"elapsed_time":1484226,"segment":2,"interval":1,"start_time":1611408858076},{"elapsed_time":1486809,"segment":2,"interval":1,"start_time":1611408860659},{"elapsed_time":1490849,"segment":2,"interval":1,"start_time":1611408864699},{"elapsed_time":1494229,"segment":2,"interval":1,"start_time":1611408868079},{"elapsed_time":1498401,"segment":2,"interval":1,"start_time":1611408872251},{"elapsed_time":1500851,"segment":2,"interval":1,"start_time":1611408874701},{"elapsed_time":1504226,"segment":2,"interval":1,"start_time":1611408878076},{"elapsed_time":1510852,"segment":2,"interval":1,"start_time":1611408884702},{"elapsed_time":1514223,"segment":2,"interval":1,"start_time":1611408888073},{"elapsed_time":1515201,"segment":2,"interval":1,"start_time":1611408889051},{"elapsed_time":1520877,"segment":2,"interval":1,"start_time":1611408894727},{"elapsed_time":1524226,"segment":2,"interval":1,"start_time":1611408898076},{"elapsed_time":1530500,"segment":2,"interval":1,"start_time":1611408904350},{"elapsed_time":1530878,"segment":2,"interval":1,"start_time":1611408904728},{"elapsed_time":1534228,"segment":2,"interval":1,"start_time":1611408908078},{"elapsed_time":1537202,"segment":2,"interval":1,"start_time":1611408911052},{"elapsed_time":1540880,"segment":2,"interval":1,"start_time":1611408914730},{"elapsed_time":1544237,"segment":2,"interval":1,"start_time":1611408918087},{"elapsed_time":1548663,"segment":2,"interval":1,"start_time":1611408922513},{"elapsed_time":1550907,"segment":2,"interval":1,"start_time":1611408924757},{"elapsed_time":1553230,"segment":2,"interval":1,"start_time":1611408927080},{"elapsed_time":1560909,"segment":2,"interval":1,"start_time":1611408934759},{"elapsed_time":1563236,"segment":2,"interval":1,"start_time":1611408937086},{"elapsed_time":1565995,"segment":2,"interval":1,"start_time":1611408939845},{"elapsed_time":1570913,"segment":2,"interval":1,"start_time":1611408944763},{"elapsed_time":1573230,"segment":2,"interval":1,"start_time":1611408947080},{"elapsed_time":1580056,"segment":2,"interval":1,"start_time":1611408953906},{"elapsed_time":1583220,"segment":2,"interval":1,"start_time":1611408957070},{"elapsed_time":1585268,"segment":2,"interval":1,"start_time":1611408959118},{"elapsed_time":1590952,"segment":2,"interval":1,"start_time":1611408964802},{"elapsed_time":1594226,"segment":2,"interval":1,"start_time":1611408968076},{"elapsed_time":1600953,"segment":2,"interval":1,"start_time":1611408974803},{"elapsed_time":1603984,"segment":2,"interval":1,"start_time":1611408977834},{"elapsed_time":1604229,"segment":2,"interval":1,"start_time":1611408978079},{"elapsed_time":1610956,"segment":2,"interval":1,"start_time":1611408984806},{"elapsed_time":1614232,"segment":2,"interval":1,"start_time":1611408988082},{"elapsed_time":1620981,"segment":2,"interval":1,"start_time":1611408994831},{"elapsed_time":1624234,"segment":2,"interval":1,"start_time":1611408998084},{"elapsed_time":1633985,"segment":2,"interval":1,"start_time":1611409007835},{"elapsed_time":1634243,"segment":2,"interval":1,"start_time":1611409008093},{"elapsed_time":1644242,"segment":2,"interval":1,"start_time":1611409018092},{"elapsed_time":1648990,"segment":2,"interval":1,"start_time":1611409022840},{"elapsed_time":1650990,"segment":2,"interval":1,"start_time":1611409024840},{"elapsed_time":1653234,"segment":2,"interval":1,"start_time":1611409027084},{"elapsed_time":1660990,"segment":2,"interval":1,"start_time":1611409034840},{"elapsed_time":1663224,"segment":2,"interval":1,"start_time":1611409037074},{"elapsed_time":1670015,"segment":2,"interval":1,"start_time":1611409043865},{"elapsed_time":1673233,"segment":2,"interval":1,"start_time":1611409047083},{"elapsed_time":1676647,"segment":2,"interval":1,"start_time":1611409050497},{"elapsed_time":1680016,"segment":2,"interval":1,"start_time":1611409053866},{"elapsed_time":1683236,"segment":2,"interval":1,"start_time":1611409057086},{"elapsed_time":1690049,"segment":2,"interval":1,"start_time":1611409063899},{"elapsed_time":1694241,"segment":2,"interval":1,"start_time":1611409068091},{"elapsed_time":1698494,"segment":2,"interval":1,"start_time":1611409072344},{"elapsed_time":1700051,"segment":2,"interval":1,"start_time":1611409073901},{"elapsed_time":1704236,"segment":2,"interval":1,"start_time":1611409078086},{"elapsed_time":1710054,"segment":2,"interval":1,"start_time":1611409083904},{"elapsed_time":1714233,"segment":2,"interval":1,"start_time":1611409088083},{"elapsed_time":1718479,"segment":2,"interval":1,"start_time":1611409092329},{"elapsed_time":1720080,"segment":2,"interval":1,"start_time":1611409093930},{"elapsed_time":1724242,"segment":2,"interval":1,"start_time":1611409098092},{"elapsed_time":1730088,"segment":2,"interval":1,"start_time":1611409103938},{"elapsed_time":1734228,"segment":2,"interval":1,"start_time":1611409108078},{"elapsed_time":1735283,"segment":2,"interval":1,"start_time":1611409109133},{"elapsed_time":1740090,"segment":2,"interval":1,"start_time":1611409113940},{"elapsed_time":1744239,"segment":2,"interval":1,"start_time":1611409118089},{"elapsed_time":1750109,"segment":2,"interval":1,"start_time":1611409123959},{"elapsed_time":1751263,"segment":2,"interval":1,"start_time":1611409125113},{"elapsed_time":1753239,"segment":2,"interval":1,"start_time":1611409127089},{"elapsed_time":1760113,"segment":2,"interval":1,"start_time":1611409133963},{"elapsed_time":1763234,"segment":2,"interval":1,"start_time":1611409137084},{"elapsed_time":1767045,"segment":2,"interval":1,"start_time":1611409140895},{"elapsed_time":1770116,"segment":2,"interval":1,"start_time":1611409143966},{"elapsed_time":1773228,"segment":2,"interval":1,"start_time":1611409147078},{"elapsed_time":1780138,"segment":2,"interval":1,"start_time":1611409153988},{"elapsed_time":1783084,"segment":2,"interval":1,"start_time":1611409156934},{"elapsed_time":1783236,"segment":2,"interval":1,"start_time":1611409157086},{"elapsed_time":1790141,"segment":2,"interval":1,"start_time":1611409163991},{"elapsed_time":1794243,"segment":2,"interval":1,"start_time":1611409168093},{"elapsed_time":1804239,"segment":2,"interval":1,"start_time":1611409178089},{"elapsed_time":1814166,"segment":2,"interval":1,"start_time":1611409188016},{"elapsed_time":1814240,"segment":2,"interval":1,"start_time":1611409188090},{"elapsed_time":1820166,"segment":2,"interval":1,"start_time":1611409194016},{"elapsed_time":1824243,"segment":2,"interval":1,"start_time":1611409198093},{"elapsed_time":1834238,"segment":2,"interval":1,"start_time":1611409208088},{"elapsed_time":1839167,"segment":2,"interval":1,"start_time":1611409213017},{"elapsed_time":1840167,"segment":2,"interval":1,"start_time":1611409214017},{"elapsed_time":1844239,"segment":2,"interval":1,"start_time":1611409218089},{"elapsed_time":1850178,"segment":2,"interval":1,"start_time":1611409224028},{"elapsed_time":1853235,"segment":2,"interval":1,"start_time":1611409227085},{"elapsed_time":1856952,"segment":2,"interval":1,"start_time":1611409230802},{"elapsed_time":1860224,"segment":2,"interval":1,"start_time":1611409234074},{"elapsed_time":1863233,"segment":2,"interval":1,"start_time":1611409237083},{"elapsed_time":1870226,"segment":2,"interval":1,"start_time":1611409244076},{"elapsed_time":1873237,"segment":2,"interval":1,"start_time":1611409247087},{"elapsed_time":1874901,"segment":2,"interval":1,"start_time":1611409248751},{"elapsed_time":1880228,"segment":2,"interval":1,"start_time":1611409254078},{"elapsed_time":1883235,"segment":2,"interval":1,"start_time":1611409257085},{"elapsed_time":1890244,"segment":2,"interval":1,"start_time":1611409264094},{"elapsed_time":1892832,"segment":2,"interval":1,"start_time":1611409266682},{"elapsed_time":1894244,"segment":2,"interval":1,"start_time":1611409268094},{"elapsed_time":1900245,"segment":2,"interval":1,"start_time":1611409274095},{"elapsed_time":1904236,"segment":2,"interval":1,"start_time":1611409278086},{"elapsed_time":1910246,"segment":2,"interval":1,"start_time":1611409284096},{"elapsed_time":1911523,"segment":2,"interval":1,"start_time":1611409285373},{"elapsed_time":1914237,"segment":2,"interval":1,"start_time":1611409288087},{"elapsed_time":1920276,"segment":2,"interval":1,"start_time":1611409294126},{"elapsed_time":1924233,"segment":2,"interval":1,"start_time":1611409298083},{"elapsed_time":1930278,"segment":2,"interval":1,"start_time":1611409304128},{"elapsed_time":1932134,"segment":2,"interval":1,"start_time":1611409305984},{"elapsed_time":1934238,"segment":2,"interval":1,"start_time":1611409308088},{"elapsed_time":1940282,"segment":2,"interval":1,"start_time":1611409314132},{"elapsed_time":1940309,"segment":2,"interval":1,"start_time":1611409314159},{"elapsed_time":1944236,"segment":2,"interval":1,"start_time":1611409318086},{"elapsed_time":1949329,"segment":2,"interval":1,"start_time":1611409323179},{"elapsed_time":1950302,"segment":2,"interval":1,"start_time":1611409324152},{"elapsed_time":1953240,"segment":2,"interval":1,"start_time":1611409327090},{"elapsed_time":1960304,"segment":2,"interval":1,"start_time":1611409334154},{"elapsed_time":1963239,"segment":2,"interval":1,"start_time":1611409337089},{"elapsed_time":1969330,"segment":2,"interval":1,"start_time":1611409343180},{"elapsed_time":1970306,"segment":2,"interval":1,"start_time":1611409344156},{"elapsed_time":1973235,"segment":2,"interval":1,"start_time":1611409347085},{"elapsed_time":1980332,"segment":2,"interval":1,"start_time":1611409354182},{"elapsed_time":1983231,"segment":2,"interval":1,"start_time":1611409357081},{"elapsed_time":1986501,"segment":2,"interval":1,"start_time":1611409360351},{"elapsed_time":1990335,"segment":2,"interval":1,"start_time":1611409364185},{"elapsed_time":1994236,"segment":2,"interval":1,"start_time":1611409368086},{"elapsed_time":2000338,"segment":2,"interval":1,"start_time":1611409374188},{"elapsed_time":2003149,"segment":2,"interval":1,"start_time":1611409376999},{"elapsed_time":2004231,"segment":2,"interval":1,"start_time":1611409378081},{"elapsed_time":2010362,"segment":2,"interval":1,"start_time":1611409384212},{"elapsed_time":2014231,"segment":2,"interval":1,"start_time":1611409388081},{"elapsed_time":2018564,"segment":2,"interval":1,"start_time":1611409392414},{"elapsed_time":2020365,"segment":2,"interval":1,"start_time":1611409394215},{"elapsed_time":2024242,"segment":2,"interval":1,"start_time":1611409398092},{"elapsed_time":2030367,"segment":2,"interval":1,"start_time":1611409404217},{"elapsed_time":2034238,"segment":2,"interval":1,"start_time":1611409408088},{"elapsed_time":2035090,"segment":2,"interval":1,"start_time":1611409408940},{"elapsed_time":2040390,"segment":2,"interval":1,"start_time":1611409414240},{"elapsed_time":2044240,"segment":2,"interval":1,"start_time":1611409418090},{"elapsed_time":2050392,"segment":2,"interval":1,"start_time":1611409424242},{"elapsed_time":2053234,"segment":2,"interval":1,"start_time":1611409427084},{"elapsed_time":2054957,"segment":2,"interval":1,"start_time":1611409428807},{"elapsed_time":2060393,"segment":2,"interval":1,"start_time":1611409434243},{"elapsed_time":2063232,"segment":2,"interval":1,"start_time":1611409437082},{"elapsed_time":2070419,"segment":2,"interval":1,"start_time":1611409444269},{"elapsed_time":2073238,"segment":2,"interval":1,"start_time":1611409447088},{"elapsed_time":2079808,"segment":2,"interval":1,"start_time":1611409453658},{"elapsed_time":2080422,"segment":2,"interval":1,"start_time":1611409454272},{"elapsed_time":2083231,"segment":2,"interval":1,"start_time":1611409457081},{"elapsed_time":2090426,"segment":2,"interval":1,"start_time":1611409464276},{"elapsed_time":2094240,"segment":2,"interval":1,"start_time":1611409468090},{"elapsed_time":2099149,"segment":2,"interval":1,"start_time":1611409472999},{"elapsed_time":2100449,"segment":2,"interval":1,"start_time":1611409474299},{"elapsed_time":2104245,"segment":2,"interval":1,"start_time":1611409478095},{"elapsed_time":2110453,"segment":2,"interval":1,"start_time":1611409484303},{"elapsed_time":2114243,"segment":2,"interval":1,"start_time":1611409488093},{"elapsed_time":2118754,"segment":2,"interval":1,"start_time":1611409492604},{"elapsed_time":2120454,"segment":2,"interval":1,"start_time":1611409494304},{"elapsed_time":2124231,"segment":2,"interval":1,"start_time":1611409498081},{"elapsed_time":2130246,"segment":2,"interval":1,"start_time":1611409504096},{"elapsed_time":2134229,"segment":2,"interval":1,"start_time":1611409508079},{"elapsed_time":2140246,"segment":2,"interval":1,"start_time":1611409514096},{"elapsed_time":2142573,"segment":2,"interval":1,"start_time":1611409516423},{"elapsed_time":2144228,"segment":2,"interval":1,"start_time":1611409518078},{"elapsed_time":2150247,"segment":2,"interval":1,"start_time":1611409524097},{"elapsed_time":2154859,"segment":3,"interval":1,"start_time":1611409531609}]