[{"elapsed_time":0,"segment":0,"interval":1,"start_time":1610360906910},{"elapsed_time":2014,"segment":0,"interval":1,"start_time":1610360908924},{"elapsed_time":20582,"segment":0,"interval":1,"start_time":1610360927492},{"elapsed_time":23032,"segment":0,"interval":1,"start_time":1610360929942},{"elapsed_time":30070,"segment":0,"interval":1,"start_time":1610360936980},{"elapsed_time":30586,"segment":0,"interval":1,"start_time":1610360937496},{"elapsed_time":40077,"segment":0,"interval":1,"start_time":1610360946987},{"elapsed_time":45593,"segment":0,"interval":1,"start_time":1610360952503},{"elapsed_time":47865,"segment":0,"interval":1,"start_time":1610360954775},{"elapsed_time":50086,"segment":0,"interval":1,"start_time":1610360956996},{"elapsed_time":50589,"segment":0,"interval":1,"start_time":1610360957499},{"elapsed_time":60121,"segment":0,"interval":1,"start_time":1610360967031},{"elapsed_time":60595,"segment":0,"interval":1,"start_time":1610360967505},{"elapsed_time":68377,"segment":0,"interval":1,"start_time":1610360975287},{"elapsed_time":70122,"segment":0,"interval":1,"start_time":1610360977032},{"elapsed_time":70597,"segment":0,"interval":1,"start_time":1610360977507},{"elapsed_time":80125,"segment":0,"interval":1,"start_time":1610360987035},{"elapsed_time":80601,"segment":0,"interval":1,"start_time":1610360987511},{"elapsed_time":87363,"segment":0,"interval":1,"start_time":1610360994273},{"elapsed_time":90123,"segment":0,"interval":1,"start_time":1610360997033},{"elapsed_time":90604,"segment":0,"interval":1,"start_time":1610360997514},{"elapsed_time":100125,"segment":0,"interval":1,"start_time":1610361007035},{"elapsed_time":100601,"segment":0,"interval":1,"start_time":1610361007511},{"elapsed_time":110127,"segment":0,"interval":1,"start_time":1610361017037},{"elapsed_time":110574,"segment":0,"interval":1,"start_time":1610361017484},{"elapsed_time":115485,"segment":0,"interval":1,"start_time":1610361022395},{"elapsed_time":120154,"segment":0,"interval":1,"start_time":1610361027064},{"elapsed_time":120564,"segment":0,"interval":1,"start_time":1610361027474},{"elapsed_time":130155,"segment":0,"interval":1,"start_time":1610361037065},{"elapsed_time":130594,"segment":0,"interval":1,"start_time":1610361037504},{"elapsed_time":135021,"segment":0,"interval":1,"start_time":1610361041931},{"elapsed_time":140157,"segment":0,"interval":1,"start_time":1610361047067},{"elapsed_time":145595,"segment":0,"interval":1,"start_time":1610361052505},{"elapsed_time":150183,"segment":0,"interval":1,"start_time":1610361057093},{"elapsed_time":150603,"segment":0,"interval":1,"start_time":1610361057513},{"elapsed_time":156921,"segment":0,"interval":1,"start_time":1610361063831},{"elapsed_time":160185,"segment":0,"interval":1,"start_time":1610361067095},{"elapsed_time":160598,"segment":0,"interval":1,"start_time":1610361067508},{"elapsed_time":170186,"segment":0,"interval":1,"start_time":1610361077096},{"elapsed_time":170599,"segment":0,"interval":1,"start_time":1610361077509},{"elapsed_time":180213,"segment":0,"interval":1,"start_time":1610361087123},{"elapsed_time":180229,"segment":0,"interval":1,"start_time":1610361087139},{"elapsed_time":180594,"segment":0,"interval":1,"start_time":1610361087504},{"elapsed_time":190216,"segment":0,"interval":1,"start_time":1610361097126},{"elapsed_time":190586,"segment":0,"interval":1,"start_time":1610361097496},{"elapsed_time":198428,"segment":0,"interval":1,"start_time":1610361105338},{"elapsed_time":200221,"segment":0,"interval":1,"start_time":1610361107131},{"elapsed_time":200587,"segment":0,"interval":1,"start_time":1610361107497},{"elapsed_time":210241,"segment":0,"interval":1,"start_time":1610361117151},{"elapsed_time":210587,"segment":0,"interval":1,"start_time":1610361117497},{"elapsed_time":215669,"segment":0,"interval":1,"start_time":1610361122579},{"elapsed_time":220244,"segment":0,"interval":1,"start_time":1610361127154},{"elapsed_time":220586,"segment":0,"interval":1,"start_time":1610361127496},{"elapsed_time":230246,"segment":0,"interval":1,"start_time":1610361137156},{"elapsed_time":230589,"segment":0,"interval":1,"start_time":1610361137499},{"elapsed_time":233489,"segment":0,"interval":1,"start_time":1610361140399},{"elapsed_time":240271,"segment":0,"interval":1,"start_time":1610361147181},{"elapsed_time":245585,"segment":0,"interval":1,"start_time":1610361152495},{"elapsed_time":250273,"segment":0,"interval":1,"start_time":1610361157183},{"elapsed_time":250592,"segment":0,"interval":1,"start_time":1610361157502},{"elapsed_time":252299,"segment":0,"interval":1,"start_time":1610361159209},{"elapsed_time":260274,"segment":0,"interval":1,"start_time":1610361167184},{"elapsed_time":260589,"segment":0,"interval":1,"start_time":1610361167499},{"elapsed_time":270300,"segment":0,"interval":1,"start_time":1610361177210},{"elapsed_time":270325,"segment":0,"interval":1,"start_time":1610361177235},{"elapsed_time":270585,"segment":0,"interval":1,"start_time":1610361177495},{"elapsed_time":280595,"segment":0,"interval":1,"start_time":1610361187505},{"elapsed_time":286578,"segment":0,"interval":1,"start_time":1610361193488},{"elapsed_time":290590,"segment":0,"interval":1,"start_time":1610361197500},{"elapsed_time":295595,"segment":0,"interval":1,"start_time":1610361202505},{"elapsed_time":298332,"segment":0,"interval":1,"start_time":1610361205242},{"elapsed_time":300333,"segment":0,"interval":1,"start_time":1610361207243},{"elapsed_time":300503,"segment":0,"interval":1,"start_time":1610361207413},{"elapsed_time":300592,"segment":0,"interval":1,"start_time":1610361207502},{"elapsed_time":310336,"segment":0,"interval":1,"start_time":1610361217246},{"elapsed_time":310587,"segment":0,"interval":1,"start_time":1610361217497},{"elapsed_time":315752,"segment":0,"interval":1,"start_time":1610361222662},{"elapsed_time":320341,"segment":0,"interval":1,"start_time":1610361227251},{"elapsed_time":320595,"segment":0,"interval":1,"start_time":1610361227505},{"elapsed_time":330359,"segment":0,"interval":1,"start_time":1610361237269},{"elapsed_time":330589,"segment":0,"interval":1,"start_time":1610361237499},{"elapsed_time":332930,"segment":0,"interval":1,"start_time":1610361239840},{"elapsed_time":334670,"segment":0,"interval":1,"start_time":1610361241580},{"elapsed_time":340361,"segment":0,"interval":1,"start_time":1610361247271},{"elapsed_time":345601,"segment":0,"interval":1,"start_time":1610361252511},{"elapsed_time":350363,"segment":0,"interval":1,"start_time":1610361257273},{"elapsed_time":350592,"segment":0,"interval":1,"start_time":1610361257502},{"elapsed_time":351129,"segment":0,"interval":1,"start_time":1610361258039},{"elapsed_time":360388,"segment":0,"interval":1,"start_time":1610361267298},{"elapsed_time":360593,"segment":0,"interval":1,"start_time":1610361267503},{"elapsed_time":365992,"segment":0,"interval":1,"start_time":1610361272902},{"elapsed_time":370389,"segment":0,"interval":1,"start_time":1610361277299},{"elapsed_time":370602,"segment":0,"interval":1,"start_time":1610361277512},{"elapsed_time":380391,"segment":0,"interval":1,"start_time":1610361287301},{"elapsed_time":380598,"segment":0,"interval":1,"start_time":1610361287508},{"elapsed_time":385010,"segment":0,"interval":1,"start_time":1610361291920},{"elapsed_time":390417,"segment":0,"interval":1,"start_time":1610361297327},{"elapsed_time":390597,"segment":0,"interval":1,"start_time":1610361297507},{"elapsed_time":400421,"segment":0,"interval":1,"start_time":1610361307331},{"elapsed_time":400593,"segment":0,"interval":1,"start_time":1610361307503},{"elapsed_time":405203,"segment":0,"interval":1,"start_time":1610361312113},{"elapsed_time":410422,"segment":0,"interval":1,"start_time":1610361317332},{"elapsed_time":410598,"segment":0,"interval":1,"start_time":1610361317508},{"elapsed_time":420447,"segment":0,"interval":1,"start_time":1610361327357},{"elapsed_time":420587,"segment":0,"interval":1,"start_time":1610361327497},{"elapsed_time":425170,"segment":0,"interval":1,"start_time":1610361332080},{"elapsed_time":430449,"segment":0,"interval":1,"start_time":1610361337359},{"elapsed_time":430588,"segment":0,"interval":1,"start_time":1610361337498},{"elapsed_time":440450,"segment":0,"interval":1,"start_time":1610361347360},{"elapsed_time":445585,"segment":0,"interval":1,"start_time":1610361352495},{"elapsed_time":446885,"segment":0,"interval":1,"start_time":1610361353795},{"elapsed_time":450566,"segment":0,"interval":1,"start_time":1610361357476},{"elapsed_time":450596,"segment":0,"interval":1,"start_time":1610361357506},{"elapsed_time":464029,"segment":1,"interval":1,"start_time":1610361447349},{"elapsed_time":473154,"segment":1,"interval":1,"start_time":1610361456474},{"elapsed_time":484179,"segment":1,"interval":1,"start_time":1610361467499},{"elapsed_time":494167,"segment":1,"interval":1,"start_time":1610361477487},{"elapsed_time":504182,"segment":1,"interval":1,"start_time":1610361487502},{"elapsed_time":509134,"segment":1,"interval":1,"start_time":1610361492454},{"elapsed_time":514178,"segment":1,"interval":1,"start_time":1610361497498},{"elapsed_time":524166,"segment":1,"interval":1,"start_time":1610361507486},{"elapsed_time":532072,"segment":1,"interval":1,"start_time":1610361515392},{"elapsed_time":534166,"segment":1,"interval":1,"start_time":1610361517486},{"elapsed_time":544170,"segment":1,"interval":1,"start_time":1610361527490},{"elapsed_time":552383,"segment":1,"interval":1,"start_time":1610361535703},{"elapsed_time":554167,"segment":1,"interval":1,"start_time":1610361537487},{"elapsed_time":563166,"segment":1,"interval":1,"start_time":1610361546486},{"elapsed_time":573166,"segment":1,"interval":1,"start_time":1610361556486},{"elapsed_time":575404,"segment":1,"interval":1,"start_time":1610361558724},{"elapsed_time":584170,"segment":1,"interval":1,"start_time":1610361567490},{"elapsed_time":594176,"segment":1,"interval":1,"start_time":1610361577496},{"elapsed_time":594526,"segment":1,"interval":1,"start_time":1610361577846},{"elapsed_time":604175,"segment":1,"interval":1,"start_time":1610361587495},{"elapsed_time":612647,"segment":1,"interval":1,"start_time":1610361595967},{"elapsed_time":614164,"segment":1,"interval":1,"start_time":1610361597484},{"elapsed_time":624176,"segment":1,"interval":1,"start_time":1610361607496},{"elapsed_time":630185,"segment":1,"interval":1,"start_time":1610361613505},{"elapsed_time":634165,"segment":1,"interval":1,"start_time":1610361617485},{"elapsed_time":644175,"segment":1,"interval":1,"start_time":1610361627495},{"elapsed_time":648472,"segment":1,"interval":1,"start_time":1610361631792},{"elapsed_time":651588,"segment":1,"interval":1,"start_time":1610361634908},{"elapsed_time":654171,"segment":1,"interval":1,"start_time":1610361637491},{"elapsed_time":662611,"segment":1,"interval":1,"start_time":1610361645931},{"elapsed_time":663169,"segment":1,"interval":1,"start_time":1610361646489},{"elapsed_time":664611,"segment":1,"interval":1,"start_time":1610361647931},{"elapsed_time":667009,"segment":1,"interval":1,"start_time":1610361650329},{"elapsed_time":673169,"segment":1,"interval":1,"start_time":1610361656489},{"elapsed_time":674614,"segment":1,"interval":1,"start_time":1610361657934},{"elapsed_time":680615,"segment":1,"interval":1,"start_time":1610361663935},{"elapsed_time":684173,"segment":1,"interval":1,"start_time":1610361667493},{"elapsed_time":685512,"segment":1,"interval":1,"start_time":1610361668832},{"elapsed_time":689150,"segment":1,"interval":1,"start_time":1610361672470},{"elapsed_time":690640,"segment":1,"interval":1,"start_time":1610361673960},{"elapsed_time":694171,"segment":1,"interval":1,"start_time":1610361677491},{"elapsed_time":704171,"segment":1,"interval":1,"start_time":1610361687491},{"elapsed_time":704822,"segment":1,"interval":1,"start_time":1610361688142},{"elapsed_time":710646,"segment":1,"interval":1,"start_time":1610361693966},{"elapsed_time":714173,"segment":1,"interval":1,"start_time":1610361697493},{"elapsed_time":720672,"segment":1,"interval":1,"start_time":1610361703992},{"elapsed_time":724172,"segment":1,"interval":1,"start_time":1610361707492},{"elapsed_time":724459,"segment":1,"interval":1,"start_time":1610361707779},{"elapsed_time":730673,"segment":1,"interval":1,"start_time":1610361713993},{"elapsed_time":734169,"segment":1,"interval":1,"start_time":1610361717489},{"elapsed_time":740676,"segment":1,"interval":1,"start_time":1610361723996},{"elapsed_time":743338,"segment":1,"interval":1,"start_time":1610361726658},{"elapsed_time":744172,"segment":1,"interval":1,"start_time":1610361727492},{"elapsed_time":754168,"segment":1,"interval":1,"start_time":1610361737488},{"elapsed_time":762132,"segment":1,"interval":1,"start_time":1610361745452},{"elapsed_time":763171,"segment":1,"interval":1,"start_time":1610361746491},{"elapsed_time":773165,"segment":1,"interval":1,"start_time":1610361756485},{"elapsed_time":780291,"segment":1,"interval":1,"start_time":1610361763611},{"elapsed_time":784175,"segment":1,"interval":1,"start_time":1610361767495},{"elapsed_time":794178,"segment":1,"interval":1,"start_time":1610361777498},{"elapsed_time":798346,"segment":1,"interval":1,"start_time":1610361781666},{"elapsed_time":804171,"segment":1,"interval":1,"start_time":1610361787491},{"elapsed_time":814177,"segment":1,"interval":1,"start_time":1610361797497},{"elapsed_time":818831,"segment":1,"interval":1,"start_time":1610361802151},{"elapsed_time":824172,"segment":1,"interval":1,"start_time":1610361807492},{"elapsed_time":834177,"segment":1,"interval":1,"start_time":1610361817497},{"elapsed_time":840245,"segment":1,"interval":1,"start_time":1610361823565},{"elapsed_time":844176,"segment":1,"interval":1,"start_time":1610361827496},{"elapsed_time":854168,"segment":1,"interval":1,"start_time":1610361837488},{"elapsed_time":863168,"segment":1,"interval":1,"start_time":1610361846488},{"elapsed_time":864997,"segment":1,"interval":1,"start_time":1610361848317},{"elapsed_time":873172,"segment":1,"interval":1,"start_time":1610361856492},{"elapsed_time":884176,"segment":1,"interval":1,"start_time":1610361867496},{"elapsed_time":887847,"segment":1,"interval":1,"start_time":1610361871167},{"elapsed_time":894179,"segment":1,"interval":1,"start_time":1610361877499},{"elapsed_time":904172,"segment":1,"interval":1,"start_time":1610361887492},{"elapsed_time":908182,"segment":1,"interval":1,"start_time":1610361891502},{"elapsed_time":914167,"segment":1,"interval":1,"start_time":1610361897487},{"elapsed_time":924168,"segment":1,"interval":1,"start_time":1610361907488},{"elapsed_time":933101,"segment":1,"interval":1,"start_time":1610361916421},{"elapsed_time":934176,"segment":1,"interval":1,"start_time":1610361917496},{"elapsed_time":944170,"segment":1,"interval":1,"start_time":1610361927490},{"elapsed_time":954164,"segment":1,"interval":1,"start_time":1610361937484},{"elapsed_time":963170,"segment":1,"interval":1,"start_time":1610361946490},{"elapsed_time":973165,"segment":1,"interval":1,"start_time":1610361956485},{"elapsed_time":981924,"segment":1,"interval":1,"start_time":1610361965244},{"elapsed_time":984165,"segment":1,"interval":1,"start_time":1610361967485},{"elapsed_time":994175,"segment":1,"interval":1,"start_time":1610361977495},{"elapsed_time":1000066,"segment":1,"interval":1,"start_time":1610361983386},{"elapsed_time":1004169,"segment":1,"interval":1,"start_time":1610361987489},{"elapsed_time":1011067,"segment":1,"interval":1,"start_time":1610361994387},{"elapsed_time":1014164,"segment":1,"interval":1,"start_time":1610361997484},{"elapsed_time":1020965,"segment":1,"interval":1,"start_time":1610362004285},{"elapsed_time":1024168,"segment":1,"interval":1,"start_time":1610362007488},{"elapsed_time":1031968,"segment":1,"interval":1,"start_time":1610362015288},{"elapsed_time":1034169,"segment":1,"interval":1,"start_time":1610362017489},{"elapsed_time":1040971,"segment":1,"interval":1,"start_time":1610362024291},{"elapsed_time":1044165,"segment":1,"interval":1,"start_time":1610362027485},{"elapsed_time":1050992,"segment":1,"interval":1,"start_time":1610362034312},{"elapsed_time":1054161,"segment":1,"interval":1,"start_time":1610362037481},{"elapsed_time":1063160,"segment":1,"interval":1,"start_time":1610362046480},{"elapsed_time":1073156,"segment":1,"interval":1,"start_time":1610362056476},{"elapsed_time":1084168,"segment":1,"interval":1,"start_time":1610362067488},{"elapsed_time":1092023,"segment":1,"interval":1,"start_time":1610362075343},{"elapsed_time":1092206,"segment":1,"interval":1,"start_time":1610362075526},{"elapsed_time":1094173,"segment":1,"interval":1,"start_time":1610362077493},{"elapsed_time":1100026,"segment":1,"interval":1,"start_time":1610362083346},{"elapsed_time":1104169,"segment":1,"interval":1,"start_time":1610362087489},{"elapsed_time":1110049,"segment":1,"interval":1,"start_time":1610362093369},{"elapsed_time":1114168,"segment":1,"interval":1,"start_time":1610362097488},{"elapsed_time":1124160,"segment":1,"interval":1,"start_time":1610362107480},{"elapsed_time":1134164,"segment":1,"interval":1,"start_time":1610362117484},{"elapsed_time":1150080,"segment":1,"interval":1,"start_time":1610362133400},{"elapsed_time":1180109,"segment":1,"interval":1,"start_time":1610362163429},{"elapsed_time":1310232,"segment":1,"interval":1,"start_time":1610362293552},{"elapsed_time":1320254,"segment":1,"interval":1,"start_time":1610362303574},{"elapsed_time":1330256,"segment":1,"interval":1,"start_time":1610362313576},{"elapsed_time":1340258,"segment":1,"interval":1,"start_time":1610362323578},{"elapsed_time":1350283,"segment":1,"interval":1,"start_time":1610362333603},{"elapsed_time":1360285,"segment":1,"interval":1,"start_time":1610362343605},{"elapsed_time":1370287,"segment":1,"interval":1,"start_time":1610362353607},{"elapsed_time":1380315,"segment":1,"interval":1,"start_time":1610362363635},{"elapsed_time":1390316,"segment":1,"interval":1,"start_time":1610362373636},{"elapsed_time":1400335,"segment":1,"interval":1,"start_time":1610362383655},{"elapsed_time":1410343,"segment":1,"interval":1,"start_time":1610362393663},{"elapsed_time":1420360,"segment":1,"interval":1,"start_time":1610362403680},{"elapsed_time":1430367,"segment":1,"interval":1,"start_time":1610362413687},{"elapsed_time":1440374,"segment":1,"interval":1,"start_time":1610362423694},{"elapsed_time":1450376,"segment":1,"interval":1,"start_time":1610362433696},{"elapsed_time":1460397,"segment":1,"interval":1,"start_time":1610362443717},{"elapsed_time":1470402,"segment":1,"interval":1,"start_time":1610362453722},{"elapsed_time":1480404,"segment":1,"interval":1,"start_time":1610362463724},{"elapsed_time":1490423,"segment":1,"interval":1,"start_time":1610362473743},{"elapsed_time":1500437,"segment":1,"interval":1,"start_time":1610362483757},{"elapsed_time":1510452,"segment":1,"interval":1,"start_time":1610362493772},{"elapsed_time":1520456,"segment":1,"interval":1,"start_time":1610362503776},{"elapsed_time":1530462,"segment":1,"interval":1,"start_time":1610362513782},{"elapsed_time":1540463,"segment":1,"interval":1,"start_time":1610362523783},{"elapsed_time":1550481,"segment":1,"interval":1,"start_time":1610362533801},{"elapsed_time":1560490,"segment":1,"interval":1,"start_time":1610362543810},{"elapsed_time":1570492,"segment":1,"interval":1,"start_time":1610362553812},{"elapsed_time":1580512,"segment":1,"interval":1,"start_time":1610362563832},{"elapsed_time":1590519,"segment":1,"interval":1,"start_time":1610362573839},{"elapsed_time":1600522,"segment":1,"interval":1,"start_time":1610362583842},{"elapsed_time":1610525,"segment":1,"interval":1,"start_time":1610362593845},{"elapsed_time":1620558,"segment":1,"interval":1,"start_time":1610362603878},{"elapsed_time":1630560,"segment":1,"interval":1,"start_time":1610362613880},{"elapsed_time":1640562,"segment":1,"interval":1,"start_time":1610362623882},{"elapsed_time":1650582,"segment":1,"interval":1,"start_time":1610362633902},{"elapsed_time":1660584,"segment":1,"interval":1,"start_time":1610362643904},{"elapsed_time":1670605,"segment":1,"interval":1,"start_time":1610362653925},{"elapsed_time":1680608,"segment":1,"interval":1,"start_time":1610362663928},{"elapsed_time":1690615,"segment":1,"interval":1,"start_time":1610362673935},{"elapsed_time":1700629,"segment":1,"interval":1,"start_time":1610362683949},{"elapsed_time":1710636,"segment":1,"interval":1,"start_time":1610362693956},{"elapsed_time":1720643,"segment":1,"interval":1,"start_time":1610362703963},{"elapsed_time":1730658,"segment":1,"interval":1,"start_time":1610362713978},{"elapsed_time":1740666,"segment":1,"interval":1,"start_time":1610362723986},{"elapsed_time":1750668,"segment":1,"interval":1,"start_time":1610362733988},{"elapsed_time":1760690,"segment":1,"interval":1,"start_time":1610362744010},{"elapsed_time":1770696,"segment":1,"interval":1,"start_time":1610362754016},{"elapsed_time":1780715,"segment":1,"interval":1,"start_time":1610362764035},{"elapsed_time":1790717,"segment":1,"interval":1,"start_time":1610362774037},{"elapsed_time":1800726,"segment":1,"interval":1,"start_time":1610362784046},{"elapsed_time":1810728,"segment":1,"interval":1,"start_time":1610362794048},{"elapsed_time":1820748,"segment":1,"interval":1,"start_time":1610362804068},{"elapsed_time":1830754,"segment":1,"interval":1,"start_time":1610362814074},{"elapsed_time":1840756,"segment":1,"interval":1,"start_time":1610362824076},{"elapsed_time":1850772,"segment":1,"interval":1,"start_time":1610362834092},{"elapsed_time":1860784,"segment":1,"interval":1,"start_time":1610362844104},{"elapsed_time":1870803,"segment":1,"interval":1,"start_time":1610362854123},{"elapsed_time":1880805,"segment":1,"interval":1,"start_time":1610362864125},{"elapsed_time":1890812,"segment":1,"interval":1,"start_time":1610362874132},{"elapsed_time":1900831,"segment":1,"interval":1,"start_time":1610362884151},{"elapsed_time":1910833,"segment":1,"interval":1,"start_time":1610362894153},{"elapsed_time":1920844,"segment":1,"interval":1,"start_time":1610362904164},{"elapsed_time":1930861,"segment":1,"interval":1,"start_time":1610362914181},{"elapsed_time":1955879,"segment":1,"interval":1,"start_time":1610362939199},{"elapsed_time":1965889,"segment":1,"interval":1,"start_time":1610362949209},{"elapsed_time":1970890,"segment":1,"interval":1,"start_time":1610362954210},{"elapsed_time":1980908,"segment":1,"interval":1,"start_time":1610362964228},{"elapsed_time":1990910,"segment":1,"interval":1,"start_time":1610362974230},{"elapsed_time":2000912,"segment":1,"interval":1,"start_time":1610362984232},{"elapsed_time":2010935,"segment":1,"interval":1,"start_time":1610362994255},{"elapsed_time":2020954,"segment":1,"interval":1,"start_time":1610363004274},{"elapsed_time":2030956,"segment":1,"interval":1,"start_time":1610363014276},{"elapsed_time":2045972,"segment":1,"interval":1,"start_time":1610363029292},{"elapsed_time":2050979,"segment":1,"interval":1,"start_time":1610363034299},{"elapsed_time":2060981,"segment":1,"interval":1,"start_time":1610363044301},{"elapsed_time":2070996,"segment":1,"interval":1,"start_time":1610363054316},{"elapsed_time":2080997,"segment":1,"interval":1,"start_time":1610363064317},{"elapsed_time":2090999,"segment":1,"interval":1,"start_time":1610363074319},{"elapsed_time":2100019,"segment":1,"interval":1,"start_time":1610363083339},{"elapsed_time":2110021,"segment":1,"interval":1,"start_time":1610363093341},{"elapsed_time":2120024,"segment":1,"interval":1,"start_time":1610363103344},{"elapsed_time":2130048,"segment":1,"interval":1,"start_time":1610363113368},{"elapsed_time":2140066,"segment":1,"interval":1,"start_time":1610363123386},{"elapsed_time":2150068,"segment":1,"interval":1,"start_time":1610363133388},{"elapsed_time":2160078,"segment":1,"interval":1,"start_time":1610363143398},{"elapsed_time":2170080,"segment":1,"interval":1,"start_time":1610363153400},{"elapsed_time":2180092,"segment":1,"interval":1,"start_time":1610363163412},{"elapsed_time":2190106,"segment":1,"interval":1,"start_time":1610363173426},{"elapsed_time":2200107,"segment":1,"interval":1,"start_time":1610363183427},{"elapsed_time":2210109,"segment":1,"interval":1,"start_time":1610363193429},{"elapsed_time":2220137,"segment":1,"interval":1,"start_time":1610363203457},{"elapsed_time":2230139,"segment":1,"interval":1,"start_time":1610363213459},{"elapsed_time":2240141,"segment":1,"interval":1,"start_time":1610363223461},{"elapsed_time":2250166,"segment":1,"interval":1,"start_time":1610363233486},{"elapsed_time":2260168,"segment":1,"interval":1,"start_time":1610363243488},{"elapsed_time":2270188,"segment":1,"interval":1,"start_time":1610363253508},{"elapsed_time":2280195,"segment":1,"interval":1,"start_time":1610363263515},{"elapsed_time":2284196,"segment":1,"interval":1,"start_time":1610363267516},{"elapsed_time":2290212,"segment":1,"interval":1,"start_time":1610363273532},{"elapsed_time":2300214,"segment":1,"interval":1,"start_time":1610363283534},{"elapsed_time":2310224,"segment":1,"interval":1,"start_time":1610363293544},{"elapsed_time":2320234,"segment":1,"interval":1,"start_time":1610363303554},{"elapsed_time":2330236,"segment":1,"interval":1,"start_time":1610363313556},{"elapsed_time":2340253,"segment":1,"interval":1,"start_time":1610363323573},{"elapsed_time":2350255,"segment":1,"interval":1,"start_time":1610363333575},{"elapsed_time":2360258,"segment":1,"interval":1,"start_time":1610363343578},{"elapsed_time":2370283,"segment":1,"interval":1,"start_time":1610363353603},{"elapsed_time":2380285,"segment":1,"interval":1,"start_time":1610363363605},{"elapsed_time":2390303,"segment":1,"interval":1,"start_time":1610363373623},{"elapsed_time":2400312,"segment":1,"interval":1,"start_time":1610363383632},{"elapsed_time":2410340,"segment":1,"interval":1,"start_time":1610363393660},{"elapsed_time":2420347,"segment":1,"interval":1,"start_time":1610363403667},{"elapsed_time":2430342,"segment":1,"interval":1,"start_time":1610363413662},{"elapsed_time":2440344,"segment":1,"interval":1,"start_time":1610363423664},{"elapsed_time":2450364,"segment":1,"interval":1,"start_time":1610363433684},{"elapsed_time":2460374,"segment":1,"interval":1,"start_time":1610363443694},{"elapsed_time":2470376,"segment":1,"interval":1,"start_time":1610363453696},{"elapsed_time":2480398,"segment":1,"interval":1,"start_time":1610363463718},{"elapsed_time":2490412,"segment":1,"interval":1,"start_time":1610363473732},{"elapsed_time":2500419,"segment":1,"interval":1,"start_time":1610363483739},{"elapsed_time":2514427,"segment":1,"interval":1,"start_time":1610363497747},{"elapsed_time":2520432,"segment":1,"interval":1,"start_time":1610363503752},{"elapsed_time":2530451,"segment":1,"interval":1,"start_time":1610363513771},{"elapsed_time":2546454,"segment":1,"interval":1,"start_time":1610363529774},{"elapsed_time":2550460,"segment":1,"interval":1,"start_time":1610363533780},{"elapsed_time":2560470,"segment":1,"interval":1,"start_time":1610363543790},{"elapsed_time":2570472,"segment":1,"interval":1,"start_time":1610363553792},{"elapsed_time":2580488,"segment":1,"interval":1,"start_time":1610363563808},{"elapsed_time":2590507,"segment":1,"interval":1,"start_time":1610363573827},{"elapsed_time":2600509,"segment":1,"interval":1,"start_time":1610363583829},{"elapsed_time":2610522,"segment":1,"interval":1,"start_time":1610363593842},{"elapsed_time":2629539,"segment":1,"interval":1,"start_time":1610363612859},{"elapsed_time":2630539,"segment":1,"interval":1,"start_time":1610363613859},{"elapsed_time":2640548,"segment":1,"interval":1,"start_time":1610363623868},{"elapsed_time":2650567,"segment":1,"interval":1,"start_time":1610363633887},{"elapsed_time":2667570,"segment":1,"interval":1,"start_time":1610363650890},{"elapsed_time":2670576,"segment":1,"interval":1,"start_time":1610363653896},{"elapsed_time":3383264,"segment":1,"interval":1,"start_time":1610364366584},{"elapsed_time":3390280,"segment":1,"interval":1,"start_time":1610364373600},{"elapsed_time":3400296,"segment":1,"interval":1,"start_time":1610364383616},{"elapsed_time":3410300,"segment":1,"interval":1,"start_time":1610364393620},{"elapsed_time":3420310,"segment":1,"interval":1,"start_time":1610364403630},{"elapsed_time":3430312,"segment":1,"interval":1,"start_time":1610364413632},{"elapsed_time":3440332,"segment":1,"interval":1,"start_time":1610364423652},{"elapsed_time":3450339,"segment":1,"interval":1,"start_time":1610364433659},{"elapsed_time":3460354,"segment":1,"interval":1,"start_time":1610364443674},{"elapsed_time":3470356,"segment":1,"interval":1,"start_time":1610364453676},{"elapsed_time":3480369,"segment":1,"interval":1,"start_time":1610364463689},{"elapsed_time":3490371,"segment":1,"interval":1,"start_time":1610364473691},{"elapsed_time":3500391,"segment":1,"interval":1,"start_time":1610364483711},{"elapsed_time":3510398,"segment":1,"interval":1,"start_time":1610364493718},{"elapsed_time":3520400,"segment":1,"interval":1,"start_time":1610364503720},{"elapsed_time":3530419,"segment":1,"interval":1,"start_time":1610364513739},{"elapsed_time":3540428,"segment":1,"interval":1,"start_time":1610364523748},{"elapsed_time":3550446,"segment":1,"interval":1,"start_time":1610364533766},{"elapsed_time":3560447,"segment":1,"interval":1,"start_time":1610364543767},{"elapsed_time":3570456,"segment":1,"interval":1,"start_time":1610364553776},{"elapsed_time":3580474,"segment":1,"interval":1,"start_time":1610364563794},{"elapsed_time":3590475,"segment":1,"interval":1,"start_time":1610364573795},{"elapsed_time":3600486,"segment":1,"interval":1,"start_time":1610364583806},{"elapsed_time":3610498,"segment":1,"interval":1,"start_time":1610364593818},{"elapsed_time":3620500,"segment":1,"interval":1,"start_time":1610364603820},{"elapsed_time":3630514,"segment":1,"interval":1,"start_time":1610364613834},{"elapsed_time":3640516,"segment":1,"interval":1,"start_time":1610364623836},{"elapsed_time":3650539,"segment":1,"interval":1,"start_time":1610364633859},{"elapsed_time":3660542,"segment":1,"interval":1,"start_time":1610364643862},{"elapsed_time":3670555,"segment":1,"interval":1,"start_time":1610364653875},{"elapsed_time":3680557,"segment":1,"interval":1,"start_time":1610364663877},{"elapsed_time":3690579,"segment":1,"interval":1,"start_time":1610364673899},{"elapsed_time":3700581,"segment":1,"interval":1,"start_time":1610364683901},{"elapsed_time":3710583,"segment":1,"interval":1,"start_time":1610364693903},{"elapsed_time":3720602,"segment":1,"interval":1,"start_time":1610364703922},{"elapsed_time":3730604,"segment":1,"interval":1,"start_time":1610364713924},{"elapsed_time":3740620,"segment":1,"interval":1,"start_time":1610364723940},{"elapsed_time":3750641,"segment":1,"interval":1,"start_time":1610364733961},{"elapsed_time":3760643,"segment":1,"interval":1,"start_time":1610364743963},{"elapsed_time":3770657,"segment":1,"interval":1,"start_time":1610364753977},{"elapsed_time":3780659,"segment":1,"interval":1,"start_time":1610364763979},{"elapsed_time":3795692,"segment":1,"interval":1,"start_time":1610364779012},{"elapsed_time":3800693,"segment":1,"interval":1,"start_time":1610364784013},{"elapsed_time":3810690,"segment":1,"interval":1,"start_time":1610364794010},{"elapsed_time":3820691,"segment":1,"interval":1,"start_time":1610364804011},{"elapsed_time":3830693,"segment":1,"interval":1,"start_time":1610364814013},{"elapsed_time":3840720,"segment":1,"interval":1,"start_time":1610364824040},{"elapsed_time":3850728,"segment":1,"interval":1,"start_time":1610364834048},{"elapsed_time":3860747,"segment":1,"interval":1,"start_time":1610364844067},{"elapsed_time":3870747,"segment":1,"interval":1,"start_time":1610364854067},{"elapsed_time":3880750,"segment":1,"interval":1,"start_time":1610364864070},{"elapsed_time":3890752,"segment":1,"interval":1,"start_time":1610364874072},{"elapsed_time":3900777,"segment":1,"interval":1,"start_time":1610364884097},{"elapsed_time":3910780,"segment":1,"interval":1,"start_time":1610364894100},{"elapsed_time":3920798,"segment":1,"interval":1,"start_time":1610364904118},{"elapsed_time":3930809,"segment":1,"interval":1,"start_time":1610364914129},{"elapsed_time":3940811,"segment":1,"interval":1,"start_time":1610364924131},{"elapsed_time":3950833,"segment":1,"interval":1,"start_time":1610364934153},{"elapsed_time":3960842,"segment":1,"interval":1,"start_time":1610364944162},{"elapsed_time":3970844,"segment":1,"interval":1,"start_time":1610364954164},{"elapsed_time":3980858,"segment":1,"interval":1,"start_time":1610364964178},{"elapsed_time":3990867,"segment":1,"interval":1,"start_time":1610364974187},{"elapsed_time":4000884,"segment":1,"interval":1,"start_time":1610364984204},{"elapsed_time":4010888,"segment":1,"interval":1,"start_time":1610364994208},{"elapsed_time":4020897,"segment":1,"interval":1,"start_time":1610365004217},{"elapsed_time":4030899,"segment":1,"interval":1,"start_time":1610365014219},{"elapsed_time":4040914,"segment":1,"interval":1,"start_time":1610365024234},{"elapsed_time":4050926,"segment":1,"interval":1,"start_time":1610365034246},{"elapsed_time":4060928,"segment":1,"interval":1,"start_time":1610365044248},{"elapsed_time":4070950,"segment":1,"interval":1,"start_time":1610365054270},{"elapsed_time":4080953,"segment":1,"interval":1,"start_time":1610365064273},{"elapsed_time":4090962,"segment":1,"interval":1,"start_time":1610365074282},{"elapsed_time":4100963,"segment":1,"interval":1,"start_time":1610365084283},{"elapsed_time":4111005,"segment":1,"interval":1,"start_time":1610365094325},{"elapsed_time":4120007,"segment":1,"interval":1,"start_time":1610365103327},{"elapsed_time":4130009,"segment":1,"interval":1,"start_time":1610365113329},{"elapsed_time":4140011,"segment":1,"interval":1,"start_time":1610365123331},{"elapsed_time":4150016,"segment":1,"interval":1,"start_time":1610365133336},{"elapsed_time":4160031,"segment":1,"interval":1,"start_time":1610365143351},{"elapsed_time":4170042,"segment":1,"interval":1,"start_time":1610365153362},{"elapsed_time":4180070,"segment":1,"interval":1,"start_time":1610365163390},{"elapsed_time":4190072,"segment":1,"interval":1,"start_time":1610365173392},{"elapsed_time":4200082,"segment":1,"interval":1,"start_time":1610365183402},{"elapsed_time":4210086,"segment":1,"interval":1,"start_time":1610365193406},{"elapsed_time":4220088,"segment":1,"interval":1,"start_time":1610365203408},{"elapsed_time":4230100,"segment":1,"interval":1,"start_time":1610365213420},{"elapsed_time":4240109,"segment":1,"interval":1,"start_time":1610365223429},{"elapsed_time":4250111,"segment":1,"interval":1,"start_time":1610365233431},{"elapsed_time":4260113,"segment":1,"interval":1,"start_time":1610365243433},{"elapsed_time":4270132,"segment":1,"interval":1,"start_time":1610365253452},{"elapsed_time":4280153,"segment":1,"interval":1,"start_time":1610365263473},{"elapsed_time":4292172,"segment":1,"interval":1,"start_time":1610365275492},{"elapsed_time":4300175,"segment":1,"interval":1,"start_time":1610365283495},{"elapsed_time":4310185,"segment":1,"interval":1,"start_time":1610365293505},{"elapsed_time":4320187,"segment":1,"interval":1,"start_time":1610365303507},{"elapsed_time":4330189,"segment":1,"interval":1,"start_time":1610365313509},{"elapsed_time":4340194,"segment":1,"interval":1,"start_time":1610365323514},{"elapsed_time":4350196,"segment":1,"interval":1,"start_time":1610365333516},{"elapsed_time":4355849,"segment":1,"interval":1,"start_time":1610365339169}]