[{"elapsed_time":7080,"segment":0,"interval":1,"start_time":1612872258000},{"elapsed_time":8080,"segment":0,"interval":1,"start_time":1612872259000},{"elapsed_time":10080,"segment":0,"interval":1,"start_time":1612872261000},{"elapsed_time":12080,"segment":0,"interval":1,"start_time":1612872263000},{"elapsed_time":15080,"segment":0,"interval":1,"start_time":1612872266000},{"elapsed_time":16080,"segment":0,"interval":1,"start_time":1612872267000},{"elapsed_time":17080,"segment":0,"interval":1,"start_time":1612872268000},{"elapsed_time":21080,"segment":0,"interval":1,"start_time":1612872272000},{"elapsed_time":24080,"segment":0,"interval":1,"start_time":1612872275000},{"elapsed_time":27080,"segment":0,"interval":1,"start_time":1612872278000},{"elapsed_time":29080,"segment":0,"interval":1,"start_time":1612872280000},{"elapsed_time":32080,"segment":0,"interval":1,"start_time":1612872283000},{"elapsed_time":34080,"segment":0,"interval":1,"start_time":1612872285000},{"elapsed_time":36080,"segment":0,"interval":1,"start_time":1612872287000},{"elapsed_time":39080,"segment":0,"interval":1,"start_time":1612872290000},{"elapsed_time":41080,"segment":0,"interval":1,"start_time":1612872292000},{"elapsed_time":43080,"segment":0,"interval":1,"start_time":1612872294000},{"elapsed_time":45080,"segment":0,"interval":1,"start_time":1612872296000},{"elapsed_time":47080,"segment":0,"interval":1,"start_time":1612872298000},{"elapsed_time":49080,"segment":0,"interval":1,"start_time":1612872300000},{"elapsed_time":51080,"segment":0,"interval":1,"start_time":1612872302000},{"elapsed_time":53080,"segment":0,"interval":1,"start_time":1612872304000},{"elapsed_time":55080,"segment":0,"interval":1,"start_time":1612872306000},{"elapsed_time":57080,"segment":0,"interval":1,"start_time":1612872308000},{"elapsed_time":59080,"segment":0,"interval":1,"start_time":1612872310000},{"elapsed_time":61080,"segment":0,"interval":1,"start_time":1612872312000},{"elapsed_time":63080,"segment":0,"interval":1,"start_time":1612872314000},{"elapsed_time":65080,"segment":0,"interval":1,"start_time":1612872316000},{"elapsed_time":67080,"segment":0,"interval":1,"start_time":1612872318000},{"elapsed_time":70080,"segment":0,"interval":1,"start_time":1612872321000},{"elapsed_time":73080,"segment":0,"interval":1,"start_time":1612872324000},{"elapsed_time":77080,"segment":0,"interval":1,"start_time":1612872328000},{"elapsed_time":79080,"segment":0,"interval":1,"start_time":1612872330000},{"elapsed_time":81080,"segment":0,"interval":1,"start_time":1612872332000},{"elapsed_time":83080,"segment":0,"interval":1,"start_time":1612872334000},{"elapsed_time":85080,"segment":0,"interval":1,"start_time":1612872336000},{"elapsed_time":87080,"segment":0,"interval":1,"start_time":1612872338000},{"elapsed_time":90080,"segment":0,"interval":1,"start_time":1612872341000},{"elapsed_time":92080,"segment":0,"interval":1,"start_time":1612872343000},{"elapsed_time":94080,"segment":0,"interval":1,"start_time":1612872345000},{"elapsed_time":96080,"segment":0,"interval":1,"start_time":1612872347000},{"elapsed_time":98080,"segment":0,"interval":1,"start_time":1612872349000},{"elapsed_time":100080,"segment":0,"interval":1,"start_time":1612872351000},{"elapsed_time":102080,"segment":0,"interval":1,"start_time":1612872353000},{"elapsed_time":104080,"segment":0,"interval":1,"start_time":1612872355000},{"elapsed_time":108080,"segment":0,"interval":1,"start_time":1612872359000},{"elapsed_time":112080,"segment":0,"interval":1,"start_time":1612872363000},{"elapsed_time":115080,"segment":0,"interval":1,"start_time":1612872366000},{"elapsed_time":118080,"segment":0,"interval":1,"start_time":1612872369000},{"elapsed_time":121080,"segment":0,"interval":1,"start_time":1612872372000},{"elapsed_time":124080,"segment":0,"interval":1,"start_time":1612872375000},{"elapsed_time":127080,"segment":0,"interval":1,"start_time":1612872378000},{"elapsed_time":130080,"segment":0,"interval":1,"start_time":1612872381000},{"elapsed_time":133080,"segment":0,"interval":1,"start_time":1612872384000},{"elapsed_time":135080,"segment":0,"interval":1,"start_time":1612872386000},{"elapsed_time":138080,"segment":0,"interval":1,"start_time":1612872389000},{"elapsed_time":140080,"segment":0,"interval":1,"start_time":1612872391000},{"elapsed_time":142080,"segment":0,"interval":1,"start_time":1612872393000},{"elapsed_time":144080,"segment":0,"interval":1,"start_time":1612872395000},{"elapsed_time":146080,"segment":0,"interval":1,"start_time":1612872397000},{"elapsed_time":148080,"segment":0,"interval":1,"start_time":1612872399000},{"elapsed_time":151080,"segment":0,"interval":1,"start_time":1612872402000},{"elapsed_time":154080,"segment":0,"interval":1,"start_time":1612872405000},{"elapsed_time":156080,"segment":0,"interval":1,"start_time":1612872407000},{"elapsed_time":158080,"segment":0,"interval":1,"start_time":1612872409000},{"elapsed_time":161080,"segment":0,"interval":1,"start_time":1612872412000},{"elapsed_time":163080,"segment":0,"interval":1,"start_time":1612872414000},{"elapsed_time":165080,"segment":0,"interval":1,"start_time":1612872416000},{"elapsed_time":167080,"segment":0,"interval":1,"start_time":1612872418000},{"elapsed_time":169080,"segment":0,"interval":1,"start_time":1612872420000},{"elapsed_time":171080,"segment":0,"interval":1,"start_time":1612872422000},{"elapsed_time":173080,"segment":0,"interval":1,"start_time":1612872424000},{"elapsed_time":175080,"segment":0,"interval":1,"start_time":1612872426000},{"elapsed_time":177080,"segment":0,"interval":1,"start_time":1612872428000},{"elapsed_time":180080,"segment":0,"interval":1,"start_time":1612872431000},{"elapsed_time":182080,"segment":0,"interval":1,"start_time":1612872433000},{"elapsed_time":184080,"segment":0,"interval":1,"start_time":1612872435000},{"elapsed_time":186080,"segment":0,"interval":1,"start_time":1612872437000},{"elapsed_time":188080,"segment":0,"interval":1,"start_time":1612872439000},{"elapsed_time":190080,"segment":0,"interval":1,"start_time":1612872441000},{"elapsed_time":192080,"segment":0,"interval":1,"start_time":1612872443000},{"elapsed_time":195080,"segment":0,"interval":1,"start_time":1612872446000},{"elapsed_time":199080,"segment":0,"interval":1,"start_time":1612872450000},{"elapsed_time":208080,"segment":0,"interval":1,"start_time":1612872459000},{"elapsed_time":211080,"segment":0,"interval":1,"start_time":1612872462000},{"elapsed_time":213080,"segment":0,"interval":1,"start_time":1612872464000},{"elapsed_time":216080,"segment":0,"interval":1,"start_time":1612872467000},{"elapsed_time":219080,"segment":0,"interval":1,"start_time":1612872470000},{"elapsed_time":221080,"segment":0,"interval":1,"start_time":1612872472000},{"elapsed_time":223080,"segment":0,"interval":1,"start_time":1612872474000},{"elapsed_time":225080,"segment":0,"interval":1,"start_time":1612872476000},{"elapsed_time":227080,"segment":0,"interval":1,"start_time":1612872478000},{"elapsed_time":229080,"segment":0,"interval":1,"start_time":1612872480000},{"elapsed_time":231080,"segment":0,"interval":1,"start_time":1612872482000},{"elapsed_time":233080,"segment":0,"interval":1,"start_time":1612872484000},{"elapsed_time":235080,"segment":0,"interval":1,"start_time":1612872486000},{"elapsed_time":237080,"segment":0,"interval":1,"start_time":1612872488000},{"elapsed_time":239080,"segment":0,"interval":1,"start_time":1612872490000},{"elapsed_time":241080,"segment":0,"interval":1,"start_time":1612872492000},{"elapsed_time":243080,"segment":0,"interval":1,"start_time":1612872494000},{"elapsed_time":245080,"segment":0,"interval":1,"start_time":1612872496000},{"elapsed_time":247080,"segment":0,"interval":1,"start_time":1612872498000},{"elapsed_time":249080,"segment":0,"interval":1,"start_time":1612872500000},{"elapsed_time":251080,"segment":0,"interval":1,"start_time":1612872502000},{"elapsed_time":253080,"segment":0,"interval":1,"start_time":1612872504000},{"elapsed_time":256080,"segment":0,"interval":1,"start_time":1612872507000},{"elapsed_time":258080,"segment":0,"interval":1,"start_time":1612872509000},{"elapsed_time":260080,"segment":0,"interval":1,"start_time":1612872511000},{"elapsed_time":262080,"segment":0,"interval":1,"start_time":1612872513000},{"elapsed_time":264080,"segment":0,"interval":1,"start_time":1612872515000},{"elapsed_time":267080,"segment":0,"interval":1,"start_time":1612872518000},{"elapsed_time":270080,"segment":0,"interval":1,"start_time":1612872521000},{"elapsed_time":272080,"segment":0,"interval":1,"start_time":1612872523000},{"elapsed_time":274080,"segment":0,"interval":1,"start_time":1612872525000},{"elapsed_time":276080,"segment":0,"interval":1,"start_time":1612872527000},{"elapsed_time":278080,"segment":0,"interval":1,"start_time":1612872529000},{"elapsed_time":280080,"segment":0,"interval":1,"start_time":1612872531000},{"elapsed_time":282080,"segment":0,"interval":1,"start_time":1612872533000},{"elapsed_time":284080,"segment":0,"interval":1,"start_time":1612872535000},{"elapsed_time":286080,"segment":0,"interval":1,"start_time":1612872537000},{"elapsed_time":288080,"segment":0,"interval":1,"start_time":1612872539000},{"elapsed_time":290080,"segment":0,"interval":1,"start_time":1612872541000},{"elapsed_time":292080,"segment":0,"interval":1,"start_time":1612872543000},{"elapsed_time":294080,"segment":0,"interval":1,"start_time":1612872545000},{"elapsed_time":296080,"segment":0,"interval":1,"start_time":1612872547000},{"elapsed_time":298080,"segment":0,"interval":1,"start_time":1612872549000},{"elapsed_time":301080,"segment":0,"interval":1,"start_time":1612872552000},{"elapsed_time":303080,"segment":0,"interval":1,"start_time":1612872554000},{"elapsed_time":306080,"segment":0,"interval":1,"start_time":1612872557000},{"elapsed_time":308080,"segment":0,"interval":1,"start_time":1612872559000},{"elapsed_time":311080,"segment":0,"interval":1,"start_time":1612872562000},{"elapsed_time":314080,"segment":0,"interval":1,"start_time":1612872565000},{"elapsed_time":316080,"segment":0,"interval":1,"start_time":1612872567000},{"elapsed_time":318080,"segment":0,"interval":1,"start_time":1612872569000},{"elapsed_time":321080,"segment":0,"interval":1,"start_time":1612872572000},{"elapsed_time":324080,"segment":0,"interval":1,"start_time":1612872575000},{"elapsed_time":326080,"segment":0,"interval":1,"start_time":1612872577000},{"elapsed_time":328080,"segment":0,"interval":1,"start_time":1612872579000},{"elapsed_time":330080,"segment":0,"interval":1,"start_time":1612872581000},{"elapsed_time":332080,"segment":0,"interval":1,"start_time":1612872583000},{"elapsed_time":334080,"segment":0,"interval":1,"start_time":1612872585000},{"elapsed_time":336080,"segment":0,"interval":1,"start_time":1612872587000},{"elapsed_time":338080,"segment":0,"interval":1,"start_time":1612872589000},{"elapsed_time":340080,"segment":0,"interval":1,"start_time":1612872591000},{"elapsed_time":342080,"segment":0,"interval":1,"start_time":1612872593000},{"elapsed_time":344080,"segment":0,"interval":1,"start_time":1612872595000},{"elapsed_time":346080,"segment":0,"interval":1,"start_time":1612872597000},{"elapsed_time":348080,"segment":0,"interval":1,"start_time":1612872599000},{"elapsed_time":350080,"segment":0,"interval":1,"start_time":1612872601000},{"elapsed_time":352080,"segment":0,"interval":1,"start_time":1612872603000},{"elapsed_time":355080,"segment":0,"interval":1,"start_time":1612872606000},{"elapsed_time":358080,"segment":0,"interval":1,"start_time":1612872609000},{"elapsed_time":360080,"segment":0,"interval":1,"start_time":1612872611000},{"elapsed_time":362080,"segment":0,"interval":1,"start_time":1612872613000},{"elapsed_time":364080,"segment":0,"interval":1,"start_time":1612872615000},{"elapsed_time":367080,"segment":0,"interval":1,"start_time":1612872618000},{"elapsed_time":369080,"segment":0,"interval":1,"start_time":1612872620000},{"elapsed_time":371080,"segment":0,"interval":1,"start_time":1612872622000},{"elapsed_time":373080,"segment":0,"interval":1,"start_time":1612872624000},{"elapsed_time":375080,"segment":0,"interval":1,"start_time":1612872626000},{"elapsed_time":377080,"segment":0,"interval":1,"start_time":1612872628000},{"elapsed_time":379080,"segment":0,"interval":1,"start_time":1612872630000},{"elapsed_time":381080,"segment":0,"interval":1,"start_time":1612872632000},{"elapsed_time":383080,"segment":0,"interval":1,"start_time":1612872634000},{"elapsed_time":385080,"segment":0,"interval":1,"start_time":1612872636000},{"elapsed_time":387080,"segment":0,"interval":1,"start_time":1612872638000},{"elapsed_time":389080,"segment":0,"interval":1,"start_time":1612872640000},{"elapsed_time":392080,"segment":0,"interval":1,"start_time":1612872643000},{"elapsed_time":394080,"segment":0,"interval":1,"start_time":1612872645000},{"elapsed_time":396080,"segment":0,"interval":1,"start_time":1612872647000},{"elapsed_time":399080,"segment":0,"interval":1,"start_time":1612872650000},{"elapsed_time":403080,"segment":0,"interval":1,"start_time":1612872654000},{"elapsed_time":406080,"segment":0,"interval":1,"start_time":1612872657000},{"elapsed_time":409080,"segment":0,"interval":1,"start_time":1612872660000},{"elapsed_time":411080,"segment":0,"interval":1,"start_time":1612872662000},{"elapsed_time":413080,"segment":0,"interval":1,"start_time":1612872664000},{"elapsed_time":415080,"segment":0,"interval":1,"start_time":1612872666000},{"elapsed_time":417080,"segment":0,"interval":1,"start_time":1612872668000},{"elapsed_time":419080,"segment":0,"interval":1,"start_time":1612872670000},{"elapsed_time":421080,"segment":0,"interval":1,"start_time":1612872672000},{"elapsed_time":423080,"segment":0,"interval":1,"start_time":1612872674000},{"elapsed_time":425080,"segment":0,"interval":1,"start_time":1612872676000},{"elapsed_time":428080,"segment":0,"interval":1,"start_time":1612872679000},{"elapsed_time":430080,"segment":0,"interval":1,"start_time":1612872681000},{"elapsed_time":432080,"segment":0,"interval":1,"start_time":1612872683000},{"elapsed_time":434080,"segment":0,"interval":1,"start_time":1612872685000},{"elapsed_time":436080,"segment":0,"interval":1,"start_time":1612872687000},{"elapsed_time":438080,"segment":0,"interval":1,"start_time":1612872689000},{"elapsed_time":440080,"segment":0,"interval":1,"start_time":1612872691000},{"elapsed_time":442080,"segment":0,"interval":1,"start_time":1612872693000},{"elapsed_time":444080,"segment":0,"interval":1,"start_time":1612872695000},{"elapsed_time":446080,"segment":0,"interval":1,"start_time":1612872697000},{"elapsed_time":448080,"segment":0,"interval":1,"start_time":1612872699000},{"elapsed_time":450080,"segment":0,"interval":1,"start_time":1612872701000},{"elapsed_time":452080,"segment":0,"interval":1,"start_time":1612872703000},{"elapsed_time":454080,"segment":0,"interval":1,"start_time":1612872705000},{"elapsed_time":456080,"segment":0,"interval":1,"start_time":1612872707000},{"elapsed_time":458080,"segment":0,"interval":1,"start_time":1612872709000},{"elapsed_time":460080,"segment":0,"interval":1,"start_time":1612872711000},{"elapsed_time":462080,"segment":0,"interval":1,"start_time":1612872713000},{"elapsed_time":464080,"segment":0,"interval":1,"start_time":1612872715000},{"elapsed_time":466080,"segment":0,"interval":1,"start_time":1612872717000},{"elapsed_time":468080,"segment":0,"interval":1,"start_time":1612872719000},{"elapsed_time":470080,"segment":0,"interval":1,"start_time":1612872721000},{"elapsed_time":472080,"segment":0,"interval":1,"start_time":1612872723000},{"elapsed_time":474080,"segment":0,"interval":1,"start_time":1612872725000},{"elapsed_time":476080,"segment":0,"interval":1,"start_time":1612872727000},{"elapsed_time":478080,"segment":0,"interval":1,"start_time":1612872729000},{"elapsed_time":480080,"segment":0,"interval":1,"start_time":1612872731000},{"elapsed_time":482080,"segment":0,"interval":1,"start_time":1612872733000},{"elapsed_time":484080,"segment":0,"interval":1,"start_time":1612872735000},{"elapsed_time":486080,"segment":0,"interval":1,"start_time":1612872737000},{"elapsed_time":488080,"segment":0,"interval":1,"start_time":1612872739000},{"elapsed_time":490080,"segment":0,"interval":1,"start_time":1612872741000},{"elapsed_time":492080,"segment":0,"interval":1,"start_time":1612872743000},{"elapsed_time":494080,"segment":0,"interval":1,"start_time":1612872745000},{"elapsed_time":496080,"segment":0,"interval":1,"start_time":1612872747000},{"elapsed_time":498080,"segment":0,"interval":1,"start_time":1612872749000},{"elapsed_time":500080,"segment":0,"interval":1,"start_time":1612872751000},{"elapsed_time":503080,"segment":0,"interval":1,"start_time":1612872754000},{"elapsed_time":505080,"segment":0,"interval":1,"start_time":1612872756000},{"elapsed_time":507080,"segment":0,"interval":1,"start_time":1612872758000},{"elapsed_time":509080,"segment":0,"interval":1,"start_time":1612872760000},{"elapsed_time":511080,"segment":0,"interval":1,"start_time":1612872762000},{"elapsed_time":513080,"segment":0,"interval":1,"start_time":1612872764000},{"elapsed_time":515080,"segment":0,"interval":1,"start_time":1612872766000},{"elapsed_time":517080,"segment":0,"interval":1,"start_time":1612872768000},{"elapsed_time":519080,"segment":0,"interval":1,"start_time":1612872770000},{"elapsed_time":521080,"segment":0,"interval":1,"start_time":1612872772000},{"elapsed_time":523080,"segment":0,"interval":1,"start_time":1612872774000},{"elapsed_time":525080,"segment":0,"interval":1,"start_time":1612872776000},{"elapsed_time":527080,"segment":0,"interval":1,"start_time":1612872778000},{"elapsed_time":530080,"segment":0,"interval":1,"start_time":1612872781000},{"elapsed_time":532080,"segment":0,"interval":1,"start_time":1612872783000},{"elapsed_time":534080,"segment":0,"interval":1,"start_time":1612872785000},{"elapsed_time":536080,"segment":0,"interval":1,"start_time":1612872787000},{"elapsed_time":538080,"segment":0,"interval":1,"start_time":1612872789000},{"elapsed_time":541080,"segment":0,"interval":1,"start_time":1612872792000},{"elapsed_time":545080,"segment":0,"interval":1,"start_time":1612872796000},{"elapsed_time":547080,"segment":0,"interval":1,"start_time":1612872798000},{"elapsed_time":549080,"segment":0,"interval":1,"start_time":1612872800000},{"elapsed_time":551080,"segment":0,"interval":1,"start_time":1612872802000},{"elapsed_time":553080,"segment":0,"interval":1,"start_time":1612872804000},{"elapsed_time":555080,"segment":0,"interval":1,"start_time":1612872806000},{"elapsed_time":557080,"segment":0,"interval":1,"start_time":1612872808000},{"elapsed_time":559080,"segment":0,"interval":1,"start_time":1612872810000},{"elapsed_time":561080,"segment":0,"interval":1,"start_time":1612872812000},{"elapsed_time":563080,"segment":0,"interval":1,"start_time":1612872814000},{"elapsed_time":565080,"segment":0,"interval":1,"start_time":1612872816000},{"elapsed_time":567080,"segment":0,"interval":1,"start_time":1612872818000},{"elapsed_time":569080,"segment":0,"interval":1,"start_time":1612872820000},{"elapsed_time":571080,"segment":0,"interval":1,"start_time":1612872822000},{"elapsed_time":573080,"segment":0,"interval":1,"start_time":1612872824000},{"elapsed_time":575080,"segment":0,"interval":1,"start_time":1612872826000},{"elapsed_time":577080,"segment":0,"interval":1,"start_time":1612872828000},{"elapsed_time":579080,"segment":0,"interval":1,"start_time":1612872830000},{"elapsed_time":581080,"segment":0,"interval":1,"start_time":1612872832000},{"elapsed_time":583080,"segment":0,"interval":1,"start_time":1612872834000},{"elapsed_time":585080,"segment":0,"interval":1,"start_time":1612872836000},{"elapsed_time":588080,"segment":0,"interval":1,"start_time":1612872839000},{"elapsed_time":591080,"segment":0,"interval":1,"start_time":1612872842000},{"elapsed_time":593080,"segment":0,"interval":1,"start_time":1612872844000},{"elapsed_time":595080,"segment":0,"interval":1,"start_time":1612872846000},{"elapsed_time":597080,"segment":0,"interval":1,"start_time":1612872848000},{"elapsed_time":600080,"segment":0,"interval":1,"start_time":1612872851000},{"elapsed_time":602080,"segment":0,"interval":1,"start_time":1612872853000},{"elapsed_time":604080,"segment":0,"interval":1,"start_time":1612872855000},{"elapsed_time":606080,"segment":0,"interval":1,"start_time":1612872857000},{"elapsed_time":608080,"segment":0,"interval":1,"start_time":1612872859000},{"elapsed_time":610080,"segment":0,"interval":1,"start_time":1612872861000},{"elapsed_time":612080,"segment":0,"interval":1,"start_time":1612872863000},{"elapsed_time":614080,"segment":0,"interval":1,"start_time":1612872865000},{"elapsed_time":616080,"segment":0,"interval":1,"start_time":1612872867000},{"elapsed_time":618080,"segment":0,"interval":1,"start_time":1612872869000},{"elapsed_time":620080,"segment":0,"interval":1,"start_time":1612872871000},{"elapsed_time":622080,"segment":0,"interval":1,"start_time":1612872873000},{"elapsed_time":624080,"segment":0,"interval":1,"start_time":1612872875000},{"elapsed_time":626080,"segment":0,"interval":1,"start_time":1612872877000},{"elapsed_time":628080,"segment":0,"interval":1,"start_time":1612872879000},{"elapsed_time":630080,"segment":0,"interval":1,"start_time":1612872881000},{"elapsed_time":632080,"segment":0,"interval":1,"start_time":1612872883000},{"elapsed_time":634080,"segment":0,"interval":1,"start_time":1612872885000},{"elapsed_time":636080,"segment":0,"interval":1,"start_time":1612872887000},{"elapsed_time":638080,"segment":0,"interval":1,"start_time":1612872889000},{"elapsed_time":640080,"segment":0,"interval":1,"start_time":1612872891000},{"elapsed_time":642080,"segment":0,"interval":1,"start_time":1612872893000},{"elapsed_time":645080,"segment":0,"interval":1,"start_time":1612872896000},{"elapsed_time":648080,"segment":0,"interval":1,"start_time":1612872899000},{"elapsed_time":650080,"segment":0,"interval":1,"start_time":1612872901000},{"elapsed_time":652080,"segment":0,"interval":1,"start_time":1612872903000},{"elapsed_time":654080,"segment":0,"interval":1,"start_time":1612872905000},{"elapsed_time":656080,"segment":0,"interval":1,"start_time":1612872907000},{"elapsed_time":658080,"segment":0,"interval":1,"start_time":1612872909000},{"elapsed_time":660080,"segment":0,"interval":1,"start_time":1612872911000},{"elapsed_time":662080,"segment":0,"interval":1,"start_time":1612872913000},{"elapsed_time":664080,"segment":0,"interval":1,"start_time":1612872915000},{"elapsed_time":666080,"segment":0,"interval":1,"start_time":1612872917000},{"elapsed_time":668080,"segment":0,"interval":1,"start_time":1612872919000},{"elapsed_time":670080,"segment":0,"interval":1,"start_time":1612872921000},{"elapsed_time":673080,"segment":0,"interval":1,"start_time":1612872924000},{"elapsed_time":675080,"segment":0,"interval":1,"start_time":1612872926000},{"elapsed_time":677080,"segment":0,"interval":1,"start_time":1612872928000},{"elapsed_time":679080,"segment":0,"interval":1,"start_time":1612872930000},{"elapsed_time":681080,"segment":0,"interval":1,"start_time":1612872932000},{"elapsed_time":683080,"segment":0,"interval":1,"start_time":1612872934000},{"elapsed_time":685080,"segment":0,"interval":1,"start_time":1612872936000},{"elapsed_time":687080,"segment":0,"interval":1,"start_time":1612872938000},{"elapsed_time":690080,"segment":0,"interval":1,"start_time":1612872941000},{"elapsed_time":692080,"segment":0,"interval":1,"start_time":1612872943000},{"elapsed_time":694080,"segment":0,"interval":1,"start_time":1612872945000},{"elapsed_time":696080,"segment":0,"interval":1,"start_time":1612872947000},{"elapsed_time":698080,"segment":0,"interval":1,"start_time":1612872949000},{"elapsed_time":700080,"segment":0,"interval":1,"start_time":1612872951000},{"elapsed_time":702080,"segment":0,"interval":1,"start_time":1612872953000},{"elapsed_time":704080,"segment":0,"interval":1,"start_time":1612872955000},{"elapsed_time":707080,"segment":0,"interval":1,"start_time":1612872958000},{"elapsed_time":709080,"segment":0,"interval":1,"start_time":1612872960000},{"elapsed_time":712080,"segment":0,"interval":1,"start_time":1612872963000},{"elapsed_time":714080,"segment":0,"interval":1,"start_time":1612872965000},{"elapsed_time":716080,"segment":0,"interval":1,"start_time":1612872967000},{"elapsed_time":718080,"segment":0,"interval":1,"start_time":1612872969000},{"elapsed_time":720080,"segment":0,"interval":1,"start_time":1612872971000},{"elapsed_time":722080,"segment":0,"interval":1,"start_time":1612872973000},{"elapsed_time":724080,"segment":0,"interval":1,"start_time":1612872975000},{"elapsed_time":726080,"segment":0,"interval":1,"start_time":1612872977000},{"elapsed_time":728080,"segment":0,"interval":1,"start_time":1612872979000},{"elapsed_time":730080,"segment":0,"interval":1,"start_time":1612872981000},{"elapsed_time":732080,"segment":0,"interval":1,"start_time":1612872983000},{"elapsed_time":735080,"segment":0,"interval":1,"start_time":1612872986000},{"elapsed_time":738080,"segment":0,"interval":1,"start_time":1612872989000},{"elapsed_time":741080,"segment":0,"interval":1,"start_time":1612872992000},{"elapsed_time":744080,"segment":0,"interval":1,"start_time":1612872995000},{"elapsed_time":747080,"segment":0,"interval":1,"start_time":1612872998000},{"elapsed_time":750080,"segment":0,"interval":1,"start_time":1612873001000},{"elapsed_time":752080,"segment":0,"interval":1,"start_time":1612873003000},{"elapsed_time":754080,"segment":0,"interval":1,"start_time":1612873005000},{"elapsed_time":756080,"segment":0,"interval":1,"start_time":1612873007000},{"elapsed_time":758080,"segment":0,"interval":1,"start_time":1612873009000},{"elapsed_time":760080,"segment":0,"interval":1,"start_time":1612873011000},{"elapsed_time":762080,"segment":0,"interval":1,"start_time":1612873013000},{"elapsed_time":764080,"segment":0,"interval":1,"start_time":1612873015000},{"elapsed_time":766080,"segment":0,"interval":1,"start_time":1612873017000},{"elapsed_time":768080,"segment":0,"interval":1,"start_time":1612873019000},{"elapsed_time":770080,"segment":0,"interval":1,"start_time":1612873021000},{"elapsed_time":772080,"segment":0,"interval":1,"start_time":1612873023000},{"elapsed_time":774080,"segment":0,"interval":1,"start_time":1612873025000},{"elapsed_time":776080,"segment":0,"interval":1,"start_time":1612873027000},{"elapsed_time":778080,"segment":0,"interval":1,"start_time":1612873029000},{"elapsed_time":780080,"segment":0,"interval":1,"start_time":1612873031000},{"elapsed_time":782080,"segment":0,"interval":1,"start_time":1612873033000},{"elapsed_time":785080,"segment":0,"interval":1,"start_time":1612873036000},{"elapsed_time":787080,"segment":0,"interval":1,"start_time":1612873038000},{"elapsed_time":789080,"segment":0,"interval":1,"start_time":1612873040000},{"elapsed_time":791080,"segment":0,"interval":1,"start_time":1612873042000},{"elapsed_time":793080,"segment":0,"interval":1,"start_time":1612873044000},{"elapsed_time":795080,"segment":0,"interval":1,"start_time":1612873046000},{"elapsed_time":797080,"segment":0,"interval":1,"start_time":1612873048000},{"elapsed_time":799080,"segment":0,"interval":1,"start_time":1612873050000},{"elapsed_time":801080,"segment":0,"interval":1,"start_time":1612873052000},{"elapsed_time":803080,"segment":0,"interval":1,"start_time":1612873054000},{"elapsed_time":805080,"segment":0,"interval":1,"start_time":1612873056000},{"elapsed_time":807080,"segment":0,"interval":1,"start_time":1612873058000},{"elapsed_time":809080,"segment":0,"interval":1,"start_time":1612873060000},{"elapsed_time":811080,"segment":0,"interval":1,"start_time":1612873062000},{"elapsed_time":813080,"segment":0,"interval":1,"start_time":1612873064000},{"elapsed_time":816080,"segment":0,"interval":1,"start_time":1612873067000},{"elapsed_time":818080,"segment":0,"interval":1,"start_time":1612873069000},{"elapsed_time":820080,"segment":0,"interval":1,"start_time":1612873071000},{"elapsed_time":822080,"segment":0,"interval":1,"start_time":1612873073000},{"elapsed_time":824080,"segment":0,"interval":1,"start_time":1612873075000},{"elapsed_time":826080,"segment":0,"interval":1,"start_time":1612873077000},{"elapsed_time":828080,"segment":0,"interval":1,"start_time":1612873079000},{"elapsed_time":830080,"segment":0,"interval":1,"start_time":1612873081000},{"elapsed_time":832080,"segment":0,"interval":1,"start_time":1612873083000},{"elapsed_time":834080,"segment":0,"interval":1,"start_time":1612873085000},{"elapsed_time":836080,"segment":0,"interval":1,"start_time":1612873087000},{"elapsed_time":838080,"segment":0,"interval":1,"start_time":1612873089000},{"elapsed_time":840080,"segment":0,"interval":1,"start_time":1612873091000},{"elapsed_time":842080,"segment":0,"interval":1,"start_time":1612873093000},{"elapsed_time":844080,"segment":0,"interval":1,"start_time":1612873095000},{"elapsed_time":846080,"segment":0,"interval":1,"start_time":1612873097000},{"elapsed_time":848080,"segment":0,"interval":1,"start_time":1612873099000},{"elapsed_time":850080,"segment":0,"interval":1,"start_time":1612873101000},{"elapsed_time":852080,"segment":0,"interval":1,"start_time":1612873103000},{"elapsed_time":854080,"segment":0,"interval":1,"start_time":1612873105000},{"elapsed_time":856080,"segment":0,"interval":1,"start_time":1612873107000},{"elapsed_time":858080,"segment":0,"interval":1,"start_time":1612873109000},{"elapsed_time":860080,"segment":0,"interval":1,"start_time":1612873111000},{"elapsed_time":862080,"segment":0,"interval":1,"start_time":1612873113000},{"elapsed_time":864080,"segment":0,"interval":1,"start_time":1612873115000},{"elapsed_time":866080,"segment":0,"interval":1,"start_time":1612873117000},{"elapsed_time":868080,"segment":0,"interval":1,"start_time":1612873119000},{"elapsed_time":870080,"segment":0,"interval":1,"start_time":1612873121000},{"elapsed_time":872080,"segment":0,"interval":1,"start_time":1612873123000},{"elapsed_time":874080,"segment":0,"interval":1,"start_time":1612873125000},{"elapsed_time":876080,"segment":0,"interval":1,"start_time":1612873127000},{"elapsed_time":878080,"segment":0,"interval":1,"start_time":1612873129000},{"elapsed_time":880080,"segment":0,"interval":1,"start_time":1612873131000},{"elapsed_time":882080,"segment":0,"interval":1,"start_time":1612873133000},{"elapsed_time":884080,"segment":0,"interval":1,"start_time":1612873135000},{"elapsed_time":886080,"segment":0,"interval":1,"start_time":1612873137000},{"elapsed_time":889080,"segment":0,"interval":1,"start_time":1612873140000},{"elapsed_time":891080,"segment":0,"interval":1,"start_time":1612873142000},{"elapsed_time":894080,"segment":0,"interval":1,"start_time":1612873145000},{"elapsed_time":896080,"segment":0,"interval":1,"start_time":1612873147000},{"elapsed_time":898080,"segment":0,"interval":1,"start_time":1612873149000},{"elapsed_time":900080,"segment":0,"interval":1,"start_time":1612873151000},{"elapsed_time":902080,"segment":0,"interval":1,"start_time":1612873153000},{"elapsed_time":904080,"segment":0,"interval":1,"start_time":1612873155000},{"elapsed_time":906080,"segment":0,"interval":1,"start_time":1612873157000},{"elapsed_time":908080,"segment":0,"interval":1,"start_time":1612873159000},{"elapsed_time":910080,"segment":0,"interval":1,"start_time":1612873161000},{"elapsed_time":912080,"segment":0,"interval":1,"start_time":1612873163000},{"elapsed_time":914080,"segment":0,"interval":1,"start_time":1612873165000},{"elapsed_time":916080,"segment":0,"interval":1,"start_time":1612873167000},{"elapsed_time":918080,"segment":0,"interval":1,"start_time":1612873169000},{"elapsed_time":920080,"segment":0,"interval":1,"start_time":1612873171000},{"elapsed_time":922080,"segment":0,"interval":1,"start_time":1612873173000},{"elapsed_time":924080,"segment":0,"interval":1,"start_time":1612873175000},{"elapsed_time":926080,"segment":0,"interval":1,"start_time":1612873177000},{"elapsed_time":928080,"segment":0,"interval":1,"start_time":1612873179000},{"elapsed_time":930080,"segment":0,"interval":1,"start_time":1612873181000},{"elapsed_time":932080,"segment":0,"interval":1,"start_time":1612873183000},{"elapsed_time":934080,"segment":0,"interval":1,"start_time":1612873185000},{"elapsed_time":936080,"segment":0,"interval":1,"start_time":1612873187000},{"elapsed_time":938080,"segment":0,"interval":1,"start_time":1612873189000},{"elapsed_time":940080,"segment":0,"interval":1,"start_time":1612873191000},{"elapsed_time":942080,"segment":0,"interval":1,"start_time":1612873193000},{"elapsed_time":944080,"segment":0,"interval":1,"start_time":1612873195000},{"elapsed_time":946080,"segment":0,"interval":1,"start_time":1612873197000},{"elapsed_time":948080,"segment":0,"interval":1,"start_time":1612873199000},{"elapsed_time":950080,"segment":0,"interval":1,"start_time":1612873201000},{"elapsed_time":952080,"segment":0,"interval":1,"start_time":1612873203000},{"elapsed_time":954080,"segment":0,"interval":1,"start_time":1612873205000},{"elapsed_time":956080,"segment":0,"interval":1,"start_time":1612873207000},{"elapsed_time":958080,"segment":0,"interval":1,"start_time":1612873209000},{"elapsed_time":960080,"segment":0,"interval":1,"start_time":1612873211000},{"elapsed_time":962080,"segment":0,"interval":1,"start_time":1612873213000},{"elapsed_time":964080,"segment":0,"interval":1,"start_time":1612873215000},{"elapsed_time":966080,"segment":0,"interval":1,"start_time":1612873217000},{"elapsed_time":968080,"segment":0,"interval":1,"start_time":1612873219000},{"elapsed_time":970080,"segment":0,"interval":1,"start_time":1612873221000},{"elapsed_time":972080,"segment":0,"interval":1,"start_time":1612873223000},{"elapsed_time":974080,"segment":0,"interval":1,"start_time":1612873225000},{"elapsed_time":976080,"segment":0,"interval":1,"start_time":1612873227000},{"elapsed_time":978080,"segment":0,"interval":1,"start_time":1612873229000},{"elapsed_time":980080,"segment":0,"interval":1,"start_time":1612873231000},{"elapsed_time":982080,"segment":0,"interval":1,"start_time":1612873233000},{"elapsed_time":984080,"segment":0,"interval":1,"start_time":1612873235000},{"elapsed_time":986080,"segment":0,"interval":1,"start_time":1612873237000},{"elapsed_time":988080,"segment":0,"interval":1,"start_time":1612873239000},{"elapsed_time":990080,"segment":0,"interval":1,"start_time":1612873241000},{"elapsed_time":992080,"segment":0,"interval":1,"start_time":1612873243000},{"elapsed_time":994080,"segment":0,"interval":1,"start_time":1612873245000},{"elapsed_time":996080,"segment":0,"interval":1,"start_time":1612873247000},{"elapsed_time":998080,"segment":0,"interval":1,"start_time":1612873249000},{"elapsed_time":1000080,"segment":0,"interval":1,"start_time":1612873251000},{"elapsed_time":1002080,"segment":0,"interval":1,"start_time":1612873253000},{"elapsed_time":1004080,"segment":0,"interval":1,"start_time":1612873255000},{"elapsed_time":1006080,"segment":0,"interval":1,"start_time":1612873257000},{"elapsed_time":1009080,"segment":0,"interval":1,"start_time":1612873260000},{"elapsed_time":1012080,"segment":0,"interval":1,"start_time":1612873263000},{"elapsed_time":1015080,"segment":0,"interval":1,"start_time":1612873266000},{"elapsed_time":1018080,"segment":0,"interval":1,"start_time":1612873269000},{"elapsed_time":1020080,"segment":0,"interval":1,"start_time":1612873271000},{"elapsed_time":1022080,"segment":0,"interval":1,"start_time":1612873273000},{"elapsed_time":1024080,"segment":0,"interval":1,"start_time":1612873275000},{"elapsed_time":1026080,"segment":0,"interval":1,"start_time":1612873277000},{"elapsed_time":1028080,"segment":0,"interval":1,"start_time":1612873279000},{"elapsed_time":1030080,"segment":0,"interval":1,"start_time":1612873281000},{"elapsed_time":1032080,"segment":0,"interval":1,"start_time":1612873283000},{"elapsed_time":1034080,"segment":0,"interval":1,"start_time":1612873285000},{"elapsed_time":1036080,"segment":0,"interval":1,"start_time":1612873287000},{"elapsed_time":1038080,"segment":0,"interval":1,"start_time":1612873289000},{"elapsed_time":1040080,"segment":0,"interval":1,"start_time":1612873291000},{"elapsed_time":1042080,"segment":0,"interval":1,"start_time":1612873293000},{"elapsed_time":1044080,"segment":0,"interval":1,"start_time":1612873295000},{"elapsed_time":1046080,"segment":0,"interval":1,"start_time":1612873297000},{"elapsed_time":1048080,"segment":0,"interval":1,"start_time":1612873299000},{"elapsed_time":1050080,"segment":0,"interval":1,"start_time":1612873301000},{"elapsed_time":1052080,"segment":0,"interval":1,"start_time":1612873303000},{"elapsed_time":1054080,"segment":0,"interval":1,"start_time":1612873305000},{"elapsed_time":1056080,"segment":0,"interval":1,"start_time":1612873307000},{"elapsed_time":1058080,"segment":0,"interval":1,"start_time":1612873309000},{"elapsed_time":1060080,"segment":0,"interval":1,"start_time":1612873311000},{"elapsed_time":1062080,"segment":0,"interval":1,"start_time":1612873313000},{"elapsed_time":1064080,"segment":0,"interval":1,"start_time":1612873315000},{"elapsed_time":1066080,"segment":0,"interval":1,"start_time":1612873317000},{"elapsed_time":1068080,"segment":0,"interval":1,"start_time":1612873319000},{"elapsed_time":1071080,"segment":0,"interval":1,"start_time":1612873322000},{"elapsed_time":1074080,"segment":0,"interval":1,"start_time":1612873325000},{"elapsed_time":1076080,"segment":0,"interval":1,"start_time":1612873327000},{"elapsed_time":1078080,"segment":0,"interval":1,"start_time":1612873329000},{"elapsed_time":1080080,"segment":0,"interval":1,"start_time":1612873331000},{"elapsed_time":1082080,"segment":0,"interval":1,"start_time":1612873333000},{"elapsed_time":1084080,"segment":0,"interval":1,"start_time":1612873335000},{"elapsed_time":1086080,"segment":0,"interval":1,"start_time":1612873337000},{"elapsed_time":1088080,"segment":0,"interval":1,"start_time":1612873339000},{"elapsed_time":1090080,"segment":0,"interval":1,"start_time":1612873341000},{"elapsed_time":1092080,"segment":0,"interval":1,"start_time":1612873343000},{"elapsed_time":1093080,"segment":0,"interval":1,"start_time":1612873344000},{"elapsed_time":1095080,"segment":0,"interval":1,"start_time":1612873346000},{"elapsed_time":1098080,"segment":0,"interval":1,"start_time":1612873349000},{"elapsed_time":1100080,"segment":0,"interval":1,"start_time":1612873351000},{"elapsed_time":1102080,"segment":0,"interval":1,"start_time":1612873353000},{"elapsed_time":1104080,"segment":0,"interval":1,"start_time":1612873355000},{"elapsed_time":1106080,"segment":0,"interval":1,"start_time":1612873357000},{"elapsed_time":1108080,"segment":0,"interval":1,"start_time":1612873359000},{"elapsed_time":1110080,"segment":0,"interval":1,"start_time":1612873361000},{"elapsed_time":1112080,"segment":0,"interval":1,"start_time":1612873363000},{"elapsed_time":1118080,"segment":0,"interval":1,"start_time":1612873369000},{"elapsed_time":1120080,"segment":0,"interval":1,"start_time":1612873371000},{"elapsed_time":1122080,"segment":0,"interval":1,"start_time":1612873373000},{"elapsed_time":1124080,"segment":0,"interval":1,"start_time":1612873375000},{"elapsed_time":1126080,"segment":0,"interval":1,"start_time":1612873377000},{"elapsed_time":1128080,"segment":0,"interval":1,"start_time":1612873379000},{"elapsed_time":1130080,"segment":0,"interval":1,"start_time":1612873381000},{"elapsed_time":1132080,"segment":0,"interval":1,"start_time":1612873383000},{"elapsed_time":1134080,"segment":0,"interval":1,"start_time":1612873385000},{"elapsed_time":1136080,"segment":0,"interval":1,"start_time":1612873387000},{"elapsed_time":1138080,"segment":0,"interval":1,"start_time":1612873389000},{"elapsed_time":1140080,"segment":0,"interval":1,"start_time":1612873391000},{"elapsed_time":1142080,"segment":0,"interval":1,"start_time":1612873393000},{"elapsed_time":1144080,"segment":0,"interval":1,"start_time":1612873395000},{"elapsed_time":1146080,"segment":0,"interval":1,"start_time":1612873397000},{"elapsed_time":1148080,"segment":0,"interval":1,"start_time":1612873399000},{"elapsed_time":1150080,"segment":0,"interval":1,"start_time":1612873401000},{"elapsed_time":1152080,"segment":0,"interval":1,"start_time":1612873403000},{"elapsed_time":1154080,"segment":0,"interval":1,"start_time":1612873405000},{"elapsed_time":1156080,"segment":0,"interval":1,"start_time":1612873407000},{"elapsed_time":1158080,"segment":0,"interval":1,"start_time":1612873409000},{"elapsed_time":1160080,"segment":0,"interval":1,"start_time":1612873411000},{"elapsed_time":1162080,"segment":0,"interval":1,"start_time":1612873413000},{"elapsed_time":1164080,"segment":0,"interval":1,"start_time":1612873415000},{"elapsed_time":1166080,"segment":0,"interval":1,"start_time":1612873417000},{"elapsed_time":1168080,"segment":0,"interval":1,"start_time":1612873419000},{"elapsed_time":1170080,"segment":0,"interval":1,"start_time":1612873421000},{"elapsed_time":1172080,"segment":0,"interval":1,"start_time":1612873423000},{"elapsed_time":1174080,"segment":0,"interval":1,"start_time":1612873425000},{"elapsed_time":1176080,"segment":0,"interval":1,"start_time":1612873427000},{"elapsed_time":1178080,"segment":0,"interval":1,"start_time":1612873429000},{"elapsed_time":1180080,"segment":0,"interval":1,"start_time":1612873431000},{"elapsed_time":1182080,"segment":0,"interval":1,"start_time":1612873433000},{"elapsed_time":1184080,"segment":0,"interval":1,"start_time":1612873435000},{"elapsed_time":1186080,"segment":0,"interval":1,"start_time":1612873437000},{"elapsed_time":1188080,"segment":0,"interval":1,"start_time":1612873439000},{"elapsed_time":1190080,"segment":0,"interval":1,"start_time":1612873441000},{"elapsed_time":1192080,"segment":0,"interval":1,"start_time":1612873443000},{"elapsed_time":1194080,"segment":0,"interval":1,"start_time":1612873445000},{"elapsed_time":1196080,"segment":0,"interval":1,"start_time":1612873447000},{"elapsed_time":1198080,"segment":0,"interval":1,"start_time":1612873449000},{"elapsed_time":1200080,"segment":0,"interval":1,"start_time":1612873451000},{"elapsed_time":1202080,"segment":0,"interval":1,"start_time":1612873453000},{"elapsed_time":1204080,"segment":0,"interval":1,"start_time":1612873455000},{"elapsed_time":1206080,"segment":0,"interval":1,"start_time":1612873457000},{"elapsed_time":1208080,"segment":0,"interval":1,"start_time":1612873459000},{"elapsed_time":1210080,"segment":0,"interval":1,"start_time":1612873461000},{"elapsed_time":1212080,"segment":0,"interval":1,"start_time":1612873463000},{"elapsed_time":1214080,"segment":0,"interval":1,"start_time":1612873465000},{"elapsed_time":1216080,"segment":0,"interval":1,"start_time":1612873467000},{"elapsed_time":1218080,"segment":0,"interval":1,"start_time":1612873469000},{"elapsed_time":1220080,"segment":0,"interval":1,"start_time":1612873471000},{"elapsed_time":1222080,"segment":0,"interval":1,"start_time":1612873473000},{"elapsed_time":1224080,"segment":0,"interval":1,"start_time":1612873475000},{"elapsed_time":1226080,"segment":0,"interval":1,"start_time":1612873477000},{"elapsed_time":1228080,"segment":0,"interval":1,"start_time":1612873479000},{"elapsed_time":1230080,"segment":0,"interval":1,"start_time":1612873481000},{"elapsed_time":1232080,"segment":0,"interval":1,"start_time":1612873483000},{"elapsed_time":1234080,"segment":0,"interval":1,"start_time":1612873485000},{"elapsed_time":1236080,"segment":0,"interval":1,"start_time":1612873487000},{"elapsed_time":1238080,"segment":0,"interval":1,"start_time":1612873489000},{"elapsed_time":1240080,"segment":0,"interval":1,"start_time":1612873491000},{"elapsed_time":1242080,"segment":0,"interval":1,"start_time":1612873493000},{"elapsed_time":1244080,"segment":0,"interval":1,"start_time":1612873495000},{"elapsed_time":1246080,"segment":0,"interval":1,"start_time":1612873497000},{"elapsed_time":1248080,"segment":0,"interval":1,"start_time":1612873499000},{"elapsed_time":1250080,"segment":0,"interval":1,"start_time":1612873501000},{"elapsed_time":1253080,"segment":0,"interval":1,"start_time":1612873504000},{"elapsed_time":1255080,"segment":0,"interval":1,"start_time":1612873506000},{"elapsed_time":1257080,"segment":0,"interval":1,"start_time":1612873508000},{"elapsed_time":1259080,"segment":0,"interval":1,"start_time":1612873510000},{"elapsed_time":1261080,"segment":0,"interval":1,"start_time":1612873512000},{"elapsed_time":1263080,"segment":0,"interval":1,"start_time":1612873514000},{"elapsed_time":1265080,"segment":0,"interval":1,"start_time":1612873516000},{"elapsed_time":1267080,"segment":0,"interval":1,"start_time":1612873518000},{"elapsed_time":1269080,"segment":0,"interval":1,"start_time":1612873520000},{"elapsed_time":1271080,"segment":0,"interval":1,"start_time":1612873522000},{"elapsed_time":1273080,"segment":0,"interval":1,"start_time":1612873524000},{"elapsed_time":1275080,"segment":0,"interval":1,"start_time":1612873526000},{"elapsed_time":1277080,"segment":0,"interval":1,"start_time":1612873528000},{"elapsed_time":1279080,"segment":0,"interval":1,"start_time":1612873530000},{"elapsed_time":1281080,"segment":0,"interval":1,"start_time":1612873532000},{"elapsed_time":1283080,"segment":0,"interval":1,"start_time":1612873534000},{"elapsed_time":1285080,"segment":0,"interval":1,"start_time":1612873536000},{"elapsed_time":1287080,"segment":0,"interval":1,"start_time":1612873538000},{"elapsed_time":1289080,"segment":0,"interval":1,"start_time":1612873540000},{"elapsed_time":1291080,"segment":0,"interval":1,"start_time":1612873542000},{"elapsed_time":1293080,"segment":0,"interval":1,"start_time":1612873544000},{"elapsed_time":1295080,"segment":0,"interval":1,"start_time":1612873546000},{"elapsed_time":1298080,"segment":0,"interval":1,"start_time":1612873549000},{"elapsed_time":1301080,"segment":0,"interval":1,"start_time":1612873552000},{"elapsed_time":1303080,"segment":0,"interval":1,"start_time":1612873554000},{"elapsed_time":1305080,"segment":0,"interval":1,"start_time":1612873556000},{"elapsed_time":1307080,"segment":0,"interval":1,"start_time":1612873558000},{"elapsed_time":1309080,"segment":0,"interval":1,"start_time":1612873560000},{"elapsed_time":1311080,"segment":0,"interval":1,"start_time":1612873562000},{"elapsed_time":1313080,"segment":0,"interval":1,"start_time":1612873564000},{"elapsed_time":1315080,"segment":0,"interval":1,"start_time":1612873566000},{"elapsed_time":1317080,"segment":0,"interval":1,"start_time":1612873568000},{"elapsed_time":1319080,"segment":0,"interval":1,"start_time":1612873570000},{"elapsed_time":1321080,"segment":0,"interval":1,"start_time":1612873572000},{"elapsed_time":1323080,"segment":0,"interval":1,"start_time":1612873574000},{"elapsed_time":1325080,"segment":0,"interval":1,"start_time":1612873576000},{"elapsed_time":1327080,"segment":0,"interval":1,"start_time":1612873578000},{"elapsed_time":1329080,"segment":0,"interval":1,"start_time":1612873580000},{"elapsed_time":1331080,"segment":0,"interval":1,"start_time":1612873582000},{"elapsed_time":1333080,"segment":0,"interval":1,"start_time":1612873584000},{"elapsed_time":1336080,"segment":0,"interval":1,"start_time":1612873587000},{"elapsed_time":1339080,"segment":0,"interval":1,"start_time":1612873590000},{"elapsed_time":1341080,"segment":0,"interval":1,"start_time":1612873592000},{"elapsed_time":1343080,"segment":0,"interval":1,"start_time":1612873594000},{"elapsed_time":1345080,"segment":0,"interval":1,"start_time":1612873596000},{"elapsed_time":1347080,"segment":0,"interval":1,"start_time":1612873598000},{"elapsed_time":1349080,"segment":0,"interval":1,"start_time":1612873600000},{"elapsed_time":1351080,"segment":0,"interval":1,"start_time":1612873602000},{"elapsed_time":1353080,"segment":0,"interval":1,"start_time":1612873604000},{"elapsed_time":1355080,"segment":0,"interval":1,"start_time":1612873606000},{"elapsed_time":1357080,"segment":0,"interval":1,"start_time":1612873608000},{"elapsed_time":1359080,"segment":0,"interval":1,"start_time":1612873610000},{"elapsed_time":1362080,"segment":0,"interval":1,"start_time":1612873613000},{"elapsed_time":1365080,"segment":0,"interval":1,"start_time":1612873616000},{"elapsed_time":1367080,"segment":0,"interval":1,"start_time":1612873618000},{"elapsed_time":1369080,"segment":0,"interval":1,"start_time":1612873620000},{"elapsed_time":1371080,"segment":0,"interval":1,"start_time":1612873622000},{"elapsed_time":1374080,"segment":0,"interval":1,"start_time":1612873625000},{"elapsed_time":1376080,"segment":0,"interval":1,"start_time":1612873627000},{"elapsed_time":1378080,"segment":0,"interval":1,"start_time":1612873629000},{"elapsed_time":1380080,"segment":0,"interval":1,"start_time":1612873631000},{"elapsed_time":1382080,"segment":0,"interval":1,"start_time":1612873633000},{"elapsed_time":1384080,"segment":0,"interval":1,"start_time":1612873635000},{"elapsed_time":1386080,"segment":0,"interval":1,"start_time":1612873637000},{"elapsed_time":1388080,"segment":0,"interval":1,"start_time":1612873639000},{"elapsed_time":1390080,"segment":0,"interval":1,"start_time":1612873641000},{"elapsed_time":1392080,"segment":0,"interval":1,"start_time":1612873643000},{"elapsed_time":1394080,"segment":0,"interval":1,"start_time":1612873645000},{"elapsed_time":1396080,"segment":0,"interval":1,"start_time":1612873647000},{"elapsed_time":1398080,"segment":0,"interval":1,"start_time":1612873649000},{"elapsed_time":1401080,"segment":0,"interval":1,"start_time":1612873652000},{"elapsed_time":1404080,"segment":0,"interval":1,"start_time":1612873655000},{"elapsed_time":1407080,"segment":0,"interval":1,"start_time":1612873658000},{"elapsed_time":1409080,"segment":0,"interval":1,"start_time":1612873660000},{"elapsed_time":1411080,"segment":0,"interval":1,"start_time":1612873662000},{"elapsed_time":1413080,"segment":0,"interval":1,"start_time":1612873664000},{"elapsed_time":1415080,"segment":0,"interval":1,"start_time":1612873666000},{"elapsed_time":1417080,"segment":0,"interval":1,"start_time":1612873668000},{"elapsed_time":1419080,"segment":0,"interval":1,"start_time":1612873670000},{"elapsed_time":1421080,"segment":0,"interval":1,"start_time":1612873672000},{"elapsed_time":1423080,"segment":0,"interval":1,"start_time":1612873674000},{"elapsed_time":1425080,"segment":0,"interval":1,"start_time":1612873676000},{"elapsed_time":1427080,"segment":0,"interval":1,"start_time":1612873678000},{"elapsed_time":1429080,"segment":0,"interval":1,"start_time":1612873680000},{"elapsed_time":1431080,"segment":0,"interval":1,"start_time":1612873682000},{"elapsed_time":1433080,"segment":0,"interval":1,"start_time":1612873684000},{"elapsed_time":1435080,"segment":0,"interval":1,"start_time":1612873686000},{"elapsed_time":1437080,"segment":0,"interval":1,"start_time":1612873688000},{"elapsed_time":1440080,"segment":0,"interval":1,"start_time":1612873691000},{"elapsed_time":1442080,"segment":0,"interval":1,"start_time":1612873693000},{"elapsed_time":1444080,"segment":0,"interval":1,"start_time":1612873695000},{"elapsed_time":1446080,"segment":0,"interval":1,"start_time":1612873697000},{"elapsed_time":1448080,"segment":0,"interval":1,"start_time":1612873699000},{"elapsed_time":1450080,"segment":0,"interval":1,"start_time":1612873701000},{"elapsed_time":1452080,"segment":0,"interval":1,"start_time":1612873703000},{"elapsed_time":1454080,"segment":0,"interval":1,"start_time":1612873705000},{"elapsed_time":1456080,"segment":0,"interval":1,"start_time":1612873707000},{"elapsed_time":1458080,"segment":0,"interval":1,"start_time":1612873709000},{"elapsed_time":1460080,"segment":0,"interval":1,"start_time":1612873711000},{"elapsed_time":1462080,"segment":0,"interval":1,"start_time":1612873713000},{"elapsed_time":1464080,"segment":0,"interval":1,"start_time":1612873715000},{"elapsed_time":1466080,"segment":0,"interval":1,"start_time":1612873717000},{"elapsed_time":1468080,"segment":0,"interval":1,"start_time":1612873719000},{"elapsed_time":1470080,"segment":0,"interval":1,"start_time":1612873721000},{"elapsed_time":1472080,"segment":0,"interval":1,"start_time":1612873723000},{"elapsed_time":1474080,"segment":0,"interval":1,"start_time":1612873725000},{"elapsed_time":1476080,"segment":0,"interval":1,"start_time":1612873727000},{"elapsed_time":1478080,"segment":0,"interval":1,"start_time":1612873729000},{"elapsed_time":1480080,"segment":0,"interval":1,"start_time":1612873731000},{"elapsed_time":1482080,"segment":0,"interval":1,"start_time":1612873733000},{"elapsed_time":1484080,"segment":0,"interval":1,"start_time":1612873735000},{"elapsed_time":1486080,"segment":0,"interval":1,"start_time":1612873737000},{"elapsed_time":1488080,"segment":0,"interval":1,"start_time":1612873739000},{"elapsed_time":1490080,"segment":0,"interval":1,"start_time":1612873741000},{"elapsed_time":1492080,"segment":0,"interval":1,"start_time":1612873743000},{"elapsed_time":1494080,"segment":0,"interval":1,"start_time":1612873745000},{"elapsed_time":1496080,"segment":0,"interval":1,"start_time":1612873747000},{"elapsed_time":1498080,"segment":0,"interval":1,"start_time":1612873749000},{"elapsed_time":1500080,"segment":0,"interval":1,"start_time":1612873751000},{"elapsed_time":1502080,"segment":0,"interval":1,"start_time":1612873753000},{"elapsed_time":1504080,"segment":0,"interval":1,"start_time":1612873755000},{"elapsed_time":1506080,"segment":0,"interval":1,"start_time":1612873757000},{"elapsed_time":1508080,"segment":0,"interval":1,"start_time":1612873759000},{"elapsed_time":1510080,"segment":0,"interval":1,"start_time":1612873761000},{"elapsed_time":1512080,"segment":0,"interval":1,"start_time":1612873763000},{"elapsed_time":1514080,"segment":0,"interval":1,"start_time":1612873765000},{"elapsed_time":1516080,"segment":0,"interval":1,"start_time":1612873767000},{"elapsed_time":1518080,"segment":0,"interval":1,"start_time":1612873769000},{"elapsed_time":1520080,"segment":0,"interval":1,"start_time":1612873771000},{"elapsed_time":1522080,"segment":0,"interval":1,"start_time":1612873773000},{"elapsed_time":1524080,"segment":0,"interval":1,"start_time":1612873775000},{"elapsed_time":1526080,"segment":0,"interval":1,"start_time":1612873777000},{"elapsed_time":1529080,"segment":0,"interval":1,"start_time":1612873780000},{"elapsed_time":1531080,"segment":0,"interval":1,"start_time":1612873782000},{"elapsed_time":1533080,"segment":0,"interval":1,"start_time":1612873784000},{"elapsed_time":1535080,"segment":0,"interval":1,"start_time":1612873786000},{"elapsed_time":1537080,"segment":0,"interval":1,"start_time":1612873788000},{"elapsed_time":1539080,"segment":0,"interval":1,"start_time":1612873790000},{"elapsed_time":1541080,"segment":0,"interval":1,"start_time":1612873792000},{"elapsed_time":1543080,"segment":0,"interval":1,"start_time":1612873794000},{"elapsed_time":1545080,"segment":0,"interval":1,"start_time":1612873796000},{"elapsed_time":1547080,"segment":0,"interval":1,"start_time":1612873798000},{"elapsed_time":1549080,"segment":0,"interval":1,"start_time":1612873800000},{"elapsed_time":1551080,"segment":0,"interval":1,"start_time":1612873802000},{"elapsed_time":1553080,"segment":0,"interval":1,"start_time":1612873804000},{"elapsed_time":1555080,"segment":0,"interval":1,"start_time":1612873806000},{"elapsed_time":1557080,"segment":0,"interval":1,"start_time":1612873808000},{"elapsed_time":1559080,"segment":0,"interval":1,"start_time":1612873810000},{"elapsed_time":1561080,"segment":0,"interval":1,"start_time":1612873812000},{"elapsed_time":1563080,"segment":0,"interval":1,"start_time":1612873814000},{"elapsed_time":1566080,"segment":0,"interval":1,"start_time":1612873817000},{"elapsed_time":1568080,"segment":0,"interval":1,"start_time":1612873819000},{"elapsed_time":1571080,"segment":0,"interval":1,"start_time":1612873822000},{"elapsed_time":1574080,"segment":0,"interval":1,"start_time":1612873825000},{"elapsed_time":1577080,"segment":0,"interval":1,"start_time":1612873828000},{"elapsed_time":1580080,"segment":0,"interval":1,"start_time":1612873831000},{"elapsed_time":1582080,"segment":0,"interval":1,"start_time":1612873833000},{"elapsed_time":1584080,"segment":0,"interval":1,"start_time":1612873835000},{"elapsed_time":1586080,"segment":0,"interval":1,"start_time":1612873837000},{"elapsed_time":1588080,"segment":0,"interval":1,"start_time":1612873839000},{"elapsed_time":1590080,"segment":0,"interval":1,"start_time":1612873841000},{"elapsed_time":1592080,"segment":0,"interval":1,"start_time":1612873843000},{"elapsed_time":1594080,"segment":0,"interval":1,"start_time":1612873845000},{"elapsed_time":1597080,"segment":0,"interval":1,"start_time":1612873848000},{"elapsed_time":1600080,"segment":0,"interval":1,"start_time":1612873851000},{"elapsed_time":1602080,"segment":0,"interval":1,"start_time":1612873853000},{"elapsed_time":1604080,"segment":0,"interval":1,"start_time":1612873855000},{"elapsed_time":1606080,"segment":0,"interval":1,"start_time":1612873857000},{"elapsed_time":1608080,"segment":0,"interval":1,"start_time":1612873859000},{"elapsed_time":1610080,"segment":0,"interval":1,"start_time":1612873861000},{"elapsed_time":1612080,"segment":0,"interval":1,"start_time":1612873863000},{"elapsed_time":1614080,"segment":0,"interval":1,"start_time":1612873865000},{"elapsed_time":1616080,"segment":0,"interval":1,"start_time":1612873867000},{"elapsed_time":1618080,"segment":0,"interval":1,"start_time":1612873869000},{"elapsed_time":1620080,"segment":0,"interval":1,"start_time":1612873871000},{"elapsed_time":1622080,"segment":0,"interval":1,"start_time":1612873873000},{"elapsed_time":1624080,"segment":0,"interval":1,"start_time":1612873875000},{"elapsed_time":1626080,"segment":0,"interval":1,"start_time":1612873877000},{"elapsed_time":1628080,"segment":0,"interval":1,"start_time":1612873879000},{"elapsed_time":1630080,"segment":0,"interval":1,"start_time":1612873881000},{"elapsed_time":1632080,"segment":0,"interval":1,"start_time":1612873883000},{"elapsed_time":1634080,"segment":0,"interval":1,"start_time":1612873885000},{"elapsed_time":1636080,"segment":0,"interval":1,"start_time":1612873887000},{"elapsed_time":1639080,"segment":0,"interval":1,"start_time":1612873890000},{"elapsed_time":1642080,"segment":0,"interval":1,"start_time":1612873893000},{"elapsed_time":1644080,"segment":0,"interval":1,"start_time":1612873895000},{"elapsed_time":1647080,"segment":0,"interval":1,"start_time":1612873898000},{"elapsed_time":1650080,"segment":0,"interval":1,"start_time":1612873901000},{"elapsed_time":1652080,"segment":0,"interval":1,"start_time":1612873903000},{"elapsed_time":1654080,"segment":0,"interval":1,"start_time":1612873905000},{"elapsed_time":1656080,"segment":0,"interval":1,"start_time":1612873907000},{"elapsed_time":1658080,"segment":0,"interval":1,"start_time":1612873909000},{"elapsed_time":1661080,"segment":0,"interval":1,"start_time":1612873912000},{"elapsed_time":1664080,"segment":0,"interval":1,"start_time":1612873915000},{"elapsed_time":1667080,"segment":0,"interval":1,"start_time":1612873918000},{"elapsed_time":1669080,"segment":0,"interval":1,"start_time":1612873920000},{"elapsed_time":1671080,"segment":0,"interval":1,"start_time":1612873922000},{"elapsed_time":1673080,"segment":0,"interval":1,"start_time":1612873924000},{"elapsed_time":1675080,"segment":0,"interval":1,"start_time":1612873926000},{"elapsed_time":1677080,"segment":0,"interval":1,"start_time":1612873928000},{"elapsed_time":1679080,"segment":0,"interval":1,"start_time":1612873930000},{"elapsed_time":1681080,"segment":0,"interval":1,"start_time":1612873932000},{"elapsed_time":1683080,"segment":0,"interval":1,"start_time":1612873934000},{"elapsed_time":1685080,"segment":0,"interval":1,"start_time":1612873936000},{"elapsed_time":1687080,"segment":0,"interval":1,"start_time":1612873938000},{"elapsed_time":1689080,"segment":0,"interval":1,"start_time":1612873940000},{"elapsed_time":1691080,"segment":0,"interval":1,"start_time":1612873942000},{"elapsed_time":1693080,"segment":0,"interval":1,"start_time":1612873944000},{"elapsed_time":1695080,"segment":0,"interval":1,"start_time":1612873946000},{"elapsed_time":1697080,"segment":0,"interval":1,"start_time":1612873948000},{"elapsed_time":1699080,"segment":0,"interval":1,"start_time":1612873950000},{"elapsed_time":1701080,"segment":0,"interval":1,"start_time":1612873952000},{"elapsed_time":1703080,"segment":0,"interval":1,"start_time":1612873954000},{"elapsed_time":1705080,"segment":0,"interval":1,"start_time":1612873956000},{"elapsed_time":1707080,"segment":0,"interval":1,"start_time":1612873958000},{"elapsed_time":1709080,"segment":0,"interval":1,"start_time":1612873960000},{"elapsed_time":1712080,"segment":0,"interval":1,"start_time":1612873963000},{"elapsed_time":1714080,"segment":0,"interval":1,"start_time":1612873965000},{"elapsed_time":1716080,"segment":0,"interval":1,"start_time":1612873967000},{"elapsed_time":1718080,"segment":0,"interval":1,"start_time":1612873969000},{"elapsed_time":1720080,"segment":0,"interval":1,"start_time":1612873971000},{"elapsed_time":1722080,"segment":0,"interval":1,"start_time":1612873973000},{"elapsed_time":1724080,"segment":0,"interval":1,"start_time":1612873975000},{"elapsed_time":1726080,"segment":0,"interval":1,"start_time":1612873977000},{"elapsed_time":1728080,"segment":0,"interval":1,"start_time":1612873979000},{"elapsed_time":1730080,"segment":0,"interval":1,"start_time":1612873981000},{"elapsed_time":1732080,"segment":0,"interval":1,"start_time":1612873983000},{"elapsed_time":1734080,"segment":0,"interval":1,"start_time":1612873985000},{"elapsed_time":1736080,"segment":0,"interval":1,"start_time":1612873987000},{"elapsed_time":1738080,"segment":0,"interval":1,"start_time":1612873989000},{"elapsed_time":1740080,"segment":0,"interval":1,"start_time":1612873991000},{"elapsed_time":1742080,"segment":0,"interval":1,"start_time":1612873993000},{"elapsed_time":1744080,"segment":0,"interval":1,"start_time":1612873995000},{"elapsed_time":1746080,"segment":0,"interval":1,"start_time":1612873997000},{"elapsed_time":1748080,"segment":0,"interval":1,"start_time":1612873999000},{"elapsed_time":1750080,"segment":0,"interval":1,"start_time":1612874001000},{"elapsed_time":1752080,"segment":0,"interval":1,"start_time":1612874003000},{"elapsed_time":1754080,"segment":0,"interval":1,"start_time":1612874005000},{"elapsed_time":1756080,"segment":0,"interval":1,"start_time":1612874007000},{"elapsed_time":1758080,"segment":0,"interval":1,"start_time":1612874009000},{"elapsed_time":1760080,"segment":0,"interval":1,"start_time":1612874011000},{"elapsed_time":1762080,"segment":0,"interval":1,"start_time":1612874013000},{"elapsed_time":1764080,"segment":0,"interval":1,"start_time":1612874015000},{"elapsed_time":1766080,"segment":0,"interval":1,"start_time":1612874017000},{"elapsed_time":1768080,"segment":0,"interval":1,"start_time":1612874019000},{"elapsed_time":1770080,"segment":0,"interval":1,"start_time":1612874021000},{"elapsed_time":1772080,"segment":0,"interval":1,"start_time":1612874023000},{"elapsed_time":1774080,"segment":0,"interval":1,"start_time":1612874025000},{"elapsed_time":1776080,"segment":0,"interval":1,"start_time":1612874027000},{"elapsed_time":1778080,"segment":0,"interval":1,"start_time":1612874029000},{"elapsed_time":1780080,"segment":0,"interval":1,"start_time":1612874031000},{"elapsed_time":1782080,"segment":0,"interval":1,"start_time":1612874033000},{"elapsed_time":1784080,"segment":0,"interval":1,"start_time":1612874035000},{"elapsed_time":1786080,"segment":0,"interval":1,"start_time":1612874037000},{"elapsed_time":1788080,"segment":0,"interval":1,"start_time":1612874039000},{"elapsed_time":1790080,"segment":0,"interval":1,"start_time":1612874041000},{"elapsed_time":1792080,"segment":0,"interval":1,"start_time":1612874043000},{"elapsed_time":1794080,"segment":0,"interval":1,"start_time":1612874045000},{"elapsed_time":1796080,"segment":0,"interval":1,"start_time":1612874047000},{"elapsed_time":1798080,"segment":0,"interval":1,"start_time":1612874049000},{"elapsed_time":1800080,"segment":0,"interval":1,"start_time":1612874051000},{"elapsed_time":1802080,"segment":0,"interval":1,"start_time":1612874053000},{"elapsed_time":1804080,"segment":0,"interval":1,"start_time":1612874055000},{"elapsed_time":1806080,"segment":0,"interval":1,"start_time":1612874057000},{"elapsed_time":1808080,"segment":0,"interval":1,"start_time":1612874059000},{"elapsed_time":1810080,"segment":0,"interval":1,"start_time":1612874061000},{"elapsed_time":1812080,"segment":0,"interval":1,"start_time":1612874063000},{"elapsed_time":1814080,"segment":0,"interval":1,"start_time":1612874065000},{"elapsed_time":1816080,"segment":0,"interval":1,"start_time":1612874067000},{"elapsed_time":1818080,"segment":0,"interval":1,"start_time":1612874069000},{"elapsed_time":1820080,"segment":0,"interval":1,"start_time":1612874071000},{"elapsed_time":1822080,"segment":0,"interval":1,"start_time":1612874073000},{"elapsed_time":1824080,"segment":0,"interval":1,"start_time":1612874075000},{"elapsed_time":1827080,"segment":0,"interval":1,"start_time":1612874078000},{"elapsed_time":1829080,"segment":0,"interval":1,"start_time":1612874080000},{"elapsed_time":1831080,"segment":0,"interval":1,"start_time":1612874082000},{"elapsed_time":1833080,"segment":0,"interval":1,"start_time":1612874084000},{"elapsed_time":1835080,"segment":0,"interval":1,"start_time":1612874086000},{"elapsed_time":1837080,"segment":0,"interval":1,"start_time":1612874091090},{"elapsed_time":1837820,"segment":1,"interval":1,"start_time":1612874094140},{"elapsed_time":1840080,"segment":0,"interval":1,"start_time":1612874096400}]