{"data":[{"advanced_metrics":[{"chart_data":[{"duration":10000,"score":0,"value":0.8569},{"duration":20000,"score":0,"value":0.8823},{"duration":30000,"score":2,"value":0.9578},{"duration":40000,"score":2,"value":0.9789},{"duration":50000,"score":2,"value":0.9861},{"duration":60000,"score":2,"value":0.9896},{"duration":70000,"score":2,"value":0.9807},{"duration":80000,"score":2,"value":0.9870},{"duration":90000,"score":2,"value":0.9811},{"duration":100000,"score":2,"value":0.9901},{"duration":110000,"score":2,"value":0.9978},{"duration":120000,"score":2,"value":0.9970},{"duration":130000,"score":2,"value":0.9763},{"duration":140000,"score":2,"value":0.9740},{"duration":150000,"score":2,"value":0.9839},{"duration":160000,"score":2,"value":0.9819},{"duration":170000,"score":2,"value":0.9703},{"duration":180000,"score":2,"value":0.9709},{"duration":190000,"score":2,"value":0.9701},{"duration":200000,"score":2,"value":0.9753},{"duration":210000,"score":2,"value":0.9857},{"duration":220000,"score":2,"value":0.9968},{"duration":230000,"score":2,"value":0.9994},{"duration":240000,"score":2,"value":0.9998},{"duration":250000,"score":2,"value":0.9939},{"duration":260000,"score":2,"value":0.9898},{"duration":270000,"score":2,"value":0.9728},{"duration":280000,"score":2,"value":0.9861},{"duration":290000,"score":2,"value":0.9892},{"duration":300000,"score":2,"value":0.9847},{"duration":310000,"score":2,"value":0.9732},{"duration":320000,"score":2,"value":0.9747},{"duration":330000,"score":2,"value":0.9800},{"duration":340000,"score":2,"value":0.9861},{"duration":350000,"score":2,"value":0.9838},{"duration":360000,"score":2,"value":0.9864},{"duration":370000,"score":2,"value":0.9905},{"duration":380000,"score":2,"value":0.9865},{"duration":390000,"score":2,"value":0.9885},{"duration":400000,"score":2,"value":0.9919},{"duration":410000,"score":2,"value":0.9885},{"duration":420000,"score":2,"value":0.9859},{"duration":430000,"score":2,"value":0.9771},{"duration":440000,"score":2,"value":0.9796},{"duration":450000,"score":2,"value":0.9699},{"duration":460000,"score":2,"value":0.9655},{"duration":470000,"score":2,"value":0.9624},{"duration":480000,"score":2,"value":0.9782},{"duration":490000,"score":2,"value":0.9868},{"duration":500000,"score":2,"value":0.9867},{"duration":510000,"score":2,"value":0.9742},{"duration":520000,"score":2,"value":0.9825},{"duration":530000,"score":2,"value":0.9887},{"duration":540000,"score":2,"value":0.9735},{"duration":550000,"score":1,"value":0.9028},{"duration":560000,"score":1,"value":0.9124},{"duration":570000,"score":2,"value":0.9676},{"duration":580000,"score":2,"value":0.9880},{"duration":590000,"score":2,"value":0.9927},{"duration":600000,"score":2,"value":0.9737},{"duration":610000,"score":2,"value":0.9649},{"duration":620000,"score":2,"value":0.9655},{"duration":630000,"score":2,"value":0.9832},{"duration":640000,"score":2,"value":0.9760},{"duration":650000,"score":2,"value":0.9845},{"duration":660000,"score":2,"value":0.9914},{"duration":670000,"score":2,"value":0.9821},{"duration":680000,"score":2,"value":0.9822},{"duration":690000,"score":2,"value":0.9749},{"duration":700000,"score":2,"value":0.9708},{"duration":710000,"score":2,"value":0.9759},{"duration":720000,"score":2,"value":0.9687},{"duration":730000,"score":2,"value":0.9638},{"duration":740000,"score":2,"value":0.9681},{"duration":750000,"score":2,"value":0.9783},{"duration":760000,"score":2,"value":0.9752},{"duration":770000,"score":2,"value":0.9637},{"duration":780000,"score":2,"value":0.9657},{"duration":790000,"score":2,"value":0.9750},{"duration":800000,"score":2,"value":0.9882},{"duration":810000,"score":2,"value":0.9835},{"duration":820000,"score":2,"value":0.9729},{"duration":830000,"score":2,"value":0.9801},{"duration":840000,"score":2,"value":0.9936},{"duration":850000,"score":2,"value":0.9926},{"duration":860000,"score":2,"value":0.9842},{"duration":870000,"score":2,"value":0.9782},{"duration":880000,"score":2,"value":0.9804},{"duration":890000,"score":2,"value":0.9695},{"duration":900000,"score":2,"value":0.9690},{"duration":910000,"score":2,"value":0.9797},{"duration":920000,"score":2,"value":0.9916},{"duration":930000,"score":2,"value":0.9932},{"duration":940000,"score":2,"value":0.9969},{"duration":950000,"score":2,"value":0.9882},{"duration":960000,"score":2,"value":0.9763},{"duration":970000,"score":2,"value":0.9846},{"duration":980000,"score":2,"value":0.9846},{"duration":990000,"score":2,"value":0.9797},{"duration":1000000,"score":2,"value":0.9807},{"duration":1010000,"score":2,"value":0.9849},{"duration":1020000,"score":1,"value":0.9478},{"duration":1030000,"score":1,"value":0.9393},{"duration":1040000,"score":2,"value":0.9641},{"duration":1050000,"score":2,"value":0.9911},{"duration":1060000,"score":2,"value":0.9892},{"duration":1070000,"score":2,"value":0.9920},{"duration":1080000,"score":2,"value":0.9895},{"duration":1090000,"score":2,"value":0.9817},{"duration":1100000,"score":2,"value":0.9827},{"duration":1110000,"score":3,"value":0.0},{"duration":1120000,"score":2,"value":0.9952},{"duration":1130000,"score":2,"value":0.9965},{"duration":1140000,"score":2,"value":0.9942},{"duration":1150000,"score":2,"value":0.9693},{"duration":1160000,"score":2,"value":0.9771},{"duration":1170000,"score":2,"value":0.9809},{"duration":1180000,"score":2,"value":0.9798},{"duration":1190000,"score":2,"value":0.9936},{"duration":1200000,"score":2,"value":0.9846},{"duration":1210000,"score":2,"value":0.9704},{"duration":1220000,"score":2,"value":0.9767},{"duration":1230000,"score":2,"value":0.9796},{"duration":1240000,"score":2,"value":0.9790},{"duration":1250000,"score":2,"value":0.9834},{"duration":1260000,"score":2,"value":0.9874},{"duration":1270000,"score":2,"value":0.9834},{"duration":1280000,"score":2,"value":0.9813},{"duration":1290000,"score":2,"value":0.9812},{"duration":1300000,"score":2,"value":0.9822},{"duration":1310000,"score":2,"value":0.9727},{"duration":1320000,"score":2,"value":0.9752},{"duration":1330000,"score":2,"value":0.9705},{"duration":1340000,"score":2,"value":0.9529},{"duration":1350000,"score":1,"value":0.9349},{"duration":1360000,"score":1,"value":0.9443},{"duration":1370000,"score":2,"value":0.9654},{"duration":1380000,"score":2,"value":0.9640},{"duration":1390000,"score":2,"value":0.9705},{"duration":1400000,"score":2,"value":0.9710},{"duration":1410000,"score":2,"value":0.9725},{"duration":1420000,"score":2,"value":0.9755},{"duration":1430000,"score":2,"value":0.9774},{"duration":1440000,"score":2,"value":0.9689},{"duration":1450000,"score":2,"value":0.9607},{"duration":1460000,"score":2,"value":0.9605},{"duration":1470000,"score":2,"value":0.9764},{"duration":1480000,"score":2,"value":0.9758},{"duration":1490000,"score":2,"value":0.9778},{"duration":1500000,"score":2,"value":0.9779},{"duration":1510000,"score":2,"value":0.9701},{"duration":1520000,"score":2,"value":0.9596},{"duration":1530000,"score":2,"value":0.9673},{"duration":1540000,"score":2,"value":0.9687},{"duration":1550000,"score":2,"value":0.9743},{"duration":1560000,"score":2,"value":0.9795},{"duration":1570000,"score":2,"value":0.9788},{"duration":1580000,"score":2,"value":0.9676},{"duration":1590000,"score":2,"value":0.9604},{"duration":1600000,"score":1,"value":0.9366},{"duration":1610000,"score":0,"value":0.8856},{"duration":1620000,"score":0,"value":0.8754},{"duration":1630000,"score":0,"value":0.8357},{"duration":1640000,"score":0,"value":0.8572},{"duration":1650000,"score":1,"value":0.9475},{"duration":1660000,"score":2,"value":0.9655},{"duration":1670000,"score":2,"value":0.9685},{"duration":1680000,"score":2,"value":0.9692},{"duration":1690000,"score":2,"value":0.9654},{"duration":1700000,"score":2,"value":0.9676},{"duration":1710000,"score":1,"value":0.9479},{"duration":1720000,"score":1,"value":0.9096},{"duration":1730000,"score":1,"value":0.9329},{"duration":1740000,"score":1,"value":0.9445},{"duration":1750000,"score":1,"value":0.9313},{"duration":1760000,"score":2,"value":0.9831},{"duration":1770000,"score":2,"value":0.9953},{"duration":1780000,"score":2,"value":0.9827},{"duration":1790000,"score":2,"value":0.9840},{"duration":1800000,"score":2,"value":0.9911},{"duration":1810000,"score":2,"value":0.9784},{"duration":1820000,"score":1,"value":0.9405},{"duration":1830000,"score":1,"value":0.9001}],"data_type":"regularity","overall_score":2,"score_ratio":[5.0,4.0,91.0]},{"chart_data":[{"duration":10000,"score":0,"value":-0.1193},{"duration":20000,"score":0,"value":-0.0578},{"duration":30000,"score":0,"value":-0.0775},{"duration":40000,"score":1,"value":-0.0348},{"duration":50000,"score":1,"value":-0.0244},{"duration":60000,"score":2,"value":-0.0219},{"duration":70000,"score":2,"value":-0.0192},{"duration":80000,"score":1,"value":-0.0307},{"duration":90000,"score":2,"value":-0.0216},{"duration":100000,"score":2,"value":-0.0128},{"duration":110000,"score":2,"value":-0.0154},{"duration":120000,"score":1,"value":-0.0330},{"duration":130000,"score":2,"value":-0.0135},{"duration":140000,"score":2,"value":-0.0176},{"duration":150000,"score":2,"value":-0.0110},{"duration":160000,"score":2,"value":-0.0113},{"duration":170000,"score":2,"value":-0.0161},{"duration":180000,"score":2,"value":-0.0192},{"duration":190000,"score":2,"value":-0.0188},{"duration":200000,"score":2,"value":-0.0034},{"duration":210000,"score":2,"value":-0.0137},{"duration":220000,"score":2,"value":-0.0095},{"duration":230000,"score":2,"value":-0.0096},{"duration":240000,"score":2,"value":-0.0115},{"duration":250000,"score":2,"value":-0.0113},{"duration":260000,"score":2,"value":-0.0149},{"duration":270000,"score":2,"value":-0.0165},{"duration":280000,"score":2,"value":-0.0083},{"duration":290000,"score":2,"value":-0.0051},{"duration":300000,"score":2,"value":-0.0142},{"duration":310000,"score":2,"value":-0.0028},{"duration":320000,"score":2,"value":-0.0004},{"duration":330000,"score":2,"value":0.0002},{"duration":340000,"score":2,"value":0.0059},{"duration":350000,"score":2,"value":-0.0027},{"duration":360000,"score":2,"value":-0.0061},{"duration":370000,"score":2,"value":-0.0038},{"duration":380000,"score":2,"value":0.0008},{"duration":390000,"score":2,"value":0.0052},{"duration":400000,"score":2,"value":0.0075},{"duration":410000,"score":2,"value":-0.0047},{"duration":420000,"score":2,"value":-0.0016},{"duration":430000,"score":2,"value":-0.0072},{"duration":440000,"score":2,"value":0.0058},{"duration":450000,"score":2,"value":-0.0071},{"duration":460000,"score":2,"value":-0.0116},{"duration":470000,"score":2,"value":-0.0170},{"duration":480000,"score":2,"value":-0.0080},{"duration":490000,"score":2,"value":-0.0186},{"duration":500000,"score":2,"value":-0.0100},{"duration":510000,"score":2,"value":-0.0063},{"duration":520000,"score":2,"value":-0.0086},{"duration":530000,"score":2,"value":-0.0074},{"duration":540000,"score":2,"value":-0.0165},{"duration":550000,"score":2,"value":-0.0114},{"duration":560000,"score":2,"value":-0.0042},{"duration":570000,"score":2,"value":-0.0098},{"duration":580000,"score":2,"value":-0.0087},{"duration":590000,"score":2,"value":-0.0085},{"duration":600000,"score":2,"value":0.0049},{"duration":610000,"score":2,"value":-0.0051},{"duration":620000,"score":2,"value":-0.0012},{"duration":630000,"score":2,"value":-0.0026},{"duration":640000,"score":2,"value":-0.0075},{"duration":650000,"score":2,"value":-0.0005},{"duration":660000,"score":2,"value":-0.0123},{"duration":670000,"score":2,"value":0.0007},{"duration":680000,"score":2,"value":-0.0094},{"duration":690000,"score":2,"value":-0.0125},{"duration":700000,"score":2,"value":-0.0096},{"duration":710000,"score":2,"value":-0.0082},{"duration":720000,"score":2,"value":-0.0092},{"duration":730000,"score":2,"value":-0.0171},{"duration":740000,"score":2,"value":0.0114},{"duration":750000,"score":2,"value":0.0149},{"duration":760000,"score":2,"value":-0.0075},{"duration":770000,"score":2,"value":-0.0145},{"duration":780000,"score":2,"value":-0.0061},{"duration":790000,"score":2,"value":-0.0031},{"duration":800000,"score":2,"value":-0.0043},{"duration":810000,"score":2,"value":-0.0135},{"duration":820000,"score":2,"value":-0.0116},{"duration":830000,"score":2,"value":-0.0069},{"duration":840000,"score":2,"value":-0.0092},{"duration":850000,"score":2,"value":-0.0122},{"duration":860000,"score":2,"value":-0.0139},{"duration":870000,"score":2,"value":-0.0092},{"duration":880000,"score":2,"value":0.0091},{"duration":890000,"score":2,"value":0.0013},{"duration":900000,"score":2,"value":-0.0048},{"duration":910000,"score":2,"value":-0.0080},{"duration":920000,"score":2,"value":-0.0048},{"duration":930000,"score":2,"value":-0.0181},{"duration":940000,"score":2,"value":-0.0114},{"duration":950000,"score":2,"value":-0.0050},{"duration":960000,"score":2,"value":-0.0142},{"duration":970000,"score":2,"value":-0.0114},{"duration":980000,"score":2,"value":-0.0058},{"duration":990000,"score":2,"value":-0.0111},{"duration":1000000,"score":2,"value":-0.0200},{"duration":1010000,"score":2,"value":-0.0119},{"duration":1020000,"score":2,"value":-0.0162},{"duration":1030000,"score":2,"value":-0.0081},{"duration":1040000,"score":2,"value":-0.0150},{"duration":1050000,"score":2,"value":-0.0153},{"duration":1060000,"score":2,"value":0.0030},{"duration":1070000,"score":2,"value":0.0027},{"duration":1080000,"score":2,"value":0.0039},{"duration":1090000,"score":2,"value":-0.0004},{"duration":1100000,"score":2,"value":-0.0056},{"duration":1110000,"score":3,"value":0.0},{"duration":1120000,"score":2,"value":0.0042},{"duration":1130000,"score":2,"value":0.0038},{"duration":1140000,"score":2,"value":-0.0042},{"duration":1150000,"score":2,"value":-0.0045},{"duration":1160000,"score":2,"value":-0.0085},{"duration":1170000,"score":2,"value":-0.0017},{"duration":1180000,"score":2,"value":-0.0052},{"duration":1190000,"score":1,"value":-0.0250},{"duration":1200000,"score":2,"value":-0.0179},{"duration":1210000,"score":2,"value":-0.0122},{"duration":1220000,"score":2,"value":-0.0134},{"duration":1230000,"score":2,"value":-0.0078},{"duration":1240000,"score":2,"value":-0.0132},{"duration":1250000,"score":2,"value":-0.0063},{"duration":1260000,"score":2,"value":-0.0150},{"duration":1270000,"score":2,"value":-0.0064},{"duration":1280000,"score":1,"value":0.0354},{"duration":1290000,"score":2,"value":0.0017},{"duration":1300000,"score":2,"value":0.0103},{"duration":1310000,"score":2,"value":0.0086},{"duration":1320000,"score":2,"value":-0.0044},{"duration":1330000,"score":2,"value":-0.0089},{"duration":1340000,"score":2,"value":-0.0063},{"duration":1350000,"score":2,"value":0.0009},{"duration":1360000,"score":1,"value":0.0354},{"duration":1370000,"score":2,"value":0.0053},{"duration":1380000,"score":2,"value":-0.0062},{"duration":1390000,"score":2,"value":-0.0094},{"duration":1400000,"score":2,"value":-0.0100},{"duration":1410000,"score":2,"value":-0.0024},{"duration":1420000,"score":2,"value":0.0007},{"duration":1430000,"score":2,"value":0.0147},{"duration":1440000,"score":2,"value":-7.0189e-05},{"duration":1450000,"score":2,"value":0.0052},{"duration":1460000,"score":2,"value":0.0031},{"duration":1470000,"score":2,"value":-0.0006},{"duration":1480000,"score":2,"value":-0.0083},{"duration":1490000,"score":2,"value":-0.0062},{"duration":1500000,"score":2,"value":-0.0035},{"duration":1510000,"score":2,"value":-0.0051},{"duration":1520000,"score":2,"value":-0.0072},{"duration":1530000,"score":2,"value":-0.0034},{"duration":1540000,"score":2,"value":0.0015},{"duration":1550000,"score":2,"value":0.0010},{"duration":1560000,"score":1,"value":0.0379},{"duration":1570000,"score":1,"value":0.0506},{"duration":1580000,"score":2,"value":0.0185},{"duration":1590000,"score":2,"value":-0.0058},{"duration":1600000,"score":2,"value":-0.0003},{"duration":1610000,"score":2,"value":-0.0048},{"duration":1620000,"score":2,"value":0.0007},{"duration":1630000,"score":2,"value":-0.0108},{"duration":1640000,"score":2,"value":0.0142},{"duration":1650000,"score":2,"value":0.0026},{"duration":1660000,"score":2,"value":-0.0016},{"duration":1670000,"score":1,"value":-0.0297},{"duration":1680000,"score":2,"value":-0.0051},{"duration":1690000,"score":2,"value":0.0034},{"duration":1700000,"score":2,"value":0.0009},{"duration":1710000,"score":2,"value":-0.0098},{"duration":1720000,"score":2,"value":0.0006},{"duration":1730000,"score":2,"value":0.0008},{"duration":1740000,"score":2,"value":-0.0041},{"duration":1750000,"score":2,"value":-0.0066},{"duration":1760000,"score":2,"value":-0.0007},{"duration":1770000,"score":2,"value":0.0022},{"duration":1780000,"score":2,"value":-0.0162},{"duration":1790000,"score":2,"value":-0.0075},{"duration":1800000,"score":2,"value":0.0011},{"duration":1810000,"score":2,"value":0.0018},{"duration":1820000,"score":2,"value":-0.0013},{"duration":1830000,"score":2,"value":0.0048}],"data_type":"asymmetry","overall_score":2,"score_ratio":[2.0,11.0,87.0]},{"chart_data":[{"duration":10000,"score":2,"value":66215.2265},{"duration":20000,"score":1,"value":41705.875},{"duration":30000,"score":0,"value":36049.0195},{"duration":40000,"score":0,"value":36940.4609},{"duration":50000,"score":0,"value":36906.5195},{"duration":60000,"score":0,"value":35972.4062},{"duration":70000,"score":0,"value":36195.875},{"duration":80000,"score":0,"value":35437.0507},{"duration":90000,"score":0,"value":35223.3007},{"duration":100000,"score":0,"value":34784.1562},{"duration":110000,"score":0,"value":35715.7890},{"duration":120000,"score":0,"value":34954.9609},{"duration":130000,"score":0,"value":34210.6367},{"duration":140000,"score":0,"value":33937.2226},{"duration":150000,"score":0,"value":34257.4062},{"duration":160000,"score":0,"value":34734.1093},{"duration":170000,"score":0,"value":33332.6054},{"duration":180000,"score":0,"value":33444.6210},{"duration":190000,"score":0,"value":34513.5625},{"duration":200000,"score":0,"value":33610.1953},{"duration":210000,"score":0,"value":33410.6132},{"duration":220000,"score":0,"value":32996.4179},{"duration":230000,"score":0,"value":33388.1523},{"duration":240000,"score":0,"value":33736.1875},{"duration":250000,"score":0,"value":34411.3164},{"duration":260000,"score":0,"value":34158.375},{"duration":270000,"score":0,"value":35055.7265},{"duration":280000,"score":0,"value":36098.6875},{"duration":290000,"score":0,"value":36734.7460},{"duration":300000,"score":0,"value":36088.3554},{"duration":310000,"score":0,"value":36408.4921},{"duration":320000,"score":0,"value":36507.4531},{"duration":330000,"score":0,"value":36438.7656},{"duration":340000,"score":0,"value":35941.7734},{"duration":350000,"score":0,"value":36942.4375},{"duration":360000,"score":0,"value":36650.7890},{"duration":370000,"score":0,"value":36085.7343},{"duration":380000,"score":0,"value":37392.5039},{"duration":390000,"score":0,"value":36146.4140},{"duration":400000,"score":0,"value":36685.2187},{"duration":410000,"score":0,"value":36024.3945},{"duration":420000,"score":0,"value":35366.8085},{"duration":430000,"score":0,"value":36558.2968},{"duration":440000,"score":1,"value":37918.8164},{"duration":450000,"score":0,"value":36324.8046},{"duration":460000,"score":0,"value":35047.3203},{"duration":470000,"score":0,"value":33826.0937},{"duration":480000,"score":0,"value":34666.8398},{"duration":490000,"score":0,"value":33826.1601},{"duration":500000,"score":0,"value":34570.4179},{"duration":510000,"score":0,"value":34638.2695},{"duration":520000,"score":0,"value":34846.5742},{"duration":530000,"score":0,"value":34566.6406},{"duration":540000,"score":0,"value":35375.5351},{"duration":550000,"score":0,"value":35512.9648},{"duration":560000,"score":0,"value":35661.6875},{"duration":570000,"score":0,"value":35238.1406},{"duration":580000,"score":0,"value":34452.5117},{"duration":590000,"score":0,"value":34178.0429},{"duration":600000,"score":0,"value":33917.1015},{"duration":610000,"score":0,"value":34745.4765},{"duration":620000,"score":0,"value":35301.6171},{"duration":630000,"score":0,"value":34665.4218},{"duration":640000,"score":0,"value":33732.9570},{"duration":650000,"score":0,"value":34896.8593},{"duration":660000,"score":0,"value":35428.7968},{"duration":670000,"score":0,"value":34447.5937},{"duration":680000,"score":0,"value":34800.7031},{"duration":690000,"score":0,"value":35347.5585},{"duration":700000,"score":0,"value":35064.0351},{"duration":710000,"score":0,"value":34080.5},{"duration":720000,"score":0,"value":34377.3789},{"duration":730000,"score":0,"value":33573.5195},{"duration":740000,"score":0,"value":33899.6484},{"duration":750000,"score":0,"value":33811.9882},{"duration":760000,"score":0,"value":35783.7343},{"duration":770000,"score":0,"value":36282.8984},{"duration":780000,"score":0,"value":35395.5898},{"duration":790000,"score":0,"value":35425.0468},{"duration":800000,"score":0,"value":35095.0156},{"duration":810000,"score":0,"value":34686.7539},{"duration":820000,"score":0,"value":34746.7382},{"duration":830000,"score":0,"value":34364.0195},{"duration":840000,"score":0,"value":35346.6289},{"duration":850000,"score":0,"value":36271.0546},{"duration":860000,"score":0,"value":36398.6367},{"duration":870000,"score":0,"value":36417.2460},{"duration":880000,"score":0,"value":35851.9414},{"duration":890000,"score":0,"value":34873.3359},{"duration":900000,"score":0,"value":35198.7343},{"duration":910000,"score":0,"value":36593.4414},{"duration":920000,"score":0,"value":36207.5390},{"duration":930000,"score":0,"value":34854.5898},{"duration":940000,"score":0,"value":35409.3437},{"duration":950000,"score":0,"value":35823.3632},{"duration":960000,"score":0,"value":37085.4257},{"duration":970000,"score":0,"value":37833.1523},{"duration":980000,"score":0,"value":36418.3476},{"duration":990000,"score":0,"value":36507.4414},{"duration":1000000,"score":0,"value":35902.7031},{"duration":1010000,"score":0,"value":35208.4296},{"duration":1020000,"score":0,"value":37883.5117},{"duration":1030000,"score":0,"value":36665.6523},{"duration":1040000,"score":0,"value":35194.1992},{"duration":1050000,"score":0,"value":36192.7226},{"duration":1060000,"score":0,"value":36243.5937},{"duration":1070000,"score":0,"value":34687.5156},{"duration":1080000,"score":0,"value":36056.7070},{"duration":1090000,"score":0,"value":36652.7539},{"duration":1100000,"score":0,"value":35837.6054},{"duration":1110000,"score":3,"value":0.0},{"duration":1120000,"score":0,"value":38984.5468},{"duration":1130000,"score":0,"value":37244.2812},{"duration":1140000,"score":0,"value":36788.4843},{"duration":1150000,"score":0,"value":36198.9765},{"duration":1160000,"score":0,"value":36511.2578},{"duration":1170000,"score":0,"value":38172.9453},{"duration":1180000,"score":0,"value":37615.8789},{"duration":1190000,"score":0,"value":38284.2656},{"duration":1200000,"score":0,"value":36799.4062},{"duration":1210000,"score":0,"value":36593.9453},{"duration":1220000,"score":0,"value":35979.6210},{"duration":1230000,"score":0,"value":36537.9570},{"duration":1240000,"score":0,"value":35565.9687},{"duration":1250000,"score":0,"value":35480.4492},{"duration":1260000,"score":0,"value":35754.6054},{"duration":1270000,"score":0,"value":36294.5625},{"duration":1280000,"score":0,"value":35572.2187},{"duration":1290000,"score":0,"value":34952.7734},{"duration":1300000,"score":0,"value":34155.2343},{"duration":1310000,"score":0,"value":35413.3242},{"duration":1320000,"score":0,"value":36668.0312},{"duration":1330000,"score":0,"value":37243.4179},{"duration":1340000,"score":0,"value":36705.2421},{"duration":1350000,"score":0,"value":35946.3945},{"duration":1360000,"score":0,"value":34665.5156},{"duration":1370000,"score":0,"value":35597.2304},{"duration":1380000,"score":0,"value":38524.4414},{"duration":1390000,"score":0,"value":38077.7265},{"duration":1400000,"score":0,"value":36969.0546},{"duration":1410000,"score":0,"value":37576.5585},{"duration":1420000,"score":0,"value":37586.1406},{"duration":1430000,"score":0,"value":37184.3125},{"duration":1440000,"score":0,"value":35556.7460},{"duration":1450000,"score":0,"value":36305.5468},{"duration":1460000,"score":0,"value":37651.7304},{"duration":1470000,"score":0,"value":36525.1562},{"duration":1480000,"score":0,"value":37297.9726},{"duration":1490000,"score":0,"value":37731.6796},{"duration":1500000,"score":0,"value":37780.1875},{"duration":1510000,"score":0,"value":36564.2304},{"duration":1520000,"score":0,"value":36792.0312},{"duration":1530000,"score":0,"value":36714.5937},{"duration":1540000,"score":0,"value":38698.2031},{"duration":1550000,"score":0,"value":37473.6484},{"duration":1560000,"score":0,"value":37809.8085},{"duration":1570000,"score":0,"value":36696.7734},{"duration":1580000,"score":0,"value":36741.9179},{"duration":1590000,"score":0,"value":36093.1171},{"duration":1600000,"score":0,"value":37077.1445},{"duration":1610000,"score":0,"value":38070.5625},{"duration":1620000,"score":0,"value":40639.4062},{"duration":1630000,"score":0,"value":37803.1445},{"duration":1640000,"score":0,"value":36948.4140},{"duration":1650000,"score":0,"value":38665.7695},{"duration":1660000,"score":0,"value":37250.7812},{"duration":1670000,"score":0,"value":39279.7265},{"duration":1680000,"score":0,"value":38304.1015},{"duration":1690000,"score":0,"value":39769.7695},{"duration":1700000,"score":0,"value":38663.1171},{"duration":1710000,"score":0,"value":40415.1093},{"duration":1720000,"score":0,"value":39621.9414},{"duration":1730000,"score":0,"value":39327.2109},{"duration":1740000,"score":0,"value":38967.4492},{"duration":1750000,"score":0,"value":37867.5703},{"duration":1760000,"score":0,"value":37787.8046},{"duration":1770000,"score":0,"value":39031.6367},{"duration":1780000,"score":0,"value":40327.2968},{"duration":1790000,"score":0,"value":38526.6328},{"duration":1800000,"score":0,"value":38790.6289},{"duration":1810000,"score":0,"value":39629.0781},{"duration":1820000,"score":0,"value":38507.5937},{"duration":1830000,"score":0,"value":37974.0}],"data_type":"stiffness","overall_score":0,"score_ratio":[97.0,2.0,1.0]},{"chart_data":[{"duration":10000,"score":2,"value":0.0753},{"duration":20000,"score":1,"value":0.0889},{"duration":30000,"score":0,"value":0.0966},{"duration":40000,"score":0,"value":0.0971},{"duration":50000,"score":0,"value":0.0957},{"duration":60000,"score":0,"value":0.0968},{"duration":70000,"score":0,"value":0.0959},{"duration":80000,"score":0,"value":0.0958},{"duration":90000,"score":0,"value":0.0963},{"duration":100000,"score":0,"value":0.0961},{"duration":110000,"score":0,"value":0.0968},{"duration":120000,"score":0,"value":0.0984},{"duration":130000,"score":0,"value":0.0986},{"duration":140000,"score":0,"value":0.0989},{"duration":150000,"score":0,"value":0.0984},{"duration":160000,"score":0,"value":0.0995},{"duration":170000,"score":0,"value":0.1019},{"duration":180000,"score":0,"value":0.1011},{"duration":190000,"score":0,"value":0.0999},{"duration":200000,"score":0,"value":0.1006},{"duration":210000,"score":0,"value":0.1009},{"duration":220000,"score":0,"value":0.1008},{"duration":230000,"score":0,"value":0.1020},{"duration":240000,"score":0,"value":0.1006},{"duration":250000,"score":0,"value":0.1010},{"duration":260000,"score":0,"value":0.0994},{"duration":270000,"score":0,"value":0.0964},{"duration":280000,"score":0,"value":0.0954},{"duration":290000,"score":0,"value":0.0947},{"duration":300000,"score":0,"value":0.0962},{"duration":310000,"score":0,"value":0.0958},{"duration":320000,"score":0,"value":0.0968},{"duration":330000,"score":0,"value":0.0959},{"duration":340000,"score":0,"value":0.0958},{"duration":350000,"score":0,"value":0.0962},{"duration":360000,"score":0,"value":0.0971},{"duration":370000,"score":0,"value":0.0975},{"duration":380000,"score":0,"value":0.0961},{"duration":390000,"score":0,"value":0.0970},{"duration":400000,"score":0,"value":0.0959},{"duration":410000,"score":0,"value":0.0984},{"duration":420000,"score":0,"value":0.0979},{"duration":430000,"score":0,"value":0.0962},{"duration":440000,"score":1,"value":0.0961},{"duration":450000,"score":0,"value":0.0963},{"duration":460000,"score":0,"value":0.0987},{"duration":470000,"score":0,"value":0.0997},{"duration":480000,"score":0,"value":0.0994},{"duration":490000,"score":0,"value":0.0993},{"duration":500000,"score":0,"value":0.0968},{"duration":510000,"score":0,"value":0.0985},{"duration":520000,"score":0,"value":0.0980},{"duration":530000,"score":0,"value":0.0979},{"duration":540000,"score":0,"value":0.0963},{"duration":550000,"score":0,"value":0.0976},{"duration":560000,"score":0,"value":0.0964},{"duration":570000,"score":0,"value":0.0978},{"duration":580000,"score":0,"value":0.1003},{"duration":590000,"score":0,"value":0.0989},{"duration":600000,"score":0,"value":0.1041},{"duration":610000,"score":0,"value":0.1010},{"duration":620000,"score":0,"value":0.0997},{"duration":630000,"score":0,"value":0.0986},{"duration":640000,"score":0,"value":0.0998},{"duration":650000,"score":0,"value":0.0983},{"duration":660000,"score":0,"value":0.1009},{"duration":670000,"score":0,"value":0.0997},{"duration":680000,"score":0,"value":0.0999},{"duration":690000,"score":0,"value":0.0990},{"duration":700000,"score":0,"value":0.0989},{"duration":710000,"score":0,"value":0.0967},{"duration":720000,"score":0,"value":0.1013},{"duration":730000,"score":0,"value":0.0991},{"duration":740000,"score":0,"value":0.0957},{"duration":750000,"score":0,"value":0.0982},{"duration":760000,"score":0,"value":0.0978},{"duration":770000,"score":0,"value":0.0988},{"duration":780000,"score":0,"value":0.0982},{"duration":790000,"score":0,"value":0.0987},{"duration":800000,"score":0,"value":0.0992},{"duration":810000,"score":0,"value":0.0994},{"duration":820000,"score":0,"value":0.0994},{"duration":830000,"score":0,"value":0.0990},{"duration":840000,"score":0,"value":0.0991},{"duration":850000,"score":0,"value":0.0962},{"duration":860000,"score":0,"value":0.0970},{"duration":870000,"score":0,"value":0.0972},{"duration":880000,"score":0,"value":0.0948},{"duration":890000,"score":0,"value":0.0999},{"duration":900000,"score":0,"value":0.0992},{"duration":910000,"score":0,"value":0.0972},{"duration":920000,"score":0,"value":0.0984},{"duration":930000,"score":0,"value":0.1005},{"duration":940000,"score":0,"value":0.0978},{"duration":950000,"score":0,"value":0.0974},{"duration":960000,"score":0,"value":0.0961},{"duration":970000,"score":0,"value":0.0953},{"duration":980000,"score":0,"value":0.0982},{"duration":990000,"score":0,"value":0.0970},{"duration":1000000,"score":0,"value":0.0985},{"duration":1010000,"score":0,"value":0.0988},{"duration":1020000,"score":0,"value":0.0941},{"duration":1030000,"score":0,"value":0.0954},{"duration":1040000,"score":0,"value":0.0983},{"duration":1050000,"score":0,"value":0.0979},{"duration":1060000,"score":0,"value":0.0996},{"duration":1070000,"score":0,"value":0.0968},{"duration":1080000,"score":0,"value":0.0984},{"duration":1090000,"score":0,"value":0.1003},{"duration":1100000,"score":0,"value":0.0984},{"duration":1110000,"score":3,"value":0.0},{"duration":1120000,"score":0,"value":0.0941},{"duration":1130000,"score":0,"value":0.0956},{"duration":1140000,"score":0,"value":0.0960},{"duration":1150000,"score":0,"value":0.0983},{"duration":1160000,"score":0,"value":0.0974},{"duration":1170000,"score":0,"value":0.0959},{"duration":1180000,"score":0,"value":0.0977},{"duration":1190000,"score":0,"value":0.0958},{"duration":1200000,"score":0,"value":0.0966},{"duration":1210000,"score":0,"value":0.0963},{"duration":1220000,"score":0,"value":0.0979},{"duration":1230000,"score":0,"value":0.0967},{"duration":1240000,"score":0,"value":0.0992},{"duration":1250000,"score":0,"value":0.0998},{"duration":1260000,"score":0,"value":0.0970},{"duration":1270000,"score":0,"value":0.0969},{"duration":1280000,"score":0,"value":0.0963},{"duration":1290000,"score":0,"value":0.0986},{"duration":1300000,"score":0,"value":0.0962},{"duration":1310000,"score":0,"value":0.0972},{"duration":1320000,"score":0,"value":0.0975},{"duration":1330000,"score":0,"value":0.0976},{"duration":1340000,"score":0,"value":0.0961},{"duration":1350000,"score":0,"value":0.0995},{"duration":1360000,"score":0,"value":0.0991},{"duration":1370000,"score":0,"value":0.0983},{"duration":1380000,"score":0,"value":0.0964},{"duration":1390000,"score":0,"value":0.0993},{"duration":1400000,"score":0,"value":0.0990},{"duration":1410000,"score":0,"value":0.0957},{"duration":1420000,"score":0,"value":0.0962},{"duration":1430000,"score":0,"value":0.0970},{"duration":1440000,"score":0,"value":0.0975},{"duration":1450000,"score":0,"value":0.0994},{"duration":1460000,"score":0,"value":0.0974},{"duration":1470000,"score":0,"value":0.0973},{"duration":1480000,"score":0,"value":0.0974},{"duration":1490000,"score":0,"value":0.0954},{"duration":1500000,"score":0,"value":0.0967},{"duration":1510000,"score":0,"value":0.0963},{"duration":1520000,"score":0,"value":0.0984},{"duration":1530000,"score":0,"value":0.0957},{"duration":1540000,"score":0,"value":0.0955},{"duration":1550000,"score":0,"value":0.0966},{"duration":1560000,"score":0,"value":0.0993},{"duration":1570000,"score":0,"value":0.0948},{"duration":1580000,"score":0,"value":0.0961},{"duration":1590000,"score":0,"value":0.0979},{"duration":1600000,"score":0,"value":0.0985},{"duration":1610000,"score":0,"value":0.0947},{"duration":1620000,"score":1,"value":0.0891},{"duration":1630000,"score":0,"value":0.0933},{"duration":1640000,"score":0,"value":0.0946},{"duration":1650000,"score":0,"value":0.0937},{"duration":1660000,"score":0,"value":0.0969},{"duration":1670000,"score":0,"value":0.0943},{"duration":1680000,"score":0,"value":0.0946},{"duration":1690000,"score":0,"value":0.0924},{"duration":1700000,"score":0,"value":0.0934},{"duration":1710000,"score":1,"value":0.0913},{"duration":1720000,"score":0,"value":0.0937},{"duration":1730000,"score":1,"value":0.0924},{"duration":1740000,"score":1,"value":0.0905},{"duration":1750000,"score":0,"value":0.0934},{"duration":1760000,"score":1,"value":0.0928},{"duration":1770000,"score":1,"value":0.0915},{"duration":1780000,"score":1,"value":0.0924},{"duration":1790000,"score":1,"value":0.0920},{"duration":1800000,"score":0,"value":0.0927},{"duration":1810000,"score":0,"value":0.0924},{"duration":1820000,"score":0,"value":0.0943},{"duration":1830000,"score":0,"value":0.0964}],"data_type":"undulation","overall_score":0,"score_ratio":[83.0,17.0,0.0]},{"chart_data":[{"duration":10000,"score":2,"value":167.3168},{"duration":20000,"score":1,"value":178.9252},{"duration":30000,"score":1,"value":181.3011},{"duration":40000,"score":1,"value":177.3034},{"duration":50000,"score":1,"value":178.1737},{"duration":60000,"score":1,"value":181.1386},{"duration":70000,"score":1,"value":180.7580},{"duration":80000,"score":0,"value":183.2101},{"duration":90000,"score":0,"value":183.7386},{"duration":100000,"score":0,"value":184.5250},{"duration":110000,"score":1,"value":181.0419},{"duration":120000,"score":0,"value":184.7132},{"duration":130000,"score":0,"value":185.9703},{"duration":140000,"score":0,"value":186.6067},{"duration":150000,"score":0,"value":185.3752},{"duration":160000,"score":0,"value":184.1306},{"duration":170000,"score":0,"value":187.9370},{"duration":180000,"score":0,"value":187.6568},{"duration":190000,"score":1,"value":184.1899},{"duration":200000,"score":0,"value":186.8796},{"duration":210000,"score":0,"value":187.4516},{"duration":220000,"score":0,"value":189.3056},{"duration":230000,"score":0,"value":187.2635},{"duration":240000,"score":0,"value":186.4769},{"duration":250000,"score":0,"value":185.6832},{"duration":260000,"score":0,"value":185.6614},{"duration":270000,"score":0,"value":183.5182},{"duration":280000,"score":1,"value":180.3002},{"duration":290000,"score":1,"value":178.4113},{"duration":300000,"score":1,"value":180.3654},{"duration":310000,"score":1,"value":179.6387},{"duration":320000,"score":1,"value":178.5370},{"duration":330000,"score":1,"value":179.1059},{"duration":340000,"score":1,"value":180.6430},{"duration":350000,"score":1,"value":177.4580},{"duration":360000,"score":1,"value":177.8299},{"duration":370000,"score":1,"value":179.5016},{"duration":380000,"score":1,"value":177.8606},{"duration":390000,"score":1,"value":179.9036},{"duration":400000,"score":1,"value":178.4048},{"duration":410000,"score":1,"value":179.6842},{"duration":420000,"score":1,"value":181.9833},{"duration":430000,"score":1,"value":179.0007},{"duration":440000,"score":2,"value":162.0926},{"duration":450000,"score":1,"value":176.8243},{"duration":460000,"score":1,"value":182.7279},{"duration":470000,"score":0,"value":187.0260},{"duration":480000,"score":1,"value":183.7504},{"duration":490000,"score":0,"value":187.0393},{"duration":500000,"score":0,"value":185.0896},{"duration":510000,"score":0,"value":184.4178},{"duration":520000,"score":1,"value":183.4697},{"duration":530000,"score":0,"value":184.6944},{"duration":540000,"score":0,"value":183.3791},{"duration":550000,"score":1,"value":182.2922},{"duration":560000,"score":1,"value":181.8049},{"duration":570000,"score":1,"value":182.5838},{"duration":580000,"score":0,"value":184.3422},{"duration":590000,"score":0,"value":185.3710},{"duration":600000,"score":0,"value":186.3655},{"duration":610000,"score":1,"value":183.5059},{"duration":620000,"score":1,"value":181.8544},{"duration":630000,"score":0,"value":184.0170},{"duration":640000,"score":0,"value":187.0252},{"duration":650000,"score":1,"value":183.2068},{"duration":660000,"score":1,"value":178.7733},{"duration":670000,"score":1,"value":184.0588},{"duration":680000,"score":1,"value":183.2015},{"duration":690000,"score":1,"value":182.0269},{"duration":700000,"score":1,"value":181.0474},{"duration":710000,"score":0,"value":186.6824},{"duration":720000,"score":0,"value":184.8340},{"duration":730000,"score":0,"value":188.3135},{"duration":740000,"score":0,"value":189.2902},{"duration":750000,"score":0,"value":188.2809},{"duration":760000,"score":1,"value":181.2015},{"duration":770000,"score":1,"value":179.1855},{"duration":780000,"score":1,"value":181.7033},{"duration":790000,"score":1,"value":181.1955},{"duration":800000,"score":1,"value":182.2506},{"duration":810000,"score":1,"value":183.7805},{"duration":820000,"score":1,"value":183.5277},{"duration":830000,"score":0,"value":185.0447},{"duration":840000,"score":1,"value":181.6909},{"duration":850000,"score":1,"value":180.4733},{"duration":860000,"score":1,"value":179.0446},{"duration":870000,"score":1,"value":178.7454},{"duration":880000,"score":1,"value":182.0016},{"duration":890000,"score":1,"value":183.2611},{"duration":900000,"score":1,"value":181.9478},{"duration":910000,"score":1,"value":178.6240},{"duration":920000,"score":1,"value":179.4867},{"duration":930000,"score":1,"value":183.6283},{"duration":940000,"score":1,"value":182.9692},{"duration":950000,"score":1,"value":181.2188},{"duration":960000,"score":1,"value":177.3151},{"duration":970000,"score":1,"value":174.9128},{"duration":980000,"score":1,"value":178.5308},{"duration":990000,"score":1,"value":178.7166},{"duration":1000000,"score":1,"value":180.0936},{"duration":1010000,"score":1,"value":182.0711},{"duration":1020000,"score":1,"value":175.8888},{"duration":1030000,"score":1,"value":178.8306},{"duration":1040000,"score":1,"value":182.5587},{"duration":1050000,"score":1,"value":179.1742},{"duration":1060000,"score":1,"value":178.6780},{"duration":1070000,"score":0,"value":185.1501},{"duration":1080000,"score":1,"value":180.3788},{"duration":1090000,"score":1,"value":177.8330},{"duration":1100000,"score":1,"value":180.2276},{"duration":1110000,"score":3,"value":0.0},{"duration":1120000,"score":1,"value":172.3059},{"duration":1130000,"score":1,"value":176.8148},{"duration":1140000,"score":1,"value":178.1548},{"duration":1150000,"score":1,"value":179.0793},{"duration":1160000,"score":1,"value":178.5490},{"duration":1170000,"score":1,"value":174.4354},{"duration":1180000,"score":1,"value":175.2981},{"duration":1190000,"score":1,"value":174.3227},{"duration":1200000,"score":1,"value":178.3454},{"duration":1210000,"score":1,"value":178.9179},{"duration":1220000,"score":1,"value":180.2709},{"duration":1230000,"score":1,"value":178.6117},{"duration":1240000,"score":1,"value":181.0092},{"duration":1250000,"score":1,"value":181.1232},{"duration":1260000,"score":1,"value":181.7862},{"duration":1270000,"score":1,"value":179.3534},{"duration":1280000,"score":1,"value":180.5413},{"duration":1290000,"score":1,"value":182.7550},{"duration":1300000,"score":0,"value":187.2273},{"duration":1310000,"score":1,"value":182.6387},{"duration":1320000,"score":1,"value":178.7727},{"duration":1330000,"score":1,"value":176.9372},{"duration":1340000,"score":1,"value":178.2911},{"duration":1350000,"score":1,"value":179.4974},{"duration":1360000,"score":0,"value":185.7905},{"duration":1370000,"score":1,"value":181.7457},{"duration":1380000,"score":1,"value":172.9877},{"duration":1390000,"score":1,"value":174.0653},{"duration":1400000,"score":1,"value":176.3734},{"duration":1410000,"score":1,"value":176.2042},{"duration":1420000,"score":1,"value":175.5346},{"duration":1430000,"score":1,"value":177.1905},{"duration":1440000,"score":1,"value":182.1984},{"duration":1450000,"score":1,"value":178.8945},{"duration":1460000,"score":1,"value":175.3900},{"duration":1470000,"score":1,"value":178.4083},{"duration":1480000,"score":1,"value":176.5517},{"duration":1490000,"score":1,"value":175.8990},{"duration":1500000,"score":1,"value":174.9238},{"duration":1510000,"score":1,"value":178.6471},{"duration":1520000,"score":1,"value":177.5522},{"duration":1530000,"score":1,"value":178.4410},{"duration":1540000,"score":1,"value":172.2879},{"duration":1550000,"score":1,"value":175.4969},{"duration":1560000,"score":1,"value":170.4777},{"duration":1570000,"score":1,"value":180.2938},{"duration":1580000,"score":1,"value":178.8802},{"duration":1590000,"score":1,"value":180.8661},{"duration":1600000,"score":1,"value":176.8730},{"duration":1610000,"score":1,"value":175.3520},{"duration":1620000,"score":1,"value":162.9418},{"duration":1630000,"score":1,"value":175.3057},{"duration":1640000,"score":1,"value":178.4535},{"duration":1650000,"score":1,"value":173.7660},{"duration":1660000,"score":1,"value":176.5649},{"duration":1670000,"score":1,"value":172.4808},{"duration":1680000,"score":1,"value":174.0346},{"duration":1690000,"score":1,"value":170.0375},{"duration":1700000,"score":1,"value":173.7352},{"duration":1710000,"score":1,"value":170.1185},{"duration":1720000,"score":1,"value":170.7485},{"duration":1730000,"score":1,"value":165.6294},{"duration":1740000,"score":1,"value":164.9455},{"duration":1750000,"score":1,"value":173.7985},{"duration":1760000,"score":1,"value":176.0124},{"duration":1770000,"score":1,"value":173.8876},{"duration":1780000,"score":1,"value":169.5382},{"duration":1790000,"score":1,"value":174.3804},{"duration":1800000,"score":1,"value":174.1610},{"duration":1810000,"score":1,"value":171.4701},{"duration":1820000,"score":1,"value":174.6355},{"duration":1830000,"score":1,"value":172.3441}],"data_type":"effective_contact_time","overall_score":1,"score_ratio":[31.0,67.0,2.0]},{"chart_data":[{"duration":10000,"score":1,"value":202.9872},{"duration":20000,"score":1,"value":193.1061},{"duration":30000,"score":1,"value":197.9915},{"duration":40000,"score":1,"value":199.7587},{"duration":50000,"score":1,"value":197.4064},{"duration":60000,"score":1,"value":198.0062},{"duration":70000,"score":1,"value":196.7752},{"duration":80000,"score":1,"value":195.6947},{"duration":90000,"score":1,"value":196.1963},{"duration":100000,"score":1,"value":195.7897},{"duration":110000,"score":1,"value":198.0782},{"duration":120000,"score":1,"value":198.6697},{"duration":130000,"score":1,"value":198.7210},{"duration":140000,"score":1,"value":198.8333},{"duration":150000,"score":1,"value":198.7090},{"duration":160000,"score":1,"value":200.5921},{"duration":170000,"score":1,"value":202.3537},{"duration":180000,"score":1,"value":201.3742},{"duration":190000,"score":1,"value":200.9602},{"duration":200000,"score":1,"value":201.0634},{"duration":210000,"score":1,"value":201.2926},{"duration":220000,"score":1,"value":200.4612},{"duration":230000,"score":1,"value":202.8056},{"duration":240000,"score":1,"value":201.1465},{"duration":250000,"score":1,"value":201.9543},{"duration":260000,"score":1,"value":199.8751},{"duration":270000,"score":1,"value":196.6581},{"duration":280000,"score":1,"value":196.4590},{"duration":290000,"score":1,"value":196.1457},{"duration":300000,"score":1,"value":197.3962},{"duration":310000,"score":1,"value":197.1943},{"duration":320000,"score":1,"value":198.9859},{"duration":330000,"score":1,"value":197.5328},{"duration":340000,"score":1,"value":196.9356},{"duration":350000,"score":1,"value":198.5334},{"duration":360000,"score":1,"value":199.7002},{"duration":370000,"score":1,"value":199.6746},{"duration":380000,"score":1,"value":198.2212},{"duration":390000,"score":1,"value":198.8136},{"duration":400000,"score":1,"value":197.8348},{"duration":410000,"score":1,"value":200.7182},{"duration":420000,"score":1,"value":199.1962},{"duration":430000,"score":1,"value":197.8936},{"duration":440000,"score":1,"value":204.0042},{"duration":450000,"score":1,"value":198.8597},{"duration":460000,"score":1,"value":200.0026},{"duration":470000,"score":1,"value":199.7236},{"duration":480000,"score":1,"value":200.6458},{"duration":490000,"score":1,"value":199.1640},{"duration":500000,"score":1,"value":196.6069},{"duration":510000,"score":1,"value":199.0709},{"duration":520000,"score":1,"value":198.8407},{"duration":530000,"score":1,"value":198.1566},{"duration":540000,"score":1,"value":196.4531},{"duration":550000,"score":1,"value":198.5441},{"duration":560000,"score":1,"value":197.2738},{"duration":570000,"score":1,"value":198.8868},{"duration":580000,"score":1,"value":201.5877},{"duration":590000,"score":1,"value":199.3899},{"duration":600000,"score":2,"value":205.4422},{"duration":610000,"score":1,"value":202.6571},{"duration":620000,"score":1,"value":201.6843},{"duration":630000,"score":1,"value":199.4006},{"duration":640000,"score":1,"value":199.9082},{"duration":650000,"score":1,"value":199.3415},{"duration":660000,"score":2,"value":204.3581},{"duration":670000,"score":1,"value":200.9360},{"duration":680000,"score":1,"value":201.3605},{"duration":690000,"score":1,"value":200.6533},{"duration":700000,"score":1,"value":200.8696},{"duration":710000,"score":1,"value":195.8777},{"duration":720000,"score":1,"value":202.7264},{"duration":730000,"score":1,"value":198.5244},{"duration":740000,"score":1,"value":193.6098},{"duration":750000,"score":1,"value":197.3702},{"duration":760000,"score":1,"value":199.3532},{"duration":770000,"score":1,"value":201.3487},{"duration":780000,"score":1,"value":199.8080},{"duration":790000,"score":1,"value":200.5942},{"duration":800000,"score":1,"value":200.8640},{"duration":810000,"score":1,"value":200.5513},{"duration":820000,"score":1,"value":200.6599},{"duration":830000,"score":1,"value":199.6115},{"duration":840000,"score":1,"value":200.9388},{"duration":850000,"score":1,"value":197.4402},{"duration":860000,"score":1,"value":199.0593},{"duration":870000,"score":1,"value":199.4383},{"duration":880000,"score":1,"value":194.9088},{"duration":890000,"score":1,"value":201.4113},{"duration":900000,"score":1,"value":200.9546},{"duration":910000,"score":1,"value":199.5074},{"duration":920000,"score":1,"value":200.8526},{"duration":930000,"score":1,"value":202.0719},{"duration":940000,"score":1,"value":198.6465},{"duration":950000,"score":1,"value":198.7662},{"duration":960000,"score":1,"value":198.4392},{"duration":970000,"score":1,"value":198.2524},{"duration":980000,"score":1,"value":200.8978},{"duration":990000,"score":1,"value":199.2094},{"duration":1000000,"score":1,"value":200.6480},{"duration":1010000,"score":1,"value":200.4128},{"duration":1020000,"score":1,"value":196.1851},{"duration":1030000,"score":1,"value":196.9877},{"duration":1040000,"score":1,"value":199.5563},{"duration":1050000,"score":1,"value":200.2137},{"duration":1060000,"score":1,"value":202.6222},{"duration":1070000,"score":1,"value":196.5494},{"duration":1080000,"score":1,"value":200.4665},{"duration":1090000,"score":2,"value":204.0365},{"duration":1100000,"score":1,"value":200.5317},{"duration":1110000,"score":3,"value":0.0},{"duration":1120000,"score":1,"value":197.5222},{"duration":1130000,"score":1,"value":198.0254},{"duration":1140000,"score":1,"value":198.0746},{"duration":1150000,"score":1,"value":200.8775},{"duration":1160000,"score":1,"value":199.8790},{"duration":1170000,"score":1,"value":199.2276},{"duration":1180000,"score":1,"value":201.2192},{"duration":1190000,"score":1,"value":198.9611},{"duration":1200000,"score":1,"value":198.6777},{"duration":1210000,"score":1,"value":198.1713},{"duration":1220000,"score":1,"value":199.8569},{"duration":1230000,"score":1,"value":198.8681},{"duration":1240000,"score":1,"value":201.3261},{"duration":1250000,"score":1,"value":202.0587},{"duration":1260000,"score":1,"value":198.0092},{"duration":1270000,"score":1,"value":198.8542},{"duration":1280000,"score":1,"value":197.5026},{"duration":1290000,"score":1,"value":199.8959},{"duration":1300000,"score":1,"value":194.9857},{"duration":1310000,"score":1,"value":198.0464},{"duration":1320000,"score":1,"value":199.7944},{"duration":1330000,"score":1,"value":200.7295},{"duration":1340000,"score":1,"value":198.1077},{"duration":1350000,"score":1,"value":202.2478},{"duration":1360000,"score":1,"value":199.1408},{"duration":1370000,"score":1,"value":199.9001},{"duration":1380000,"score":1,"value":200.5789},{"duration":1390000,"score":2,"value":203.8930},{"duration":1400000,"score":1,"value":202.8312},{"duration":1410000,"score":1,"value":198.3750},{"duration":1420000,"score":1,"value":199.3143},{"duration":1430000,"score":1,"value":199.7439},{"duration":1440000,"score":1,"value":198.5818},{"duration":1450000,"score":1,"value":202.4371},{"duration":1460000,"score":1,"value":201.0275},{"duration":1470000,"score":1,"value":199.7220},{"duration":1480000,"score":1,"value":200.4936},{"duration":1490000,"score":1,"value":197.9588},{"duration":1500000,"score":1,"value":200.1532},{"duration":1510000,"score":1,"value":198.2813},{"duration":1520000,"score":1,"value":201.5892},{"duration":1530000,"score":1,"value":197.5741},{"duration":1540000,"score":1,"value":199.5673},{"duration":1550000,"score":1,"value":199.8312},{"duration":1560000,"score":2,"value":205.1142},{"duration":1570000,"score":1,"value":195.4721},{"duration":1580000,"score":1,"value":197.8938},{"duration":1590000,"score":1,"value":199.5483},{"duration":1600000,"score":1,"value":201.0240},{"duration":1610000,"score":1,"value":197.0526},{"duration":1620000,"score":1,"value":193.0190},{"duration":1630000,"score":1,"value":195.1773},{"duration":1640000,"score":1,"value":195.9160},{"duration":1650000,"score":1,"value":196.4856},{"duration":1660000,"score":1,"value":199.8646},{"duration":1670000,"score":1,"value":197.5045},{"duration":1680000,"score":1,"value":197.6411},{"duration":1690000,"score":1,"value":196.0875},{"duration":1700000,"score":1,"value":196.0610},{"duration":1710000,"score":1,"value":194.3931},{"duration":1720000,"score":1,"value":197.6460},{"duration":1730000,"score":1,"value":197.1947},{"duration":1740000,"score":1,"value":194.2645},{"duration":1750000,"score":1,"value":195.8623},{"duration":1760000,"score":1,"value":194.3940},{"duration":1770000,"score":1,"value":193.1542},{"duration":1780000,"score":1,"value":196.0861},{"duration":1790000,"score":1,"value":193.9110},{"duration":1800000,"score":1,"value":194.8297},{"duration":1810000,"score":1,"value":195.5629},{"duration":1820000,"score":1,"value":196.9231},{"duration":1830000,"score":1,"value":200.6954}],"data_type":"effective_flight_time","overall_score":1,"score_ratio":[1.0,86.0,13.0]}],"sampling_rate":10000,"service_name":"Myotest","version":2}]}