{"data":[{"advanced_metrics":[{"chart_data":[{"duration":10000,"score":0,"value":0.5428},{"duration":20000,"score":0,"value":0.6217},{"duration":30000,"score":0,"value":0.8082},{"duration":40000,"score":0,"value":0.8865},{"duration":50000,"score":1,"value":0.9178},{"duration":60000,"score":1,"value":0.9374},{"duration":70000,"score":1,"value":0.9423},{"duration":80000,"score":0,"value":0.8849},{"duration":90000,"score":1,"value":0.9234},{"duration":100000,"score":1,"value":0.9254},{"duration":110000,"score":0,"value":0.8801},{"duration":120000,"score":0,"value":0.8566},{"duration":130000,"score":0,"value":0.8804},{"duration":140000,"score":1,"value":0.9427},{"duration":150000,"score":2,"value":0.9724},{"duration":160000,"score":2,"value":0.9703},{"duration":170000,"score":2,"value":0.9603},{"duration":180000,"score":2,"value":0.9680},{"duration":190000,"score":2,"value":0.9633},{"duration":200000,"score":2,"value":0.9589},{"duration":210000,"score":2,"value":0.9656},{"duration":220000,"score":2,"value":0.9534},{"duration":230000,"score":1,"value":0.9430},{"duration":240000,"score":2,"value":0.9520},{"duration":250000,"score":2,"value":0.9724},{"duration":260000,"score":1,"value":0.9499},{"duration":270000,"score":1,"value":0.9068},{"duration":280000,"score":1,"value":0.9060},{"duration":290000,"score":2,"value":0.9541},{"duration":300000,"score":1,"value":0.9262},{"duration":310000,"score":1,"value":0.9482},{"duration":320000,"score":2,"value":0.9733},{"duration":330000,"score":2,"value":0.9856},{"duration":340000,"score":2,"value":0.9833},{"duration":350000,"score":2,"value":0.9706},{"duration":360000,"score":2,"value":0.9666},{"duration":370000,"score":2,"value":0.9739},{"duration":380000,"score":2,"value":0.9700},{"duration":390000,"score":2,"value":0.9681},{"duration":400000,"score":2,"value":0.9786},{"duration":410000,"score":2,"value":0.9856},{"duration":420000,"score":2,"value":0.9954},{"duration":430000,"score":2,"value":0.9958},{"duration":440000,"score":2,"value":0.9934},{"duration":450000,"score":2,"value":0.9940},{"duration":460000,"score":2,"value":0.9929},{"duration":470000,"score":2,"value":0.9889},{"duration":480000,"score":2,"value":0.9724},{"duration":490000,"score":2,"value":0.9725},{"duration":500000,"score":2,"value":0.9882},{"duration":510000,"score":2,"value":0.9900},{"duration":520000,"score":2,"value":0.9927},{"duration":530000,"score":2,"value":0.9909},{"duration":540000,"score":2,"value":0.9749},{"duration":550000,"score":2,"value":0.9639},{"duration":560000,"score":2,"value":0.9639},{"duration":570000,"score":1,"value":0.9111},{"duration":580000,"score":1,"value":0.9466},{"duration":590000,"score":2,"value":0.9552},{"duration":600000,"score":2,"value":0.9689},{"duration":610000,"score":2,"value":0.9840},{"duration":620000,"score":2,"value":0.9687},{"duration":630000,"score":2,"value":0.9622},{"duration":640000,"score":1,"value":0.9196},{"duration":650000,"score":0,"value":0.7909},{"duration":660000,"score":0,"value":0.7500},{"duration":670000,"score":0,"value":0.8765},{"duration":680000,"score":2,"value":0.9615},{"duration":690000,"score":2,"value":0.9770},{"duration":700000,"score":2,"value":0.9850},{"duration":710000,"score":2,"value":0.9840},{"duration":720000,"score":2,"value":0.9777},{"duration":730000,"score":2,"value":0.9682},{"duration":740000,"score":2,"value":0.9605},{"duration":750000,"score":2,"value":0.9821},{"duration":760000,"score":2,"value":0.9946},{"duration":770000,"score":2,"value":0.9942},{"duration":780000,"score":2,"value":0.9702},{"duration":790000,"score":2,"value":0.9620},{"duration":800000,"score":2,"value":0.9683},{"duration":810000,"score":2,"value":0.9775},{"duration":820000,"score":2,"value":0.9650},{"duration":830000,"score":2,"value":0.9741},{"duration":840000,"score":2,"value":0.9675},{"duration":850000,"score":2,"value":0.9629},{"duration":860000,"score":2,"value":0.9728},{"duration":870000,"score":2,"value":0.9703},{"duration":880000,"score":2,"value":0.9632},{"duration":890000,"score":2,"value":0.9771},{"duration":900000,"score":2,"value":0.9798},{"duration":910000,"score":2,"value":0.9800},{"duration":920000,"score":2,"value":0.9786},{"duration":930000,"score":2,"value":0.9571},{"duration":940000,"score":0,"value":0.8932},{"duration":950000,"score":1,"value":0.9129},{"duration":960000,"score":1,"value":0.9438},{"duration":970000,"score":1,"value":0.9380},{"duration":980000,"score":0,"value":0.8796},{"duration":990000,"score":0,"value":0.8554},{"duration":1000000,"score":1,"value":0.9276},{"duration":1010000,"score":1,"value":0.9375},{"duration":1020000,"score":2,"value":0.9565},{"duration":1030000,"score":2,"value":0.9764},{"duration":1040000,"score":2,"value":0.9845},{"duration":1050000,"score":2,"value":0.9828},{"duration":1060000,"score":2,"value":0.9906},{"duration":1070000,"score":2,"value":0.9835},{"duration":1080000,"score":2,"value":0.9815},{"duration":1090000,"score":2,"value":0.9886},{"duration":1100000,"score":2,"value":0.9836},{"duration":1110000,"score":2,"value":0.9702},{"duration":1120000,"score":2,"value":0.9653},{"duration":1130000,"score":2,"value":0.9725},{"duration":1140000,"score":2,"value":0.9774},{"duration":1150000,"score":2,"value":0.9805},{"duration":1160000,"score":2,"value":0.9858},{"duration":1170000,"score":2,"value":0.9937},{"duration":1180000,"score":2,"value":0.9898},{"duration":1190000,"score":2,"value":0.9910},{"duration":1200000,"score":2,"value":0.9971},{"duration":1210000,"score":2,"value":0.9959},{"duration":1220000,"score":2,"value":0.9864},{"duration":1230000,"score":2,"value":0.9605},{"duration":1240000,"score":2,"value":0.9604},{"duration":1250000,"score":1,"value":0.9483},{"duration":1260000,"score":2,"value":0.9684},{"duration":1270000,"score":2,"value":0.9805},{"duration":1280000,"score":2,"value":0.9729},{"duration":1290000,"score":2,"value":0.9790},{"duration":1300000,"score":2,"value":0.9899},{"duration":1310000,"score":2,"value":0.9964},{"duration":1320000,"score":2,"value":0.9883},{"duration":1330000,"score":2,"value":0.9792},{"duration":1340000,"score":2,"value":0.9824},{"duration":1350000,"score":2,"value":0.9961},{"duration":1360000,"score":2,"value":0.9931},{"duration":1370000,"score":2,"value":0.9751},{"duration":1380000,"score":2,"value":0.9714},{"duration":1390000,"score":2,"value":0.9758},{"duration":1400000,"score":2,"value":0.9798},{"duration":1410000,"score":2,"value":0.9793},{"duration":1420000,"score":2,"value":0.9735},{"duration":1430000,"score":2,"value":0.9736},{"duration":1440000,"score":2,"value":0.9808},{"duration":1450000,"score":2,"value":0.9805},{"duration":1460000,"score":2,"value":0.9934},{"duration":1470000,"score":2,"value":0.9961},{"duration":1480000,"score":2,"value":0.9855},{"duration":1490000,"score":2,"value":0.9752},{"duration":1500000,"score":2,"value":0.9728},{"duration":1510000,"score":2,"value":0.9694},{"duration":1520000,"score":2,"value":0.9681},{"duration":1530000,"score":2,"value":0.9766},{"duration":1540000,"score":2,"value":0.9827},{"duration":1550000,"score":2,"value":0.9892},{"duration":1560000,"score":2,"value":0.9813},{"duration":1570000,"score":2,"value":0.9793},{"duration":1580000,"score":2,"value":0.9729},{"duration":1590000,"score":2,"value":0.9749},{"duration":1600000,"score":2,"value":0.9740},{"duration":1610000,"score":2,"value":0.9696},{"duration":1620000,"score":2,"value":0.9638},{"duration":1630000,"score":2,"value":0.9545},{"duration":1640000,"score":1,"value":0.9436},{"duration":1650000,"score":2,"value":0.9543},{"duration":1660000,"score":2,"value":0.9564},{"duration":1670000,"score":2,"value":0.9606},{"duration":1680000,"score":2,"value":0.9542},{"duration":1690000,"score":0,"value":0.8739},{"duration":1700000,"score":1,"value":0.9447},{"duration":1710000,"score":2,"value":0.9810},{"duration":1720000,"score":2,"value":0.9852},{"duration":1730000,"score":2,"value":0.9738},{"duration":1740000,"score":2,"value":0.9719},{"duration":1750000,"score":2,"value":0.9652},{"duration":1760000,"score":1,"value":0.9415},{"duration":1770000,"score":2,"value":0.9662},{"duration":1780000,"score":2,"value":0.9927},{"duration":1790000,"score":2,"value":0.9848},{"duration":1800000,"score":1,"value":0.9440}],"data_type":"regularity","overall_score":2,"score_ratio":[9.0,9.0,82.0]},{"chart_data":[{"duration":10000,"score":0,"value":-0.0595},{"duration":20000,"score":2,"value":-0.0105},{"duration":30000,"score":2,"value":-0.0204},{"duration":40000,"score":1,"value":-0.0308},{"duration":50000,"score":2,"value":-0.0073},{"duration":60000,"score":2,"value":0.0087},{"duration":70000,"score":2,"value":-0.0095},{"duration":80000,"score":1,"value":-0.0247},{"duration":90000,"score":1,"value":-0.0310},{"duration":100000,"score":2,"value":-0.0207},{"duration":110000,"score":1,"value":-0.0303},{"duration":120000,"score":2,"value":-0.0174},{"duration":130000,"score":2,"value":-0.0111},{"duration":140000,"score":2,"value":-0.0181},{"duration":150000,"score":2,"value":-0.0121},{"duration":160000,"score":2,"value":0.0184},{"duration":170000,"score":1,"value":0.0264},{"duration":180000,"score":2,"value":0.0050},{"duration":190000,"score":2,"value":-0.0168},{"duration":200000,"score":2,"value":-0.0130},{"duration":210000,"score":1,"value":-0.0241},{"duration":220000,"score":2,"value":-0.0174},{"duration":230000,"score":1,"value":-0.0281},{"duration":240000,"score":2,"value":-0.0134},{"duration":250000,"score":1,"value":-0.0245},{"duration":260000,"score":2,"value":0.0120},{"duration":270000,"score":2,"value":-0.0141},{"duration":280000,"score":1,"value":-0.0247},{"duration":290000,"score":2,"value":-0.0203},{"duration":300000,"score":1,"value":-0.0261},{"duration":310000,"score":2,"value":-0.0146},{"duration":320000,"score":2,"value":-0.0190},{"duration":330000,"score":2,"value":-0.0140},{"duration":340000,"score":2,"value":-0.0156},{"duration":350000,"score":1,"value":-0.0332},{"duration":360000,"score":2,"value":-0.0163},{"duration":370000,"score":2,"value":-0.0158},{"duration":380000,"score":2,"value":-0.0126},{"duration":390000,"score":2,"value":-0.0139},{"duration":400000,"score":2,"value":-0.0175},{"duration":410000,"score":2,"value":-0.0145},{"duration":420000,"score":1,"value":-0.0253},{"duration":430000,"score":1,"value":-0.0323},{"duration":440000,"score":1,"value":-0.0280},{"duration":450000,"score":2,"value":0.0150},{"duration":460000,"score":2,"value":0.0117},{"duration":470000,"score":2,"value":-0.0006},{"duration":480000,"score":2,"value":-0.0137},{"duration":490000,"score":1,"value":-0.0364},{"duration":500000,"score":2,"value":0.0032},{"duration":510000,"score":2,"value":-0.0077},{"duration":520000,"score":2,"value":-0.0188},{"duration":530000,"score":2,"value":-0.0149},{"duration":540000,"score":2,"value":-0.0117},{"duration":550000,"score":1,"value":-0.0270},{"duration":560000,"score":2,"value":-0.0032},{"duration":570000,"score":2,"value":-0.0104},{"duration":580000,"score":2,"value":0.0139},{"duration":590000,"score":2,"value":-0.0153},{"duration":600000,"score":2,"value":-0.0181},{"duration":610000,"score":1,"value":-0.0288},{"duration":620000,"score":2,"value":-0.0198},{"duration":630000,"score":1,"value":-0.0233},{"duration":640000,"score":2,"value":0.0046},{"duration":650000,"score":2,"value":0.0006},{"duration":660000,"score":2,"value":-0.0137},{"duration":670000,"score":2,"value":-0.0144},{"duration":680000,"score":2,"value":-0.0200},{"duration":690000,"score":2,"value":-0.0183},{"duration":700000,"score":2,"value":-0.0218},{"duration":710000,"score":2,"value":-0.0169},{"duration":720000,"score":1,"value":-0.0251},{"duration":730000,"score":1,"value":-0.0270},{"duration":740000,"score":2,"value":-0.0177},{"duration":750000,"score":1,"value":-0.0233},{"duration":760000,"score":2,"value":-0.0198},{"duration":770000,"score":1,"value":-0.0334},{"duration":780000,"score":2,"value":-0.0070},{"duration":790000,"score":2,"value":-0.0172},{"duration":800000,"score":2,"value":-0.0199},{"duration":810000,"score":2,"value":-0.0157},{"duration":820000,"score":2,"value":-0.0162},{"duration":830000,"score":1,"value":-0.0372},{"duration":840000,"score":2,"value":-0.0120},{"duration":850000,"score":2,"value":-0.0072},{"duration":860000,"score":2,"value":-0.0097},{"duration":870000,"score":2,"value":0.0046},{"duration":880000,"score":2,"value":-0.0137},{"duration":890000,"score":2,"value":-0.0145},{"duration":900000,"score":2,"value":-0.0141},{"duration":910000,"score":2,"value":-0.0163},{"duration":920000,"score":2,"value":-0.0154},{"duration":930000,"score":2,"value":-0.0138},{"duration":940000,"score":2,"value":0.0035},{"duration":950000,"score":1,"value":0.0306},{"duration":960000,"score":2,"value":0.0086},{"duration":970000,"score":2,"value":-0.0052},{"duration":980000,"score":2,"value":-0.0063},{"duration":990000,"score":2,"value":-0.0126},{"duration":1000000,"score":2,"value":-0.0099},{"duration":1010000,"score":2,"value":-0.0115},{"duration":1020000,"score":2,"value":-0.0193},{"duration":1030000,"score":2,"value":-0.0048},{"duration":1040000,"score":2,"value":-0.0175},{"duration":1050000,"score":2,"value":-0.0063},{"duration":1060000,"score":2,"value":-0.0169},{"duration":1070000,"score":2,"value":-0.0187},{"duration":1080000,"score":2,"value":-0.0050},{"duration":1090000,"score":2,"value":-0.0079},{"duration":1100000,"score":2,"value":-0.0091},{"duration":1110000,"score":2,"value":-0.0126},{"duration":1120000,"score":2,"value":-0.0188},{"duration":1130000,"score":2,"value":-0.0142},{"duration":1140000,"score":2,"value":0.0006},{"duration":1150000,"score":2,"value":-0.0152},{"duration":1160000,"score":2,"value":-0.0131},{"duration":1170000,"score":2,"value":-0.0206},{"duration":1180000,"score":2,"value":-0.0166},{"duration":1190000,"score":2,"value":-0.0142},{"duration":1200000,"score":2,"value":-0.0146},{"duration":1210000,"score":2,"value":-0.0068},{"duration":1220000,"score":2,"value":-0.0102},{"duration":1230000,"score":2,"value":9.5791e-05},{"duration":1240000,"score":2,"value":-0.0036},{"duration":1250000,"score":2,"value":-0.0121},{"duration":1260000,"score":2,"value":-0.0104},{"duration":1270000,"score":2,"value":-0.0099},{"duration":1280000,"score":2,"value":0.0073},{"duration":1290000,"score":2,"value":-0.0092},{"duration":1300000,"score":2,"value":-0.0164},{"duration":1310000,"score":2,"value":-0.0158},{"duration":1320000,"score":2,"value":0.0119},{"duration":1330000,"score":2,"value":-0.0084},{"duration":1340000,"score":2,"value":-0.0047},{"duration":1350000,"score":2,"value":-0.0167},{"duration":1360000,"score":2,"value":-0.0044},{"duration":1370000,"score":2,"value":-0.0090},{"duration":1380000,"score":2,"value":-0.0137},{"duration":1390000,"score":2,"value":-0.0153},{"duration":1400000,"score":2,"value":-0.0136},{"duration":1410000,"score":2,"value":-0.0121},{"duration":1420000,"score":1,"value":-0.0269},{"duration":1430000,"score":2,"value":-0.0095},{"duration":1440000,"score":2,"value":-0.0136},{"duration":1450000,"score":2,"value":-0.0075},{"duration":1460000,"score":2,"value":-0.0180},{"duration":1470000,"score":2,"value":-0.0217},{"duration":1480000,"score":2,"value":-0.0127},{"duration":1490000,"score":2,"value":-0.0142},{"duration":1500000,"score":2,"value":-0.0137},{"duration":1510000,"score":2,"value":-0.0039},{"duration":1520000,"score":2,"value":0.0077},{"duration":1530000,"score":2,"value":-0.0066},{"duration":1540000,"score":2,"value":-0.0110},{"duration":1550000,"score":2,"value":-0.0137},{"duration":1560000,"score":2,"value":-0.0121},{"duration":1570000,"score":2,"value":-0.0150},{"duration":1580000,"score":1,"value":-0.0240},{"duration":1590000,"score":2,"value":-0.0167},{"duration":1600000,"score":2,"value":-0.0218},{"duration":1610000,"score":2,"value":-0.0124},{"duration":1620000,"score":2,"value":-0.0153},{"duration":1630000,"score":2,"value":-0.0116},{"duration":1640000,"score":2,"value":-0.0129},{"duration":1650000,"score":2,"value":-0.0153},{"duration":1660000,"score":2,"value":-0.0066},{"duration":1670000,"score":2,"value":-0.0001},{"duration":1680000,"score":2,"value":0.0013},{"duration":1690000,"score":2,"value":-0.0084},{"duration":1700000,"score":2,"value":-0.0111},{"duration":1710000,"score":2,"value":-0.0139},{"duration":1720000,"score":2,"value":-0.0103},{"duration":1730000,"score":2,"value":-0.0016},{"duration":1740000,"score":2,"value":-0.0107},{"duration":1750000,"score":2,"value":-0.0059},{"duration":1760000,"score":2,"value":-0.0096},{"duration":1770000,"score":2,"value":-0.0042},{"duration":1780000,"score":1,"value":-0.0259},{"duration":1790000,"score":2,"value":-0.0185},{"duration":1800000,"score":2,"value":-0.0217}],"data_type":"asymmetry","overall_score":2,"score_ratio":[2.0,22.0,76.0]},{"chart_data":[{"duration":10000,"score":2,"value":48971.5937},{"duration":20000,"score":1,"value":44106.1601},{"duration":30000,"score":0,"value":41003.4335},{"duration":40000,"score":0,"value":40261.9843},{"duration":50000,"score":0,"value":38263.9882},{"duration":60000,"score":0,"value":38629.2929},{"duration":70000,"score":0,"value":37055.5117},{"duration":80000,"score":0,"value":36260.4335},{"duration":90000,"score":0,"value":37806.9765},{"duration":100000,"score":0,"value":39160.25},{"duration":110000,"score":0,"value":38998.9179},{"duration":120000,"score":0,"value":39733.7421},{"duration":130000,"score":0,"value":38266.2070},{"duration":140000,"score":0,"value":37630.4921},{"duration":150000,"score":0,"value":38231.5},{"duration":160000,"score":0,"value":36831.8593},{"duration":170000,"score":0,"value":35195.7148},{"duration":180000,"score":0,"value":36773.9453},{"duration":190000,"score":0,"value":37025.8632},{"duration":200000,"score":0,"value":37570.9023},{"duration":210000,"score":0,"value":36438.1367},{"duration":220000,"score":0,"value":38016.0742},{"duration":230000,"score":0,"value":36918.0},{"duration":240000,"score":0,"value":37770.6132},{"duration":250000,"score":0,"value":37590.9101},{"duration":260000,"score":0,"value":38249.2148},{"duration":270000,"score":0,"value":37419.1210},{"duration":280000,"score":0,"value":37910.75},{"duration":290000,"score":0,"value":37755.8046},{"duration":300000,"score":0,"value":35985.0312},{"duration":310000,"score":0,"value":36821.1367},{"duration":320000,"score":0,"value":37028.0273},{"duration":330000,"score":0,"value":37171.1718},{"duration":340000,"score":0,"value":36435.3437},{"duration":350000,"score":0,"value":36068.5078},{"duration":360000,"score":0,"value":37293.0117},{"duration":370000,"score":0,"value":36829.1992},{"duration":380000,"score":0,"value":36883.6484},{"duration":390000,"score":0,"value":36438.2617},{"duration":400000,"score":0,"value":37327.1601},{"duration":410000,"score":0,"value":36471.3085},{"duration":420000,"score":0,"value":37215.6992},{"duration":430000,"score":0,"value":36600.8828},{"duration":440000,"score":0,"value":36766.3906},{"duration":450000,"score":0,"value":34387.5351},{"duration":460000,"score":0,"value":35782.9335},{"duration":470000,"score":0,"value":34302.4296},{"duration":480000,"score":0,"value":36000.8085},{"duration":490000,"score":0,"value":36446.6289},{"duration":500000,"score":0,"value":35430.3476},{"duration":510000,"score":0,"value":36142.1054},{"duration":520000,"score":0,"value":36938.7187},{"duration":530000,"score":0,"value":36527.8242},{"duration":540000,"score":0,"value":36791.3945},{"duration":550000,"score":0,"value":36593.5195},{"duration":560000,"score":0,"value":38776.6484},{"duration":570000,"score":0,"value":35872.1835},{"duration":580000,"score":0,"value":36160.9726},{"duration":590000,"score":0,"value":38246.2304},{"duration":600000,"score":0,"value":37787.4453},{"duration":610000,"score":0,"value":37244.0390},{"duration":620000,"score":0,"value":37985.9804},{"duration":630000,"score":0,"value":38159.2539},{"duration":640000,"score":0,"value":36573.9765},{"duration":650000,"score":0,"value":33780.4804},{"duration":660000,"score":0,"value":36474.4414},{"duration":670000,"score":0,"value":38597.6875},{"duration":680000,"score":0,"value":38046.6093},{"duration":690000,"score":0,"value":38148.7460},{"duration":700000,"score":0,"value":38109.4375},{"duration":710000,"score":0,"value":37973.1054},{"duration":720000,"score":0,"value":38428.7343},{"duration":730000,"score":0,"value":37191.375},{"duration":740000,"score":0,"value":36694.7851},{"duration":750000,"score":0,"value":36588.0078},{"duration":760000,"score":0,"value":36372.0585},{"duration":770000,"score":0,"value":36902.5195},{"duration":780000,"score":0,"value":37019.4843},{"duration":790000,"score":0,"value":36964.1210},{"duration":800000,"score":0,"value":39731.2070},{"duration":810000,"score":0,"value":38053.5468},{"duration":820000,"score":0,"value":38646.4687},{"duration":830000,"score":0,"value":39300.5468},{"duration":840000,"score":0,"value":38037.2070},{"duration":850000,"score":0,"value":37022.9218},{"duration":860000,"score":0,"value":36491.0625},{"duration":870000,"score":0,"value":36715.3789},{"duration":880000,"score":0,"value":36764.6953},{"duration":890000,"score":0,"value":36727.6953},{"duration":900000,"score":0,"value":36730.8203},{"duration":910000,"score":0,"value":37591.5234},{"duration":920000,"score":0,"value":36097.6445},{"duration":930000,"score":0,"value":36299.0546},{"duration":940000,"score":0,"value":34711.375},{"duration":950000,"score":0,"value":35993.6640},{"duration":960000,"score":0,"value":35995.8125},{"duration":970000,"score":0,"value":37613.7304},{"duration":980000,"score":0,"value":38436.1132},{"duration":990000,"score":0,"value":36235.2734},{"duration":1000000,"score":0,"value":36989.0351},{"duration":1010000,"score":0,"value":37189.7578},{"duration":1020000,"score":0,"value":36502.0625},{"duration":1030000,"score":0,"value":38222.3632},{"duration":1040000,"score":0,"value":37052.5312},{"duration":1050000,"score":0,"value":37050.4101},{"duration":1060000,"score":0,"value":38145.0234},{"duration":1070000,"score":0,"value":38541.2656},{"duration":1080000,"score":0,"value":38123.8242},{"duration":1090000,"score":0,"value":38598.9726},{"duration":1100000,"score":0,"value":38301.4023},{"duration":1110000,"score":0,"value":39330.4375},{"duration":1120000,"score":0,"value":39185.3125},{"duration":1130000,"score":0,"value":38010.8085},{"duration":1140000,"score":0,"value":38706.3515},{"duration":1150000,"score":0,"value":38974.4960},{"duration":1160000,"score":0,"value":38061.6289},{"duration":1170000,"score":0,"value":38142.6015},{"duration":1180000,"score":0,"value":37130.0664},{"duration":1190000,"score":0,"value":36745.6679},{"duration":1200000,"score":0,"value":37470.1406},{"duration":1210000,"score":0,"value":37705.1914},{"duration":1220000,"score":0,"value":38008.3359},{"duration":1230000,"score":0,"value":35287.1640},{"duration":1240000,"score":0,"value":37537.5664},{"duration":1250000,"score":0,"value":37155.2539},{"duration":1260000,"score":0,"value":36656.4218},{"duration":1270000,"score":0,"value":37236.0585},{"duration":1280000,"score":0,"value":37808.8593},{"duration":1290000,"score":0,"value":38514.1328},{"duration":1300000,"score":0,"value":38195.3281},{"duration":1310000,"score":0,"value":37298.5625},{"duration":1320000,"score":0,"value":38403.9531},{"duration":1330000,"score":0,"value":38284.8984},{"duration":1340000,"score":0,"value":38616.2929},{"duration":1350000,"score":0,"value":38956.1718},{"duration":1360000,"score":0,"value":40320.1953},{"duration":1370000,"score":0,"value":38715.4882},{"duration":1380000,"score":0,"value":40445.8476},{"duration":1390000,"score":0,"value":38025.6796},{"duration":1400000,"score":0,"value":38145.7578},{"duration":1410000,"score":0,"value":37181.3007},{"duration":1420000,"score":0,"value":37745.4296},{"duration":1430000,"score":0,"value":37461.1835},{"duration":1440000,"score":0,"value":40382.3945},{"duration":1450000,"score":0,"value":39361.3164},{"duration":1460000,"score":0,"value":38333.1562},{"duration":1470000,"score":0,"value":39327.4335},{"duration":1480000,"score":0,"value":41362.0117},{"duration":1490000,"score":0,"value":40358.9179},{"duration":1500000,"score":0,"value":40087.0312},{"duration":1510000,"score":0,"value":38646.6015},{"duration":1520000,"score":0,"value":37890.8359},{"duration":1530000,"score":0,"value":40394.5703},{"duration":1540000,"score":0,"value":41190.3476},{"duration":1550000,"score":0,"value":39544.3203},{"duration":1560000,"score":0,"value":39228.875},{"duration":1570000,"score":0,"value":38475.9531},{"duration":1580000,"score":0,"value":37588.0585},{"duration":1590000,"score":0,"value":38618.8789},{"duration":1600000,"score":0,"value":39237.1132},{"duration":1610000,"score":0,"value":40129.1796},{"duration":1620000,"score":0,"value":40656.8906},{"duration":1630000,"score":0,"value":39932.3398},{"duration":1640000,"score":0,"value":40161.1523},{"duration":1650000,"score":0,"value":39796.7851},{"duration":1660000,"score":0,"value":39581.3632},{"duration":1670000,"score":0,"value":40791.7187},{"duration":1680000,"score":0,"value":39224.9531},{"duration":1690000,"score":0,"value":39235.6562},{"duration":1700000,"score":0,"value":39619.9257},{"duration":1710000,"score":0,"value":40544.3867},{"duration":1720000,"score":0,"value":39353.0742},{"duration":1730000,"score":0,"value":39868.6289},{"duration":1740000,"score":0,"value":40509.6171},{"duration":1750000,"score":0,"value":40268.7968},{"duration":1760000,"score":0,"value":40481.9765},{"duration":1770000,"score":0,"value":40691.5703},{"duration":1780000,"score":0,"value":43026.6757},{"duration":1790000,"score":0,"value":41174.9726},{"duration":1800000,"score":0,"value":40506.7226}],"data_type":"stiffness","overall_score":0,"score_ratio":[93.0,6.0,1.0]},{"chart_data":[{"duration":10000,"score":2,"value":0.0855},{"duration":20000,"score":1,"value":0.0892},{"duration":30000,"score":0,"value":0.0952},{"duration":40000,"score":0,"value":0.0962},{"duration":50000,"score":0,"value":0.0951},{"duration":60000,"score":0,"value":0.0949},{"duration":70000,"score":0,"value":0.0964},{"duration":80000,"score":0,"value":0.0985},{"duration":90000,"score":0,"value":0.0951},{"duration":100000,"score":1,"value":0.0917},{"duration":110000,"score":0,"value":0.0948},{"duration":120000,"score":0,"value":0.0959},{"duration":130000,"score":0,"value":0.0946},{"duration":140000,"score":0,"value":0.0941},{"duration":150000,"score":1,"value":0.0921},{"duration":160000,"score":0,"value":0.0941},{"duration":170000,"score":0,"value":0.0964},{"duration":180000,"score":0,"value":0.0956},{"duration":190000,"score":0,"value":0.0981},{"duration":200000,"score":0,"value":0.0958},{"duration":210000,"score":0,"value":0.0976},{"duration":220000,"score":0,"value":0.0939},{"duration":230000,"score":0,"value":0.0933},{"duration":240000,"score":0,"value":0.0938},{"duration":250000,"score":0,"value":0.0944},{"duration":260000,"score":0,"value":0.0938},{"duration":270000,"score":0,"value":0.0952},{"duration":280000,"score":0,"value":0.0937},{"duration":290000,"score":0,"value":0.0962},{"duration":300000,"score":0,"value":0.1000},{"duration":310000,"score":0,"value":0.0972},{"duration":320000,"score":0,"value":0.0956},{"duration":330000,"score":0,"value":0.0965},{"duration":340000,"score":0,"value":0.0969},{"duration":350000,"score":0,"value":0.0969},{"duration":360000,"score":0,"value":0.0949},{"duration":370000,"score":0,"value":0.0981},{"duration":380000,"score":0,"value":0.0980},{"duration":390000,"score":0,"value":0.0977},{"duration":400000,"score":0,"value":0.0979},{"duration":410000,"score":0,"value":0.0977},{"duration":420000,"score":0,"value":0.0963},{"duration":430000,"score":0,"value":0.0977},{"duration":440000,"score":0,"value":0.0968},{"duration":450000,"score":0,"value":0.0975},{"duration":460000,"score":0,"value":0.0991},{"duration":470000,"score":0,"value":0.1028},{"duration":480000,"score":0,"value":0.0992},{"duration":490000,"score":0,"value":0.1001},{"duration":500000,"score":0,"value":0.0982},{"duration":510000,"score":0,"value":0.0984},{"duration":520000,"score":0,"value":0.0977},{"duration":530000,"score":0,"value":0.1029},{"duration":540000,"score":0,"value":0.0975},{"duration":550000,"score":0,"value":0.0989},{"duration":560000,"score":0,"value":0.0945},{"duration":570000,"score":0,"value":0.0979},{"duration":580000,"score":0,"value":0.0966},{"duration":590000,"score":0,"value":0.0960},{"duration":600000,"score":0,"value":0.0970},{"duration":610000,"score":0,"value":0.0959},{"duration":620000,"score":0,"value":0.0946},{"duration":630000,"score":0,"value":0.0962},{"duration":640000,"score":0,"value":0.0961},{"duration":650000,"score":0,"value":0.1022},{"duration":660000,"score":0,"value":0.0979},{"duration":670000,"score":0,"value":0.0968},{"duration":680000,"score":0,"value":0.0966},{"duration":690000,"score":0,"value":0.0980},{"duration":700000,"score":0,"value":0.0976},{"duration":710000,"score":0,"value":0.0963},{"duration":720000,"score":0,"value":0.0956},{"duration":730000,"score":0,"value":0.0975},{"duration":740000,"score":0,"value":0.1003},{"duration":750000,"score":0,"value":0.0987},{"duration":760000,"score":0,"value":0.0985},{"duration":770000,"score":0,"value":0.0977},{"duration":780000,"score":0,"value":0.0981},{"duration":790000,"score":0,"value":0.0961},{"duration":800000,"score":0,"value":0.0947},{"duration":810000,"score":0,"value":0.0959},{"duration":820000,"score":0,"value":0.0965},{"duration":830000,"score":0,"value":0.0945},{"duration":840000,"score":0,"value":0.0959},{"duration":850000,"score":0,"value":0.0978},{"duration":860000,"score":0,"value":0.0971},{"duration":870000,"score":1,"value":0.0977},{"duration":880000,"score":0,"value":0.0977},{"duration":890000,"score":0,"value":0.0999},{"duration":900000,"score":0,"value":0.0985},{"duration":910000,"score":0,"value":0.0982},{"duration":920000,"score":0,"value":0.0987},{"duration":930000,"score":0,"value":0.0993},{"duration":940000,"score":0,"value":0.0997},{"duration":950000,"score":0,"value":0.0976},{"duration":960000,"score":0,"value":0.0957},{"duration":970000,"score":0,"value":0.0965},{"duration":980000,"score":0,"value":0.0975},{"duration":990000,"score":0,"value":0.0983},{"duration":1000000,"score":0,"value":0.0986},{"duration":1010000,"score":0,"value":0.0985},{"duration":1020000,"score":0,"value":0.0998},{"duration":1030000,"score":0,"value":0.0985},{"duration":1040000,"score":0,"value":0.0995},{"duration":1050000,"score":0,"value":0.0981},{"duration":1060000,"score":0,"value":0.0984},{"duration":1070000,"score":0,"value":0.0964},{"duration":1080000,"score":0,"value":0.0942},{"duration":1090000,"score":0,"value":0.0940},{"duration":1100000,"score":0,"value":0.0960},{"duration":1110000,"score":0,"value":0.0944},{"duration":1120000,"score":0,"value":0.0947},{"duration":1130000,"score":0,"value":0.0967},{"duration":1140000,"score":0,"value":0.0965},{"duration":1150000,"score":0,"value":0.0954},{"duration":1160000,"score":0,"value":0.0958},{"duration":1170000,"score":0,"value":0.0970},{"duration":1180000,"score":0,"value":0.0984},{"duration":1190000,"score":0,"value":0.0985},{"duration":1200000,"score":0,"value":0.0970},{"duration":1210000,"score":0,"value":0.0968},{"duration":1220000,"score":0,"value":0.0958},{"duration":1230000,"score":0,"value":0.1027},{"duration":1240000,"score":0,"value":0.0973},{"duration":1250000,"score":0,"value":0.0977},{"duration":1260000,"score":0,"value":0.0955},{"duration":1270000,"score":0,"value":0.0993},{"duration":1280000,"score":0,"value":0.0978},{"duration":1290000,"score":0,"value":0.0966},{"duration":1300000,"score":0,"value":0.0970},{"duration":1310000,"score":0,"value":0.0958},{"duration":1320000,"score":0,"value":0.0940},{"duration":1330000,"score":0,"value":0.0969},{"duration":1340000,"score":0,"value":0.0980},{"duration":1350000,"score":0,"value":0.0963},{"duration":1360000,"score":0,"value":0.0957},{"duration":1370000,"score":0,"value":0.0951},{"duration":1380000,"score":0,"value":0.0952},{"duration":1390000,"score":0,"value":0.0960},{"duration":1400000,"score":0,"value":0.0980},{"duration":1410000,"score":0,"value":0.0996},{"duration":1420000,"score":0,"value":0.0988},{"duration":1430000,"score":0,"value":0.0979},{"duration":1440000,"score":0,"value":0.0973},{"duration":1450000,"score":0,"value":0.0946},{"duration":1460000,"score":0,"value":0.0973},{"duration":1470000,"score":0,"value":0.0935},{"duration":1480000,"score":0,"value":0.0935},{"duration":1490000,"score":1,"value":0.0924},{"duration":1500000,"score":0,"value":0.0947},{"duration":1510000,"score":0,"value":0.0971},{"duration":1520000,"score":0,"value":0.0964},{"duration":1530000,"score":0,"value":0.0936},{"duration":1540000,"score":0,"value":0.0924},{"duration":1550000,"score":0,"value":0.0940},{"duration":1560000,"score":0,"value":0.0957},{"duration":1570000,"score":0,"value":0.0959},{"duration":1580000,"score":0,"value":0.0973},{"duration":1590000,"score":0,"value":0.0956},{"duration":1600000,"score":0,"value":0.0937},{"duration":1610000,"score":0,"value":0.0949},{"duration":1620000,"score":0,"value":0.0959},{"duration":1630000,"score":0,"value":0.0935},{"duration":1640000,"score":0,"value":0.0938},{"duration":1650000,"score":0,"value":0.0934},{"duration":1660000,"score":0,"value":0.0940},{"duration":1670000,"score":0,"value":0.0935},{"duration":1680000,"score":0,"value":0.0957},{"duration":1690000,"score":0,"value":0.0946},{"duration":1700000,"score":0,"value":0.0964},{"duration":1710000,"score":0,"value":0.0938},{"duration":1720000,"score":0,"value":0.0967},{"duration":1730000,"score":0,"value":0.0953},{"duration":1740000,"score":0,"value":0.0942},{"duration":1750000,"score":0,"value":0.0926},{"duration":1760000,"score":1,"value":0.0920},{"duration":1770000,"score":1,"value":0.0909},{"duration":1780000,"score":1,"value":0.0874},{"duration":1790000,"score":1,"value":0.0913},{"duration":1800000,"score":0,"value":0.0943}],"data_type":"undulation","overall_score":0,"score_ratio":[78.0,21.0,1.0]},{"chart_data":[{"duration":10000,"score":2,"value":160.7689},{"duration":20000,"score":1,"value":165.2604},{"duration":30000,"score":1,"value":169.1854},{"duration":40000,"score":1,"value":171.1966},{"duration":50000,"score":1,"value":176.5309},{"duration":60000,"score":1,"value":172.1092},{"duration":70000,"score":1,"value":178.7950},{"duration":80000,"score":1,"value":180.1563},{"duration":90000,"score":1,"value":177.4795},{"duration":100000,"score":1,"value":175.7435},{"duration":110000,"score":1,"value":172.6503},{"duration":120000,"score":1,"value":171.2904},{"duration":130000,"score":1,"value":176.0308},{"duration":140000,"score":1,"value":177.9903},{"duration":150000,"score":1,"value":177.5308},{"duration":160000,"score":1,"value":181.3359},{"duration":170000,"score":0,"value":186.0920},{"duration":180000,"score":1,"value":180.2564},{"duration":190000,"score":1,"value":179.1048},{"duration":200000,"score":1,"value":177.4763},{"duration":210000,"score":1,"value":180.8361},{"duration":220000,"score":1,"value":177.1593},{"duration":230000,"score":0,"value":182.4842},{"duration":240000,"score":1,"value":178.4499},{"duration":250000,"score":1,"value":178.6664},{"duration":260000,"score":1,"value":172.6250},{"duration":270000,"score":1,"value":177.6362},{"duration":280000,"score":1,"value":177.7865},{"duration":290000,"score":1,"value":177.7146},{"duration":300000,"score":1,"value":181.6992},{"duration":310000,"score":1,"value":179.5999},{"duration":320000,"score":1,"value":178.0984},{"duration":330000,"score":1,"value":178.1237},{"duration":340000,"score":1,"value":180.9267},{"duration":350000,"score":1,"value":182.6229},{"duration":360000,"score":1,"value":178.8347},{"duration":370000,"score":1,"value":179.0734},{"duration":380000,"score":1,"value":178.8451},{"duration":390000,"score":1,"value":180.6287},{"duration":400000,"score":1,"value":177.3796},{"duration":410000,"score":1,"value":180.3121},{"duration":420000,"score":1,"value":179.1882},{"duration":430000,"score":1,"value":180.6976},{"duration":440000,"score":1,"value":180.2157},{"duration":450000,"score":0,"value":188.5735},{"duration":460000,"score":1,"value":182.4159},{"duration":470000,"score":0,"value":186.3245},{"duration":480000,"score":1,"value":181.4314},{"duration":490000,"score":1,"value":179.3190},{"duration":500000,"score":1,"value":183.5537},{"duration":510000,"score":1,"value":181.1913},{"duration":520000,"score":1,"value":179.2236},{"duration":530000,"score":1,"value":178.9509},{"duration":540000,"score":1,"value":179.7704},{"duration":550000,"score":1,"value":180.1821},{"duration":560000,"score":1,"value":175.3412},{"duration":570000,"score":1,"value":181.4797},{"duration":580000,"score":1,"value":182.7720},{"duration":590000,"score":1,"value":176.3561},{"duration":600000,"score":1,"value":176.6839},{"duration":610000,"score":1,"value":176.3005},{"duration":620000,"score":1,"value":176.3871},{"duration":630000,"score":1,"value":176.5442},{"duration":640000,"score":1,"value":182.3989},{"duration":650000,"score":0,"value":188.6187},{"duration":660000,"score":1,"value":180.3541},{"duration":670000,"score":1,"value":174.3018},{"duration":680000,"score":1,"value":176.5005},{"duration":690000,"score":1,"value":175.5314},{"duration":700000,"score":1,"value":175.7627},{"duration":710000,"score":1,"value":176.6763},{"duration":720000,"score":1,"value":175.7835},{"duration":730000,"score":1,"value":178.7853},{"duration":740000,"score":1,"value":179.1853},{"duration":750000,"score":1,"value":180.0243},{"duration":760000,"score":1,"value":180.7472},{"duration":770000,"score":1,"value":179.7365},{"duration":780000,"score":1,"value":178.5576},{"duration":790000,"score":1,"value":179.9033},{"duration":800000,"score":1,"value":173.4631},{"duration":810000,"score":1,"value":176.5361},{"duration":820000,"score":1,"value":174.2899},{"duration":830000,"score":1,"value":175.0761},{"duration":840000,"score":1,"value":176.2930},{"duration":850000,"score":1,"value":178.3914},{"duration":860000,"score":1,"value":179.5484},{"duration":870000,"score":1,"value":179.2098},{"duration":880000,"score":1,"value":180.2976},{"duration":890000,"score":1,"value":180.3207},{"duration":900000,"score":1,"value":179.9423},{"duration":910000,"score":1,"value":177.3830},{"duration":920000,"score":1,"value":181.2949},{"duration":930000,"score":1,"value":180.9179},{"duration":940000,"score":0,"value":186.4853},{"duration":950000,"score":0,"value":182.8609},{"duration":960000,"score":1,"value":178.3570},{"duration":970000,"score":1,"value":176.9240},{"duration":980000,"score":1,"value":174.1919},{"duration":990000,"score":1,"value":181.1482},{"duration":1000000,"score":1,"value":178.3741},{"duration":1010000,"score":1,"value":178.5645},{"duration":1020000,"score":1,"value":179.6880},{"duration":1030000,"score":1,"value":175.1946},{"duration":1040000,"score":1,"value":178.1138},{"duration":1050000,"score":1,"value":178.8680},{"duration":1060000,"score":1,"value":175.8520},{"duration":1070000,"score":1,"value":175.0319},{"duration":1080000,"score":1,"value":176.8956},{"duration":1090000,"score":1,"value":175.2425},{"duration":1100000,"score":1,"value":175.2967},{"duration":1110000,"score":1,"value":173.2131},{"duration":1120000,"score":1,"value":173.8947},{"duration":1130000,"score":1,"value":175.9208},{"duration":1140000,"score":1,"value":172.9998},{"duration":1150000,"score":1,"value":173.2580},{"duration":1160000,"score":1,"value":177.2003},{"duration":1170000,"score":1,"value":175.8630},{"duration":1180000,"score":1,"value":178.0008},{"duration":1190000,"score":1,"value":179.4719},{"duration":1200000,"score":1,"value":177.4543},{"duration":1210000,"score":1,"value":173.5825},{"duration":1220000,"score":1,"value":175.8529},{"duration":1230000,"score":0,"value":183.6104},{"duration":1240000,"score":1,"value":177.3144},{"duration":1250000,"score":1,"value":175.3269},{"duration":1260000,"score":1,"value":181.1979},{"duration":1270000,"score":1,"value":177.6178},{"duration":1280000,"score":1,"value":176.1635},{"duration":1290000,"score":1,"value":174.2931},{"duration":1300000,"score":1,"value":175.9885},{"duration":1310000,"score":1,"value":178.4740},{"duration":1320000,"score":1,"value":173.6204},{"duration":1330000,"score":1,"value":175.3227},{"duration":1340000,"score":1,"value":173.8468},{"duration":1350000,"score":1,"value":173.7582},{"duration":1360000,"score":1,"value":170.1457},{"duration":1370000,"score":1,"value":174.6665},{"duration":1380000,"score":1,"value":170.4396},{"duration":1390000,"score":1,"value":176.4698},{"duration":1400000,"score":1,"value":175.1417},{"duration":1410000,"score":1,"value":177.4736},{"duration":1420000,"score":1,"value":176.5505},{"duration":1430000,"score":1,"value":177.2094},{"duration":1440000,"score":1,"value":170.0358},{"duration":1450000,"score":1,"value":172.6429},{"duration":1460000,"score":1,"value":174.8123},{"duration":1470000,"score":1,"value":174.0372},{"duration":1480000,"score":1,"value":168.2217},{"duration":1490000,"score":1,"value":170.7718},{"duration":1500000,"score":1,"value":171.0390},{"duration":1510000,"score":1,"value":171.7089},{"duration":1520000,"score":1,"value":177.0412},{"duration":1530000,"score":1,"value":170.4527},{"duration":1540000,"score":1,"value":169.3196},{"duration":1550000,"score":1,"value":172.5453},{"duration":1560000,"score":1,"value":172.7072},{"duration":1570000,"score":1,"value":175.5856},{"duration":1580000,"score":1,"value":174.2860},{"duration":1590000,"score":1,"value":170.9950},{"duration":1600000,"score":1,"value":171.3897},{"duration":1610000,"score":1,"value":171.3868},{"duration":1620000,"score":1,"value":169.5158},{"duration":1630000,"score":1,"value":171.9468},{"duration":1640000,"score":1,"value":170.7924},{"duration":1650000,"score":1,"value":172.9764},{"duration":1660000,"score":1,"value":172.3128},{"duration":1670000,"score":1,"value":168.7992},{"duration":1680000,"score":1,"value":173.2863},{"duration":1690000,"score":1,"value":173.5517},{"duration":1700000,"score":1,"value":171.3602},{"duration":1710000,"score":1,"value":169.8628},{"duration":1720000,"score":1,"value":172.9222},{"duration":1730000,"score":1,"value":171.1114},{"duration":1740000,"score":1,"value":169.6994},{"duration":1750000,"score":1,"value":171.1550},{"duration":1760000,"score":1,"value":170.2698},{"duration":1770000,"score":1,"value":170.3065},{"duration":1780000,"score":1,"value":167.1975},{"duration":1790000,"score":1,"value":169.8474},{"duration":1800000,"score":1,"value":170.4350}],"data_type":"effective_contact_time","overall_score":1,"score_ratio":[17.0,81.0,2.0]},{"chart_data":[{"duration":10000,"score":1,"value":197.1056},{"duration":20000,"score":1,"value":194.3897},{"duration":30000,"score":1,"value":200.3489},{"duration":40000,"score":1,"value":200.7218},{"duration":50000,"score":1,"value":197.3568},{"duration":60000,"score":1,"value":198.6363},{"duration":70000,"score":1,"value":198.2914},{"duration":80000,"score":1,"value":200.4404},{"duration":90000,"score":1,"value":196.8000},{"duration":100000,"score":1,"value":192.5078},{"duration":110000,"score":1,"value":198.2728},{"duration":120000,"score":1,"value":200.3438},{"duration":130000,"score":1,"value":196.7844},{"duration":140000,"score":1,"value":195.4623},{"duration":150000,"score":1,"value":192.8149},{"duration":160000,"score":1,"value":194.2422},{"duration":170000,"score":1,"value":195.5449},{"duration":180000,"score":1,"value":196.6839},{"duration":190000,"score":1,"value":200.4817},{"duration":200000,"score":1,"value":197.9362},{"duration":210000,"score":1,"value":199.1773},{"duration":220000,"score":1,"value":195.3609},{"duration":230000,"score":1,"value":192.6400},{"duration":240000,"score":1,"value":194.7490},{"duration":250000,"score":1,"value":195.4839},{"duration":260000,"score":1,"value":196.7308},{"duration":270000,"score":1,"value":197.0092},{"duration":280000,"score":1,"value":194.8645},{"duration":290000,"score":1,"value":198.3023},{"duration":300000,"score":1,"value":201.9263},{"duration":310000,"score":1,"value":199.1198},{"duration":320000,"score":1,"value":197.5169},{"duration":330000,"score":1,"value":198.7551},{"duration":340000,"score":1,"value":198.1948},{"duration":350000,"score":1,"value":197.4874},{"duration":360000,"score":1,"value":196.3236},{"duration":370000,"score":1,"value":200.4775},{"duration":380000,"score":1,"value":200.5269},{"duration":390000,"score":1,"value":199.2921},{"duration":400000,"score":1,"value":200.8389},{"duration":410000,"score":1,"value":199.4555},{"duration":420000,"score":1,"value":197.9300},{"duration":430000,"score":1,"value":199.2000},{"duration":440000,"score":1,"value":198.3511},{"duration":450000,"score":1,"value":196.1404},{"duration":460000,"score":1,"value":200.5788},{"duration":470000,"score":1,"value":204.1184},{"duration":480000,"score":1,"value":201.1618},{"duration":490000,"score":1,"value":203.0100},{"duration":500000,"score":1,"value":198.9760},{"duration":510000,"score":1,"value":200.1294},{"duration":520000,"score":1,"value":199.9632},{"duration":530000,"score":1,"value":206.7648},{"duration":540000,"score":1,"value":199.3028},{"duration":550000,"score":1,"value":201.1029},{"duration":560000,"score":1,"value":196.6758},{"duration":570000,"score":1,"value":199.3216},{"duration":580000,"score":1,"value":197.0832},{"duration":590000,"score":1,"value":198.6360},{"duration":600000,"score":1,"value":199.9363},{"duration":610000,"score":1,"value":198.3496},{"duration":620000,"score":1,"value":196.7411},{"duration":630000,"score":1,"value":198.7473},{"duration":640000,"score":1,"value":196.2314},{"duration":650000,"score":1,"value":202.4225},{"duration":660000,"score":1,"value":199.7887},{"duration":670000,"score":1,"value":200.3515},{"duration":680000,"score":1,"value":199.3817},{"duration":690000,"score":1,"value":201.6685},{"duration":700000,"score":1,"value":201.0612},{"duration":710000,"score":1,"value":198.8635},{"duration":720000,"score":1,"value":198.3058},{"duration":730000,"score":1,"value":199.7847},{"duration":740000,"score":1,"value":203.4971},{"duration":750000,"score":1,"value":201.0384},{"duration":760000,"score":1,"value":200.4775},{"duration":770000,"score":1,"value":199.6264},{"duration":780000,"score":1,"value":200.7300},{"duration":790000,"score":1,"value":197.4106},{"duration":800000,"score":1,"value":197.9146},{"duration":810000,"score":1,"value":198.4342},{"duration":820000,"score":1,"value":200.0314},{"duration":830000,"score":1,"value":196.7475},{"duration":840000,"score":1,"value":198.4796},{"duration":850000,"score":1,"value":200.3442},{"duration":860000,"score":1,"value":198.9326},{"duration":870000,"score":1,"value":199.8059},{"duration":880000,"score":1,"value":199.4500},{"duration":890000,"score":1,"value":202.4552},{"duration":900000,"score":1,"value":200.7390},{"duration":910000,"score":1,"value":201.3103},{"duration":920000,"score":1,"value":200.5287},{"duration":930000,"score":1,"value":201.3106},{"duration":940000,"score":1,"value":199.9282},{"duration":950000,"score":1,"value":198.2798},{"duration":960000,"score":1,"value":197.1904},{"duration":970000,"score":1,"value":198.9764},{"duration":980000,"score":1,"value":201.4331},{"duration":990000,"score":1,"value":200.0192},{"duration":1000000,"score":1,"value":201.4141},{"duration":1010000,"score":1,"value":201.1146},{"duration":1020000,"score":1,"value":202.5234},{"duration":1030000,"score":1,"value":202.4969},{"duration":1040000,"score":1,"value":202.8553},{"duration":1050000,"score":1,"value":200.6253},{"duration":1060000,"score":1,"value":202.1462},{"duration":1070000,"score":1,"value":199.7131},{"duration":1080000,"score":1,"value":196.0862},{"duration":1090000,"score":1,"value":196.4163},{"duration":1100000,"score":1,"value":199.1042},{"duration":1110000,"score":1,"value":197.5721},{"duration":1120000,"score":1,"value":197.6775},{"duration":1130000,"score":1,"value":199.8416},{"duration":1140000,"score":1,"value":200.7817},{"duration":1150000,"score":1,"value":198.9948},{"duration":1160000,"score":1,"value":198.0939},{"duration":1170000,"score":1,"value":200.2526},{"duration":1180000,"score":1,"value":201.2891},{"duration":1190000,"score":1,"value":200.8698},{"duration":1200000,"score":1,"value":199.6126},{"duration":1210000,"score":1,"value":200.8043},{"duration":1220000,"score":1,"value":198.6414},{"duration":1230000,"score":2,"value":204.6028},{"duration":1240000,"score":1,"value":199.9475},{"duration":1250000,"score":1,"value":201.3544},{"duration":1260000,"score":1,"value":196.3233},{"duration":1270000,"score":1,"value":202.7526},{"duration":1280000,"score":1,"value":201.0604},{"duration":1290000,"score":1,"value":200.3058},{"duration":1300000,"score":1,"value":200.1782},{"duration":1310000,"score":1,"value":197.6343},{"duration":1320000,"score":1,"value":196.5967},{"duration":1330000,"score":1,"value":200.2145},{"duration":1340000,"score":1,"value":202.3610},{"duration":1350000,"score":1,"value":200.0764},{"duration":1360000,"score":1,"value":200.4929},{"duration":1370000,"score":1,"value":198.0227},{"duration":1380000,"score":1,"value":199.8057},{"duration":1390000,"score":1,"value":198.5939},{"duration":1400000,"score":1,"value":201.8087},{"duration":1410000,"score":2,"value":203.2449},{"duration":1420000,"score":1,"value":202.3955},{"duration":1430000,"score":1,"value":201.0430},{"duration":1440000,"score":2,"value":202.8578},{"duration":1450000,"score":1,"value":198.1278},{"duration":1460000,"score":1,"value":201.0092},{"duration":1470000,"score":1,"value":195.8614},{"duration":1480000,"score":1,"value":198.2003},{"duration":1490000,"score":1,"value":195.7564},{"duration":1500000,"score":1,"value":198.7843},{"duration":1510000,"score":1,"value":202.0038},{"duration":1520000,"score":1,"value":198.9764},{"duration":1530000,"score":1,"value":197.6556},{"duration":1540000,"score":1,"value":196.3841},{"duration":1550000,"score":1,"value":197.2997},{"duration":1560000,"score":1,"value":199.6454},{"duration":1570000,"score":1,"value":198.8771},{"duration":1580000,"score":1,"value":201.2285},{"duration":1590000,"score":1,"value":199.9864},{"duration":1600000,"score":1,"value":197.1303},{"duration":1610000,"score":1,"value":198.9342},{"duration":1620000,"score":1,"value":201.0127},{"duration":1630000,"score":1,"value":196.9179},{"duration":1640000,"score":1,"value":197.6863},{"duration":1650000,"score":1,"value":196.2729},{"duration":1660000,"score":1,"value":197.4666},{"duration":1670000,"score":1,"value":197.9888},{"duration":1680000,"score":1,"value":199.2241},{"duration":1690000,"score":1,"value":197.7527},{"duration":1700000,"score":1,"value":201.1822},{"duration":1710000,"score":1,"value":198.0429},{"duration":1720000,"score":1,"value":200.8408},{"duration":1730000,"score":1,"value":199.5511},{"duration":1740000,"score":1,"value":198.7268},{"duration":1750000,"score":1,"value":195.9167},{"duration":1760000,"score":1,"value":195.4113},{"duration":1770000,"score":1,"value":193.9268},{"duration":1780000,"score":1,"value":189.4001},{"duration":1790000,"score":1,"value":194.3780},{"duration":1800000,"score":1,"value":198.3933}],"data_type":"effective_flight_time","overall_score":1,"score_ratio":[0.0,82.0,18.0]}],"sampling_rate":10000,"service_name":"Myotest","version":2}]}