[{"elapsed_time":0,"segment":0,"interval":1,"start_time":1612784294740},{"elapsed_time":7109,"segment":0,"interval":1,"start_time":1612784301849},{"elapsed_time":7809,"segment":0,"interval":1,"start_time":1612784302549},{"elapsed_time":8465,"segment":0,"interval":1,"start_time":1612784303205},{"elapsed_time":10122,"segment":0,"interval":1,"start_time":1612784304862},{"elapsed_time":11842,"segment":0,"interval":1,"start_time":1612784306582},{"elapsed_time":22246,"segment":0,"interval":1,"start_time":1612784316986},{"elapsed_time":32210,"segment":0,"interval":1,"start_time":1612784326950},{"elapsed_time":42202,"segment":0,"interval":1,"start_time":1612784336942},{"elapsed_time":42657,"segment":0,"interval":1,"start_time":1612784337397},{"elapsed_time":52204,"segment":0,"interval":1,"start_time":1612784346944},{"elapsed_time":62198,"segment":0,"interval":1,"start_time":1612784356938},{"elapsed_time":71248,"segment":0,"interval":1,"start_time":1612784365988},{"elapsed_time":72221,"segment":0,"interval":1,"start_time":1612784366961},{"elapsed_time":79731,"segment":0,"interval":1,"start_time":1612784374471},{"elapsed_time":82208,"segment":0,"interval":1,"start_time":1612784376948},{"elapsed_time":91458,"segment":0,"interval":1,"start_time":1612784386198},{"elapsed_time":92210,"segment":0,"interval":1,"start_time":1612784386950},{"elapsed_time":100282,"segment":0,"interval":1,"start_time":1612784395022},{"elapsed_time":102235,"segment":0,"interval":1,"start_time":1612784396975},{"elapsed_time":112215,"segment":0,"interval":1,"start_time":1612784406955},{"elapsed_time":113893,"segment":0,"interval":1,"start_time":1612784408633},{"elapsed_time":116239,"segment":0,"interval":1,"start_time":1612784410979},{"elapsed_time":120266,"segment":0,"interval":1,"start_time":1612784415006},{"elapsed_time":122210,"segment":0,"interval":1,"start_time":1612784416950},{"elapsed_time":131599,"segment":0,"interval":1,"start_time":1612784426339},{"elapsed_time":132220,"segment":0,"interval":1,"start_time":1612784426960},{"elapsed_time":140373,"segment":0,"interval":1,"start_time":1612784435113},{"elapsed_time":142199,"segment":0,"interval":1,"start_time":1612784436939},{"elapsed_time":149575,"segment":0,"interval":1,"start_time":1612784444315},{"elapsed_time":150376,"segment":0,"interval":1,"start_time":1612784445116},{"elapsed_time":152215,"segment":0,"interval":1,"start_time":1612784446955},{"elapsed_time":160377,"segment":0,"interval":1,"start_time":1612784455117},{"elapsed_time":162206,"segment":0,"interval":1,"start_time":1612784456946},{"elapsed_time":170559,"segment":0,"interval":1,"start_time":1612784465299},{"elapsed_time":172215,"segment":0,"interval":1,"start_time":1612784466955},{"elapsed_time":180963,"segment":0,"interval":1,"start_time":1612784475703},{"elapsed_time":181326,"segment":0,"interval":1,"start_time":1612784476066},{"elapsed_time":182207,"segment":0,"interval":1,"start_time":1612784476947},{"elapsed_time":190964,"segment":0,"interval":1,"start_time":1612784485704},{"elapsed_time":192212,"segment":0,"interval":1,"start_time":1612784486952},{"elapsed_time":202207,"segment":0,"interval":1,"start_time":1612784496947},{"elapsed_time":204348,"segment":0,"interval":1,"start_time":1612784499088},{"elapsed_time":212206,"segment":0,"interval":1,"start_time":1612784506946},{"elapsed_time":215575,"segment":0,"interval":1,"start_time":1612784510315},{"elapsed_time":222207,"segment":0,"interval":1,"start_time":1612784516947},{"elapsed_time":232219,"segment":0,"interval":1,"start_time":1612784526959},{"elapsed_time":242219,"segment":0,"interval":1,"start_time":1612784536959},{"elapsed_time":246537,"segment":0,"interval":1,"start_time":1612784541277},{"elapsed_time":249490,"segment":0,"interval":1,"start_time":1612784544230},{"elapsed_time":250347,"segment":0,"interval":1,"start_time":1612784545087},{"elapsed_time":252224,"segment":0,"interval":1,"start_time":1612784546964},{"elapsed_time":262217,"segment":0,"interval":1,"start_time":1612784556957},{"elapsed_time":262369,"segment":0,"interval":1,"start_time":1612784557109},{"elapsed_time":270370,"segment":0,"interval":1,"start_time":1612784565110},{"elapsed_time":272220,"segment":0,"interval":1,"start_time":1612784566960},{"elapsed_time":280374,"segment":0,"interval":1,"start_time":1612784575114},{"elapsed_time":282212,"segment":0,"interval":1,"start_time":1612784576952},{"elapsed_time":286236,"segment":0,"interval":1,"start_time":1612784580976},{"elapsed_time":290924,"segment":0,"interval":1,"start_time":1612784585664},{"elapsed_time":292211,"segment":0,"interval":1,"start_time":1612784586951},{"elapsed_time":300927,"segment":0,"interval":1,"start_time":1612784595667},{"elapsed_time":302221,"segment":0,"interval":1,"start_time":1612784596961},{"elapsed_time":310408,"segment":0,"interval":1,"start_time":1612784605148},{"elapsed_time":312218,"segment":0,"interval":1,"start_time":1612784606958},{"elapsed_time":320374,"segment":0,"interval":1,"start_time":1612784615114},{"elapsed_time":320518,"segment":0,"interval":1,"start_time":1612784615258},{"elapsed_time":322214,"segment":0,"interval":1,"start_time":1612784616954},{"elapsed_time":332207,"segment":0,"interval":1,"start_time":1612784626947},{"elapsed_time":332473,"segment":0,"interval":1,"start_time":1612784627213},{"elapsed_time":340435,"segment":0,"interval":1,"start_time":1612784635175},{"elapsed_time":342191,"segment":0,"interval":1,"start_time":1612784636931},{"elapsed_time":350454,"segment":0,"interval":1,"start_time":1612784645194},{"elapsed_time":352212,"segment":0,"interval":1,"start_time":1612784646952},{"elapsed_time":356314,"segment":0,"interval":1,"start_time":1612784651054},{"elapsed_time":360455,"segment":0,"interval":1,"start_time":1612784655195},{"elapsed_time":362197,"segment":0,"interval":1,"start_time":1612784656937},{"elapsed_time":370500,"segment":0,"interval":1,"start_time":1612784665240},{"elapsed_time":372227,"segment":0,"interval":1,"start_time":1612784666967},{"elapsed_time":380501,"segment":0,"interval":1,"start_time":1612784675241},{"elapsed_time":382224,"segment":0,"interval":1,"start_time":1612784676964},{"elapsed_time":390015,"segment":0,"interval":1,"start_time":1612784684755},{"elapsed_time":392189,"segment":0,"interval":1,"start_time":1612784686929},{"elapsed_time":393588,"segment":0,"interval":1,"start_time":1612784688328},{"elapsed_time":400588,"segment":0,"interval":1,"start_time":1612784695328},{"elapsed_time":402209,"segment":0,"interval":1,"start_time":1612784696949},{"elapsed_time":410592,"segment":0,"interval":1,"start_time":1612784705332},{"elapsed_time":412218,"segment":0,"interval":1,"start_time":1612784706958},{"elapsed_time":420512,"segment":0,"interval":1,"start_time":1612784715252},{"elapsed_time":422192,"segment":0,"interval":1,"start_time":1612784716932},{"elapsed_time":424685,"segment":0,"interval":1,"start_time":1612784719425},{"elapsed_time":430549,"segment":0,"interval":1,"start_time":1612784725289},{"elapsed_time":432220,"segment":0,"interval":1,"start_time":1612784726960},{"elapsed_time":442222,"segment":0,"interval":1,"start_time":1612784736962},{"elapsed_time":447552,"segment":0,"interval":1,"start_time":1612784742292},{"elapsed_time":450552,"segment":0,"interval":1,"start_time":1612784745292},{"elapsed_time":452207,"segment":0,"interval":1,"start_time":1612784746947},{"elapsed_time":457218,"segment":0,"interval":1,"start_time":1612784751958},{"elapsed_time":457432,"segment":0,"interval":1,"start_time":1612784752172},{"elapsed_time":460052,"segment":0,"interval":1,"start_time":1612784754792},{"elapsed_time":462210,"segment":0,"interval":1,"start_time":1612784756950},{"elapsed_time":472216,"segment":0,"interval":1,"start_time":1612784766956},{"elapsed_time":482215,"segment":0,"interval":1,"start_time":1612784776955},{"elapsed_time":489647,"segment":0,"interval":1,"start_time":1612784784387},{"elapsed_time":490647,"segment":0,"interval":1,"start_time":1612784785387},{"elapsed_time":492203,"segment":0,"interval":1,"start_time":1612784786943},{"elapsed_time":492375,"segment":0,"interval":1,"start_time":1612784787115},{"elapsed_time":500608,"segment":0,"interval":1,"start_time":1612784795348},{"elapsed_time":502232,"segment":0,"interval":1,"start_time":1612784796972},{"elapsed_time":512214,"segment":0,"interval":1,"start_time":1612784806954},{"elapsed_time":519615,"segment":0,"interval":1,"start_time":1612784814355},{"elapsed_time":520837,"segment":0,"interval":1,"start_time":1612784815577},{"elapsed_time":522204,"segment":0,"interval":1,"start_time":1612784816944},{"elapsed_time":527194,"segment":0,"interval":1,"start_time":1612784821934},{"elapsed_time":530629,"segment":0,"interval":1,"start_time":1612784825369},{"elapsed_time":532204,"segment":0,"interval":1,"start_time":1612784826944},{"elapsed_time":540630,"segment":0,"interval":1,"start_time":1612784835370},{"elapsed_time":542205,"segment":0,"interval":1,"start_time":1612784836945},{"elapsed_time":550644,"segment":0,"interval":1,"start_time":1612784845384},{"elapsed_time":552219,"segment":0,"interval":1,"start_time":1612784846959},{"elapsed_time":560006,"segment":0,"interval":1,"start_time":1612784854746},{"elapsed_time":562222,"segment":0,"interval":1,"start_time":1612784856962},{"elapsed_time":563151,"segment":0,"interval":1,"start_time":1612784857891},{"elapsed_time":566375,"segment":0,"interval":1,"start_time":1612784861115},{"elapsed_time":570214,"segment":0,"interval":1,"start_time":1612784864954},{"elapsed_time":572209,"segment":0,"interval":1,"start_time":1612784866949},{"elapsed_time":580215,"segment":0,"interval":1,"start_time":1612784874955},{"elapsed_time":582211,"segment":0,"interval":1,"start_time":1612784876951},{"elapsed_time":592212,"segment":0,"interval":1,"start_time":1612784886952},{"elapsed_time":599020,"segment":0,"interval":1,"start_time":1612784893760},{"elapsed_time":602223,"segment":0,"interval":1,"start_time":1612784896963},{"elapsed_time":605819,"segment":0,"interval":1,"start_time":1612784900559},{"elapsed_time":610819,"segment":0,"interval":1,"start_time":1612784905559},{"elapsed_time":612207,"segment":0,"interval":1,"start_time":1612784906947},{"elapsed_time":620821,"segment":0,"interval":1,"start_time":1612784915561},{"elapsed_time":622218,"segment":0,"interval":1,"start_time":1612784916958},{"elapsed_time":630800,"segment":0,"interval":1,"start_time":1612784925540},{"elapsed_time":632210,"segment":0,"interval":1,"start_time":1612784926950},{"elapsed_time":634016,"segment":0,"interval":1,"start_time":1612784928756},{"elapsed_time":640738,"segment":0,"interval":1,"start_time":1612784935478},{"elapsed_time":642218,"segment":0,"interval":1,"start_time":1612784936958},{"elapsed_time":650395,"segment":0,"interval":1,"start_time":1612784945135},{"elapsed_time":652219,"segment":0,"interval":1,"start_time":1612784946959},{"elapsed_time":661397,"segment":0,"interval":1,"start_time":1612784956137},{"elapsed_time":662211,"segment":0,"interval":1,"start_time":1612784956951},{"elapsed_time":671398,"segment":0,"interval":1,"start_time":1612784966138},{"elapsed_time":671638,"segment":0,"interval":1,"start_time":1612784966378},{"elapsed_time":672205,"segment":0,"interval":1,"start_time":1612784966945},{"elapsed_time":680085,"segment":0,"interval":1,"start_time":1612784974825},{"elapsed_time":682196,"segment":0,"interval":1,"start_time":1612784976936},{"elapsed_time":690029,"segment":0,"interval":1,"start_time":1612784984769},{"elapsed_time":692205,"segment":0,"interval":1,"start_time":1612784986945},{"elapsed_time":702210,"segment":0,"interval":1,"start_time":1612784996950},{"elapsed_time":707098,"segment":0,"interval":1,"start_time":1612785001838},{"elapsed_time":709338,"segment":0,"interval":1,"start_time":1612785004078},{"elapsed_time":710099,"segment":0,"interval":1,"start_time":1612785004839},{"elapsed_time":712221,"segment":0,"interval":1,"start_time":1612785006961},{"elapsed_time":720193,"segment":0,"interval":1,"start_time":1612785014933},{"elapsed_time":722193,"segment":0,"interval":1,"start_time":1612785016933},{"elapsed_time":730942,"segment":0,"interval":1,"start_time":1612785025682},{"elapsed_time":732209,"segment":0,"interval":1,"start_time":1612785026949},{"elapsed_time":742208,"segment":0,"interval":1,"start_time":1612785036948},{"elapsed_time":745560,"segment":0,"interval":1,"start_time":1612785040300},{"elapsed_time":746003,"segment":0,"interval":1,"start_time":1612785040743},{"elapsed_time":750003,"segment":0,"interval":1,"start_time":1612785044743},{"elapsed_time":752211,"segment":0,"interval":1,"start_time":1612785046951},{"elapsed_time":760004,"segment":0,"interval":1,"start_time":1612785054744},{"elapsed_time":762210,"segment":0,"interval":1,"start_time":1612785056950},{"elapsed_time":770005,"segment":0,"interval":1,"start_time":1612785064745},{"elapsed_time":772207,"segment":0,"interval":1,"start_time":1612785066947},{"elapsed_time":780577,"segment":0,"interval":1,"start_time":1612785075317},{"elapsed_time":782211,"segment":0,"interval":1,"start_time":1612785076951},{"elapsed_time":786368,"segment":0,"interval":1,"start_time":1612785081108},{"elapsed_time":792212,"segment":0,"interval":1,"start_time":1612785086952},{"elapsed_time":802199,"segment":0,"interval":1,"start_time":1612785096939},{"elapsed_time":804003,"segment":0,"interval":1,"start_time":1612785098743},{"elapsed_time":810925,"segment":0,"interval":1,"start_time":1612785105665},{"elapsed_time":812202,"segment":0,"interval":1,"start_time":1612785106942},{"elapsed_time":820513,"segment":0,"interval":1,"start_time":1612785115253},{"elapsed_time":820926,"segment":0,"interval":1,"start_time":1612785115666},{"elapsed_time":822201,"segment":0,"interval":1,"start_time":1612785116941},{"elapsed_time":831929,"segment":0,"interval":1,"start_time":1612785126669},{"elapsed_time":832209,"segment":0,"interval":1,"start_time":1612785126949},{"elapsed_time":842200,"segment":0,"interval":1,"start_time":1612785136940},{"elapsed_time":844159,"segment":0,"interval":1,"start_time":1612785138899},{"elapsed_time":850047,"segment":0,"interval":1,"start_time":1612785144787},{"elapsed_time":852206,"segment":0,"interval":1,"start_time":1612785146946},{"elapsed_time":856466,"segment":0,"interval":1,"start_time":1612785151206},{"elapsed_time":860460,"segment":0,"interval":1,"start_time":1612785155200},{"elapsed_time":862192,"segment":0,"interval":1,"start_time":1612785156932},{"elapsed_time":870953,"segment":0,"interval":1,"start_time":1612785165693},{"elapsed_time":872202,"segment":0,"interval":1,"start_time":1612785166942},{"elapsed_time":882202,"segment":0,"interval":1,"start_time":1612785176942},{"elapsed_time":890998,"segment":0,"interval":1,"start_time":1612785185738},{"elapsed_time":892193,"segment":0,"interval":1,"start_time":1612785186933},{"elapsed_time":898565,"segment":0,"interval":1,"start_time":1612785193305},{"elapsed_time":901201,"segment":0,"interval":1,"start_time":1612785195941},{"elapsed_time":902211,"segment":0,"interval":1,"start_time":1612785196951},{"elapsed_time":910202,"segment":0,"interval":1,"start_time":1612785204942},{"elapsed_time":912207,"segment":0,"interval":1,"start_time":1612785206947},{"elapsed_time":920030,"segment":0,"interval":1,"start_time":1612785214770},{"elapsed_time":922200,"segment":0,"interval":1,"start_time":1612785216940},{"elapsed_time":930031,"segment":0,"interval":1,"start_time":1612785224771},{"elapsed_time":932201,"segment":0,"interval":1,"start_time":1612785226941},{"elapsed_time":940033,"segment":0,"interval":1,"start_time":1612785234773},{"elapsed_time":942209,"segment":0,"interval":1,"start_time":1612785236949},{"elapsed_time":944823,"segment":0,"interval":1,"start_time":1612785239563},{"elapsed_time":950417,"segment":0,"interval":1,"start_time":1612785245157},{"elapsed_time":952206,"segment":0,"interval":1,"start_time":1612785246946},{"elapsed_time":960064,"segment":0,"interval":1,"start_time":1612785254804},{"elapsed_time":962210,"segment":0,"interval":1,"start_time":1612785256950},{"elapsed_time":970065,"segment":0,"interval":1,"start_time":1612785264805},{"elapsed_time":972208,"segment":0,"interval":1,"start_time":1612785266948},{"elapsed_time":980068,"segment":0,"interval":1,"start_time":1612785274808},{"elapsed_time":982210,"segment":0,"interval":1,"start_time":1612785276950},{"elapsed_time":984314,"segment":0,"interval":1,"start_time":1612785279054},{"elapsed_time":990076,"segment":0,"interval":1,"start_time":1612785284816},{"elapsed_time":992209,"segment":0,"interval":1,"start_time":1612785286949},{"elapsed_time":1000305,"segment":0,"interval":1,"start_time":1612785295045},{"elapsed_time":1002208,"segment":0,"interval":1,"start_time":1612785296948},{"elapsed_time":1012179,"segment":0,"interval":1,"start_time":1612785306919},{"elapsed_time":1013209,"segment":0,"interval":1,"start_time":1612785307949},{"elapsed_time":1020124,"segment":0,"interval":1,"start_time":1612785314864},{"elapsed_time":1021866,"segment":0,"interval":1,"start_time":1612785316606},{"elapsed_time":1022184,"segment":0,"interval":1,"start_time":1612785316924},{"elapsed_time":1030130,"segment":0,"interval":1,"start_time":1612785324870},{"elapsed_time":1032203,"segment":0,"interval":1,"start_time":1612785326943},{"elapsed_time":1040131,"segment":0,"interval":1,"start_time":1612785334871},{"elapsed_time":1042190,"segment":0,"interval":1,"start_time":1612785336930},{"elapsed_time":1052176,"segment":0,"interval":1,"start_time":1612785346916},{"elapsed_time":1059083,"segment":0,"interval":1,"start_time":1612785353823},{"elapsed_time":1062190,"segment":0,"interval":1,"start_time":1612785356930},{"elapsed_time":1067529,"segment":0,"interval":1,"start_time":1612785362269},{"elapsed_time":1070529,"segment":0,"interval":1,"start_time":1612785365269},{"elapsed_time":1072203,"segment":0,"interval":1,"start_time":1612785366943},{"elapsed_time":1080274,"segment":0,"interval":1,"start_time":1612785375014},{"elapsed_time":1082207,"segment":0,"interval":1,"start_time":1612785376947},{"elapsed_time":1090582,"segment":0,"interval":1,"start_time":1612785385322},{"elapsed_time":1092204,"segment":0,"interval":1,"start_time":1612785386944},{"elapsed_time":1096516,"segment":0,"interval":1,"start_time":1612785391256},{"elapsed_time":1100194,"segment":0,"interval":1,"start_time":1612785394934},{"elapsed_time":1102195,"segment":0,"interval":1,"start_time":1612785396935},{"elapsed_time":1110195,"segment":0,"interval":1,"start_time":1612785404935},{"elapsed_time":1112199,"segment":0,"interval":1,"start_time":1612785406939},{"elapsed_time":1122189,"segment":0,"interval":1,"start_time":1612785416929},{"elapsed_time":1124308,"segment":0,"interval":1,"start_time":1612785419048},{"elapsed_time":1132185,"segment":0,"interval":1,"start_time":1612785426925},{"elapsed_time":1133048,"segment":0,"interval":1,"start_time":1612785427788},{"elapsed_time":1142200,"segment":0,"interval":1,"start_time":1612785436940},{"elapsed_time":1152216,"segment":0,"interval":1,"start_time":1612785446956},{"elapsed_time":1152234,"segment":0,"interval":1,"start_time":1612785446974},{"elapsed_time":1162204,"segment":0,"interval":1,"start_time":1612785456944},{"elapsed_time":1168268,"segment":0,"interval":1,"start_time":1612785463008},{"elapsed_time":1168755,"segment":0,"interval":1,"start_time":1612785463495},{"elapsed_time":1170269,"segment":0,"interval":1,"start_time":1612785465009},{"elapsed_time":1172213,"segment":0,"interval":1,"start_time":1612785466953},{"elapsed_time":1175751,"segment":0,"interval":1,"start_time":1612785470491},{"elapsed_time":1181272,"segment":0,"interval":1,"start_time":1612785476012},{"elapsed_time":1182214,"segment":0,"interval":1,"start_time":1612785476954},{"elapsed_time":1190271,"segment":0,"interval":1,"start_time":1612785485011},{"elapsed_time":1192214,"segment":0,"interval":1,"start_time":1612785486954},{"elapsed_time":1202205,"segment":0,"interval":1,"start_time":1612785496945},{"elapsed_time":1205162,"segment":0,"interval":1,"start_time":1612785499902},{"elapsed_time":1211443,"segment":0,"interval":1,"start_time":1612785506183},{"elapsed_time":1212213,"segment":0,"interval":1,"start_time":1612785506953},{"elapsed_time":1220312,"segment":0,"interval":1,"start_time":1612785515052},{"elapsed_time":1222186,"segment":0,"interval":1,"start_time":1612785516926},{"elapsed_time":1230341,"segment":0,"interval":1,"start_time":1612785525081},{"elapsed_time":1232212,"segment":0,"interval":1,"start_time":1612785526952},{"elapsed_time":1240322,"segment":0,"interval":1,"start_time":1612785535062},{"elapsed_time":1240579,"segment":0,"interval":1,"start_time":1612785535319},{"elapsed_time":1242205,"segment":0,"interval":1,"start_time":1612785536945},{"elapsed_time":1250324,"segment":0,"interval":1,"start_time":1612785545064},{"elapsed_time":1252202,"segment":0,"interval":1,"start_time":1612785546942},{"elapsed_time":1260352,"segment":0,"interval":1,"start_time":1612785555092},{"elapsed_time":1262213,"segment":0,"interval":1,"start_time":1612785556953},{"elapsed_time":1270665,"segment":0,"interval":1,"start_time":1612785565405},{"elapsed_time":1272211,"segment":0,"interval":1,"start_time":1612785566951},{"elapsed_time":1276588,"segment":0,"interval":1,"start_time":1612785571328},{"elapsed_time":1282212,"segment":0,"interval":1,"start_time":1612785576952},{"elapsed_time":1292212,"segment":0,"interval":1,"start_time":1612785586952},{"elapsed_time":1302198,"segment":0,"interval":1,"start_time":1612785596938},{"elapsed_time":1303392,"segment":0,"interval":1,"start_time":1612785598132},{"elapsed_time":1310393,"segment":0,"interval":1,"start_time":1612785605133},{"elapsed_time":1312217,"segment":0,"interval":1,"start_time":1612785606957},{"elapsed_time":1312420,"segment":0,"interval":1,"start_time":1612785607160},{"elapsed_time":1321394,"segment":0,"interval":1,"start_time":1612785616134},{"elapsed_time":1322214,"segment":0,"interval":1,"start_time":1612785616954},{"elapsed_time":1330033,"segment":0,"interval":1,"start_time":1612785624773},{"elapsed_time":1332210,"segment":0,"interval":1,"start_time":1612785626950},{"elapsed_time":1340036,"segment":0,"interval":1,"start_time":1612785634776},{"elapsed_time":1342220,"segment":0,"interval":1,"start_time":1612785636960},{"elapsed_time":1348399,"segment":0,"interval":1,"start_time":1612785643139},{"elapsed_time":1350701,"segment":0,"interval":1,"start_time":1612785645441},{"elapsed_time":1352209,"segment":0,"interval":1,"start_time":1612785646949},{"elapsed_time":1360346,"segment":0,"interval":1,"start_time":1612785655086},{"elapsed_time":1362205,"segment":0,"interval":1,"start_time":1612785656945},{"elapsed_time":1372215,"segment":0,"interval":1,"start_time":1612785666955},{"elapsed_time":1378355,"segment":0,"interval":1,"start_time":1612785673095},{"elapsed_time":1380355,"segment":0,"interval":1,"start_time":1612785675095},{"elapsed_time":1382189,"segment":0,"interval":1,"start_time":1612785676929},{"elapsed_time":1383757,"segment":0,"interval":1,"start_time":1612785678497},{"elapsed_time":1390517,"segment":0,"interval":1,"start_time":1612785685257},{"elapsed_time":1392211,"segment":0,"interval":1,"start_time":1612785686951},{"elapsed_time":1400470,"segment":0,"interval":1,"start_time":1612785695210},{"elapsed_time":1402203,"segment":0,"interval":1,"start_time":1612785696943},{"elapsed_time":1410933,"segment":0,"interval":1,"start_time":1612785705673},{"elapsed_time":1412195,"segment":0,"interval":1,"start_time":1612785706935},{"elapsed_time":1417926,"segment":0,"interval":1,"start_time":1612785712666},{"elapsed_time":1420935,"segment":0,"interval":1,"start_time":1612785715675},{"elapsed_time":1422208,"segment":0,"interval":1,"start_time":1612785716948},{"elapsed_time":1432212,"segment":0,"interval":1,"start_time":1612785726952},{"elapsed_time":1442203,"segment":0,"interval":1,"start_time":1612785736943},{"elapsed_time":1452214,"segment":0,"interval":1,"start_time":1612785746954},{"elapsed_time":1453814,"segment":0,"interval":1,"start_time":1612785748554},{"elapsed_time":1458554,"segment":0,"interval":1,"start_time":1612785753294},{"elapsed_time":1460557,"segment":0,"interval":1,"start_time":1612785755297},{"elapsed_time":1462206,"segment":0,"interval":1,"start_time":1612785756946},{"elapsed_time":1470558,"segment":0,"interval":1,"start_time":1612785765298},{"elapsed_time":1472205,"segment":0,"interval":1,"start_time":1612785766945},{"elapsed_time":1481560,"segment":0,"interval":1,"start_time":1612785776300},{"elapsed_time":1482214,"segment":0,"interval":1,"start_time":1612785776954},{"elapsed_time":1490566,"segment":0,"interval":1,"start_time":1612785785306},{"elapsed_time":1491716,"segment":0,"interval":1,"start_time":1612785786456},{"elapsed_time":1492206,"segment":0,"interval":1,"start_time":1612785786946},{"elapsed_time":1500567,"segment":0,"interval":1,"start_time":1612785795307},{"elapsed_time":1502199,"segment":0,"interval":1,"start_time":1612785796939},{"elapsed_time":1510030,"segment":1,"interval":1,"start_time":1612785806350},{"elapsed_time":1510630,"segment":1,"interval":1,"start_time":1612785806950},{"elapsed_time":1520638,"segment":1,"interval":1,"start_time":1612785816958},{"elapsed_time":1523031,"segment":1,"interval":1,"start_time":1612785819351},{"elapsed_time":1529374,"segment":1,"interval":1,"start_time":1612785825694},{"elapsed_time":1530616,"segment":1,"interval":1,"start_time":1612785826936},{"elapsed_time":1533742,"segment":1,"interval":1,"start_time":1612785830062},{"elapsed_time":1540635,"segment":1,"interval":1,"start_time":1612785836955},{"elapsed_time":1548058,"segment":1,"interval":1,"start_time":1612785844378},{"elapsed_time":1550058,"segment":1,"interval":1,"start_time":1612785846378},{"elapsed_time":1550632,"segment":1,"interval":1,"start_time":1612785846952},{"elapsed_time":1560060,"segment":1,"interval":1,"start_time":1612785856380},{"elapsed_time":1560623,"segment":1,"interval":1,"start_time":1612785856943},{"elapsed_time":1570202,"segment":1,"interval":1,"start_time":1612785866522},{"elapsed_time":1570630,"segment":1,"interval":1,"start_time":1612785866950},{"elapsed_time":1571616,"segment":1,"interval":1,"start_time":1612785867936},{"elapsed_time":1580094,"segment":1,"interval":1,"start_time":1612785876414},{"elapsed_time":1580649,"segment":1,"interval":1,"start_time":1612785876969},{"elapsed_time":1590628,"segment":1,"interval":1,"start_time":1612785886948},{"elapsed_time":1593095,"segment":1,"interval":1,"start_time":1612785889415},{"elapsed_time":1600097,"segment":1,"interval":1,"start_time":1612785896417},{"elapsed_time":1600624,"segment":1,"interval":1,"start_time":1612785896944},{"elapsed_time":1610629,"segment":1,"interval":1,"start_time":1612785906949},{"elapsed_time":1616484,"segment":1,"interval":1,"start_time":1612785912804},{"elapsed_time":1620518,"segment":1,"interval":1,"start_time":1612785916838},{"elapsed_time":1620607,"segment":1,"interval":1,"start_time":1612785916927},{"elapsed_time":1630612,"segment":1,"interval":1,"start_time":1612785926932},{"elapsed_time":1640619,"segment":1,"interval":1,"start_time":1612785936939},{"elapsed_time":1650623,"segment":1,"interval":1,"start_time":1612785946943},{"elapsed_time":1658438,"segment":1,"interval":1,"start_time":1612785954758},{"elapsed_time":1660616,"segment":1,"interval":1,"start_time":1612785956936},{"elapsed_time":1662496,"segment":1,"interval":1,"start_time":1612785958816},{"elapsed_time":1670496,"segment":1,"interval":1,"start_time":1612785966816},{"elapsed_time":1670625,"segment":1,"interval":1,"start_time":1612785966945},{"elapsed_time":1680597,"segment":1,"interval":1,"start_time":1612785976917},{"elapsed_time":1680623,"segment":1,"interval":1,"start_time":1612785976943},{"elapsed_time":1690601,"segment":1,"interval":1,"start_time":1612785986921},{"elapsed_time":1690622,"segment":1,"interval":1,"start_time":1612785986942},{"elapsed_time":1698611,"segment":1,"interval":1,"start_time":1612785994931},{"elapsed_time":1700415,"segment":1,"interval":1,"start_time":1612785996735},{"elapsed_time":1700619,"segment":1,"interval":1,"start_time":1612785996939},{"elapsed_time":1710621,"segment":1,"interval":1,"start_time":1612786006941},{"elapsed_time":1710797,"segment":1,"interval":1,"start_time":1612786007117},{"elapsed_time":1720611,"segment":1,"interval":1,"start_time":1612786016931},{"elapsed_time":1720799,"segment":1,"interval":1,"start_time":1612786017119},{"elapsed_time":1730622,"segment":1,"interval":1,"start_time":1612786026942},{"elapsed_time":1736320,"segment":1,"interval":1,"start_time":1612786032640},{"elapsed_time":1740020,"segment":1,"interval":1,"start_time":1612786036340},{"elapsed_time":1740302,"segment":1,"interval":1,"start_time":1612786036622},{"elapsed_time":1740626,"segment":1,"interval":1,"start_time":1612786036946},{"elapsed_time":1750303,"segment":1,"interval":1,"start_time":1612786046623},{"elapsed_time":1750640,"segment":1,"interval":1,"start_time":1612786046960},{"elapsed_time":1760304,"segment":1,"interval":1,"start_time":1612786056624},{"elapsed_time":1760610,"segment":1,"interval":1,"start_time":1612786056930},{"elapsed_time":1770305,"segment":1,"interval":1,"start_time":1612786066625},{"elapsed_time":1770624,"segment":1,"interval":1,"start_time":1612786066944},{"elapsed_time":1778084,"segment":1,"interval":1,"start_time":1612786074404},{"elapsed_time":1780357,"segment":1,"interval":1,"start_time":1612786076677},{"elapsed_time":1780629,"segment":1,"interval":1,"start_time":1612786076949},{"elapsed_time":1790065,"segment":1,"interval":1,"start_time":1612786086385},{"elapsed_time":1790628,"segment":1,"interval":1,"start_time":1612786086948},{"elapsed_time":1795314,"segment":1,"interval":1,"start_time":1612786091634},{"elapsed_time":1800315,"segment":1,"interval":1,"start_time":1612786096635},{"elapsed_time":1800636,"segment":1,"interval":1,"start_time":1612786096956},{"elapsed_time":1810318,"segment":1,"interval":1,"start_time":1612786106638},{"elapsed_time":1810630,"segment":1,"interval":1,"start_time":1612786106950},{"elapsed_time":1817199,"segment":1,"interval":1,"start_time":1612786113519},{"elapsed_time":1820327,"segment":1,"interval":1,"start_time":1612786116647},{"elapsed_time":1820628,"segment":1,"interval":1,"start_time":1612786116948},{"elapsed_time":1830330,"segment":1,"interval":1,"start_time":1612786126650},{"elapsed_time":1830644,"segment":1,"interval":1,"start_time":1612786126964},{"elapsed_time":1840619,"segment":1,"interval":1,"start_time":1612786136939},{"elapsed_time":1846785,"segment":1,"interval":1,"start_time":1612786143105},{"elapsed_time":1850538,"segment":1,"interval":1,"start_time":1612786146858},{"elapsed_time":1850629,"segment":1,"interval":1,"start_time":1612786146949},{"elapsed_time":1857579,"segment":1,"interval":1,"start_time":1612786153899},{"elapsed_time":1860636,"segment":1,"interval":1,"start_time":1612786156956},{"elapsed_time":1860694,"segment":1,"interval":1,"start_time":1612786157014},{"elapsed_time":1870634,"segment":1,"interval":1,"start_time":1612786166954},{"elapsed_time":1870701,"segment":1,"interval":1,"start_time":1612786167021},{"elapsed_time":1880388,"segment":1,"interval":1,"start_time":1612786176708},{"elapsed_time":1880634,"segment":1,"interval":1,"start_time":1612786176954},{"elapsed_time":1890389,"segment":1,"interval":1,"start_time":1612786186709},{"elapsed_time":1890630,"segment":1,"interval":1,"start_time":1612786186950},{"elapsed_time":1897317,"segment":1,"interval":1,"start_time":1612786193637},{"elapsed_time":1900391,"segment":1,"interval":1,"start_time":1612786196711},{"elapsed_time":1900620,"segment":1,"interval":1,"start_time":1612786196940},{"elapsed_time":1910631,"segment":1,"interval":1,"start_time":1612786206951},{"elapsed_time":1910679,"segment":1,"interval":1,"start_time":1612786206999},{"elapsed_time":1920626,"segment":1,"interval":1,"start_time":1612786216946},{"elapsed_time":1920680,"segment":1,"interval":1,"start_time":1612786217000},{"elapsed_time":1930432,"segment":1,"interval":1,"start_time":1612786226752},{"elapsed_time":1930635,"segment":1,"interval":1,"start_time":1612786226955},{"elapsed_time":1937765,"segment":1,"interval":1,"start_time":1612786234085},{"elapsed_time":1940433,"segment":1,"interval":1,"start_time":1612786236753},{"elapsed_time":1940626,"segment":1,"interval":1,"start_time":1612786236946},{"elapsed_time":1950435,"segment":1,"interval":1,"start_time":1612786246755},{"elapsed_time":1950636,"segment":1,"interval":1,"start_time":1612786246956},{"elapsed_time":1960017,"segment":1,"interval":1,"start_time":1612786256337},{"elapsed_time":1960630,"segment":1,"interval":1,"start_time":1612786256950},{"elapsed_time":1970018,"segment":1,"interval":1,"start_time":1612786266338},{"elapsed_time":1970622,"segment":1,"interval":1,"start_time":1612786266942},{"elapsed_time":1980160,"segment":1,"interval":1,"start_time":1612786276480},{"elapsed_time":1980484,"segment":1,"interval":1,"start_time":1612786276804},{"elapsed_time":1980627,"segment":1,"interval":1,"start_time":1612786276947},{"elapsed_time":1990486,"segment":1,"interval":1,"start_time":1612786286806},{"elapsed_time":1990634,"segment":1,"interval":1,"start_time":1612786286954},{"elapsed_time":2000492,"segment":1,"interval":1,"start_time":1612786296812},{"elapsed_time":2000629,"segment":1,"interval":1,"start_time":1612786296949},{"elapsed_time":2010608,"segment":1,"interval":1,"start_time":1612786306928},{"elapsed_time":2010637,"segment":1,"interval":1,"start_time":1612786306957},{"elapsed_time":2020208,"segment":1,"interval":1,"start_time":1612786316528},{"elapsed_time":2020605,"segment":1,"interval":1,"start_time":1612786316925},{"elapsed_time":2029763,"segment":1,"interval":1,"start_time":1612786326083},{"elapsed_time":2030625,"segment":1,"interval":1,"start_time":1612786326945},{"elapsed_time":2030763,"segment":1,"interval":1,"start_time":1612786327083},{"elapsed_time":2040626,"segment":1,"interval":1,"start_time":1612786336946},{"elapsed_time":2040764,"segment":1,"interval":1,"start_time":1612786337084},{"elapsed_time":2050624,"segment":1,"interval":1,"start_time":1612786346944},{"elapsed_time":2050846,"segment":1,"interval":1,"start_time":1612786347166},{"elapsed_time":2060382,"segment":1,"interval":1,"start_time":1612786356702},{"elapsed_time":2060623,"segment":1,"interval":1,"start_time":1612786356943},{"elapsed_time":2070623,"segment":1,"interval":1,"start_time":1612786366943},{"elapsed_time":2073848,"segment":1,"interval":1,"start_time":1612786370168},{"elapsed_time":2080631,"segment":1,"interval":1,"start_time":1612786376951},{"elapsed_time":2080900,"segment":1,"interval":1,"start_time":1612786377220},{"elapsed_time":2090588,"segment":1,"interval":1,"start_time":1612786386908},{"elapsed_time":2090636,"segment":1,"interval":1,"start_time":1612786386956},{"elapsed_time":2100593,"segment":1,"interval":1,"start_time":1612786396913},{"elapsed_time":2100623,"segment":1,"interval":1,"start_time":1612786396943},{"elapsed_time":2102498,"segment":1,"interval":1,"start_time":1612786398818},{"elapsed_time":2110595,"segment":1,"interval":1,"start_time":1612786406915},{"elapsed_time":2110639,"segment":1,"interval":1,"start_time":1612786406959},{"elapsed_time":2120625,"segment":1,"interval":1,"start_time":1612786416945},{"elapsed_time":2128689,"segment":1,"interval":1,"start_time":1612786425009},{"elapsed_time":2130636,"segment":1,"interval":1,"start_time":1612786426956},{"elapsed_time":2130689,"segment":1,"interval":1,"start_time":1612786427009},{"elapsed_time":2140627,"segment":1,"interval":1,"start_time":1612786436947},{"elapsed_time":2140690,"segment":1,"interval":1,"start_time":1612786437010},{"elapsed_time":2143828,"segment":1,"interval":1,"start_time":1612786440148},{"elapsed_time":2150631,"segment":1,"interval":1,"start_time":1612786446951},{"elapsed_time":2150652,"segment":1,"interval":1,"start_time":1612786446972},{"elapsed_time":2160628,"segment":1,"interval":1,"start_time":1612786456948},{"elapsed_time":2160654,"segment":1,"interval":1,"start_time":1612786456974},{"elapsed_time":2170644,"segment":1,"interval":1,"start_time":1612786466964},{"elapsed_time":2180638,"segment":1,"interval":1,"start_time":1612786476958},{"elapsed_time":2183548,"segment":1,"interval":1,"start_time":1612786479868},{"elapsed_time":2184120,"segment":1,"interval":1,"start_time":1612786480440},{"elapsed_time":2190120,"segment":1,"interval":1,"start_time":1612786486440},{"elapsed_time":2190638,"segment":1,"interval":1,"start_time":1612786486958},{"elapsed_time":2200634,"segment":1,"interval":1,"start_time":1612786496954},{"elapsed_time":2200698,"segment":1,"interval":1,"start_time":1612786497018},{"elapsed_time":2210636,"segment":1,"interval":1,"start_time":1612786506956},{"elapsed_time":2210905,"segment":1,"interval":1,"start_time":1612786507225},{"elapsed_time":2220628,"segment":1,"interval":1,"start_time":1612786516948},{"elapsed_time":2228730,"segment":1,"interval":1,"start_time":1612786525050},{"elapsed_time":2230039,"segment":1,"interval":1,"start_time":1612786526359},{"elapsed_time":2230634,"segment":1,"interval":1,"start_time":1612786526954},{"elapsed_time":2230730,"segment":1,"interval":1,"start_time":1612786527050},{"elapsed_time":2240627,"segment":1,"interval":1,"start_time":1612786536947},{"elapsed_time":2240732,"segment":1,"interval":1,"start_time":1612786537052},{"elapsed_time":2250616,"segment":1,"interval":1,"start_time":1612786546936},{"elapsed_time":2257825,"segment":1,"interval":1,"start_time":1612786554145},{"elapsed_time":2260627,"segment":1,"interval":1,"start_time":1612786556947},{"elapsed_time":2260825,"segment":1,"interval":1,"start_time":1612786557145},{"elapsed_time":2269799,"segment":1,"interval":1,"start_time":1612786566119},{"elapsed_time":2270629,"segment":1,"interval":1,"start_time":1612786566949},{"elapsed_time":2270797,"segment":1,"interval":1,"start_time":1612786567117},{"elapsed_time":2280624,"segment":1,"interval":1,"start_time":1612786576944},{"elapsed_time":2280798,"segment":1,"interval":1,"start_time":1612786577118},{"elapsed_time":2290637,"segment":1,"interval":1,"start_time":1612786586957},{"elapsed_time":2290799,"segment":1,"interval":1,"start_time":1612786587119},{"elapsed_time":2300636,"segment":1,"interval":1,"start_time":1612786596956},{"elapsed_time":2300771,"segment":1,"interval":1,"start_time":1612786597091},{"elapsed_time":2308386,"segment":1,"interval":1,"start_time":1612786604706},{"elapsed_time":2310632,"segment":1,"interval":1,"start_time":1612786606952},{"elapsed_time":2314892,"segment":1,"interval":1,"start_time":1612786611212},{"elapsed_time":2320636,"segment":1,"interval":1,"start_time":1612786616956},{"elapsed_time":2320897,"segment":1,"interval":1,"start_time":1612786617217},{"elapsed_time":2330638,"segment":1,"interval":1,"start_time":1612786626958},{"elapsed_time":2330826,"segment":1,"interval":1,"start_time":1612786627146},{"elapsed_time":2340638,"segment":1,"interval":1,"start_time":1612786636958},{"elapsed_time":2345829,"segment":1,"interval":1,"start_time":1612786642149},{"elapsed_time":2349988,"segment":1,"interval":1,"start_time":1612786646308},{"elapsed_time":2350643,"segment":1,"interval":1,"start_time":1612786646963},{"elapsed_time":2355830,"segment":1,"interval":1,"start_time":1612786652150},{"elapsed_time":2360207,"segment":1,"interval":1,"start_time":1612786656527},{"elapsed_time":2360640,"segment":1,"interval":1,"start_time":1612786656960},{"elapsed_time":2370622,"segment":1,"interval":1,"start_time":1612786666942},{"elapsed_time":2377865,"segment":1,"interval":1,"start_time":1612786674185},{"elapsed_time":2380637,"segment":1,"interval":1,"start_time":1612786676957},{"elapsed_time":2380865,"segment":1,"interval":1,"start_time":1612786677185},{"elapsed_time":2390628,"segment":1,"interval":1,"start_time":1612786686948},{"elapsed_time":2393233,"segment":1,"interval":1,"start_time":1612786689553},{"elapsed_time":2400637,"segment":1,"interval":1,"start_time":1612786696957},{"elapsed_time":2401869,"segment":1,"interval":1,"start_time":1612786698189},{"elapsed_time":2410644,"segment":1,"interval":1,"start_time":1612786706964},{"elapsed_time":2410900,"segment":1,"interval":1,"start_time":1612786707220},{"elapsed_time":2420631,"segment":1,"interval":1,"start_time":1612786716951},{"elapsed_time":2420901,"segment":1,"interval":1,"start_time":1612786717221},{"elapsed_time":2430629,"segment":1,"interval":1,"start_time":1612786726949},{"elapsed_time":2430902,"segment":1,"interval":1,"start_time":1612786727222},{"elapsed_time":2432436,"segment":1,"interval":1,"start_time":1612786728756},{"elapsed_time":2440636,"segment":1,"interval":1,"start_time":1612786736956},{"elapsed_time":2447079,"segment":1,"interval":1,"start_time":1612786743399},{"elapsed_time":2450625,"segment":1,"interval":1,"start_time":1612786746945},{"elapsed_time":2460630,"segment":1,"interval":1,"start_time":1612786756950},{"elapsed_time":2470533,"segment":1,"interval":1,"start_time":1612786766853},{"elapsed_time":2470649,"segment":1,"interval":1,"start_time":1612786766969},{"elapsed_time":2471240,"segment":1,"interval":1,"start_time":1612786767560},{"elapsed_time":2480241,"segment":1,"interval":1,"start_time":1612786776561},{"elapsed_time":2480632,"segment":1,"interval":1,"start_time":1612786776952},{"elapsed_time":2490242,"segment":1,"interval":1,"start_time":1612786786562},{"elapsed_time":2490631,"segment":1,"interval":1,"start_time":1612786786951},{"elapsed_time":2495643,"segment":1,"interval":1,"start_time":1612786791963},{"elapsed_time":2500629,"segment":1,"interval":1,"start_time":1612786796949},{"elapsed_time":2500717,"segment":1,"interval":1,"start_time":1612786797037},{"elapsed_time":2508962,"segment":1,"interval":1,"start_time":1612786805282},{"elapsed_time":2510002,"segment":1,"interval":1,"start_time":1612786806322},{"elapsed_time":2510617,"segment":1,"interval":1,"start_time":1612786806937},{"elapsed_time":2520006,"segment":1,"interval":1,"start_time":1612786816326},{"elapsed_time":2520637,"segment":1,"interval":1,"start_time":1612786816957},{"elapsed_time":2530007,"segment":1,"interval":1,"start_time":1612786826327},{"elapsed_time":2530637,"segment":1,"interval":1,"start_time":1612786826957},{"elapsed_time":2540024,"segment":1,"interval":1,"start_time":1612786836344},{"elapsed_time":2540611,"segment":1,"interval":1,"start_time":1612786836931},{"elapsed_time":2548426,"segment":1,"interval":1,"start_time":1612786844746},{"elapsed_time":2550025,"segment":1,"interval":1,"start_time":1612786846345},{"elapsed_time":2550643,"segment":1,"interval":1,"start_time":1612786846963},{"elapsed_time":2560026,"segment":1,"interval":1,"start_time":1612786856346},{"elapsed_time":2560635,"segment":1,"interval":1,"start_time":1612786856955},{"elapsed_time":2570635,"segment":1,"interval":1,"start_time":1612786866955},{"elapsed_time":2576103,"segment":1,"interval":1,"start_time":1612786872423},{"elapsed_time":2580104,"segment":1,"interval":1,"start_time":1612786876424},{"elapsed_time":2580631,"segment":1,"interval":1,"start_time":1612786876951},{"elapsed_time":2586615,"segment":1,"interval":1,"start_time":1612786882935},{"elapsed_time":2590105,"segment":1,"interval":1,"start_time":1612786886425},{"elapsed_time":2590621,"segment":1,"interval":1,"start_time":1612786886941},{"elapsed_time":2600094,"segment":1,"interval":1,"start_time":1612786896414},{"elapsed_time":2600630,"segment":1,"interval":1,"start_time":1612786896950},{"elapsed_time":2610098,"segment":1,"interval":1,"start_time":1612786906418},{"elapsed_time":2610640,"segment":1,"interval":1,"start_time":1612786906960},{"elapsed_time":2620101,"segment":1,"interval":1,"start_time":1612786916421},{"elapsed_time":2620635,"segment":1,"interval":1,"start_time":1612786916955},{"elapsed_time":2624723,"segment":1,"interval":1,"start_time":1612786921043},{"elapsed_time":2630120,"segment":1,"interval":1,"start_time":1612786926440},{"elapsed_time":2630636,"segment":1,"interval":1,"start_time":1612786926956},{"elapsed_time":2640126,"segment":1,"interval":1,"start_time":1612786936446},{"elapsed_time":2640645,"segment":1,"interval":1,"start_time":1612786936965},{"elapsed_time":2650127,"segment":1,"interval":1,"start_time":1612786946447},{"elapsed_time":2650647,"segment":1,"interval":1,"start_time":1612786946967},{"elapsed_time":2660149,"segment":1,"interval":1,"start_time":1612786956469},{"elapsed_time":2660647,"segment":1,"interval":1,"start_time":1612786956967},{"elapsed_time":2666632,"segment":1,"interval":1,"start_time":1612786962952},{"elapsed_time":2670151,"segment":1,"interval":1,"start_time":1612786966471},{"elapsed_time":2670636,"segment":1,"interval":1,"start_time":1612786966956},{"elapsed_time":2680181,"segment":1,"interval":1,"start_time":1612786976501},{"elapsed_time":2680629,"segment":1,"interval":1,"start_time":1612786976949},{"elapsed_time":2690627,"segment":1,"interval":1,"start_time":1612786986947},{"elapsed_time":2692174,"segment":1,"interval":1,"start_time":1612786988494},{"elapsed_time":2700179,"segment":1,"interval":1,"start_time":1612786996499},{"elapsed_time":2700637,"segment":1,"interval":1,"start_time":1612786996957},{"elapsed_time":2705822,"segment":1,"interval":1,"start_time":1612787002142},{"elapsed_time":2710641,"segment":1,"interval":1,"start_time":1612787006961},{"elapsed_time":2720628,"segment":1,"interval":1,"start_time":1612787016948},{"elapsed_time":2730211,"segment":1,"interval":1,"start_time":1612787026531},{"elapsed_time":2730637,"segment":1,"interval":1,"start_time":1612787026957},{"elapsed_time":2740212,"segment":1,"interval":1,"start_time":1612787036532},{"elapsed_time":2740631,"segment":1,"interval":1,"start_time":1612787036951},{"elapsed_time":2743629,"segment":1,"interval":1,"start_time":1612787039949},{"elapsed_time":2750241,"segment":1,"interval":1,"start_time":1612787046561},{"elapsed_time":2750635,"segment":1,"interval":1,"start_time":1612787046955},{"elapsed_time":2760242,"segment":1,"interval":1,"start_time":1612787056562},{"elapsed_time":2760628,"segment":1,"interval":1,"start_time":1612787056948},{"elapsed_time":2770258,"segment":1,"interval":1,"start_time":1612787066578},{"elapsed_time":2770639,"segment":1,"interval":1,"start_time":1612787066959},{"elapsed_time":2780631,"segment":1,"interval":1,"start_time":1612787076951},{"elapsed_time":2780722,"segment":1,"interval":1,"start_time":1612787077042},{"elapsed_time":2782546,"segment":1,"interval":1,"start_time":1612787078866},{"elapsed_time":2790603,"segment":1,"interval":1,"start_time":1612787086923},{"elapsed_time":2790830,"segment":1,"interval":1,"start_time":1612787087150},{"elapsed_time":2800346,"segment":1,"interval":1,"start_time":1612787096666},{"elapsed_time":2800634,"segment":1,"interval":1,"start_time":1612787096954},{"elapsed_time":2810624,"segment":1,"interval":1,"start_time":1612787106944},{"elapsed_time":2813300,"segment":1,"interval":1,"start_time":1612787109620},{"elapsed_time":2819483,"segment":1,"interval":1,"start_time":1612787115803},{"elapsed_time":2820301,"segment":1,"interval":1,"start_time":1612787116621},{"elapsed_time":2820628,"segment":1,"interval":1,"start_time":1612787116948},{"elapsed_time":2830305,"segment":1,"interval":1,"start_time":1612787126625},{"elapsed_time":2830633,"segment":1,"interval":1,"start_time":1612787126953},{"elapsed_time":2840634,"segment":1,"interval":1,"start_time":1612787136954},{"elapsed_time":2840636,"segment":1,"interval":1,"start_time":1612787136956},{"elapsed_time":2850633,"segment":1,"interval":1,"start_time":1612787146953},{"elapsed_time":2850636,"segment":1,"interval":1,"start_time":1612787146956},{"elapsed_time":2858663,"segment":1,"interval":1,"start_time":1612787154983},{"elapsed_time":2860315,"segment":1,"interval":1,"start_time":1612787156635},{"elapsed_time":2860629,"segment":1,"interval":1,"start_time":1612787156949},{"elapsed_time":2870630,"segment":1,"interval":1,"start_time":1612787166950},{"elapsed_time":2880626,"segment":1,"interval":1,"start_time":1612787176946},{"elapsed_time":2882761,"segment":1,"interval":1,"start_time":1612787179081},{"elapsed_time":2890514,"segment":1,"interval":1,"start_time":1612787186834},{"elapsed_time":2890636,"segment":1,"interval":1,"start_time":1612787186956},{"elapsed_time":2896478,"segment":1,"interval":1,"start_time":1612787192798},{"elapsed_time":2900632,"segment":1,"interval":1,"start_time":1612787196952},{"elapsed_time":2910625,"segment":1,"interval":1,"start_time":1612787206945},{"elapsed_time":2918630,"segment":1,"interval":1,"start_time":1612787214950},{"elapsed_time":2920623,"segment":1,"interval":1,"start_time":1612787216943},{"elapsed_time":2920630,"segment":1,"interval":1,"start_time":1612787216950},{"elapsed_time":2930631,"segment":1,"interval":1,"start_time":1612787226951},{"elapsed_time":2936269,"segment":1,"interval":1,"start_time":1612787232589},{"elapsed_time":2938417,"segment":1,"interval":1,"start_time":1612787234737},{"elapsed_time":2940417,"segment":1,"interval":1,"start_time":1612787236737},{"elapsed_time":2940646,"segment":1,"interval":1,"start_time":1612787236966},{"elapsed_time":2950422,"segment":1,"interval":1,"start_time":1612787246742},{"elapsed_time":2950632,"segment":1,"interval":1,"start_time":1612787246952},{"elapsed_time":2960422,"segment":1,"interval":1,"start_time":1612787256742},{"elapsed_time":2960606,"segment":1,"interval":1,"start_time":1612787256926},{"elapsed_time":2970423,"segment":1,"interval":1,"start_time":1612787266743},{"elapsed_time":2970626,"segment":1,"interval":1,"start_time":1612787266946},{"elapsed_time":2974576,"segment":1,"interval":1,"start_time":1612787270896},{"elapsed_time":2980640,"segment":1,"interval":1,"start_time":1612787276960},{"elapsed_time":2983711,"segment":1,"interval":1,"start_time":1612787280031},{"elapsed_time":2990634,"segment":1,"interval":1,"start_time":1612787286954},{"elapsed_time":2990666,"segment":1,"interval":1,"start_time":1612787286986},{"elapsed_time":3000478,"segment":1,"interval":1,"start_time":1612787296798},{"elapsed_time":3000634,"segment":1,"interval":1,"start_time":1612787296954},{"elapsed_time":3010481,"segment":1,"interval":1,"start_time":1612787306801},{"elapsed_time":3010641,"segment":1,"interval":1,"start_time":1612787306961},{"elapsed_time":3013686,"segment":1,"interval":1,"start_time":1612787310006},{"elapsed_time":3020482,"segment":1,"interval":1,"start_time":1612787316802},{"elapsed_time":3020633,"segment":1,"interval":1,"start_time":1612787316953},{"elapsed_time":3030507,"segment":1,"interval":1,"start_time":1612787326827},{"elapsed_time":3030625,"segment":1,"interval":1,"start_time":1612787326945},{"elapsed_time":3040626,"segment":1,"interval":1,"start_time":1612787336946},{"elapsed_time":3042510,"segment":1,"interval":1,"start_time":1612787338830},{"elapsed_time":3050511,"segment":1,"interval":1,"start_time":1612787346831},{"elapsed_time":3050625,"segment":1,"interval":1,"start_time":1612787346945},{"elapsed_time":3054259,"segment":1,"interval":1,"start_time":1612787350579},{"elapsed_time":3060587,"segment":1,"interval":1,"start_time":1612787356907},{"elapsed_time":3060634,"segment":1,"interval":1,"start_time":1612787356954},{"elapsed_time":3070636,"segment":1,"interval":1,"start_time":1612787366956},{"elapsed_time":3072185,"segment":1,"interval":1,"start_time":1612787368505},{"elapsed_time":3074956,"segment":1,"interval":1,"start_time":1612787371276},{"elapsed_time":3080632,"segment":1,"interval":1,"start_time":1612787376952},{"elapsed_time":3080957,"segment":1,"interval":1,"start_time":1612787377277},{"elapsed_time":3090649,"segment":1,"interval":1,"start_time":1612787386969},{"elapsed_time":3092965,"segment":1,"interval":1,"start_time":1612787389285},{"elapsed_time":3100621,"segment":1,"interval":1,"start_time":1612787396941},{"elapsed_time":3110626,"segment":1,"interval":1,"start_time":1612787406946},{"elapsed_time":3114575,"segment":1,"interval":1,"start_time":1612787410895},{"elapsed_time":3120630,"segment":1,"interval":1,"start_time":1612787416950},{"elapsed_time":3120663,"segment":1,"interval":1,"start_time":1612787416983},{"elapsed_time":3130615,"segment":1,"interval":1,"start_time":1612787426935},{"elapsed_time":3130664,"segment":1,"interval":1,"start_time":1612787426984},{"elapsed_time":3135258,"segment":1,"interval":1,"start_time":1612787431578},{"elapsed_time":3140631,"segment":1,"interval":1,"start_time":1612787436951},{"elapsed_time":3140665,"segment":1,"interval":1,"start_time":1612787436985},{"elapsed_time":3150631,"segment":1,"interval":1,"start_time":1612787446951},{"elapsed_time":3153623,"segment":1,"interval":1,"start_time":1612787449943},{"elapsed_time":3160632,"segment":1,"interval":1,"start_time":1612787456952},{"elapsed_time":3164625,"segment":1,"interval":1,"start_time":1612787460945},{"elapsed_time":3170626,"segment":1,"interval":1,"start_time":1612787466946},{"elapsed_time":3170628,"segment":1,"interval":1,"start_time":1612787466948},{"elapsed_time":3176527,"segment":1,"interval":1,"start_time":1612787472847},{"elapsed_time":3180632,"segment":1,"interval":1,"start_time":1612787476952},{"elapsed_time":3190633,"segment":1,"interval":1,"start_time":1612787486953},{"elapsed_time":3190654,"segment":1,"interval":1,"start_time":1612787486974},{"elapsed_time":3200625,"segment":1,"interval":1,"start_time":1612787496945},{"elapsed_time":3200656,"segment":1,"interval":1,"start_time":1612787496976},{"elapsed_time":3210633,"segment":1,"interval":1,"start_time":1612787506953},{"elapsed_time":3215714,"segment":1,"interval":1,"start_time":1612787512034},{"elapsed_time":3216006,"segment":1,"interval":1,"start_time":1612787512326},{"elapsed_time":3220626,"segment":1,"interval":1,"start_time":1612787516946},{"elapsed_time":3220683,"segment":1,"interval":1,"start_time":1612787517003},{"elapsed_time":3230629,"segment":1,"interval":1,"start_time":1612787526949},{"elapsed_time":3240624,"segment":1,"interval":1,"start_time":1612787536944},{"elapsed_time":3247720,"segment":1,"interval":1,"start_time":1612787544040},{"elapsed_time":3250630,"segment":1,"interval":1,"start_time":1612787546950},{"elapsed_time":3250720,"segment":1,"interval":1,"start_time":1612787547040},{"elapsed_time":3253806,"segment":1,"interval":1,"start_time":1612787550126},{"elapsed_time":3260628,"segment":1,"interval":1,"start_time":1612787556948},{"elapsed_time":3260724,"segment":1,"interval":1,"start_time":1612787557044},{"elapsed_time":3270628,"segment":1,"interval":1,"start_time":1612787566948},{"elapsed_time":3280622,"segment":1,"interval":1,"start_time":1612787576942},{"elapsed_time":3286021,"segment":1,"interval":1,"start_time":1612787582341},{"elapsed_time":3290022,"segment":1,"interval":1,"start_time":1612787586342},{"elapsed_time":3290612,"segment":1,"interval":1,"start_time":1612787586932},{"elapsed_time":3294642,"segment":1,"interval":1,"start_time":1612787590962},{"elapsed_time":3300596,"segment":1,"interval":1,"start_time":1612787596916},{"elapsed_time":3300803,"segment":1,"interval":1,"start_time":1612787597123},{"elapsed_time":3310625,"segment":1,"interval":1,"start_time":1612787606945},{"elapsed_time":3318037,"segment":1,"interval":1,"start_time":1612787614357},{"elapsed_time":3320288,"segment":1,"interval":1,"start_time":1612787616608},{"elapsed_time":3320626,"segment":1,"interval":1,"start_time":1612787616946},{"elapsed_time":3330304,"segment":1,"interval":1,"start_time":1612787626624},{"elapsed_time":3330622,"segment":1,"interval":1,"start_time":1612787626942},{"elapsed_time":3337514,"segment":1,"interval":1,"start_time":1612787633834},{"elapsed_time":3340622,"segment":1,"interval":1,"start_time":1612787636942},{"elapsed_time":3348800,"segment":1,"interval":1,"start_time":1612787645120},{"elapsed_time":3350627,"segment":1,"interval":1,"start_time":1612787646947},{"elapsed_time":3350800,"segment":1,"interval":1,"start_time":1612787647120},{"elapsed_time":3360043,"segment":1,"interval":1,"start_time":1612787656363},{"elapsed_time":3360600,"segment":1,"interval":1,"start_time":1612787656920},{"elapsed_time":3370638,"segment":1,"interval":1,"start_time":1612787666958},{"elapsed_time":3370969,"segment":1,"interval":1,"start_time":1612787667289},{"elapsed_time":3375710,"segment":1,"interval":1,"start_time":1612787672030},{"elapsed_time":3380630,"segment":1,"interval":1,"start_time":1612787676950},{"elapsed_time":3380872,"segment":1,"interval":1,"start_time":1612787677192},{"elapsed_time":3390623,"segment":1,"interval":1,"start_time":1612787686943},{"elapsed_time":3390873,"segment":1,"interval":1,"start_time":1612787687193},{"elapsed_time":3400610,"segment":1,"interval":1,"start_time":1612787696930},{"elapsed_time":3400825,"segment":1,"interval":1,"start_time":1612787697145},{"elapsed_time":3410627,"segment":1,"interval":1,"start_time":1612787706947},{"elapsed_time":3413580,"segment":1,"interval":1,"start_time":1612787709900},{"elapsed_time":3420624,"segment":1,"interval":1,"start_time":1612787716944},{"elapsed_time":3430628,"segment":1,"interval":1,"start_time":1612787726948},{"elapsed_time":3433879,"segment":1,"interval":1,"start_time":1612787730199},{"elapsed_time":3440629,"segment":1,"interval":1,"start_time":1612787736949},{"elapsed_time":3440914,"segment":1,"interval":1,"start_time":1612787737234},{"elapsed_time":3450627,"segment":1,"interval":1,"start_time":1612787746947},{"elapsed_time":3450917,"segment":1,"interval":1,"start_time":1612787747237},{"elapsed_time":3453805,"segment":1,"interval":1,"start_time":1612787750125},{"elapsed_time":3460632,"segment":1,"interval":1,"start_time":1612787756952},{"elapsed_time":3460920,"segment":1,"interval":1,"start_time":1612787757240},{"elapsed_time":3470624,"segment":1,"interval":1,"start_time":1612787766944},{"elapsed_time":3470939,"segment":1,"interval":1,"start_time":1612787767259},{"elapsed_time":3480633,"segment":1,"interval":1,"start_time":1612787776953},{"elapsed_time":3480939,"segment":1,"interval":1,"start_time":1612787777259},{"elapsed_time":3490630,"segment":1,"interval":1,"start_time":1612787786950},{"elapsed_time":3490942,"segment":1,"interval":1,"start_time":1612787787262},{"elapsed_time":3494818,"segment":1,"interval":1,"start_time":1612787791138},{"elapsed_time":3500639,"segment":1,"interval":1,"start_time":1612787796959},{"elapsed_time":3500970,"segment":1,"interval":1,"start_time":1612787797290},{"elapsed_time":3510632,"segment":1,"interval":1,"start_time":1612787806952},{"elapsed_time":3510972,"segment":1,"interval":1,"start_time":1612787807292},{"elapsed_time":3520627,"segment":1,"interval":1,"start_time":1612787816947},{"elapsed_time":3520975,"segment":1,"interval":1,"start_time":1612787817295},{"elapsed_time":3530622,"segment":1,"interval":1,"start_time":1612787826942},{"elapsed_time":3530879,"segment":1,"interval":1,"start_time":1612787827199},{"elapsed_time":3537177,"segment":1,"interval":1,"start_time":1612787833497},{"elapsed_time":3540005,"segment":1,"interval":1,"start_time":1612787836325},{"elapsed_time":3540627,"segment":1,"interval":1,"start_time":1612787836947},{"elapsed_time":3550631,"segment":1,"interval":1,"start_time":1612787846951},{"elapsed_time":3555010,"segment":1,"interval":1,"start_time":1612787851330},{"elapsed_time":3560012,"segment":1,"interval":1,"start_time":1612787856332},{"elapsed_time":3560641,"segment":1,"interval":1,"start_time":1612787856961},{"elapsed_time":3570634,"segment":1,"interval":1,"start_time":1612787866954},{"elapsed_time":3574095,"segment":1,"interval":1,"start_time":1612787870415},{"elapsed_time":3577039,"segment":1,"interval":1,"start_time":1612787873359},{"elapsed_time":3580040,"segment":1,"interval":1,"start_time":1612787876360},{"elapsed_time":3580629,"segment":1,"interval":1,"start_time":1612787876949},{"elapsed_time":3590043,"segment":1,"interval":1,"start_time":1612787886363},{"elapsed_time":3590623,"segment":1,"interval":1,"start_time":1612787886943},{"elapsed_time":3600636,"segment":1,"interval":1,"start_time":1612787896956},{"elapsed_time":3605082,"segment":1,"interval":1,"start_time":1612787901402},{"elapsed_time":3608192,"segment":1,"interval":1,"start_time":1612787904512},{"elapsed_time":3610083,"segment":1,"interval":1,"start_time":1612787906403},{"elapsed_time":3610642,"segment":1,"interval":1,"start_time":1612787906962},{"elapsed_time":3620086,"segment":1,"interval":1,"start_time":1612787916406},{"elapsed_time":3620637,"segment":1,"interval":1,"start_time":1612787916957},{"elapsed_time":3630626,"segment":1,"interval":1,"start_time":1612787926946},{"elapsed_time":3630748,"segment":1,"interval":1,"start_time":1612787927068},{"elapsed_time":3640486,"segment":1,"interval":1,"start_time":1612787936806},{"elapsed_time":3640623,"segment":1,"interval":1,"start_time":1612787936943},{"elapsed_time":3647657,"segment":1,"interval":1,"start_time":1612787943977},{"elapsed_time":3650277,"segment":1,"interval":1,"start_time":1612787946597},{"elapsed_time":3650633,"segment":1,"interval":1,"start_time":1612787946953},{"elapsed_time":3660445,"segment":1,"interval":1,"start_time":1612787956765},{"elapsed_time":3660634,"segment":1,"interval":1,"start_time":1612787956954},{"elapsed_time":3670642,"segment":1,"interval":1,"start_time":1612787966962},{"elapsed_time":3674446,"segment":1,"interval":1,"start_time":1612787970766},{"elapsed_time":3680446,"segment":1,"interval":1,"start_time":1612787976766},{"elapsed_time":3680630,"segment":1,"interval":1,"start_time":1612787976950},{"elapsed_time":3683600,"segment":1,"interval":1,"start_time":1612787979920},{"elapsed_time":3690614,"segment":1,"interval":1,"start_time":1612787986934},{"elapsed_time":3697412,"segment":1,"interval":1,"start_time":1612787993732},{"elapsed_time":3700412,"segment":1,"interval":1,"start_time":1612787996732},{"elapsed_time":3700632,"segment":1,"interval":1,"start_time":1612787996952},{"elapsed_time":3708005,"segment":1,"interval":1,"start_time":1612788004325},{"elapsed_time":3710413,"segment":1,"interval":1,"start_time":1612788006733},{"elapsed_time":3710632,"segment":1,"interval":1,"start_time":1612788006952},{"elapsed_time":3720637,"segment":1,"interval":1,"start_time":1612788016957},{"elapsed_time":3721159,"segment":1,"interval":1,"start_time":1612788017479},{"elapsed_time":3724958,"segment":1,"interval":1,"start_time":1612788021278},{"elapsed_time":3730197,"segment":1,"interval":1,"start_time":1612788026517},{"elapsed_time":3730638,"segment":1,"interval":1,"start_time":1612788026958},{"elapsed_time":3740198,"segment":1,"interval":1,"start_time":1612788036518},{"elapsed_time":3740625,"segment":1,"interval":1,"start_time":1612788036945},{"elapsed_time":3750200,"segment":1,"interval":1,"start_time":1612788046520},{"elapsed_time":3750634,"segment":1,"interval":1,"start_time":1612788046954},{"elapsed_time":3760244,"segment":1,"interval":1,"start_time":1612788056564},{"elapsed_time":3760643,"segment":1,"interval":1,"start_time":1612788056963},{"elapsed_time":3764485,"segment":1,"interval":1,"start_time":1612788060805},{"elapsed_time":3770268,"segment":1,"interval":1,"start_time":1612788066588},{"elapsed_time":3770623,"segment":1,"interval":1,"start_time":1612788066943},{"elapsed_time":3780626,"segment":1,"interval":1,"start_time":1612788076946},{"elapsed_time":3789253,"segment":1,"interval":1,"start_time":1612788085573},{"elapsed_time":3790253,"segment":1,"interval":1,"start_time":1612788086573},{"elapsed_time":3790635,"segment":1,"interval":1,"start_time":1612788086955},{"elapsed_time":3797691,"segment":1,"interval":1,"start_time":1612788094011},{"elapsed_time":3800257,"segment":1,"interval":1,"start_time":1612788096577},{"elapsed_time":3800641,"segment":1,"interval":1,"start_time":1612788096961},{"elapsed_time":3810258,"segment":1,"interval":1,"start_time":1612788106578},{"elapsed_time":3810628,"segment":1,"interval":1,"start_time":1612788106948},{"elapsed_time":3820280,"segment":1,"interval":1,"start_time":1612788116600},{"elapsed_time":3820628,"segment":1,"interval":1,"start_time":1612788116948},{"elapsed_time":3830282,"segment":1,"interval":1,"start_time":1612788126602},{"elapsed_time":3830629,"segment":1,"interval":1,"start_time":1612788126949},{"elapsed_time":3838776,"segment":1,"interval":1,"start_time":1612788135096},{"elapsed_time":3840283,"segment":1,"interval":1,"start_time":1612788136603},{"elapsed_time":3840627,"segment":1,"interval":1,"start_time":1612788136947},{"elapsed_time":3850299,"segment":1,"interval":1,"start_time":1612788146619},{"elapsed_time":3850689,"segment":1,"interval":1,"start_time":1612788147009},{"elapsed_time":3860636,"segment":1,"interval":1,"start_time":1612788156956},{"elapsed_time":3870630,"segment":1,"interval":1,"start_time":1612788166950},{"elapsed_time":3873521,"segment":1,"interval":1,"start_time":1612788169841},{"elapsed_time":3876298,"segment":1,"interval":1,"start_time":1612788172618},{"elapsed_time":3880522,"segment":1,"interval":1,"start_time":1612788176842},{"elapsed_time":3880628,"segment":1,"interval":1,"start_time":1612788176948},{"elapsed_time":3890338,"segment":1,"interval":1,"start_time":1612788186658},{"elapsed_time":3890631,"segment":1,"interval":1,"start_time":1612788186951},{"elapsed_time":3900338,"segment":1,"interval":1,"start_time":1612788196658},{"elapsed_time":3900636,"segment":1,"interval":1,"start_time":1612788196956},{"elapsed_time":3910373,"segment":1,"interval":1,"start_time":1612788206693},{"elapsed_time":3910634,"segment":1,"interval":1,"start_time":1612788206954},{"elapsed_time":3919391,"segment":1,"interval":1,"start_time":1612788215711},{"elapsed_time":3920375,"segment":1,"interval":1,"start_time":1612788216695},{"elapsed_time":3920639,"segment":1,"interval":1,"start_time":1612788216959},{"elapsed_time":3930376,"segment":1,"interval":1,"start_time":1612788226696},{"elapsed_time":3930635,"segment":1,"interval":1,"start_time":1612788226955},{"elapsed_time":3940380,"segment":1,"interval":1,"start_time":1612788236700},{"elapsed_time":3940639,"segment":1,"interval":1,"start_time":1612788236959},{"elapsed_time":3947169,"segment":1,"interval":1,"start_time":1612788243489}]